patient_id,ancestry,api_status,api_error,response_time_ms,top_posterior,total_pairs,entropy,top_haplotype_1,top_haplotype_2,full_concordance,phase_concordant,conc_A,conc_C,conc_B,conc_DRB345,conc_DRB1,conc_DQA1,conc_DQB1,conc_DPA1,conc_DPB1
SYNTH_0001,Global,success,,149.3,0.85802469,3,0.707,HLA-A=A*01:01:01:01 | HLA-C=C*07:01:01:01 | HLA-B=B*08:01:01:01 | DRB345=DRB3*01:01:02:01 | DRB1=DRB1*03:01:01:01SG | DQA1=DQA1*05:01:01:02 | DQB1=DQB1*02:01:01 | DPA1=DPA1*01:03:01:02 | DPB1=DPB1*04:01:01:01/DPB1*04:01:01:02,HLA-A=A*02:01:01:01 | HLA-C=C*02:02:02:01 | HLA-B=B*27:05:02 | DRB345=Abs | DRB1=DRB1*01:01:01 | DQA1=DQA1*01:01:01:02SG | DQB1=DQB1*05:01:01:03 | DPA1=DPA1*01:03:01:03 | DPB1=DPB1*03:01:01,False,False,1.0,1.0,1.0,1.0,1.0,1.0,1.0,1.0,0.0
SYNTH_0002,Global,success,,153.1,1.0,1,0.0,HLA-A=A*02:01:01:01 | HLA-C=C*04:01:01:01 | HLA-B=B*35:03:01 | DRB345=DRB3*02:02:01:02 | DRB1=DRB1*11:01:01:01 | DQA1=DQA1*05:05:01:01SG | DQB1=DQB1*03:01:01:03 | DPA1=DPA1*01:03:01:04 | DPB1=DPB1*04:01:01:01/DPB1*04:01:01:02,HLA-A=A*68:03:01 | HLA-C=C*07:02:01:01 | HLA-B=B*39:05:01 | DRB345=DRB4*01:03:02 | DRB1=DRB1*04:07:01 | DQA1=DQA1*03:01:01 | DQB1=DQB1*03:02:01 | DPA1=DPA1*01:03:01:05 | DPB1=DPB1*04:02:01:02,False,False,1.0,1.0,1.0,1.0,1.0,1.0,1.0,1.0,0.0
SYNTH_0003,Global,success,,148.9,0.57142857,2,0.9852,HLA-A=A*01:01:01:01 | HLA-C=C*06:02:01:01 | HLA-B=B*57:01:01 | DRB345=DRB4*01:03:01:02N | DRB1=DRB1*07:01:01:01SG | DQA1=DQA1*02:01:01:01SG | DQB1=DQB1*03:03:02:01 | DPA1=DPA1*01:03:01:02 | DPB1=DPB1*04:01:01:01/DPB1*04:01:01:02,HLA-A=A*02:01:01:01 | HLA-C=C*07:02:01:03 | HLA-B=B*07:02:01 | DRB345=Abs | DRB1=DRB1*01:01:01 | DQA1=DQA1*01:01:01:02SG | DQB1=DQB1*05:01:01:03 | DPA1=DPA1*01:03:01:02 | DPB1=DPB1*04:01:01:01/DPB1*04:01:01:02,False,False,1.0,0.0,1.0,1.0,1.0,1.0,1.0,1.0,0.0
SYNTH_0004,Global,success,,788.6,0.84210526,3,0.7742,HLA-A=A*01:01:01:01 | HLA-C=C*07:01:01:01 | HLA-B=B*08:01:01:01 | DRB345=DRB3*01:01:02:01 | DRB1=DRB1*03:01:01:01SG | DQA1=DQA1*05:01:01:02 | DQB1=DQB1*02:01:01 | DPA1=DPA1*01:03:01:02 | DPB1=DPB1*04:01:01:01/DPB1*04:01:01:02,HLA-A=A*02:01:01:01 | HLA-C=C*03:04:01:01 | HLA-B=B*15:01:01:01 | DRB345=DRB4*01:03:01:01/DRB4*01:03:01:01:03 | DRB1=DRB1*04:01:01:01SG | DQA1=DQA1*03:01:01 | DQB1=DQB1*03:02:01 | DPA1=DPA1*01:03:01:02 | DPB1=DPB1*04:01:01:01/DPB1*04:01:01:02,False,False,1.0,1.0,1.0,0.0,1.0,1.0,1.0,1.0,0.0
SYNTH_0005,Global,success,,148.7,0.92307692,2,0.3912,HLA-A=A*29:02:01:01 | HLA-C=C*16:01:01:01 | HLA-B=B*44:03:01:01 | DRB345=DRB4*01:01:01:01 | DRB1=DRB1*07:01:01:01SG | DQA1=DQA1*02:01:01:01SG | DQB1=DQB1*02:02:01:01 | DPA1=DPA1*01:03:01:04 | DPB1=DPB1*04:01:01:01/DPB1*04:01:01:02,HLA-A=A*03:01:01:01 | HLA-C=C*04:01:01:01 | HLA-B=B*35:01:01:02 | DRB345=Abs | DRB1=DRB1*01:01:01 | DQA1=DQA1*01:01:01:02SG | DQB1=DQB1*05:01:01:03 | DPA1=DPA1*01:03:01:05 | DPB1=DPB1*04:02:01:02,False,False,1.0,1.0,1.0,1.0,1.0,1.0,1.0,1.0,0.0
SYNTH_0006,Global,success,,154.1,0.98245614,2,0.1274,HLA-A=A*03:01:01:01 | HLA-C=C*07:02:01:03 | HLA-B=B*07:02:01 | DRB345=DRB5*01:01:01 | DRB1=DRB1*15:01:01:01SG | DQA1=DQA1*01:02:01:01SG | DQB1=DQB1*06:02:01 | DPA1=DPA1*01:03:01:02 | DPB1=DPB1*04:01:01:01/DPB1*04:01:01:02,HLA-A=A*24:02:01:01 | HLA-C=C*04:01:01:06 | HLA-B=B*35:08:01 | DRB345=DRB4*01:03:01:01/DRB4*01:03:01:01:03 | DRB1=DRB1*04:03:01 | DQA1=DQA1*03:01:01 | DQB1=DQB1*03:02:01 | DPA1=DPA1*01:03:01:04 | DPB1=DPB1*04:01:01:01/DPB1*04:01:01:02,False,False,1.0,1.0,1.0,0.0,1.0,1.0,1.0,1.0,0.0
SYNTH_0007,Global,success,,153.0,0.27731092,12,3.0111,HLA-A=A*29:02:01:01 | HLA-C=C*16:01:01:01 | HLA-B=B*44:03:01:01 | DRB345=DRB4*01:01:01:01 | DRB1=DRB1*07:01:01:01SG | DQA1=DQA1*02:01:01:01SG | DQB1=DQB1*02:02:01:01 | DPA1=DPA1*02:01:01:01 | DPB1=DPB1*11:01:01,HLA-A=A*01:01:01:01 | HLA-C=C*07:01:01:01 | HLA-B=B*08:01:01:01 | DRB345=DRB5*01:01:01 | DRB1=DRB1*15:01:01:01SG | DQA1=DQA1*01:02:01:01SG | DQB1=DQB1*06:02:01 | DPA1=DPA1*01:03:01:04 | DPB1=DPB1*04:01:01:01/DPB1*04:01:01:02,False,False,1.0,1.0,1.0,1.0,1.0,1.0,1.0,1.0,0.0
SYNTH_0008,Global,success,,153.3,0.94285714,2,0.316,HLA-A=A*32:01:01 | HLA-C=C*04:01:01:01 | HLA-B=B*35:03:01 | DRB345=DRB3*02:02:01:02 | DRB1=DRB1*11:01:01:01 | DQA1=DQA1*05:05:01:01SG | DQB1=DQB1*03:01:01:03 | DPA1=DPA1*02:01:01:02 | DPB1=DPB1*14:01:01,HLA-A=A*03:01:01:01 | HLA-C=C*07:02:01:03 | HLA-B=B*07:02:01 | DRB345=DRB5*01:01:01 | DRB1=DRB1*15:01:01:01SG | DQA1=DQA1*01:02:01:01SG | DQB1=DQB1*06:02:01 | DPA1=DPA1*01:03:01:04 | DPB1=DPB1*04:01:01:01/DPB1*04:01:01:02,False,False,1.0,1.0,1.0,1.0,1.0,1.0,1.0,1.0,0.0
SYNTH_0009,Global,success,,153.5,0.5,2,1.0,HLA-A=A*24:02:01:01 | HLA-C=C*04:01:01:06 | HLA-B=B*35:01:01:01 | DRB345=DRB3*02:02:01:02 | DRB1=DRB1*13:01:01:01SG | DQA1=DQA1*01:03:01:02SG | DQB1=DQB1*06:03:01 | DPA1=DPA1*01:03:01:01 | DPB1=DPB1*02:01:02/DPB1*02:01:19,HLA-A=A*03:01:01:07 | HLA-C=C*04:01:01:01 | HLA-B=B*35:01:01:02 | DRB345=DRB3*01:01:02:01 | DRB1=DRB1*12:01:01:03 | DQA1=DQA1*01:05:01 | DQB1=DQB1*05:01:01:02 | DPA1=DPA1*01:03:01:02 | DPB1=DPB1*02:01:02/DPB1*02:01:19,False,False,1.0,1.0,1.0,1.0,1.0,1.0,1.0,1.0,0.0
SYNTH_0010,Global,success,,152.3,0.70714286,4,1.0589,HLA-A=A*01:01:01:01 | HLA-C=C*07:01:01:01 | HLA-B=B*08:01:01:01 | DRB345=DRB3*01:01:02:01 | DRB1=DRB1*03:01:01:01SG | DQA1=DQA1*05:01:01:02 | DQB1=DQB1*02:01:01 | DPA1=DPA1*02:01:02 | DPB1=DPB1*01:01:01,HLA-A=A*03:01:01:01 | HLA-C=C*04:01:01:01 | HLA-B=B*35:01:01:02 | DRB345=Abs | DRB1=DRB1*01:01:01 | DQA1=DQA1*01:01:01:02SG | DQB1=DQB1*05:01:01:03 | DPA1=DPA1*01:03:01:02 | DPB1=DPB1*04:01:01:01/DPB1*04:01:01:02,False,False,1.0,1.0,1.0,1.0,1.0,1.0,1.0,1.0,0.0
SYNTH_0011,Global,success,,196.6,0.53846154,2,0.9957,HLA-A=A*01:01:01:01 | HLA-C=C*07:01:01:01 | HLA-B=B*08:01:01:01 | DRB345=DRB4*01:03:01:01/DRB4*01:03:01:01:03 | DRB1=DRB1*04:01:01:01SG | DQA1=DQA1*03:03:01:01 | DQB1=DQB1*03:01:01:01 | DPA1=DPA1*01:03:01:04 | DPB1=DPB1*04:01:01:01/DPB1*04:01:01:02,HLA-A=A*03:01:01:01 | HLA-C=C*03:04:01:01 | HLA-B=B*15:01:01:01 | DRB345=DRB4*01:03:01:01/DRB4*01:03:01:01:03 | DRB1=DRB1*04:01:01:01SG | DQA1=DQA1*03:01:01 | DQB1=DQB1*03:02:01 | DPA1=DPA1*01:03:01:03 | DPB1=DPB1*03:01:01,False,False,1.0,1.0,1.0,0.0,1.0,1.0,1.0,0.0,0.0
SYNTH_0012,Global,success,,108.0,1.0,1,0.0,HLA-A=A*24:02:01:01 | HLA-C=C*04:01:01:06 | HLA-B=B*35:02:01 | DRB345=DRB3*02:02:01:02 | DRB1=DRB1*11:04:01 | DQA1=DQA1*05:05:01:01SG | DQB1=DQB1*03:01:01:02 | DPA1=DPA1*01:03:01:02 | DPB1=DPB1*04:01:01:01/DPB1*04:01:01:02,HLA-A=A*26:01:01:01 | HLA-C=C*12:03:01:01 | HLA-B=B*38:01:01 | DRB345=DRB4*01:03:01:01/DRB4*01:03:01:01:03 | DRB1=DRB1*04:02:01 | DQA1=DQA1*03:01:01 | DQB1=DQB1*03:02:01 | DPA1=DPA1*01:03:01:04 | DPB1=DPB1*04:01:01:01/DPB1*04:01:01:02,False,False,1.0,1.0,1.0,0.0,1.0,1.0,1.0,1.0,0.0
SYNTH_0013,Global,success,,193.4,1.0,1,0.0,HLA-A=A*03:01:01:01 | HLA-C=C*07:02:01:03 | HLA-B=B*07:02:01 | DRB345=DRB5*01:01:01 | DRB1=DRB1*15:01:01:01SG | DQA1=DQA1*01:02:01:01SG | DQB1=DQB1*06:02:01 | DPA1=DPA1*01:03:01:05 | DPB1=DPB1*04:02:01:02,HLA-A=A*02:01:01:01 | HLA-C=C*07:01:01:01 | HLA-B=B*08:01:01:01 | DRB345=DRB3*01:01:02:01 | DRB1=DRB1*03:01:01:01SG | DQA1=DQA1*05:01:01:02 | DQB1=DQB1*02:01:01 | DPA1=DPA1*01:03:01:02 | DPB1=DPB1*04:01:01:01/DPB1*04:01:01:02,False,False,1.0,1.0,1.0,1.0,1.0,1.0,1.0,1.0,0.0
SYNTH_0014,Global,success,,191.4,0.66666667,2,0.9183,HLA-A=A*25:01:01 | HLA-C=C*12:03:01:01 | HLA-B=B*18:01:01:02 | DRB345=DRB5*01:01:01 | DRB1=DRB1*15:01:01:01SG | DQA1=DQA1*01:02:01:01SG | DQB1=DQB1*06:02:01 | DPA1=DPA1*01:03:01:01 | DPB1=DPB1*02:01:02/DPB1*02:01:19,HLA-A=A*02:01:01:01 | HLA-C=C*07:02:01:03 | HLA-B=B*07:02:01 | DRB345=Abs | DRB1=DRB1*01:03 | DQA1=DQA1*01:01:01:02SG | DQB1=DQB1*05:01:01:03 | DPA1=DPA1*01:03:01:01 | DPB1=DPB1*02:01:02/DPB1*02:01:19,False,False,1.0,1.0,1.0,1.0,1.0,1.0,1.0,1.0,0.0
SYNTH_0015,Global,success,,192.8,0.5,2,1.0,HLA-A=A*11:01:01:01 | HLA-C=C*01:02:01 | HLA-B=B*27:05:02 | DRB345=Abs | DRB1=DRB1*01:01:01 | DQA1=DQA1*01:01:01:02SG | DQB1=DQB1*05:01:01:03 | DPA1=DPA1*01:03:01:03 | DPB1=DPB1*03:01:01,HLA-A=A*02:01:01:01 | HLA-C=C*04:01:01:01 | HLA-B=B*35:03:01 | DRB345=DRB3*02:02:01:02 | DRB1=DRB1*12:01:01:03 | DQA1=DQA1*05:05:01:05SG | DQB1=DQB1*03:01:01:01 | DPA1=DPA1*02:01:01:02 | DPB1=DPB1*04:01:01:01/DPB1*04:01:01:02,False,False,1.0,1.0,0.0,1.0,1.0,1.0,1.0,1.0,0.0
SYNTH_0016,Global,success,,191.8,0.24633431,15,3.42,HLA-A=A*03:01:01:01 | HLA-C=C*07:02:01:03 | HLA-B=B*07:02:01 | DRB345=Abs | DRB1=DRB1*01:01:01 | DQA1=DQA1*01:01:01:02SG | DQB1=DQB1*05:01:01:03 | DPA1=DPA1*01:03:01:05 | DPB1=DPB1*04:02:01:02,HLA-A=A*02:01:01:01 | HLA-C=C*03:04:01:01 | HLA-B=B*40:01:02 | DRB345=DRB3*03:01:01 | DRB1=DRB1*13:02:01 | DQA1=DQA1*01:02:01:04SG | DQB1=DQB1*06:04:01 | DPA1=DPA1*01:03:01:02 | DPB1=DPB1*04:01:01:01/DPB1*04:01:01:02,False,False,1.0,1.0,1.0,1.0,1.0,1.0,1.0,0.0,0.0
SYNTH_0017,Global,success,,9847.0,1.0,1,0.0,HLA-A=A*29:02:01:01 | HLA-C=C*16:01:01:01 | HLA-B=B*44:03:01:01 | DRB345=DRB4*01:01:01:01 | DRB1=DRB1*07:01:01:01SG | DQA1=DQA1*02:01:01:01SG | DQB1=DQB1*02:02:01:01 | DPA1=DPA1*02:01:01:01 | DPB1=DPB1*11:01:01,HLA-A=A*01:01:01:01 | HLA-C=C*07:01:01:01 | HLA-B=B*08:01:01:01 | DRB345=DRB3*01:01:02:01 | DRB1=DRB1*03:01:01:01SG | DQA1=DQA1*05:01:01:02 | DQB1=DQB1*02:01:01 | DPA1=DPA1*01:03:01:03 | DPB1=DPB1*03:01:01,True,False,1.0,1.0,1.0,1.0,1.0,1.0,1.0,1.0,1.0
SYNTH_0018,Global,success,,189.4,1.0,1,0.0,HLA-A=A*02:01:01:01 | HLA-C=C*07:04:01:01 | HLA-B=B*44:02:01:03 | DRB345=DRB3*02:02:01:02 | DRB1=DRB1*11:01:01:01 | DQA1=DQA1*05:05:01:01SG | DQB1=DQB1*03:01:01:03 | DPA1=DPA1*01:03:01:02 | DPB1=DPB1*04:01:01:01/DPB1*04:01:01:02,HLA-A=A*23:01:01 | HLA-C=C*07:01:01:01 | HLA-B=B*49:01:01 | DRB345=DRB3*02:02:01:02 | DRB1=DRB1*11:01:01:01 | DQA1=DQA1*05:05:01:01SG | DQB1=DQB1*03:01:01:03 | DPA1=DPA1*01:03:01:02 | DPB1=DPB1*04:01:01:01/DPB1*04:01:01:02,False,False,1.0,1.0,1.0,1.0,1.0,1.0,1.0,1.0,0.0
SYNTH_0019,Global,success,,190.2,0.92307692,2,0.3912,HLA-A=A*01:01:01:01 | HLA-C=C*07:01:01:01 | HLA-B=B*08:01:01:01 | DRB345=DRB3*01:01:02:02 | DRB1=DRB1*03:01:01:01SG | DQA1=DQA1*05:01:01:02 | DQB1=DQB1*02:01:01 | DPA1=DPA1*02:01:02 | DPB1=DPB1*01:01:01,HLA-A=A*03:01:01:01 | HLA-C=C*04:01:01:01 | HLA-B=B*35:01:01:02 | DRB345=Abs | DRB1=DRB1*01:01:01 | DQA1=DQA1*01:01:01:02SG | DQB1=DQB1*05:01:01:03 | DPA1=DPA1*01:03:01:05 | DPB1=DPB1*04:02:01:02,True,False,1.0,1.0,1.0,1.0,1.0,1.0,1.0,1.0,1.0
SYNTH_0020,Global,success,,189.7,1.0,1,0.0,HLA-A=A*26:01:01:01 | HLA-C=C*01:02:01 | HLA-B=B*27:05:02 | DRB345=Abs | DRB1=DRB1*01:01:01 | DQA1=DQA1*01:01:01:02SG | DQB1=DQB1*05:01:01:03 | DPA1=DPA1*01:03:01:05 | DPB1=DPB1*04:02:01:02,HLA-A=A*24:02:01:01 | HLA-C=C*07:02:01:03 | HLA-B=B*07:02:01 | DRB345=DRB5*01:01:01 | DRB1=DRB1*15:01:01:01SG | DQA1=DQA1*01:02:01:01SG | DQB1=DQB1*06:02:01 | DPA1=DPA1*01:03:01:02 | DPB1=DPB1*04:01:01:01/DPB1*04:01:01:02,False,False,1.0,1.0,1.0,1.0,1.0,1.0,1.0,1.0,0.0
SYNTH_0021,Global,success,,149.1,0.19870968,25,3.97,HLA-A=A*02:01:01:01 | HLA-C=C*03:04:01:01 | HLA-B=B*40:01:02 | DRB345=DRB3*03:01:01 | DRB1=DRB1*13:02:01 | DQA1=DQA1*01:02:01:04SG | DQB1=DQB1*06:04:01 | DPA1=DPA1*01:03:01:02 | DPB1=DPB1*04:01:01:01/DPB1*04:01:01:02,HLA-A=A*02:01:01:01 | HLA-C=C*06:02:01:01 | HLA-B=B*57:01:01 | DRB345=DRB4*01:03:01:02N | DRB1=DRB1*07:01:01:01SG | DQA1=DQA1*02:01:01:01SG | DQB1=DQB1*03:03:02:01 | DPA1=DPA1*01:03:01:02 | DPB1=DPB1*04:01:01:01/DPB1*04:01:01:02,False,False,1.0,1.0,1.0,1.0,1.0,1.0,1.0,0.0,0.0
SYNTH_0022,Global,success,,131.4,0.42857143,3,1.5567,HLA-A=A*24:02:01:01 | HLA-C=C*03:03:01:01 | HLA-B=B*15:07:01 | DRB345=DRB4*01:03:01:01/DRB4*01:03:01:01:03 | DRB1=DRB1*04:04:01 | DQA1=DQA1*03:01:01 | DQB1=DQB1*03:02:01 | DPA1=DPA1*01:03:01:03 | DPB1=DPB1*06:01:01,HLA-A=A*03:01:01:01 | HLA-C=C*04:01:01:01 | HLA-B=B*35:01:01:02 | DRB345=Abs | DRB1=DRB1*01:01:01 | DQA1=DQA1*01:01:01:02SG | DQB1=DQB1*05:01:01:03 | DPA1=DPA1*01:03:01:04 | DPB1=DPB1*04:01:01:01/DPB1*04:01:01:02,False,False,1.0,1.0,1.0,0.0,1.0,1.0,1.0,1.0,0.0
SYNTH_0023,Global,success,,199.2,0.90918367,4,0.5383,HLA-A=A*01:01:01:01 | HLA-C=C*07:01:01:01 | HLA-B=B*08:01:01:01 | DRB345=DRB3*01:01:02:01 | DRB1=DRB1*03:01:01:01SG | DQA1=DQA1*05:01:01:02 | DQB1=DQB1*02:01:01 | DPA1=DPA1*02:01:02 | DPB1=DPB1*01:01:01,HLA-A=A*29:02:01:01 | HLA-C=C*16:01:01:01 | HLA-B=B*44:03:01:01 | DRB345=DRB4*01:01:01:01 | DRB1=DRB1*07:01:01:01SG | DQA1=DQA1*02:01:01:01SG | DQB1=DQB1*02:02:01:01 | DPA1=DPA1*02:01:01:01 | DPB1=DPB1*11:01:01,False,False,1.0,1.0,1.0,1.0,1.0,1.0,1.0,1.0,0.0
SYNTH_0024,Global,success,,198.3,0.94285714,2,0.316,HLA-A=A*26:01:01:01 | HLA-C=C*12:03:01:01 | HLA-B=B*38:01:01 | DRB345=DRB4*01:03:01:01/DRB4*01:03:01:01:03 | DRB1=DRB1*04:02:01 | DQA1=DQA1*03:01:01 | DQB1=DQB1*03:02:01 | DPA1=DPA1*01:03:01:04 | DPB1=DPB1*04:01:01:01/DPB1*04:01:01:02,HLA-A=A*03:01:01:01 | HLA-C=C*07:02:01:03 | HLA-B=B*07:02:01 | DRB345=DRB5*01:01:01 | DRB1=DRB1*15:01:01:01SG | DQA1=DQA1*01:02:01:01SG | DQB1=DQB1*06:02:01 | DPA1=DPA1*01:03:01:04 | DPB1=DPB1*04:01:01:01/DPB1*04:01:01:02,False,False,1.0,1.0,1.0,0.0,1.0,1.0,1.0,1.0,0.0
SYNTH_0025,Global,success,,341.0,1.0,1,0.0,HLA-A=A*01:01:01:01 | HLA-C=C*07:01:01:01 | HLA-B=B*08:01:01:01 | DRB345=DRB3*01:01:02:01 | DRB1=DRB1*03:01:01:01SG | DQA1=DQA1*05:01:01:02 | DQB1=DQB1*02:01:01 | DPA1=DPA1*01:03:01:02 | DPB1=DPB1*04:01:01:01/DPB1*04:01:01:02,HLA-A=A*29:02:01:02 | HLA-C=C*18:01 | HLA-B=B*81:01 | DRB345=Abs | DRB1=DRB1*08:04:01 | DQA1=DQA1*04:01:02:02 | DQB1=DQB1*04:02:01 | DPA1=DPA1*01:03:01:02 | DPB1=DPB1*18:01,False,False,1.0,1.0,1.0,1.0,1.0,1.0,1.0,1.0,0.0
SYNTH_0026,Global,success,,334.9,1.0,1,0.0,HLA-A=A*02:01:01:01 | HLA-C=C*07:02:01:01 | HLA-B=B*39:02:02 | DRB345=DRB5*02:02 | DRB1=DRB1*16:02:01:02 | DQA1=DQA1*05:05:01:05SG | DQB1=DQB1*03:01:01:01 | DPA1=DPA1*01:03:01:02 | DPB1=DPB1*04:01:01:01/DPB1*04:01:01:02,HLA-A=A*01:01:01:01 | HLA-C=C*07:01:01:01 | HLA-B=B*08:01:01:01 | DRB345=DRB5*01:01:01 | DRB1=DRB1*15:01:01:01SG | DQA1=DQA1*01:02:01:01SG | DQB1=DQB1*06:02:01 | DPA1=DPA1*01:03:01:02 | DPB1=DPB1*04:01:01:01/DPB1*04:01:01:02,False,False,1.0,1.0,1.0,1.0,1.0,1.0,1.0,1.0,0.0
SYNTH_0027,Global,success,,105.3,1.0,1,0.0,HLA-A=A*30:01:01 | HLA-C=C*06:02:01:01 | HLA-B=B*13:02:01 | DRB345=DRB4*01:03:01:01/DRB4*01:03:01:01:03 | DRB1=DRB1*07:01:01:01SG | DQA1=DQA1*02:01:01:01SG | DQB1=DQB1*02:02:01:01 | DPA1=DPA1*01:03:01:05 | DPB1=DPB1*04:02:01:02,HLA-A=A*33:03:01 | HLA-C=C*04:01:01:01 | HLA-B=B*53:01:01 | DRB345=Abs | DRB1=DRB1*08:04:01 | DQA1=DQA1*04:01:02:02 | DQB1=DQB1*03:19:01 | DPA1=DPA1*02:01:01:02 | DPB1=DPB1*01:01:02,False,False,1.0,1.0,1.0,0.0,1.0,1.0,1.0,1.0,1.0
SYNTH_0028,Global,success,,331.2,1.0,1,0.0,HLA-A=A*02:01:01:01 | HLA-C=C*08:02:01:01 | HLA-B=B*14:02:01:01 | DRB345=Abs | DRB1=DRB1*01:02:01 | DQA1=DQA1*01:01:02 | DQB1=DQB1*05:01:01:01 | DPA1=DPA1*01:03:01:02 | DPB1=DPB1*04:01:01:01/DPB1*04:01:01:02,HLA-A=A*30:01:01 | HLA-C=C*06:02:01:01 | HLA-B=B*13:02:01 | DRB345=DRB4*01:03:01:01/DRB4*01:03:01:01:03 | DRB1=DRB1*07:01:01:01SG | DQA1=DQA1*02:01:01:01SG | DQB1=DQB1*02:02:01:01 | DPA1=DPA1*02:01:01:01 | DPB1=DPB1*17:01,False,False,1.0,1.0,1.0,0.0,1.0,1.0,1.0,1.0,0.0
SYNTH_0029,Global,success,,342.4,0.6,2,0.971,HLA-A=A*02:01:01:01 | HLA-C=C*06:02:01:01 | HLA-B=B*57:01:01 | DRB345=DRB4*01:03:01:02N | DRB1=DRB1*07:01:01:01SG | DQA1=DQA1*02:01:01:01SG | DQB1=DQB1*03:03:02:01 | DPA1=DPA1*01:03:01:01 | DPB1=DPB1*04:01:01:01/DPB1*04:01:01:02,HLA-A=A*68:01:02:02 | HLA-C=C*07:04:01:01 | HLA-B=B*44:02:01:03 | DRB345=DRB3*02:02:01:02 | DRB1=DRB1*11:01:01:01 | DQA1=DQA1*05:05:01:01SG | DQB1=DQB1*03:01:01:03 | DPA1=DPA1*01:03:01:02 | DPB1=DPB1*04:01:01:01/DPB1*04:01:01:02,False,False,1.0,1.0,1.0,1.0,1.0,1.0,1.0,1.0,0.0
SYNTH_0030,Global,success,,1103.5,0.61538462,3,1.3347,HLA-A=A*02:01:01:01 | HLA-C=C*03:04:01:01 | HLA-B=B*40:01:02 | DRB345=DRB3*03:01:01 | DRB1=DRB1*13:02:01 | DQA1=DQA1*01:02:01:04SG | DQB1=DQB1*06:04:01 | DPA1=DPA1*01:03:01:03 | DPB1=DPB1*03:01:01,HLA-A=A*02:01:01:01 | HLA-C=C*16:01:01:01 | HLA-B=B*44:03:01:01 | DRB345=DRB3*02:02:01:02 | DRB1=DRB1*11:01:02 | DQA1=DQA1*01:02:01:01SG | DQB1=DQB1*06:02:01 | DPA1=DPA1*01:03:01:02 | DPB1=DPB1*18:01,True,True,1.0,1.0,1.0,1.0,1.0,1.0,1.0,1.0,1.0
SYNTH_0031,Global,success,,406.7,1.0,1,0.0,HLA-A=A*01:01:01:01 | HLA-C=C*07:01:01:01 | HLA-B=B*08:01:01:01 | DRB345=DRB3*02:02:01:02 | DRB1=DRB1*11:01:01:01 | DQA1=DQA1*05:05:01:01SG | DQB1=DQB1*03:01:01:03 | DPA1=DPA1*01:03:01:03 | DPB1=DPB1*03:01:01,HLA-A=A*02:01:01:01 | HLA-C=C*07:02:01:01 | HLA-B=B*07:02:01 | DRB345=DRB5*01:01:01 | DRB1=DRB1*15:01:01:01SG | DQA1=DQA1*01:02:01:01SG | DQB1=DQB1*06:02:01 | DPA1=DPA1*01:03:01:02 | DPB1=DPB1*04:01:01:01/DPB1*04:01:01:02,False,False,1.0,1.0,1.0,1.0,1.0,1.0,1.0,1.0,0.0
SYNTH_0032,Global,success,,371.1,0.66666667,2,0.9183,HLA-A=A*01:01:01:01 | HLA-C=C*07:01:01:01 | HLA-B=B*08:01:01:01 | DRB345=DRB3*01:01:02:01 | DRB1=DRB1*03:01:01:01SG | DQA1=DQA1*05:01:01:01 | DQB1=DQB1*02:01:01 | DPA1=DPA1*02:01:02 | DPB1=DPB1*01:01:01,HLA-A=A*33:01:01 | HLA-C=C*08:02:01:01 | HLA-B=B*14:02:01:01 | DRB345=Abs | DRB1=DRB1*01:02:01 | DQA1=DQA1*01:01:02 | DQB1=DQB1*05:01:01:01 | DPA1=DPA1*01:03:01:02 | DPB1=DPB1*04:01:01:01/DPB1*04:01:01:02,False,False,1.0,1.0,1.0,1.0,1.0,1.0,1.0,1.0,0.0
SYNTH_0033,Global,success,,498.9,1.0,1,0.0,HLA-A=A*02:01:01:01 | HLA-C=C*05:01:01:02 | HLA-B=B*44:02:01:01 | DRB345=DRB3*02:02:01:02 | DRB1=DRB1*11:03:01 | DQA1=DQA1*05:05:01:01SG | DQB1=DQB1*03:01:01:02 | DPA1=DPA1*01:03:01:02 | DPB1=DPB1*04:01:01:01/DPB1*04:01:01:02,HLA-A=A*03:01:01:01 | HLA-C=C*07:02:01:03 | HLA-B=B*07:02:01 | DRB345=DRB3*01:01:02:01 | DRB1=DRB1*03:01:01:01SG | DQA1=DQA1*05:01:01:02 | DQB1=DQB1*02:01:01 | DPA1=DPA1*02:01:02 | DPB1=DPB1*01:01:01,False,False,1.0,1.0,1.0,1.0,1.0,1.0,1.0,1.0,0.0
SYNTH_0034,Global,success,,373.4,0.31818182,5,2.1762,HLA-A=A*02:01:01:01 | HLA-C=C*14:02:01:01 | HLA-B=B*51:01:01:01 | DRB345=DRB5*02:02 | DRB1=DRB1*16:01:01 | DQA1=DQA1*01:02:02 | DQB1=DQB1*05:02:01 | DPA1=DPA1*01:03:01:02 | DPB1=DPB1*04:01:01:01/DPB1*04:01:01:02,HLA-A=A*01:01:01:01 | HLA-C=C*06:02:01:01 | HLA-B=B*57:01:01 | DRB345=DRB4*01:03:01:02N | DRB1=DRB1*07:01:01:01SG | DQA1=DQA1*02:01:01:01SG | DQB1=DQB1*03:03:02:01 | DPA1=DPA1*01:03:01:04 | DPB1=DPB1*04:01:01:01/DPB1*04:01:01:02,False,False,1.0,1.0,1.0,1.0,1.0,1.0,1.0,0.0,0.0
SYNTH_0035,Global,success,,213.6,0.7804878,3,0.9609,HLA-A=A*11:01:01:01 | HLA-C=C*04:01:01:05 | HLA-B=B*35:01:01:02 | DRB345=DRB4*01:03:01:01/DRB4*01:03:01:01:03 | DRB1=DRB1*04:07:01 | DQA1=DQA1*03:03:01:01 | DQB1=DQB1*03:01:01:01 | DPA1=DPA1*01:03:01:03 | DPB1=DPB1*03:01:01,HLA-A=A*02:01:01:01 | HLA-C=C*03:04:01:01 | HLA-B=B*15:01:01:01 | DRB345=DRB4*01:03:01:01/DRB4*01:03:01:01:03 | DRB1=DRB1*04:01:01:01SG | DQA1=DQA1*03:01:01 | DQB1=DQB1*03:02:01 | DPA1=DPA1*01:03:01:02 | DPB1=DPB1*04:01:01:01/DPB1*04:01:01:02,False,False,1.0,1.0,1.0,0.0,1.0,1.0,1.0,1.0,0.0
SYNTH_0036,Global,success,,475.8,0.58021978,4,1.2772,HLA-A=A*03:01:01:01 | HLA-C=C*07:02:01:03 | HLA-B=B*07:02:01 | DRB345=DRB5*01:01:01 | DRB1=DRB1*15:01:01:01SG | DQA1=DQA1*01:02:01:01SG | DQB1=DQB1*06:02:01 | DPA1=DPA1*01:03:01:04 | DPB1=DPB1*04:01:01:01/DPB1*04:01:01:02,HLA-A=A*68:03:01 | HLA-C=C*07:02:01:01 | HLA-B=B*39:05:01 | DRB345=DRB4*01:03:01:01/DRB4*01:03:01:01:03 | DRB1=DRB1*04:07:01 | DQA1=DQA1*03:01:01 | DQB1=DQB1*03:02:01 | DPA1=DPA1*01:03:01:05 | DPB1=DPB1*04:02:01:02,False,False,1.0,1.0,1.0,0.0,1.0,1.0,1.0,1.0,0.0
SYNTH_0037,Global,success,,463.7,0.62962963,5,1.6628,HLA-A=A*25:01:01 | HLA-C=C*12:03:01:01 | HLA-B=B*18:01:01:02 | DRB345=DRB5*01:01:01 | DRB1=DRB1*15:01:01:01SG | DQA1=DQA1*01:02:01:01SG | DQB1=DQB1*06:02:01 | DPA1=DPA1*01:03:01:04 | DPB1=DPB1*23:01:01,HLA-A=A*01:01:01:01 | HLA-C=C*07:01:01:01 | HLA-B=B*08:01:01:01 | DRB345=DRB3*01:01:02:01 | DRB1=DRB1*03:01:01:01SG | DQA1=DQA1*05:01:01:02 | DQB1=DQB1*02:01:01 | DPA1=DPA1*01:03:01:04 | DPB1=DPB1*04:01:01:01/DPB1*04:01:01:02,False,False,1.0,1.0,1.0,1.0,1.0,1.0,1.0,1.0,0.0
SYNTH_0038,Global,success,,436.4,0.53703704,8,2.0524,HLA-A=A*02:01:01:01 | HLA-C=C*05:01:01:02 | HLA-B=B*44:02:01:01 | DRB345=DRB4*01:03:01:01/DRB4*01:03:01:01:03 | DRB1=DRB1*04:01:01:01SG | DQA1=DQA1*03:03:01:01 | DQB1=DQB1*03:01:01:01 | DPA1=DPA1*01:03:01:04 | DPB1=DPB1*04:01:01:01/DPB1*04:01:01:02,HLA-A=A*02:01:01:01 | HLA-C=C*02:02:02:01 | HLA-B=B*51:01:01:01 | DRB345=DRB3*02:02:01:02 | DRB1=DRB1*11:01:01:01 | DQA1=DQA1*05:05:01:01SG | DQB1=DQB1*03:01:01:03 | DPA1=DPA1*01:03:01:01 | DPB1=DPB1*02:01:02/DPB1*02:01:19,False,False,1.0,1.0,1.0,0.0,1.0,1.0,1.0,1.0,0.0
SYNTH_0039,Global,success,,503.3,1.0,1,0.0,HLA-A=A*01:01:01:01 | HLA-C=C*07:01:01:01 | HLA-B=B*08:01:01:01 | DRB345=DRB3*01:01:02:01 | DRB1=DRB1*03:01:01:01SG | DQA1=DQA1*05:01:01:02 | DQB1=DQB1*02:01:01 | DPA1=DPA1*01:03:01:02 | DPB1=DPB1*04:01:01:01/DPB1*04:01:01:02,HLA-A=A*30:02:01:01 | HLA-C=C*05:01:01:01 | HLA-B=B*18:01:01:01 | DRB345=DRB3*02:02:01:01 | DRB1=DRB1*03:01:01:01SG | DQA1=DQA1*05:01:01:01 | DQB1=DQB1*02:01:01 | DPA1=DPA1*01:03:01:02 | DPB1=DPB1*04:01:01:01/DPB1*04:01:01:02,False,False,1.0,1.0,1.0,1.0,1.0,1.0,1.0,1.0,0.0
SYNTH_0040,Global,success,,698.5,0.86170213,4,0.7939,HLA-A=A*01:01:01:01 | HLA-C=C*07:01:01:01 | HLA-B=B*08:01:01:01 | DRB345=DRB3*01:01:02:01 | DRB1=DRB1*03:01:01:01SG | DQA1=DQA1*05:01:01:02 | DQB1=DQB1*02:01:01 | DPA1=DPA1*02:01:02 | DPB1=DPB1*01:01:01,HLA-A=A*02:01:01:01 | HLA-C=C*07:02:01:03 | HLA-B=B*07:02:01 | DRB345=DRB3*03:01:01 | DRB1=DRB1*13:02:01 | DQA1=DQA1*01:02:01:04SG | DQB1=DQB1*06:04:01 | DPA1=DPA1*01:03:01:03 | DPB1=DPB1*03:01:01,True,True,1.0,1.0,1.0,1.0,1.0,1.0,1.0,1.0,1.0
SYNTH_0041,Global,success,,10384.3,0.0,0,0.0,,,False,False,,,,,,,,,
SYNTH_0042,Global,success,,383.2,1.0,1,0.0,HLA-A=A*29:02:01:01 | HLA-C=C*16:01:01:01 | HLA-B=B*44:03:01:01 | DRB345=DRB4*01:01:01:01 | DRB1=DRB1*07:01:01:01SG | DQA1=DQA1*02:01:01:01SG | DQB1=DQB1*02:02:01:01 | DPA1=DPA1*01:03:01:04 | DPB1=DPB1*04:01:01:01/DPB1*04:01:01:02,HLA-A=A*02:01:01:01 | HLA-C=C*05:01:01:02 | HLA-B=B*44:02:01:01 | DRB345=DRB4*01:03:01:01/DRB4*01:03:01:01:03 | DRB1=DRB1*07:01:01:01SG | DQA1=DQA1*02:01:01:01SG | DQB1=DQB1*02:02:01:01 | DPA1=DPA1*01:03:01:02 | DPB1=DPB1*02:01:02/DPB1*02:01:19,False,False,1.0,1.0,1.0,0.0,1.0,1.0,1.0,1.0,0.0
SYNTH_0043,Global,success,,223.1,1.0,1,0.0,HLA-A=A*11:01:01:01 | HLA-C=C*07:02:01:03 | HLA-B=B*07:02:01 | DRB345=DRB5*01:01:01 | DRB1=DRB1*15:01:01:01SG | DQA1=DQA1*01:02:01:01SG | DQB1=DQB1*06:02:01 | DPA1=DPA1*01:03:01:02 | DPB1=DPB1*04:01:01:01/DPB1*04:01:01:02,HLA-A=A*02:01:01:01 | HLA-C=C*07:02:01:03 | HLA-B=B*07:02:01 | DRB345=DRB5*01:01:01 | DRB1=DRB1*15:01:01:01SG | DQA1=DQA1*01:02:01:01SG | DQB1=DQB1*06:02:01 | DPA1=DPA1*01:03:01:02 | DPB1=DPB1*04:01:01:01/DPB1*04:01:01:02,False,False,1.0,1.0,1.0,1.0,1.0,1.0,1.0,1.0,0.0
SYNTH_0044,Global,success,,347.2,0.66666667,4,1.3355,HLA-A=A*03:01:01:01 | HLA-C=C*04:01:01:01 | HLA-B=B*35:01:01:02 | DRB345=Abs | DRB1=DRB1*01:01:01 | DQA1=DQA1*01:01:01:02SG | DQB1=DQB1*05:01:01:03 | DPA1=DPA1*01:03:01:05 | DPB1=DPB1*04:02:01:02,HLA-A=A*11:01:01:01 | HLA-C=C*04:01:01:01 | HLA-B=B*35:03:01 | DRB345=DRB3*02:02:01:02 | DRB1=DRB1*11:01:01:01 | DQA1=DQA1*05:05:01:01SG | DQB1=DQB1*03:01:01:03 | DPA1=DPA1*01:03:01:02 | DPB1=DPB1*04:01:01:01/DPB1*04:01:01:02,False,False,1.0,1.0,1.0,1.0,1.0,1.0,1.0,1.0,0.0
SYNTH_0045,Global,success,,346.5,1.0,1,0.0,HLA-A=A*03:01:01:01 | HLA-C=C*07:02:01:03 | HLA-B=B*07:02:01 | DRB345=DRB5*01:01:01 | DRB1=DRB1*15:01:01:01SG | DQA1=DQA1*01:02:01:01SG | DQB1=DQB1*06:02:01 | DPA1=DPA1*01:03:01:02 | DPB1=DPB1*04:01:01:01/DPB1*04:01:01:02,HLA-A=A*29:02:01:02 | HLA-C=C*06:02:01:03 | HLA-B=B*45:01:01 | DRB345=DRB5*01:01:01 | DRB1=DRB1*15:01:01:01SG | DQA1=DQA1*01:02:01:01SG | DQB1=DQB1*06:02:01 | DPA1=DPA1*01:03:01:03 | DPB1=DPB1*03:01:01,False,False,1.0,1.0,1.0,1.0,1.0,1.0,1.0,1.0,0.0
SYNTH_0046,Global,success,,320.9,1.0,1,0.0,HLA-A=A*02:01:01:01 | HLA-C=C*07:02:01:03 | HLA-B=B*07:02:01 | DRB345=DRB5*01:01:01 | DRB1=DRB1*15:01:01:01SG | DQA1=DQA1*01:02:01:01SG | DQB1=DQB1*06:02:01 | DPA1=DPA1*01:03:01:05 | DPB1=DPB1*04:02:01:02,HLA-A=A*02:01:01:01 | HLA-C=C*15:02:01:01 | HLA-B=B*51:01:01:01 | DRB345=Abs | DRB1=DRB1*01:01:01 | DQA1=DQA1*01:01:01:02SG | DQB1=DQB1*05:01:01:03 | DPA1=DPA1*01:03:01:04 | DPB1=DPB1*04:01:01:01/DPB1*04:01:01:02,False,False,1.0,1.0,1.0,1.0,1.0,1.0,1.0,1.0,0.0
SYNTH_0047,Global,success,,338.6,1.0,1,0.0,HLA-A=A*30:01:01 | HLA-C=C*04:01:01:06 | HLA-B=B*35:02:01 | DRB345=DRB3*02:02:01:02 | DRB1=DRB1*11:04:01 | DQA1=DQA1*05:05:01:01SG | DQB1=DQB1*03:01:01:02 | DPA1=DPA1*01:03:01:02 | DPB1=DPB1*104:01,HLA-A=A*03:01:01:01 | HLA-C=C*04:01:01:01 | HLA-B=B*35:01:01:02 | DRB345=Abs | DRB1=DRB1*01:01:01 | DQA1=DQA1*01:01:01:02SG | DQB1=DQB1*05:01:01:03 | DPA1=DPA1*01:03:01:01 | DPB1=DPB1*02:01:02/DPB1*02:01:19,False,False,1.0,1.0,1.0,1.0,1.0,1.0,1.0,1.0,0.0
SYNTH_0048,Global,success,,417.8,0.22485294,60,4.179,HLA-A=A*01:01:01:01 | HLA-C=C*07:01:01:01 | HLA-B=B*08:01:01:01 | DRB345=DRB3*01:01:02:01 | DRB1=DRB1*03:01:01:01SG | DQA1=DQA1*05:01:01:02 | DQB1=DQB1*02:01:01 | DPA1=DPA1*01:03:01:02 | DPB1=DPB1*04:01:01:01/DPB1*04:01:01:02,HLA-A=A*29:02:01:01 | HLA-C=C*16:01:01:01 | HLA-B=B*44:03:01:01 | DRB345=DRB4*01:01:01:01 | DRB1=DRB1*07:01:01:01SG | DQA1=DQA1*02:01:01:01SG | DQB1=DQB1*02:02:01:01 | DPA1=DPA1*02:01:01:01 | DPB1=DPB1*11:01:01,False,False,1.0,1.0,1.0,1.0,1.0,1.0,1.0,0.0,0.0
SYNTH_0049,Global,success,,395.1,0.57142857,2,0.9852,HLA-A=A*31:01:02:01 | HLA-C=C*07:02:01:03 | HLA-B=B*07:02:01 | DRB345=DRB5*01:01:01 | DRB1=DRB1*15:01:01:01SG | DQA1=DQA1*01:02:01:01SG | DQB1=DQB1*06:02:01 | DPA1=DPA1*01:03:01:01 | DPB1=DPB1*02:01:02/DPB1*02:01:19,HLA-A=A*01:01:01:01 | HLA-C=C*06:02:01:01 | HLA-B=B*57:01:01 | DRB345=DRB4*01:03:01:02N | DRB1=DRB1*07:01:01:01SG | DQA1=DQA1*02:01:01:01SG | DQB1=DQB1*03:03:02:01 | DPA1=DPA1*01:03:01:02 | DPB1=DPB1*04:01:01:01/DPB1*04:01:01:02,False,False,1.0,1.0,1.0,1.0,1.0,1.0,1.0,1.0,0.0
SYNTH_0050,Global,success,,331.0,0.86170213,4,0.7939,HLA-A=A*01:01:01:01 | HLA-C=C*07:01:01:01 | HLA-B=B*08:01:01:01 | DRB345=DRB3*01:01:02:01 | DRB1=DRB1*03:01:01:01SG | DQA1=DQA1*05:01:01:02 | DQB1=DQB1*02:01:01 | DPA1=DPA1*02:01:02 | DPB1=DPB1*01:01:01,HLA-A=A*01:01:01:01 | HLA-C=C*07:01:01:01 | HLA-B=B*08:01:01:01 | DRB345=DRB5*01:01:01 | DRB1=DRB1*15:01:01:01SG | DQA1=DQA1*01:02:01:01SG | DQB1=DQB1*05:01:01:03 | DPA1=DPA1*01:03:01:05 | DPB1=DPB1*04:02:01:02,True,True,1.0,1.0,1.0,1.0,1.0,1.0,1.0,1.0,1.0
SYNTH_0051,Global,success,,341.9,0.11244577,310,5.9939,HLA-A=A*03:01:01:01 | HLA-C=C*07:02:01:03 | HLA-B=B*07:02:01 | DRB345=DRB5*01:01:01 | DRB1=DRB1*15:01:01:01SG | DQA1=DQA1*01:02:01:01SG | DQB1=DQB1*06:02:01 | DPA1=DPA1*01:03:01:02 | DPB1=DPB1*04:01:01:01/DPB1*04:01:01:02,HLA-A=A*03:01:01:01 | HLA-C=C*07:02:01:03 | HLA-B=B*07:02:01 | DRB345=DRB5*01:01:01 | DRB1=DRB1*15:01:01:01SG | DQA1=DQA1*01:02:01:01SG | DQB1=DQB1*06:02:01 | DPA1=DPA1*01:03:01:02 | DPB1=DPB1*04:01:01:01/DPB1*04:01:01:02,False,False,1.0,1.0,1.0,1.0,1.0,1.0,1.0,0.0,0.0
SYNTH_0052,Global,success,,329.7,0.57142857,2,0.9852,HLA-A=A*24:02:01:01 | HLA-C=C*08:02:01:01 | HLA-B=B*14:02:01:01 | DRB345=DRB3*02:02:01:01 | DRB1=DRB1*03:01:01:01SG | DQA1=DQA1*05:01:01:03 | DQB1=DQB1*02:01:01 | DPA1=DPA1*01:03:01:03 | DPB1=DPB1*03:01:01,HLA-A=A*11:01:01:01 | HLA-C=C*03:04:01:01 | HLA-B=B*40:01:02 | DRB345=DRB3*03:01:01 | DRB1=DRB1*13:02:01 | DQA1=DQA1*01:02:01:04SG | DQB1=DQB1*06:04:01 | DPA1=DPA1*01:03:01:04 | DPB1=DPB1*04:01:01:01/DPB1*04:01:01:02,False,False,0.0,1.0,1.0,1.0,1.0,1.0,1.0,1.0,0.0
SYNTH_0053,Global,success,,306.4,0.27950089,18,3.1371,HLA-A=A*03:01:01:01 | HLA-C=C*07:02:01:03 | HLA-B=B*07:02:01 | DRB345=DRB5*01:01:01 | DRB1=DRB1*15:01:01:01SG | DQA1=DQA1*01:02:01:01SG | DQB1=DQB1*06:02:01 | DPA1=DPA1*01:03:01:02 | DPB1=DPB1*04:01:01:01/DPB1*04:01:01:02,HLA-A=A*30:01:01 | HLA-C=C*06:02:01:01 | HLA-B=B*13:02:01 | DRB345=DRB4*01:03:01:01/DRB4*01:03:01:01:03 | DRB1=DRB1*07:01:01:01SG | DQA1=DQA1*02:01:01:01SG | DQB1=DQB1*02:02:01:01 | DPA1=DPA1*01:03:01:04 | DPB1=DPB1*04:01:01:01/DPB1*04:01:01:02,False,False,0.0,1.0,1.0,0.0,1.0,1.0,1.0,1.0,0.0
SYNTH_0054,Global,success,,392.1,0.5,2,1.0,HLA-A=A*11:01:01:01 | HLA-C=C*06:02:01:01 | HLA-B=B*57:01:01 | DRB345=DRB4*01:03:01:02N | DRB1=DRB1*07:01:01:01SG | DQA1=DQA1*02:01:01:01SG | DQB1=DQB1*03:03:02:01 | DPA1=DPA1*01:03:01:03 | DPB1=DPB1*03:01:01,HLA-A=A*29:02:01:01 | HLA-C=C*16:01:01:01 | HLA-B=B*44:03:01:01 | DRB345=DRB4*01:01:01:01 | DRB1=DRB1*07:01:01:01SG | DQA1=DQA1*02:01:01:01SG | DQB1=DQB1*02:02:01:01 | DPA1=DPA1*01:03:01:01 | DPB1=DPB1*02:01:02/DPB1*02:01:19,False,False,1.0,1.0,1.0,1.0,1.0,1.0,1.0,1.0,0.0
SYNTH_0055,Global,success,,161.0,1.0,1,0.0,HLA-A=A*11:01:01:01 | HLA-C=C*03:03:01:01 | HLA-B=B*15:01:01:01 | DRB345=DRB4*01:03:01:01/DRB4*01:03:01:01:03 | DRB1=DRB1*04:01:01:01SG | DQA1=DQA1*03:01:01 | DQB1=DQB1*03:02:01 | DPA1=DPA1*01:03:01:02 | DPB1=DPB1*04:01:01:01/DPB1*04:01:01:02,HLA-A=A*03:01:01:01 | HLA-C=C*08:02:01:01 | HLA-B=B*14:02:01:01 | DRB345=DRB3*03:01:01 | DRB1=DRB1*13:02:01 | DQA1=DQA1*01:02:01:04SG | DQB1=DQB1*06:09:01 | DPA1=DPA1*02:01:01:01 | DPB1=DPB1*05:01:01,False,False,1.0,1.0,1.0,0.0,1.0,1.0,1.0,1.0,0.0
SYNTH_0056,Global,success,,202.6,0.66666667,2,0.9183,HLA-A=A*33:01:01 | HLA-C=C*08:02:01:01 | HLA-B=B*14:02:01:01 | DRB345=Abs | DRB1=DRB1*01:02:01 | DQA1=DQA1*01:01:02 | DQB1=DQB1*05:01:01:01 | DPA1=DPA1*01:03:01:02 | DPB1=DPB1*04:01:01:01/DPB1*04:01:01:02,HLA-A=A*01:01:01:01 | HLA-C=C*06:02:01:01 | HLA-B=B*37:01:01 | DRB345=DRB5*01:01:01 | DRB1=DRB1*15:01:01:01SG | DQA1=DQA1*01:02:01:01SG | DQB1=DQB1*06:02:01 | DPA1=DPA1*01:03:01:04 | DPB1=DPB1*04:01:01:01/DPB1*04:01:01:02,False,False,1.0,1.0,1.0,1.0,1.0,1.0,1.0,1.0,0.0
SYNTH_0057,Global,success,,165.5,0.85802469,3,0.707,HLA-A=A*01:01:01:01 | HLA-C=C*07:01:01:01 | HLA-B=B*08:01:01:01 | DRB345=DRB3*01:01:02:01 | DRB1=DRB1*03:01:01:01SG | DQA1=DQA1*05:01:01:02 | DQB1=DQB1*02:01:01 | DPA1=DPA1*01:03:01:02 | DPB1=DPB1*04:01:01:01/DPB1*04:01:01:02,HLA-A=A*01:01:01:01 | HLA-C=C*07:01:01:01 | HLA-B=B*08:01:01:01 | DRB345=DRB5*01:01:01 | DRB1=DRB1*15:01:01:01SG | DQA1=DQA1*01:02:01:01SG | DQB1=DQB1*06:02:01 | DPA1=DPA1*01:03:01:02 | DPB1=DPB1*04:01:01:01/DPB1*04:01:01:02,False,False,1.0,1.0,1.0,1.0,1.0,1.0,1.0,1.0,0.0
SYNTH_0058,Global,success,,127.2,0.5,2,1.0,HLA-A=A*29:02:01:01 | HLA-C=C*16:01:01:01 | HLA-B=B*44:03:01:01 | DRB345=DRB4*01:03:01:01/DRB4*01:03:01:01:03 | DRB1=DRB1*07:01:01:01SG | DQA1=DQA1*02:01:01:01SG | DQB1=DQB1*02:02:01:01 | DPA1=DPA1*02:01:01:01 | DPB1=DPB1*11:01:01,HLA-A=A*32:01:01 | HLA-C=C*07:02:01:01 | HLA-B=B*07:02:01 | DRB345=DRB4*01:03:01:01/DRB4*01:03:01:01:03 | DRB1=DRB1*04:04:01 | DQA1=DQA1*03:01:01 | DQB1=DQB1*03:02:01 | DPA1=DPA1*01:03:01:02 | DPB1=DPB1*04:01:01:01/DPB1*04:01:01:02,False,False,1.0,1.0,1.0,0.0,1.0,1.0,1.0,1.0,0.0
SYNTH_0059,Global,success,,213.5,0.82352941,2,0.6723,HLA-A=A*01:01:01:01 | HLA-C=C*07:01:01:01 | HLA-B=B*08:01:01:01 | DRB345=DRB3*01:01:02:01 | DRB1=DRB1*03:01:01:01SG | DQA1=DQA1*05:01:01:02 | DQB1=DQB1*02:01:01 | DPA1=DPA1*01:03:01:05 | DPB1=DPB1*04:02:01:02,HLA-A=A*25:01:01 | HLA-C=C*12:03:01:01 | HLA-B=B*39:01:01:03 | DRB345=DRB4*01:01:01:01 | DRB1=DRB1*07:01:01:01SG | DQA1=DQA1*02:01:01:01SG | DQB1=DQB1*02:02:01:01 | DPA1=DPA1*02:02:02 | DPB1=DPB1*04:02:01:02,True,False,1.0,1.0,1.0,1.0,1.0,1.0,1.0,1.0,1.0
SYNTH_0060,Global,success,,271.1,0.46333333,10,2.1531,HLA-A=A*01:01:01:01 | HLA-C=C*07:01:01:01 | HLA-B=B*08:01:01:01 | DRB345=DRB3*01:01:02:01 | DRB1=DRB1*03:01:01:01SG | DQA1=DQA1*05:01:01:02 | DQB1=DQB1*02:01:01 | DPA1=DPA1*01:03:01:02 | DPB1=DPB1*04:01:01:01/DPB1*04:01:01:02,HLA-A=A*02:01:01:01 | HLA-C=C*03:04:01:01 | HLA-B=B*40:01:02 | DRB345=DRB4*01:03:01:01/DRB4*01:03:01:01:03 | DRB1=DRB1*04:01:01:01SG | DQA1=DQA1*03:01:01 | DQB1=DQB1*03:02:01 | DPA1=DPA1*02:01:01:02 | DPB1=DPB1*10:01:01,False,False,1.0,1.0,1.0,0.0,1.0,1.0,1.0,0.0,0.0
SYNTH_0061,Global,success,,198.2,1.0,1,0.0,HLA-A=A*25:01:01 | HLA-C=C*12:03:01:01 | HLA-B=B*18:01:01:02 | DRB345=DRB5*01:01:01 | DRB1=DRB1*15:01:01:01SG | DQA1=DQA1*01:02:01:01SG | DQB1=DQB1*06:02:01 | DPA1=DPA1*01:03:01:02 | DPB1=DPB1*04:01:01:01/DPB1*04:01:01:02,HLA-A=A*30:02:01:01 | HLA-C=C*05:01:01:01 | HLA-B=B*18:01:01:01 | DRB345=DRB3*02:02:01:01 | DRB1=DRB1*03:01:01:01SG | DQA1=DQA1*05:01:01:01 | DQB1=DQB1*02:01:01 | DPA1=DPA1*01:03:01:02 | DPB1=DPB1*04:01:01:01/DPB1*04:01:01:02,False,False,1.0,1.0,1.0,1.0,1.0,1.0,1.0,1.0,0.0
SYNTH_0062,Global,success,,253.4,1.0,1,0.0,HLA-A=A*03:01:01:05 | HLA-C=C*06:02:01:01 | HLA-B=B*47:01:01:03 | DRB345=DRB4*01:01:01:01 | DRB1=DRB1*07:01:01:01SG | DQA1=DQA1*02:01:01:01SG | DQB1=DQB1*02:02:01:01 | DPA1=DPA1*01:03:01:03 | DPB1=DPB1*06:01:01,HLA-A=A*68:03:01 | HLA-C=C*03:05 | HLA-B=B*35:01:01:02 | DRB345=DRB4*01:03:01:01/DRB4*01:03:01:01:03 | DRB1=DRB1*04:07:01 | DQA1=DQA1*03:01:01 | DQB1=DQB1*03:02:01 | DPA1=DPA1*01:03:01:05 | DPB1=DPB1*04:02:01:02,False,False,1.0,1.0,1.0,0.0,1.0,1.0,1.0,1.0,1.0
SYNTH_0063,Global,success,,483.0,0.96428571,2,0.2223,HLA-A=A*01:01:01:01 | HLA-C=C*07:01:01:01 | HLA-B=B*08:01:01:01 | DRB345=DRB3*01:01:02:01 | DRB1=DRB1*03:01:01:01SG | DQA1=DQA1*05:01:01:02 | DQB1=DQB1*02:01:01 | DPA1=DPA1*02:01:02 | DPB1=DPB1*01:01:01,HLA-A=A*24:02:01:01 | HLA-C=C*04:01:01:01 | HLA-B=B*35:01:01:02 | DRB345=DRB4*01:03:01:02N | DRB1=DRB1*07:01:01:01SG | DQA1=DQA1*02:01:01:01SG | DQB1=DQB1*03:03:02:01 | DPA1=DPA1*01:03:01:01 | DPB1=DPB1*02:01:02/DPB1*02:01:19,False,False,1.0,1.0,1.0,1.0,1.0,1.0,1.0,1.0,0.0
SYNTH_0064,Global,success,,215.5,1.0,1,0.0,HLA-A=A*03:01:01:01 | HLA-C=C*07:02:01:03 | HLA-B=B*07:02:01 | DRB345=DRB5*01:01:01 | DRB1=DRB1*15:01:01:01SG | DQA1=DQA1*01:02:01:01SG | DQB1=DQB1*06:02:01 | DPA1=DPA1*01:03:01:01 | DPB1=DPB1*02:01:02/DPB1*02:01:19,HLA-A=A*03:01:01:01 | HLA-C=C*07:02:01:03 | HLA-B=B*07:02:01 | DRB345=DRB3*01:01:02:01 | DRB1=DRB1*13:01:01:01SG | DQA1=DQA1*01:03:01:02SG | DQB1=DQB1*06:03:01 | DPA1=DPA1*01:03:01:01 | DPB1=DPB1*02:01:02/DPB1*02:01:19,False,False,1.0,1.0,1.0,1.0,1.0,1.0,1.0,1.0,0.0
SYNTH_0065,Global,success,,343.0,1.0,1,0.0,HLA-A=A*03:01:01:01 | HLA-C=C*07:02:01:03 | HLA-B=B*07:02:01 | DRB345=DRB5*01:01:01 | DRB1=DRB1*15:01:01:01SG | DQA1=DQA1*01:02:01:01SG | DQB1=DQB1*06:02:01 | DPA1=DPA1*01:03:01:02 | DPB1=DPB1*04:01:01:01/DPB1*04:01:01:02,HLA-A=A*02:01:01:01 | HLA-C=C*06:02:01:01 | HLA-B=B*57:01:01 | DRB345=DRB4*01:03:01:02N | DRB1=DRB1*07:01:01:01SG | DQA1=DQA1*02:01:01:01SG | DQB1=DQB1*03:03:02:01 | DPA1=DPA1*01:03:01:04 | DPB1=DPB1*04:01:01:01/DPB1*04:01:01:02,False,False,1.0,1.0,1.0,1.0,1.0,1.0,1.0,1.0,0.0
SYNTH_0066,Global,success,,484.4,0.33333333,32,3.577,HLA-A=A*02:01:01:01 | HLA-C=C*05:01:01:02 | HLA-B=B*44:02:01:01 | DRB345=DRB4*01:03:01:01/DRB4*01:03:01:01:03 | DRB1=DRB1*04:01:01:01SG | DQA1=DQA1*03:03:01:01 | DQB1=DQB1*03:01:01:01 | DPA1=DPA1*01:03:01:04 | DPB1=DPB1*04:01:01:01/DPB1*04:01:01:02,HLA-A=A*24:02:01:01 | HLA-C=C*07:02:01:03 | HLA-B=B*07:02:01 | DRB345=DRB5*01:01:01 | DRB1=DRB1*15:01:01:01SG | DQA1=DQA1*01:02:01:01SG | DQB1=DQB1*06:02:01 | DPA1=DPA1*01:03:01:02 | DPB1=DPB1*04:01:01:01/DPB1*04:01:01:02,False,False,1.0,1.0,1.0,0.0,1.0,1.0,1.0,0.0,0.0
SYNTH_0067,Global,success,,604.9,0.66666667,2,0.9183,HLA-A=A*02:01:01:01 | HLA-C=C*07:02:01:03 | HLA-B=B*07:02:01 | DRB345=Abs | DRB1=DRB1*01:03 | DQA1=DQA1*01:01:01:02SG | DQB1=DQB1*05:01:01:03 | DPA1=DPA1*01:03:01:01 | DPB1=DPB1*02:01:02/DPB1*02:01:19,HLA-A=A*23:01:01 | HLA-C=C*07:01:01:01 | HLA-B=B*49:01:01 | DRB345=DRB5*01:01:01 | DRB1=DRB1*15:01:01:01SG | DQA1=DQA1*01:02:01:01SG | DQB1=DQB1*06:02:01 | DPA1=DPA1*01:03:01:04 | DPB1=DPB1*02:01:02/DPB1*02:01:19,False,False,1.0,1.0,1.0,1.0,0.0,1.0,1.0,1.0,0.0
SYNTH_0068,Global,success,,442.3,0.33333333,5,2.2516,HLA-A=A*74:01:01 | HLA-C=C*07:18 | HLA-B=B*35:01:01:02 | DRB345=DRB3*03:01:01 | DRB1=DRB1*13:02:01 | DQA1=DQA1*01:02:01:04SG | DQB1=DQB1*03:19:01 | DPA1=DPA1*02:02:02 | DPB1=DPB1*01:01:01,HLA-A=A*03:01:01:01 | HLA-C=C*07:02:01:03 | HLA-B=B*07:02:01 | DRB345=DRB3*01:01:02:01 | DRB1=DRB1*13:01:01:01SG | DQA1=DQA1*01:03:01:02SG | DQB1=DQB1*06:03:01 | DPA1=DPA1*01:03:01:02 | DPB1=DPB1*04:01:01:01/DPB1*04:01:01:02,False,False,1.0,1.0,1.0,1.0,1.0,1.0,1.0,0.0,0.0
SYNTH_0069,Global,success,,9704.3,0.07661692,56,5.4246,HLA-A=A*01:01:01:01 | HLA-C=C*06:02:01:01 | HLA-B=B*57:01:01 | DRB345=DRB4*01:03:01:02N | DRB1=DRB1*07:01:01:01SG | DQA1=DQA1*02:01:01:01SG | DQB1=DQB1*03:03:02:01 | DPA1=DPA1*01:03:01:04 | DPB1=DPB1*04:01:01:01/DPB1*04:01:01:02,HLA-A=A*02:01:01:01 | HLA-C=C*07:02:01:03 | HLA-B=B*07:02:01 | DRB345=Abs | DRB1=DRB1*01:01:01 | DQA1=DQA1*01:01:01:02SG | DQB1=DQB1*05:01:01:03 | DPA1=DPA1*01:03:01:02 | DPB1=DPB1*04:01:01:01/DPB1*04:01:01:02,False,False,0.0,0.0,0.0,1.0,1.0,1.0,1.0,1.0,0.0
SYNTH_0070,Global,success,,541.8,0.20924731,50,4.1377,HLA-A=A*01:01:01:01 | HLA-C=C*07:01:01:01 | HLA-B=B*08:01:01:01 | DRB345=DRB3*01:01:02:01 | DRB1=DRB1*03:01:01:01SG | DQA1=DQA1*05:01:01:02 | DQB1=DQB1*02:01:01 | DPA1=DPA1*01:03:01:02 | DPB1=DPB1*04:01:01:01/DPB1*04:01:01:02,HLA-A=A*02:01:01:01 | HLA-C=C*03:04:01:01 | HLA-B=B*40:01:02 | DRB345=DRB3*03:01:01 | DRB1=DRB1*13:02:01 | DQA1=DQA1*01:02:01:04SG | DQB1=DQB1*06:04:01 | DPA1=DPA1*01:03:01:02 | DPB1=DPB1*04:01:01:01/DPB1*04:01:01:02,False,False,1.0,1.0,1.0,1.0,1.0,1.0,1.0,0.0,0.0
SYNTH_0071,Global,success,,447.7,0.4,6,2.2566,HLA-A=A*03:01:01:01 | HLA-C=C*07:02:01:03 | HLA-B=B*07:02:01 | DRB345=DRB3*01:01:02:01 | DRB1=DRB1*13:01:01:01SG | DQA1=DQA1*01:03:01:02SG | DQB1=DQB1*06:03:01 | DPA1=DPA1*01:03:01:02 | DPB1=DPB1*04:01:01:01/DPB1*04:01:01:02,HLA-A=A*30:01:01 | HLA-C=C*06:02:01:01 | HLA-B=B*13:02:01 | DRB345=DRB4*01:03:01:01/DRB4*01:03:01:01:03 | DRB1=DRB1*07:01:01:01SG | DQA1=DQA1*02:01:01:01SG | DQB1=DQB1*02:02:01:01 | DPA1=DPA1*02:01:01:01 | DPB1=DPB1*17:01,False,False,0.0,1.0,1.0,0.0,1.0,1.0,1.0,1.0,0.0
SYNTH_0072,Global,success,,346.6,1.0,1,0.0,HLA-A=A*01:01:01:01 | HLA-C=C*07:01:01:01 | HLA-B=B*08:01:01:01 | DRB345=DRB3*01:01:02:01 | DRB1=DRB1*03:01:01:01SG | DQA1=DQA1*05:01:01:02 | DQB1=DQB1*02:01:01 | DPA1=DPA1*01:03:01:02 | DPB1=DPB1*04:01:01:01/DPB1*04:01:01:02,HLA-A=A*02:01:01:01 | HLA-C=C*03:04:01:01 | HLA-B=B*40:01:02 | DRB345=DRB4*01:03:01:01/DRB4*01:03:01:01:03 | DRB1=DRB1*04:04:01 | DQA1=DQA1*03:01:01 | DQB1=DQB1*03:02:01 | DPA1=DPA1*01:03:01:02 | DPB1=DPB1*04:01:01:01/DPB1*04:01:01:02,False,False,1.0,1.0,1.0,0.0,1.0,1.0,1.0,1.0,0.0
SYNTH_0073,Global,success,,310.1,0.94285714,2,0.316,HLA-A=A*29:02:01:01 | HLA-C=C*16:01:01:01 | HLA-B=B*44:03:01:01 | DRB345=DRB4*01:01:01:01 | DRB1=DRB1*07:01:01:01SG | DQA1=DQA1*02:01:01:01SG | DQB1=DQB1*02:02:01:01 | DPA1=DPA1*02:01:01:01 | DPB1=DPB1*11:01:01,HLA-A=A*29:02:01:01 | HLA-C=C*16:01:01:01 | HLA-B=B*44:03:01:01 | DRB345=DRB4*01:03:01:01/DRB4*01:03:01:01:03 | DRB1=DRB1*07:01:01:01SG | DQA1=DQA1*02:01:01:01SG | DQB1=DQB1*02:02:01:01 | DPA1=DPA1*01:03:01:02 | DPB1=DPB1*04:01:01:01/DPB1*04:01:01:02,False,False,1.0,1.0,1.0,0.0,1.0,1.0,1.0,1.0,0.0
SYNTH_0074,Global,success,,275.2,1.0,1,0.0,HLA-A=A*02:01:01:01 | HLA-C=C*03:04:01:01 | HLA-B=B*15:01:01:01 | DRB345=DRB4*01:03:01:01/DRB4*01:03:01:01:03 | DRB1=DRB1*04:01:01:01SG | DQA1=DQA1*03:01:01 | DQB1=DQB1*03:02:01 | DPA1=DPA1*01:03:01:02 | DPB1=DPB1*04:01:01:01/DPB1*04:01:01:02,HLA-A=A*30:01:01 | HLA-C=C*17:01:01:02 | HLA-B=B*42:01:01 | DRB345=DRB3*01:01:02:01 | DRB1=DRB1*03:02:01 | DQA1=DQA1*04:01:01 | DQB1=DQB1*04:02:01 | DPA1=DPA1*02:02:02 | DPB1=DPB1*01:01:01,False,False,1.0,1.0,1.0,0.0,1.0,1.0,1.0,1.0,0.0
SYNTH_0075,Global,success,,302.4,1.0,1,0.0,HLA-A=A*01:01:01:01 | HLA-C=C*07:01:01:01 | HLA-B=B*08:01:01:01 | DRB345=DRB3*01:01:02:01 | DRB1=DRB1*03:01:01:01SG | DQA1=DQA1*05:01:01:02 | DQB1=DQB1*02:01:01 | DPA1=DPA1*01:03:01:02 | DPB1=DPB1*04:01:01:01/DPB1*04:01:01:02,HLA-A=A*02:01:01:01 | HLA-C=C*05:01:01:02 | HLA-B=B*44:02:01:01 | DRB345=DRB3*01:01:02:01 | DRB1=DRB1*13:01:01:01SG | DQA1=DQA1*01:03:01:02SG | DQB1=DQB1*06:03:01 | DPA1=DPA1*01:03:01:02 | DPB1=DPB1*04:01:01:01/DPB1*04:01:01:02,False,False,1.0,1.0,1.0,1.0,1.0,1.0,1.0,1.0,0.0
SYNTH_0076,Global,success,,247.9,1.0,1,0.0,HLA-A=A*30:01:01 | HLA-C=C*03:04:02 | HLA-B=B*15:10:01 | DRB345=DRB3*02:02:01:01 | DRB1=DRB1*03:01:01:01SG | DQA1=DQA1*05:01:01:01 | DQB1=DQB1*02:01:01 | DPA1=DPA1*01:03:01:01 | DPB1=DPB1*02:01:02/DPB1*02:01:19,HLA-A=A*02:01:01:01 | HLA-C=C*08:02:01:01 | HLA-B=B*14:02:01:01 | DRB345=DRB4*01:03:01:01/DRB4*01:03:01:01:03 | DRB1=DRB1*07:01:01:01SG | DQA1=DQA1*02:01:01:01SG | DQB1=DQB1*02:02:01:01 | DPA1=DPA1*01:03:01:03 | DPB1=DPB1*03:01:01,False,False,1.0,1.0,1.0,0.0,1.0,1.0,1.0,1.0,0.0
SYNTH_0077,Global,success,,632.6,1.0,1,0.0,HLA-A=A*03:01:01:05 | HLA-C=C*17:01:01:05 | HLA-B=B*41:01:01 | DRB345=DRB4*01:03:01:01/DRB4*01:03:01:01:03 | DRB1=DRB1*04:04:01 | DQA1=DQA1*03:03:01:01 | DQB1=DQB1*04:02:01 | DPA1=DPA1*01:03:01:04 | DPB1=DPB1*04:01:01:01/DPB1*04:01:01:02,HLA-A=A*29:02:01:01 | HLA-C=C*16:01:01:01 | HLA-B=B*44:03:01:01 | DRB345=DRB4*01:01:01:01 | DRB1=DRB1*07:01:01:01SG | DQA1=DQA1*02:01:01:01SG | DQB1=DQB1*02:02:01:01 | DPA1=DPA1*01:03:01:02 | DPB1=DPB1*04:01:01:01/DPB1*04:01:01:02,False,False,1.0,1.0,1.0,0.0,1.0,1.0,1.0,1.0,0.0
SYNTH_0078,Global,success,,687.9,0.24948718,40,3.8803,HLA-A=A*01:01:01:01 | HLA-C=C*07:01:01:01 | HLA-B=B*08:01:01:01 | DRB345=DRB3*01:01:02:01 | DRB1=DRB1*03:01:01:01SG | DQA1=DQA1*05:01:01:02 | DQB1=DQB1*02:01:01 | DPA1=DPA1*01:03:01:02 | DPB1=DPB1*04:01:01:01/DPB1*04:01:01:02,HLA-A=A*02:01:01:01 | HLA-C=C*03:04:01:01 | HLA-B=B*40:01:02 | DRB345=DRB4*01:03:01:01/DRB4*01:03:01:01:03 | DRB1=DRB1*04:04:01 | DQA1=DQA1*03:01:01 | DQB1=DQB1*03:02:01 | DPA1=DPA1*01:03:01:03 | DPB1=DPB1*06:01:01,False,False,1.0,1.0,1.0,0.0,0.0,1.0,1.0,0.0,0.0
SYNTH_0079,Global,success,,195.7,0.48529412,6,2.0259,HLA-A=A*29:02:01:01 | HLA-C=C*16:01:01:01 | HLA-B=B*44:03:01:01 | DRB345=DRB4*01:01:01:01 | DRB1=DRB1*07:01:01:01SG | DQA1=DQA1*02:01:01:01SG | DQB1=DQB1*02:02:01:01 | DPA1=DPA1*02:01:01:01 | DPB1=DPB1*11:01:01,HLA-A=A*31:01:02:01 | HLA-C=C*05:01:01:02 | HLA-B=B*44:02:01:01 | DRB345=DRB4*01:03:01:01/DRB4*01:03:01:01:03 | DRB1=DRB1*04:01:01:01SG | DQA1=DQA1*03:03:01:01 | DQB1=DQB1*03:01:01:01 | DPA1=DPA1*01:03:01:04 | DPB1=DPB1*04:01:01:01/DPB1*04:01:01:02,False,False,1.0,1.0,1.0,0.0,1.0,1.0,1.0,1.0,0.0
SYNTH_0080,Global,success,,461.2,0.58333333,3,1.3844,HLA-A=A*11:01:01:01 | HLA-C=C*04:01:01:05 | HLA-B=B*35:01:01:02 | DRB345=Abs | DRB1=DRB1*01:03 | DQA1=DQA1*01:01:01:02SG | DQB1=DQB1*05:01:01:03 | DPA1=DPA1*01:03:01:05 | DPB1=DPB1*04:02:01:02,HLA-A=A*11:01:01:01 | HLA-C=C*04:01:01:01 | HLA-B=B*35:01:01:02 | DRB345=Abs | DRB1=DRB1*01:01:01 | DQA1=DQA1*01:01:01:02SG | DQB1=DQB1*05:01:01:03 | DPA1=DPA1*01:03:01:02 | DPB1=DPB1*04:01:01:01/DPB1*04:01:01:02,False,False,1.0,1.0,1.0,1.0,1.0,1.0,1.0,1.0,0.0
SYNTH_0081,Global,success,,455.0,0.96428571,2,0.2223,HLA-A=A*01:01:01:01 | HLA-C=C*07:01:01:01 | HLA-B=B*08:01:01:01 | DRB345=DRB3*01:01:02:01 | DRB1=DRB1*03:01:01:01SG | DQA1=DQA1*05:01:01:02 | DQB1=DQB1*02:01:01 | DPA1=DPA1*02:01:02 | DPB1=DPB1*01:01:01,HLA-A=A*03:01:01:01 | HLA-C=C*08:02:01:01 | HLA-B=B*14:02:01:01 | DRB345=Abs | DRB1=DRB1*01:02:01 | DQA1=DQA1*01:01:02 | DQB1=DQB1*05:01:01:01 | DPA1=DPA1*01:03:01:01 | DPB1=DPB1*02:01:02/DPB1*02:01:19,False,False,1.0,1.0,1.0,1.0,1.0,1.0,1.0,1.0,0.0
SYNTH_0082,Global,success,,475.0,0.36842105,6,2.3715,HLA-A=A*02:01:01:01 | HLA-C=C*03:03:01:01 | HLA-B=B*15:01:01:01 | DRB345=DRB3*02:02:01:02 | DRB1=DRB1*13:01:01:01SG | DQA1=DQA1*01:03:01:02SG | DQB1=DQB1*06:03:01 | DPA1=DPA1*01:03:01:02 | DPB1=DPB1*04:01:01:01/DPB1*04:01:01:02,HLA-A=A*02:01:01:01 | HLA-C=C*07:01:01:01 | HLA-B=B*18:01:01:02 | DRB345=DRB3*02:02:01:02 | DRB1=DRB1*11:04:01 | DQA1=DQA1*05:05:01:01SG | DQB1=DQB1*03:01:01:02 | DPA1=DPA1*01:03:01:05 | DPB1=DPB1*04:02:01:01,False,False,1.0,1.0,1.0,1.0,1.0,1.0,1.0,1.0,0.0
SYNTH_0083,Global,success,,473.8,0.22063492,56,4.1785,HLA-A=A*01:01:01:01 | HLA-C=C*07:01:01:01 | HLA-B=B*08:01:01:01 | DRB345=DRB3*01:01:02:01 | DRB1=DRB1*03:01:01:01SG | DQA1=DQA1*05:01:01:02 | DQB1=DQB1*02:01:01 | DPA1=DPA1*01:03:01:02 | DPB1=DPB1*04:01:01:01/DPB1*04:01:01:02,HLA-A=A*02:01:01:01 | HLA-C=C*07:01:01:01 | HLA-B=B*18:01:01:02 | DRB345=DRB3*02:02:01:02 | DRB1=DRB1*11:04:01 | DQA1=DQA1*05:05:01:01SG | DQB1=DQB1*03:01:01:03 | DPA1=DPA1*01:03:01:05 | DPB1=DPB1*04:02:01:01,False,False,1.0,1.0,1.0,1.0,1.0,1.0,1.0,0.0,0.0
SYNTH_0084,Global,success,,474.5,1.0,1,0.0,HLA-A=A*01:01:01:01 | HLA-C=C*07:01:01:01 | HLA-B=B*08:01:01:01 | DRB345=DRB3*01:01:02:01 | DRB1=DRB1*03:01:01:01SG | DQA1=DQA1*05:01:01:02 | DQB1=DQB1*02:01:01 | DPA1=DPA1*02:01:02 | DPB1=DPB1*01:01:01,HLA-A=A*03:01:01:01 | HLA-C=C*03:04:01:01 | HLA-B=B*40:01:02 | DRB345=DRB4*01:03:01:01/DRB4*01:03:01:01:03 | DRB1=DRB1*04:04:01 | DQA1=DQA1*03:01:01 | DQB1=DQB1*03:02:01 | DPA1=DPA1*01:03:01:03 | DPB1=DPB1*06:01:01,False,False,1.0,1.0,1.0,0.0,1.0,1.0,1.0,1.0,1.0
SYNTH_0085,Global,success,,851.0,0.89473684,2,0.4855,HLA-A=A*01:01:01:01 | HLA-C=C*07:01:01:01 | HLA-B=B*08:01:01:01 | DRB345=DRB3*01:01:02:01 | DRB1=DRB1*03:01:01:01SG | DQA1=DQA1*05:01:01:02 | DQB1=DQB1*02:01:01 | DPA1=DPA1*01:03:01:02 | DPB1=DPB1*04:01:01:01/DPB1*04:01:01:02,HLA-A=A*01:01:01:01 | HLA-C=C*07:01:01:01 | HLA-B=B*08:01:01:01 | DRB345=DRB3*01:01:02:01 | DRB1=DRB1*03:01:01:01SG | DQA1=DQA1*05:01:01:02 | DQB1=DQB1*02:01:01 | DPA1=DPA1*01:03:01:04 | DPB1=DPB1*04:01:01:01/DPB1*04:01:01:02,False,False,1.0,1.0,1.0,1.0,1.0,1.0,1.0,1.0,0.0
SYNTH_0086,Global,success,,314.2,0.52071006,6,1.7219,HLA-A=A*29:02:01:01 | HLA-C=C*16:01:01:01 | HLA-B=B*44:03:01:01 | DRB345=DRB4*01:01:01:01 | DRB1=DRB1*07:01:01:01SG | DQA1=DQA1*02:01:01:01SG | DQB1=DQB1*02:02:01:01 | DPA1=DPA1*02:01:01:01 | DPB1=DPB1*11:01:01,HLA-A=A*68:03:01 | HLA-C=C*07:02:01:01 | HLA-B=B*39:05:01 | DRB345=DRB4*01:03:01:01/DRB4*01:03:01:01:03 | DRB1=DRB1*04:07:01 | DQA1=DQA1*03:01:01 | DQB1=DQB1*03:02:01 | DPA1=DPA1*01:03:01:05 | DPB1=DPB1*04:02:01:02,False,False,1.0,1.0,1.0,0.0,1.0,1.0,1.0,1.0,1.0
SYNTH_0087,Global,success,,215.1,1.0,1,0.0,HLA-A=A*03:01:01:01 | HLA-C=C*07:02:01:03 | HLA-B=B*07:02:01 | DRB345=DRB5*01:01:01 | DRB1=DRB1*15:01:01:01SG | DQA1=DQA1*01:02:01:01SG | DQB1=DQB1*06:02:01 | DPA1=DPA1*01:03:01:05 | DPB1=DPB1*04:02:01:02,HLA-A=A*02:01:01:01 | HLA-C=C*06:02:01:01 | HLA-B=B*37:01:01 | DRB345=DRB3*02:02:01:02 | DRB1=DRB1*11:01:01:01 | DQA1=DQA1*05:05:01:01SG | DQB1=DQB1*03:01:01:03 | DPA1=DPA1*01:03:01:02 | DPB1=DPB1*04:01:01:01/DPB1*04:01:01:02,False,False,1.0,1.0,1.0,1.0,1.0,1.0,1.0,1.0,0.0
SYNTH_0088,Global,success,,107.7,1.0,1,0.0,HLA-A=A*24:02:01:01 | HLA-C=C*05:01:01:02 | HLA-B=B*44:02:01:01 | DRB345=DRB3*02:02:01:02 | DRB1=DRB1*11:01:01:01 | DQA1=DQA1*05:05:01:01SG | DQB1=DQB1*03:01:01:03 | DPA1=DPA1*01:03:01:02 | DPB1=DPB1*04:01:01:01/DPB1*04:01:01:02,HLA-A=A*68:02:01:01 | HLA-C=C*08:02:01:01 | HLA-B=B*14:02:01:01 | DRB345=DRB3*01:01:02:01 | DRB1=DRB1*13:03:01 | DQA1=DQA1*05:05:01:01SG | DQB1=DQB1*03:01:01:03 | DPA1=DPA1*01:03:01:01 | DPB1=DPB1*02:01:02/DPB1*02:01:19,False,False,1.0,1.0,1.0,1.0,1.0,1.0,1.0,1.0,0.0
SYNTH_0089,Global,success,,837.9,1.0,1,0.0,HLA-A=A*02:01:01:01 | HLA-C=C*16:01:01:01 | HLA-B=B*44:03:01:01 | DRB345=DRB3*02:02:01:02 | DRB1=DRB1*11:01:02 | DQA1=DQA1*01:02:01:01SG | DQB1=DQB1*06:02:01 | DPA1=DPA1*01:03:01:02 | DPB1=DPB1*18:01,HLA-A=A*01:01:01:01 | HLA-C=C*07:01:01:01 | HLA-B=B*08:01:01:01 | DRB345=Abs | DRB1=DRB1*01:01:01 | DQA1=DQA1*01:01:01:02SG | DQB1=DQB1*05:01:01:03 | DPA1=DPA1*01:03:01:02 | DPB1=DPB1*04:01:01:01/DPB1*04:01:01:02,False,False,1.0,1.0,1.0,1.0,1.0,1.0,1.0,1.0,0.0
SYNTH_0090,Global,success,,465.1,1.0,1,0.0,HLA-A=A*02:01:01:01 | HLA-C=C*03:04:01:01 | HLA-B=B*15:01:01:01 | DRB345=DRB4*01:03:01:01/DRB4*01:03:01:01:03 | DRB1=DRB1*04:01:01:01SG | DQA1=DQA1*03:01:01 | DQB1=DQB1*03:02:01 | DPA1=DPA1*01:03:01:02 | DPB1=DPB1*04:01:01:01/DPB1*04:01:01:02,HLA-A=A*31:01:02:01 | HLA-C=C*07:02:01:03 | HLA-B=B*07:02:01 | DRB345=DRB5*01:01:01 | DRB1=DRB1*15:01:01:01SG | DQA1=DQA1*01:02:01:01SG | DQB1=DQB1*06:02:01 | DPA1=DPA1*01:03:01:01 | DPB1=DPB1*02:01:02/DPB1*02:01:19,False,False,1.0,1.0,1.0,0.0,1.0,1.0,1.0,1.0,0.0
SYNTH_0091,Global,success,,543.9,1.0,1,0.0,HLA-A=A*03:01:01:07 | HLA-C=C*04:01:01:01 | HLA-B=B*35:01:01:02 | DRB345=DRB3*01:01:02:01 | DRB1=DRB1*12:01:01:03 | DQA1=DQA1*01:05:01 | DQB1=DQB1*05:01:01:02 | DPA1=DPA1*01:03:01:02 | DPB1=DPB1*02:01:02/DPB1*02:01:19,HLA-A=A*01:01:01:01 | HLA-C=C*02:02:02:01 | HLA-B=B*27:05:02 | DRB345=DRB4*01:03:01:01/DRB4*01:03:01:01:03 | DRB1=DRB1*04:01:01:01SG | DQA1=DQA1*03:03:01:01 | DQB1=DQB1*03:02:01 | DPA1=DPA1*01:03:01:05 | DPB1=DPB1*04:02:01:02,False,False,1.0,1.0,1.0,0.0,1.0,1.0,1.0,1.0,0.0
SYNTH_0092,Global,success,,730.5,0.96666667,2,0.2108,HLA-A=A*02:01:01:01 | HLA-C=C*05:01:01:02 | HLA-B=B*44:02:01:01 | DRB345=DRB4*01:03:01:01/DRB4*01:03:01:01:03 | DRB1=DRB1*04:01:01:01SG | DQA1=DQA1*03:03:01:01 | DQB1=DQB1*03:01:01:01 | DPA1=DPA1*01:03:01:04 | DPB1=DPB1*04:01:01:01/DPB1*04:01:01:02,HLA-A=A*01:01:01:01 | HLA-C=C*07:01:01:01 | HLA-B=B*08:01:01:01 | DRB345=DRB3*01:01:02:01 | DRB1=DRB1*03:01:01:01SG | DQA1=DQA1*05:01:01:02 | DQB1=DQB1*02:01:01 | DPA1=DPA1*01:03:01:03 | DPB1=DPB1*03:01:01,False,False,1.0,1.0,1.0,0.0,1.0,1.0,1.0,1.0,0.0
SYNTH_0093,Global,success,,803.2,0.0,0,0.0,,,False,False,,,,,,,,,
SYNTH_0094,Global,success,,1344.0,1.0,1,0.0,HLA-A=A*30:01:01 | HLA-C=C*17:01:01:02 | HLA-B=B*42:01:01 | DRB345=DRB3*01:01:02:01 | DRB1=DRB1*03:02:01 | DQA1=DQA1*04:01:01 | DQB1=DQB1*04:02:01 | DPA1=DPA1*02:02:02 | DPB1=DPB1*01:01:01,HLA-A=A*02:01:01:01 | HLA-C=C*03:03:01:01 | HLA-B=B*15:01:01:01 | DRB345=DRB3*02:02:01:02 | DRB1=DRB1*13:01:01:01SG | DQA1=DQA1*01:03:01:02SG | DQB1=DQB1*06:03:01 | DPA1=DPA1*01:03:01:04 | DPB1=DPB1*04:01:01:01/DPB1*04:01:01:02,False,False,1.0,0.0,0.0,1.0,1.0,1.0,1.0,1.0,0.0
SYNTH_0095,Global,success,,570.1,1.0,1,0.0,HLA-A=A*01:01:01:01 | HLA-C=C*07:01:01:01 | HLA-B=B*08:01:01:01 | DRB345=DRB3*01:01:02:01 | DRB1=DRB1*03:01:01:01SG | DQA1=DQA1*05:01:01:02 | DQB1=DQB1*02:01:01 | DPA1=DPA1*01:03:01:02 | DPB1=DPB1*04:01:01:01/DPB1*04:01:01:02,HLA-A=A*11:01:01:01 | HLA-C=C*02:02:02:01 | HLA-B=B*27:05:02 | DRB345=DRB3*02:02:01:02 | DRB1=DRB1*13:01:01:01SG | DQA1=DQA1*01:03:01:02SG | DQB1=DQB1*06:03:01 | DPA1=DPA1*01:03:01:05 | DPB1=DPB1*04:02:01:02,False,False,1.0,1.0,1.0,1.0,1.0,1.0,1.0,1.0,0.0
SYNTH_0096,Global,success,,289.9,0.98245614,2,0.1274,HLA-A=A*03:01:01:01 | HLA-C=C*07:02:01:03 | HLA-B=B*07:02:01 | DRB345=DRB5*01:01:01 | DRB1=DRB1*15:01:01:01SG | DQA1=DQA1*01:02:01:01SG | DQB1=DQB1*06:02:01 | DPA1=DPA1*01:03:01:02 | DPB1=DPB1*04:01:01:01/DPB1*04:01:01:02,HLA-A=A*02:01:01:01 | HLA-C=C*12:03:01:01 | HLA-B=B*38:01:01 | DRB345=DRB3*01:01:02:01 | DRB1=DRB1*13:01:01:01SG | DQA1=DQA1*01:03:01:02SG | DQB1=DQB1*06:03:01 | DPA1=DPA1*01:03:01:02 | DPB1=DPB1*04:01:01:01/DPB1*04:01:01:02,False,False,1.0,1.0,1.0,1.0,1.0,1.0,1.0,1.0,0.0
SYNTH_0097,Global,success,,415.5,0.58333333,8,1.8626,HLA-A=A*03:01:01:01 | HLA-C=C*07:02:01:03 | HLA-B=B*07:02:01 | DRB345=DRB5*01:01:01 | DRB1=DRB1*15:01:01:01SG | DQA1=DQA1*01:02:01:01SG | DQB1=DQB1*06:02:01 | DPA1=DPA1*01:03:01:02 | DPB1=DPB1*04:01:01:01/DPB1*04:01:01:02,HLA-A=A*11:01:01:01 | HLA-C=C*04:01:01:01 | HLA-B=B*15:01:01:01 | DRB345=DRB4*01:03:01:01/DRB4*01:03:01:01:03 | DRB1=DRB1*04:06:01 | DQA1=DQA1*03:01:01 | DQB1=DQB1*03:02:01 | DPA1=DPA1*02:02:02 | DPB1=DPB1*05:01:01,False,False,1.0,1.0,1.0,0.0,1.0,1.0,1.0,1.0,0.0
SYNTH_0098,Global,success,,731.8,0.32941176,18,3.0443,HLA-A=A*03:01:01:01 | HLA-C=C*07:02:01:03 | HLA-B=B*07:02:01 | DRB345=DRB5*01:01:01 | DRB1=DRB1*15:01:01:01SG | DQA1=DQA1*01:02:01:01SG | DQB1=DQB1*06:02:01 | DPA1=DPA1*01:03:01:02 | DPB1=DPB1*04:01:01:01/DPB1*04:01:01:02,HLA-A=A*03:01:01:01 | HLA-C=C*04:01:01:01 | HLA-B=B*35:01:01:02 | DRB345=Abs | DRB1=DRB1*01:01:01 | DQA1=DQA1*01:01:01:02SG | DQB1=DQB1*05:01:01:03 | DPA1=DPA1*01:03:01:02 | DPB1=DPB1*04:01:01:01/DPB1*04:01:01:02,False,False,0.0,1.0,1.0,1.0,1.0,1.0,1.0,1.0,0.0
SYNTH_0099,Global,success,,138.5,0.59090909,4,1.5633,HLA-A=A*01:01:01:01 | HLA-C=C*08:02:01:01 | HLA-B=B*14:02:01:01 | DRB345=Abs | DRB1=DRB1*01:02:01 | DQA1=DQA1*01:01:02 | DQB1=DQB1*05:01:01:01 | DPA1=DPA1*01:03:01:01 | DPB1=DPB1*04:01:01:01/DPB1*04:01:01:02,HLA-A=A*30:02:01:01 | HLA-C=C*05:01:01:01 | HLA-B=B*18:01:01:01 | DRB345=DRB3*02:02:01:01 | DRB1=DRB1*03:01:01:01SG | DQA1=DQA1*05:01:01:01 | DQB1=DQB1*02:01:01 | DPA1=DPA1*01:03:01:01 | DPB1=DPB1*02:02,False,False,1.0,1.0,1.0,1.0,1.0,1.0,1.0,1.0,0.0
SYNTH_0100,Global,success,,365.1,1.0,1,0.0,HLA-A=A*01:01:01:01 | HLA-C=C*06:02:01:01 | HLA-B=B*57:01:01 | DRB345=DRB4*01:03:01:02N | DRB1=DRB1*07:01:01:01SG | DQA1=DQA1*02:01:01:01SG | DQB1=DQB1*03:03:02:01 | DPA1=DPA1*01:03:01:04 | DPB1=DPB1*04:01:01:01/DPB1*04:01:01:02,HLA-A=A*01:01:01:01 | HLA-C=C*04:01:01:01 | HLA-B=B*35:01:01:02 | DRB345=Abs | DRB1=DRB1*01:01:01 | DQA1=DQA1*01:01:01:02SG | DQB1=DQB1*05:01:01:03 | DPA1=DPA1*01:03:01:01 | DPB1=DPB1*02:01:02/DPB1*02:01:19,False,False,1.0,1.0,1.0,1.0,1.0,1.0,1.0,1.0,0.0
SYNTH_0101,Global,success,,554.6,0.30769231,9,2.8202,HLA-A=A*68:03:01 | HLA-C=C*07:02:01:01 | HLA-B=B*39:05:01 | DRB345=DRB4*01:03:01:01/DRB4*01:03:01:01:03 | DRB1=DRB1*04:07:01 | DQA1=DQA1*03:01:01 | DQB1=DQB1*03:02:01 | DPA1=DPA1*01:03:01:05 | DPB1=DPB1*04:02:01:02,HLA-A=A*02:01:01:01 | HLA-C=C*02:02:02:01 | HLA-B=B*27:05:02 | DRB345=Abs | DRB1=DRB1*01:01:01 | DQA1=DQA1*01:01:01:02SG | DQB1=DQB1*05:01:01:03 | DPA1=DPA1*01:03:01:02 | DPB1=DPB1*04:01:01:01/DPB1*04:01:01:02,False,False,1.0,1.0,1.0,0.0,1.0,1.0,1.0,1.0,0.0
SYNTH_0102,Global,success,,563.0,0.18892287,48,4.1076,HLA-A=A*01:01:01:01 | HLA-C=C*07:01:01:01 | HLA-B=B*08:01:01:01 | DRB345=DRB3*01:01:02:01 | DRB1=DRB1*03:01:01:01SG | DQA1=DQA1*05:01:01:02 | DQB1=DQB1*02:01:01 | DPA1=DPA1*01:03:01:02 | DPB1=DPB1*04:01:01:01/DPB1*04:01:01:02,HLA-A=A*01:01:01:01 | HLA-C=C*07:01:01:01 | HLA-B=B*08:01:01:01 | DRB345=DRB4*01:03:01:01/DRB4*01:03:01:01:03 | DRB1=DRB1*04:04:01 | DQA1=DQA1*03:01:01 | DQB1=DQB1*03:02:01 | DPA1=DPA1*01:03:01:03 | DPB1=DPB1*06:01:01,False,False,1.0,1.0,1.0,0.0,1.0,1.0,1.0,0.0,0.0
SYNTH_0103,Global,success,,502.5,0.75,2,0.8113,HLA-A=A*01:01:01:01 | HLA-C=C*07:01:01:01 | HLA-B=B*08:01:01:01 | DRB345=DRB3*01:01:02:01 | DRB1=DRB1*03:01:01:01SG | DQA1=DQA1*05:01:01:01 | DQB1=DQB1*02:01:01 | DPA1=DPA1*01:03:01:01 | DPB1=DPB1*04:01:01:01/DPB1*04:01:01:02,HLA-A=A*68:02:01:01 | HLA-C=C*08:02:01:01 | HLA-B=B*14:02:01:01 | DRB345=DRB3*01:01:02:01 | DRB1=DRB1*13:03:01 | DQA1=DQA1*05:05:01:05SG | DQB1=DQB1*03:01:01:03 | DPA1=DPA1*01:03:01:02 | DPB1=DPB1*04:01:01:01/DPB1*04:01:01:02,False,False,1.0,1.0,1.0,1.0,1.0,1.0,1.0,1.0,0.0
SYNTH_0104,Global,success,,355.8,1.0,1,0.0,HLA-A=A*01:01:01:01 | HLA-C=C*07:01:01:01 | HLA-B=B*08:01:01:01 | DRB345=DRB3*01:01:02:01 | DRB1=DRB1*03:01:01:01SG | DQA1=DQA1*05:01:01:02 | DQB1=DQB1*02:01:01 | DPA1=DPA1*01:03:01:02 | DPB1=DPB1*04:01:01:01/DPB1*04:01:01:02,HLA-A=A*23:01:01 | HLA-C=C*04:01:01:01 | HLA-B=B*44:03:01:01 | DRB345=DRB4*01:01:01:01 | DRB1=DRB1*07:01:01:01SG | DQA1=DQA1*02:01:01:01SG | DQB1=DQB1*02:02:01:01 | DPA1=DPA1*01:03:01:01 | DPB1=DPB1*02:01:02/DPB1*02:01:19,False,False,1.0,1.0,1.0,1.0,1.0,1.0,1.0,1.0,0.0
SYNTH_0105,Global,success,,235.3,0.61538462,2,0.9612,HLA-A=A*02:01:01:01 | HLA-C=C*04:01:01:01 | HLA-B=B*35:01:01:02 | DRB345=DRB3*01:01:02:01 | DRB1=DRB1*03:02:01 | DQA1=DQA1*04:01:01 | DQB1=DQB1*04:02:01 | DPA1=DPA1*02:02:02 | DPB1=DPB1*01:01:01,HLA-A=A*68:03:01 | HLA-C=C*07:02:01:01 | HLA-B=B*39:05:01 | DRB345=DRB4*01:03:01:01/DRB4*01:03:01:01:03 | DRB1=DRB1*04:07:01 | DQA1=DQA1*03:01:01 | DQB1=DQB1*03:02:01 | DPA1=DPA1*01:03:01:05 | DPB1=DPB1*04:02:01:02,False,False,1.0,1.0,1.0,0.0,1.0,1.0,1.0,1.0,1.0
SYNTH_0106,Global,success,,521.8,0.78571429,2,0.7496,HLA-A=A*02:01:01:01 | HLA-C=C*07:01:01:01 | HLA-B=B*18:01:01:02 | DRB345=DRB3*02:02:01:02 | DRB1=DRB1*11:04:01 | DQA1=DQA1*05:05:01:01SG | DQB1=DQB1*03:01:01:03 | DPA1=DPA1*01:03:01:05 | DPB1=DPB1*04:02:01:01,HLA-A=A*68:01:01:02 | HLA-C=C*06:02:01:01 | HLA-B=B*58:02:01 | DRB345=DRB3*02:02:01:02 | DRB1=DRB1*12:01:01:03 | DQA1=DQA1*01:05:01 | DQB1=DQB1*05:01:01:02 | DPA1=DPA1*01:03:01:02 | DPB1=DPB1*18:01,False,False,1.0,1.0,1.0,1.0,1.0,1.0,0.0,1.0,1.0
SYNTH_0107,Global,success,,477.1,0.0,0,0.0,,,False,False,,,,,,,,,
SYNTH_0108,Global,success,,562.7,0.21078431,49,4.044,HLA-A=A*02:01:01:01 | HLA-C=C*07:02:01:03 | HLA-B=B*07:02:01 | DRB345=DRB5*01:01:01 | DRB1=DRB1*15:01:01:01SG | DQA1=DQA1*01:02:01:01SG | DQB1=DQB1*06:02:01 | DPA1=DPA1*01:03:01:04 | DPB1=DPB1*04:01:01:01/DPB1*04:01:01:02,HLA-A=A*03:01:01:01 | HLA-C=C*04:01:01:01 | HLA-B=B*35:01:01:02 | DRB345=Abs | DRB1=DRB1*01:01:01 | DQA1=DQA1*01:01:01:02SG | DQB1=DQB1*05:01:01:03 | DPA1=DPA1*01:03:01:05 | DPB1=DPB1*04:02:01:02,False,False,1.0,1.0,1.0,1.0,1.0,1.0,1.0,0.0,0.0
SYNTH_0109,Global,success,,146.1,1.0,1,0.0,HLA-A=A*01:01:01:01 | HLA-C=C*06:02:01:01 | HLA-B=B*37:01:01 | DRB345=Abs | DRB1=DRB1*10:01:01:01 | DQA1=DQA1*01:05:01 | DQB1=DQB1*05:01:01:02 | DPA1=DPA1*01:03:01:02 | DPB1=DPB1*04:01:01:01/DPB1*04:01:01:02,HLA-A=A*26:01:01:01 | HLA-C=C*12:03:01:01 | HLA-B=B*38:01:01 | DRB345=DRB4*01:03:01:01/DRB4*01:03:01:01:03 | DRB1=DRB1*04:02:01 | DQA1=DQA1*03:01:01 | DQB1=DQB1*03:02:01 | DPA1=DPA1*01:03:01:04 | DPB1=DPB1*04:01:01:01/DPB1*04:01:01:02,False,False,1.0,1.0,1.0,0.0,1.0,1.0,1.0,1.0,0.0
SYNTH_0110,Global,success,,532.9,1.0,1,0.0,HLA-A=A*01:01:01:01 | HLA-C=C*06:02:01:01 | HLA-B=B*57:01:01 | DRB345=DRB4*01:03:01:02N | DRB1=DRB1*07:01:01:01SG | DQA1=DQA1*02:01:01:01SG | DQB1=DQB1*03:03:02:01 | DPA1=DPA1*01:03:01:04 | DPB1=DPB1*04:01:01:01/DPB1*04:01:01:02,HLA-A=A*01:01:01:01 | HLA-C=C*06:02:01:01 | HLA-B=B*37:01:01 | DRB345=DRB5*01:01:01 | DRB1=DRB1*15:01:01:01SG | DQA1=DQA1*01:02:01:01SG | DQB1=DQB1*06:02:01 | DPA1=DPA1*01:03:01:01 | DPB1=DPB1*02:01:02/DPB1*02:01:19,False,False,1.0,1.0,1.0,1.0,1.0,1.0,1.0,1.0,0.0
SYNTH_0111,Global,success,,396.1,1.0,1,0.0,HLA-A=A*02:01:01:01 | HLA-C=C*05:01:01:02 | HLA-B=B*44:02:01:01 | DRB345=DRB4*01:03:01:01/DRB4*01:03:01:01:03 | DRB1=DRB1*04:01:01:01SG | DQA1=DQA1*03:03:01:01 | DQB1=DQB1*03:01:01:01 | DPA1=DPA1*01:03:01:03 | DPB1=DPB1*03:01:01,HLA-A=A*02:01:01:01 | HLA-C=C*05:01:01:02 | HLA-B=B*44:02:01:01 | DRB345=DRB4*01:03:01:01/DRB4*01:03:01:01:03 | DRB1=DRB1*07:01:01:01SG | DQA1=DQA1*02:01:01:01SG | DQB1=DQB1*02:02:01:01 | DPA1=DPA1*01:03:01:02 | DPB1=DPB1*02:01:02/DPB1*02:01:19,False,False,1.0,1.0,1.0,0.0,1.0,1.0,1.0,1.0,0.0
SYNTH_0112,Global,success,,237.5,1.0,1,0.0,HLA-A=A*02:01:01:01 | HLA-C=C*03:04:01:01 | HLA-B=B*40:01:02 | DRB345=DRB3*03:01:01 | DRB1=DRB1*13:02:01 | DQA1=DQA1*01:02:01:04SG | DQB1=DQB1*06:04:01 | DPA1=DPA1*01:03:01:03 | DPB1=DPB1*03:01:01,HLA-A=A*02:01:01:01 | HLA-C=C*07:02:01:03 | HLA-B=B*07:02:01 | DRB345=DRB4*01:01:01:01 | DRB1=DRB1*07:01:01:01SG | DQA1=DQA1*02:01:01:01SG | DQB1=DQB1*02:02:01:01 | DPA1=DPA1*01:03:01:02 | DPB1=DPB1*04:01:01:01/DPB1*04:01:01:02,False,False,1.0,1.0,1.0,1.0,1.0,1.0,1.0,1.0,0.0
SYNTH_0113,Global,success,,476.5,0.85802469,3,0.707,HLA-A=A*01:01:01:01 | HLA-C=C*07:01:01:01 | HLA-B=B*08:01:01:01 | DRB345=DRB3*01:01:02:01 | DRB1=DRB1*03:01:01:01SG | DQA1=DQA1*05:01:01:02 | DQB1=DQB1*02:01:01 | DPA1=DPA1*01:03:01:02 | DPB1=DPB1*04:01:01:01/DPB1*04:01:01:02,HLA-A=A*30:01:01 | HLA-C=C*04:01:01:01 | HLA-B=B*53:01:01 | DRB345=Abs | DRB1=DRB1*08:04:01 | DQA1=DQA1*04:01:02:02 | DQB1=DQB1*06:02:01 | DPA1=DPA1*03:01 | DPB1=DPB1*105:01,False,False,1.0,1.0,1.0,1.0,1.0,1.0,1.0,1.0,0.0
SYNTH_0114,Global,success,,736.5,1.0,1,0.0,HLA-A=A*29:02:01:02 | HLA-C=C*18:01 | HLA-B=B*81:01 | DRB345=Abs | DRB1=DRB1*08:04:01 | DQA1=DQA1*04:01:02:02 | DQB1=DQB1*04:02:01 | DPA1=DPA1*01:03:01:02 | DPB1=DPB1*18:01,HLA-A=A*01:01:01:01 | HLA-C=C*07:01:01:01 | HLA-B=B*08:01:01:01 | DRB345=Abs | DRB1=DRB1*01:01:01 | DQA1=DQA1*01:01:01:02SG | DQB1=DQB1*05:01:01:03 | DPA1=DPA1*01:03:01:02 | DPB1=DPB1*04:01:01:01/DPB1*04:01:01:02,False,False,1.0,1.0,1.0,1.0,1.0,1.0,1.0,1.0,0.0
SYNTH_0115,Global,success,,349.0,1.0,1,0.0,HLA-A=A*03:01:01:01 | HLA-C=C*07:02:01:03 | HLA-B=B*07:02:01 | DRB345=DRB3*01:01:02:01 | DRB1=DRB1*13:01:01:01SG | DQA1=DQA1*01:03:01:02SG | DQB1=DQB1*06:03:01 | DPA1=DPA1*01:03:01:02 | DPB1=DPB1*04:01:01:01/DPB1*04:01:01:02,HLA-A=A*24:02:01:01 | HLA-C=C*04:01:01:06 | HLA-B=B*35:02:01 | DRB345=DRB3*02:02:01:02 | DRB1=DRB1*11:04:01 | DQA1=DQA1*05:05:01:01SG | DQB1=DQB1*03:01:01:02 | DPA1=DPA1*01:03:01:01 | DPB1=DPB1*02:01:02/DPB1*02:01:19,False,False,1.0,1.0,1.0,1.0,1.0,1.0,1.0,1.0,0.0
SYNTH_0116,Global,success,,1497.4,0.53701016,20,2.6095,HLA-A=A*02:01:01:01 | HLA-C=C*07:02:01:03 | HLA-B=B*07:02:01 | DRB345=DRB5*01:01:01 | DRB1=DRB1*15:01:01:01SG | DQA1=DQA1*01:02:01:01SG | DQB1=DQB1*06:02:01 | DPA1=DPA1*01:03:01:02 | DPB1=DPB1*04:01:01:01/DPB1*04:01:01:02,HLA-A=A*02:01:01:01 | HLA-C=C*05:01:01:02 | HLA-B=B*44:02:01:01 | DRB345=DRB4*01:03:01:01/DRB4*01:03:01:01:03 | DRB1=DRB1*04:01:01:01SG | DQA1=DQA1*03:03:01:01 | DQB1=DQB1*03:01:01:01 | DPA1=DPA1*01:03:01:02 | DPB1=DPB1*04:01:01:01/DPB1*04:01:01:02,False,False,1.0,0.0,0.0,0.0,1.0,1.0,1.0,1.0,0.0
SYNTH_0117,Global,success,,335.9,1.0,1,0.0,HLA-A=A*01:01:01:01 | HLA-C=C*07:01:01:01 | HLA-B=B*08:01:01:01 | DRB345=DRB3*01:01:02:02 | DRB1=DRB1*03:01:01:01SG | DQA1=DQA1*05:01:01:02 | DQB1=DQB1*02:01:01 | DPA1=DPA1*02:01:02 | DPB1=DPB1*01:01:01,HLA-A=A*11:01:01:01 | HLA-C=C*12:02:02 | HLA-B=B*52:01:01:02 | DRB345=DRB3*03:01:01 | DRB1=DRB1*13:02:01 | DQA1=DQA1*01:02:01:04SG | DQB1=DQB1*06:09:01 | DPA1=DPA1*01:03:01:04 | DPB1=DPB1*04:01:01:01/DPB1*04:01:01:02,False,False,1.0,1.0,1.0,1.0,1.0,1.0,1.0,1.0,0.0
SYNTH_0118,Global,success,,567.2,1.0,1,0.0,HLA-A=A*02:01:01:01 | HLA-C=C*07:02:01:03 | HLA-B=B*07:02:01 | DRB345=DRB5*01:01:01 | DRB1=DRB1*15:01:01:01SG | DQA1=DQA1*01:02:01:01SG | DQB1=DQB1*06:02:01 | DPA1=DPA1*01:03:01:02 | DPB1=DPB1*04:01:01:01/DPB1*04:01:01:02,HLA-A=A*02:01:01:01 | HLA-C=C*02:02:02:01 | HLA-B=B*27:05:02 | DRB345=Abs | DRB1=DRB1*01:01:01 | DQA1=DQA1*01:01:01:02SG | DQB1=DQB1*05:01:01:03 | DPA1=DPA1*01:03:01:03 | DPB1=DPB1*03:01:01,False,False,1.0,1.0,1.0,1.0,1.0,1.0,1.0,1.0,0.0
SYNTH_0119,Global,success,,554.9,0.46666667,4,1.7968,HLA-A=A*26:01:01:01 | HLA-C=C*12:03:01:01 | HLA-B=B*38:01:01 | DRB345=DRB4*01:03:01:01/DRB4*01:03:01:01:03 | DRB1=DRB1*04:02:01 | DQA1=DQA1*03:01:01 | DQB1=DQB1*03:02:01 | DPA1=DPA1*01:03:01:04 | DPB1=DPB1*04:01:01:01/DPB1*04:01:01:02,HLA-A=A*02:01:01:01 | HLA-C=C*03:04:01:01 | HLA-B=B*40:01:02 | DRB345=DRB4*01:03:01:01/DRB4*01:03:01:01:03 | DRB1=DRB1*04:04:01 | DQA1=DQA1*03:01:01 | DQB1=DQB1*03:02:01 | DPA1=DPA1*01:03:01:03 | DPB1=DPB1*06:01:01,False,False,0.0,1.0,1.0,0.0,1.0,1.0,1.0,1.0,0.0
SYNTH_0120,Global,success,,105.2,0.50063857,16,2.4114,HLA-A=A*03:01:01:01 | HLA-C=C*07:02:01:03 | HLA-B=B*07:02:01 | DRB345=DRB5*01:01:01 | DRB1=DRB1*15:01:01:01SG | DQA1=DQA1*01:02:01:01SG | DQB1=DQB1*06:02:01 | DPA1=DPA1*01:03:01:02 | DPB1=DPB1*04:01:01:01/DPB1*04:01:01:02,HLA-A=A*03:01:01:01 | HLA-C=C*08:02:01:01 | HLA-B=B*14:02:01:01 | DRB345=DRB3*03:01:01 | DRB1=DRB1*13:02:01 | DQA1=DQA1*01:02:01:04SG | DQB1=DQB1*06:09:01 | DPA1=DPA1*02:01:01:01 | DPB1=DPB1*05:01:01,False,False,1.0,1.0,1.0,1.0,1.0,1.0,1.0,1.0,0.0
SYNTH_0121,Global,success,,1037.6,1.0,1,0.0,HLA-A=A*02:01:01:01 | HLA-C=C*05:01:01:02 | HLA-B=B*44:02:01:01 | DRB345=DRB3*02:02:01:02 | DRB1=DRB1*11:03:01 | DQA1=DQA1*05:05:01:01SG | DQB1=DQB1*03:01:01:02 | DPA1=DPA1*01:03:01:02 | DPB1=DPB1*04:01:01:01/DPB1*04:01:01:02,HLA-A=A*03:01:01:01 | HLA-C=C*01:02:01 | HLA-B=B*51:01:01:01 | DRB345=Abs | DRB1=DRB1*01:01:01 | DQA1=DQA1*01:01:01:02SG | DQB1=DQB1*05:01:01:03 | DPA1=DPA1*01:03:01:03 | DPB1=DPB1*03:01:01,False,False,1.0,1.0,1.0,1.0,1.0,1.0,1.0,1.0,0.0
SYNTH_0122,Global,success,,871.8,1.0,1,0.0,HLA-A=A*01:01:01:01 | HLA-C=C*07:01:01:01 | HLA-B=B*08:01:01:01 | DRB345=DRB3*01:01:02:02 | DRB1=DRB1*03:01:01:01SG | DQA1=DQA1*05:01:01:02 | DQB1=DQB1*02:01:01 | DPA1=DPA1*01:03:01:04 | DPB1=DPB1*04:01:01:01/DPB1*04:01:01:02,HLA-A=A*02:01:01:01 | HLA-C=C*07:02:01:01 | HLA-B=B*07:02:01 | DRB345=DRB5*01:01:01 | DRB1=DRB1*15:01:01:01SG | DQA1=DQA1*01:02:01:01SG | DQB1=DQB1*06:02:01 | DPA1=DPA1*01:03:01:02 | DPB1=DPB1*04:01:01:01/DPB1*04:01:01:02,False,False,1.0,1.0,1.0,1.0,1.0,1.0,1.0,1.0,0.0
SYNTH_0123,Global,success,,803.8,1.0,1,0.0,HLA-A=A*23:01:01 | HLA-C=C*04:01:01:01 | HLA-B=B*44:03:01:01 | DRB345=DRB4*01:01:01:01 | DRB1=DRB1*07:01:01:01SG | DQA1=DQA1*02:01:01:01SG | DQB1=DQB1*02:02:01:01 | DPA1=DPA1*01:03:01:04 | DPB1=DPB1*04:01:01:01/DPB1*04:01:01:02,HLA-A=A*26:01:01:01 | HLA-C=C*03:04:01:02 | HLA-B=B*40:02:01 | DRB345=DRB4*01:03:02 | DRB1=DRB1*09:01:02 | DQA1=DQA1*03:02 | DQB1=DQB1*03:03:02:02/DQB1*03:03:02:03 | DPA1=DPA1*02:01:01:02 | DPB1=DPB1*09:01:01,False,False,1.0,1.0,1.0,1.0,1.0,1.0,0.0,1.0,0.0
SYNTH_0124,Global,success,,772.5,1.0,1,0.0,HLA-A=A*01:01:01:01 | HLA-C=C*07:01:01:01 | HLA-B=B*08:01:01:01 | DRB345=DRB3*01:01:02:01 | DRB1=DRB1*03:01:01:01SG | DQA1=DQA1*05:01:01:02 | DQB1=DQB1*02:01:01 | DPA1=DPA1*01:03:01:02 | DPB1=DPB1*04:01:01:01/DPB1*04:01:01:02,HLA-A=A*02:05:01 | HLA-C=C*06:02:01:02 | HLA-B=B*50:01:01 | DRB345=DRB4*01:03:01:01/DRB4*01:03:01:01:03 | DRB1=DRB1*07:01:01:01SG | DQA1=DQA1*02:01:01:01SG | DQB1=DQB1*02:02:01:01 | DPA1=DPA1*01:03:01:04 | DPB1=DPB1*04:01:01:01/DPB1*04:01:01:02,False,False,1.0,1.0,1.0,0.0,1.0,1.0,1.0,1.0,0.0
SYNTH_0125,Global,success,,772.7,1.0,1,0.0,HLA-A=A*01:01:01:01 | HLA-C=C*07:01:01:01 | HLA-B=B*08:01:01:01 | DRB345=DRB3*01:01:02:01 | DRB1=DRB1*03:01:01:01SG | DQA1=DQA1*05:01:01:02 | DQB1=DQB1*02:01:01 | DPA1=DPA1*01:03:01:02 | DPB1=DPB1*04:01:01:01/DPB1*04:01:01:02,HLA-A=A*01:01:01:01 | HLA-C=C*07:01:01:01 | HLA-B=B*08:01:01:01 | DRB345=DRB3*01:01:02:01 | DRB1=DRB1*03:01:01:01SG | DQA1=DQA1*05:01:01:02 | DQB1=DQB1*02:01:01 | DPA1=DPA1*01:03:01:02 | DPB1=DPB1*04:01:01:01/DPB1*04:01:01:02,False,False,1.0,1.0,1.0,1.0,1.0,1.0,1.0,1.0,0.0
SYNTH_0126,Global,success,,187.7,1.0,1,0.0,HLA-A=A*02:01:01:01 | HLA-C=C*04:01:01:01 | HLA-B=B*35:01:01:02 | DRB345=DRB3*02:02:01:02 | DRB1=DRB1*13:01:01:01SG | DQA1=DQA1*01:03:01:02SG | DQB1=DQB1*06:03:01 | DPA1=DPA1*01:03:01:02 | DPB1=DPB1*04:01:01:01/DPB1*04:01:01:02,HLA-A=A*68:02:01:01 | HLA-C=C*08:02:01:01 | HLA-B=B*14:02:01:01 | DRB345=DRB3*01:01:02:01 | DRB1=DRB1*13:03:01 | DQA1=DQA1*05:05:01:01SG | DQB1=DQB1*03:01:01:03 | DPA1=DPA1*01:03:01:01 | DPB1=DPB1*02:01:02/DPB1*02:01:19,False,False,1.0,1.0,1.0,1.0,1.0,1.0,1.0,1.0,0.0
SYNTH_0127,Global,success,,579.4,0.22376543,24,3.5358,HLA-A=A*02:01:01:01 | HLA-C=C*05:01:01:02 | HLA-B=B*44:02:01:01 | DRB345=DRB4*01:03:01:01/DRB4*01:03:01:01:03 | DRB1=DRB1*04:01:01:01SG | DQA1=DQA1*03:03:01:01 | DQB1=DQB1*03:01:01:01 | DPA1=DPA1*01:03:01:04 | DPB1=DPB1*04:01:01:01/DPB1*04:01:01:02,HLA-A=A*11:01:01:01 | HLA-C=C*07:02:01:03 | HLA-B=B*07:02:01 | DRB345=DRB5*01:01:01 | DRB1=DRB1*15:01:01:01SG | DQA1=DQA1*01:02:01:01SG | DQB1=DQB1*06:02:01 | DPA1=DPA1*01:03:01:02 | DPB1=DPB1*04:01:01:01/DPB1*04:01:01:02,False,False,1.0,1.0,1.0,0.0,1.0,1.0,1.0,0.0,0.0
SYNTH_0128,Global,success,,363.5,0.84615385,2,0.6194,HLA-A=A*29:02:01:01 | HLA-C=C*16:01:01:01 | HLA-B=B*44:03:01:01 | DRB345=DRB4*01:01:01:01 | DRB1=DRB1*07:01:01:01SG | DQA1=DQA1*02:01:01:01SG | DQB1=DQB1*02:02:01:01 | DPA1=DPA1*02:02:02 | DPB1=DPB1*01:01:01,HLA-A=A*02:01:01:01 | HLA-C=C*07:01:01:01 | HLA-B=B*49:01:01 | DRB345=DRB4*01:01:01:01 | DRB1=DRB1*09:01:02 | DQA1=DQA1*03:03:01:01 | DQB1=DQB1*02:02:01:02 | DPA1=DPA1*02:01:01:01 | DPB1=DPB1*02:01:02/DPB1*02:01:19,False,False,1.0,1.0,1.0,1.0,1.0,1.0,1.0,1.0,0.0
SYNTH_0129,Global,success,,338.5,0.98245614,2,0.1274,HLA-A=A*03:01:01:01 | HLA-C=C*07:02:01:03 | HLA-B=B*07:02:01 | DRB345=DRB5*01:01:01 | DRB1=DRB1*15:01:01:01SG | DQA1=DQA1*01:02:01:01SG | DQB1=DQB1*06:02:01 | DPA1=DPA1*01:03:01:02 | DPB1=DPB1*04:01:01:01/DPB1*04:01:01:02,HLA-A=A*11:01:01:01 | HLA-C=C*07:01:01:01 | HLA-B=B*08:01:01:01 | DRB345=DRB3*01:01:02:01 | DRB1=DRB1*03:01:01:01SG | DQA1=DQA1*05:01:01:02 | DQB1=DQB1*02:01:01 | DPA1=DPA1*01:03:01:04 | DPB1=DPB1*04:01:01:01/DPB1*04:01:01:02,False,False,1.0,1.0,1.0,1.0,1.0,1.0,1.0,1.0,0.0
SYNTH_0130,Global,success,,222.4,0.6,2,0.971,HLA-A=A*02:01:01:01 | HLA-C=C*04:01:01:01 | HLA-B=B*35:01:01:02 | DRB345=Abs | DRB1=DRB1*01:01:01 | DQA1=DQA1*01:01:01:02SG | DQB1=DQB1*05:01:01:03 | DPA1=DPA1*01:03:01:05 | DPB1=DPB1*04:02:01:02,HLA-A=A*03:01:01:01 | HLA-C=C*04:01:01:01 | HLA-B=B*35:01:01:02 | DRB345=Abs | DRB1=DRB1*01:01:01 | DQA1=DQA1*01:01:01:02SG | DQB1=DQB1*05:01:01:03 | DPA1=DPA1*01:03:01:04 | DPB1=DPB1*04:01:01:01/DPB1*04:01:01:02,False,False,1.0,1.0,1.0,1.0,1.0,1.0,1.0,1.0,0.0
SYNTH_0131,Global,success,,609.0,1.0,1,0.0,HLA-A=A*29:02:01:01 | HLA-C=C*16:01:01:01 | HLA-B=B*44:03:01:01 | DRB345=DRB4*01:01:01:01 | DRB1=DRB1*07:01:01:01SG | DQA1=DQA1*02:01:01:01SG | DQB1=DQB1*02:02:01:01 | DPA1=DPA1*01:03:01:04 | DPB1=DPB1*04:01:01:01/DPB1*04:01:01:02,HLA-A=A*31:01:02:01 | HLA-C=C*03:04:01:01 | HLA-B=B*40:01:02 | DRB345=DRB4*01:03:01:01/DRB4*01:03:01:01:03 | DRB1=DRB1*04:04:01 | DQA1=DQA1*03:01:01 | DQB1=DQB1*03:02:01 | DPA1=DPA1*01:03:01:02 | DPB1=DPB1*04:01:01:01/DPB1*04:01:01:02,False,False,1.0,1.0,1.0,0.0,1.0,1.0,1.0,1.0,0.0
SYNTH_0132,Global,success,,316.5,1.0,1,0.0,HLA-A=A*03:01:01:05 | HLA-C=C*06:02:01:01 | HLA-B=B*47:01:01:03 | DRB345=DRB4*01:01:01:01 | DRB1=DRB1*07:01:01:01SG | DQA1=DQA1*02:01:01:01SG | DQB1=DQB1*02:02:01:01 | DPA1=DPA1*01:03:01:03 | DPB1=DPB1*06:01:01,HLA-A=A*02:01:01:01 | HLA-C=C*01:02:01 | HLA-B=B*27:05:02 | DRB345=Abs | DRB1=DRB1*01:01:01 | DQA1=DQA1*01:01:01:02SG | DQB1=DQB1*05:01:01:03 | DPA1=DPA1*01:03:01:03 | DPB1=DPB1*20:01:01,True,False,1.0,1.0,1.0,1.0,1.0,1.0,1.0,1.0,1.0
SYNTH_0133,Global,success,,584.6,0.82352941,2,0.6723,HLA-A=A*01:01:01:01 | HLA-C=C*06:02:01:01 | HLA-B=B*57:01:01 | DRB345=DRB4*01:03:01:02N | DRB1=DRB1*07:01:01:01SG | DQA1=DQA1*02:01:01:01SG | DQB1=DQB1*03:03:02:01 | DPA1=DPA1*01:03:01:04 | DPB1=DPB1*04:01:01:01/DPB1*04:01:01:02,HLA-A=A*01:01:01:01 | HLA-C=C*07:01:01:01 | HLA-B=B*08:01:01:01 | DRB345=DRB3*01:01:02:01 | DRB1=DRB1*03:01:01:01SG | DQA1=DQA1*05:01:01:02 | DQB1=DQB1*02:01:01 | DPA1=DPA1*01:03:01:05 | DPB1=DPB1*04:02:01:02,False,False,1.0,1.0,1.0,1.0,1.0,1.0,1.0,1.0,0.0
SYNTH_0134,Global,success,,273.6,1.0,1,0.0,HLA-A=A*03:01:01:01 | HLA-C=C*07:02:01:03 | HLA-B=B*07:02:01 | DRB345=Abs | DRB1=DRB1*08:01:01 | DQA1=DQA1*04:01:01 | DQB1=DQB1*04:02:01 | DPA1=DPA1*01:03:01:02 | DPB1=DPB1*04:01:01:01/DPB1*04:01:01:02,HLA-A=A*31:01:02:01 | HLA-C=C*05:01:01:02 | HLA-B=B*44:02:01:01 | DRB345=DRB4*01:03:01:01/DRB4*01:03:01:01:03 | DRB1=DRB1*04:01:01:01SG | DQA1=DQA1*03:03:01:01 | DQB1=DQB1*03:01:01:01 | DPA1=DPA1*01:03:01:04 | DPB1=DPB1*04:01:01:01/DPB1*04:01:01:02,False,False,1.0,1.0,1.0,0.0,1.0,1.0,1.0,1.0,0.0
SYNTH_0135,Global,success,,538.8,0.63636364,5,1.6729,HLA-A=A*33:01:01 | HLA-C=C*08:02:01:01 | HLA-B=B*14:02:01:01 | DRB345=Abs | DRB1=DRB1*01:02:01 | DQA1=DQA1*01:01:02 | DQB1=DQB1*05:01:01:01 | DPA1=DPA1*01:03:01:04 | DPB1=DPB1*04:01:01:01/DPB1*04:01:01:02,HLA-A=A*03:01:01:01 | HLA-C=C*07:02:01:03 | HLA-B=B*07:02:01 | DRB345=DRB5*01:01:01 | DRB1=DRB1*15:01:01:01SG | DQA1=DQA1*01:02:01:01SG | DQB1=DQB1*06:02:01 | DPA1=DPA1*01:03:01:03 | DPB1=DPB1*03:01:01,False,False,0.0,1.0,1.0,1.0,1.0,1.0,1.0,1.0,0.0
SYNTH_0136,Global,success,,515.1,1.0,1,0.0,HLA-A=A*02:06:01:01 | HLA-C=C*03:03:01:01 | HLA-B=B*52:01:02 | DRB345=Abs | DRB1=DRB1*08:02:01 | DQA1=DQA1*04:01:01 | DQB1=DQB1*04:02:01 | DPA1=DPA1*01:03:01:02 | DPB1=DPB1*04:01:01:01/DPB1*04:01:01:02,HLA-A=A*68:03:01 | HLA-C=C*07:02:01:01 | HLA-B=B*39:05:01 | DRB345=DRB4*01:03:01:01/DRB4*01:03:01:01:03 | DRB1=DRB1*04:07:01 | DQA1=DQA1*03:01:01 | DQB1=DQB1*03:02:01 | DPA1=DPA1*01:03:01:05 | DPB1=DPB1*04:02:01:02,False,False,1.0,1.0,1.0,0.0,1.0,1.0,1.0,1.0,0.0
SYNTH_0137,Global,success,,514.4,0.85802469,3,0.707,HLA-A=A*01:01:01:01 | HLA-C=C*07:01:01:01 | HLA-B=B*08:01:01:01 | DRB345=DRB3*01:01:02:01 | DRB1=DRB1*03:01:01:01SG | DQA1=DQA1*05:01:01:02 | DQB1=DQB1*02:01:01 | DPA1=DPA1*01:03:01:02 | DPB1=DPB1*04:01:01:01/DPB1*04:01:01:02,HLA-A=A*68:01:02:01 | HLA-C=C*08:01:01 | HLA-B=B*48:01:01 | DRB345=DRB4*01:03:01:01/DRB4*01:03:01:01:03 | DRB1=DRB1*04:04:01 | DQA1=DQA1*03:01:01 | DQB1=DQB1*03:02:01 | DPA1=DPA1*01:03:01:05 | DPB1=DPB1*04:02:01:02,False,False,0.0,1.0,1.0,0.0,1.0,1.0,1.0,1.0,0.0
SYNTH_0138,Global,success,,748.2,1.0,1,0.0,HLA-A=A*02:01:01:01 | HLA-C=C*03:04:01:01 | HLA-B=B*40:01:02 | DRB345=DRB4*01:03:01:01/DRB4*01:03:01:01:03 | DRB1=DRB1*04:04:01 | DQA1=DQA1*03:01:01 | DQB1=DQB1*03:02:01 | DPA1=DPA1*01:03:01:02 | DPB1=DPB1*04:01:01:01/DPB1*04:01:01:02,HLA-A=A*30:01:01 | HLA-C=C*06:02:01:01 | HLA-B=B*13:02:01 | DRB345=Abs | DRB1=DRB1*01:01:01 | DQA1=DQA1*01:01:01:02SG | DQB1=DQB1*05:01:01:03 | DPA1=DPA1*01:03:01:05 | DPB1=DPB1*04:02:01:02,False,False,1.0,1.0,1.0,0.0,1.0,1.0,1.0,1.0,0.0
SYNTH_0139,Global,success,,710.9,0.34567901,8,2.4942,HLA-A=A*03:01:01:01 | HLA-C=C*04:01:01:01 | HLA-B=B*35:01:01:02 | DRB345=Abs | DRB1=DRB1*01:01:01 | DQA1=DQA1*01:01:01:02SG | DQB1=DQB1*05:01:01:03 | DPA1=DPA1*01:03:01:03 | DPB1=DPB1*03:01:01,HLA-A=A*02:01:01:01 | HLA-C=C*06:02:01:01 | HLA-B=B*13:02:01 | DRB345=DRB4*01:03:01:01/DRB4*01:03:01:01:03 | DRB1=DRB1*07:01:01:01SG | DQA1=DQA1*02:01:01:01SG | DQB1=DQB1*02:02:01:01 | DPA1=DPA1*01:03:01:02 | DPB1=DPB1*04:01:01:01/DPB1*04:01:01:02,False,False,0.0,1.0,1.0,0.0,1.0,1.0,1.0,1.0,0.0
SYNTH_0140,Global,success,,431.0,1.0,1,0.0,HLA-A=A*02:01:01:01 | HLA-C=C*06:02:01:01 | HLA-B=B*13:02:01 | DRB345=DRB4*01:03:01:01/DRB4*01:03:01:01:03 | DRB1=DRB1*07:01:01:01SG | DQA1=DQA1*02:01:01:01SG | DQB1=DQB1*02:02:01:01 | DPA1=DPA1*01:03:01:04 | DPB1=DPB1*04:01:01:01/DPB1*04:01:01:02,HLA-A=A*02:01:01:01 | HLA-C=C*07:02:01:03 | HLA-B=B*07:02:01 | DRB345=Abs | DRB1=DRB1*01:01:01 | DQA1=DQA1*01:01:01:02SG | DQB1=DQB1*05:01:01:03 | DPA1=DPA1*01:03:01:01 | DPB1=DPB1*02:01:02/DPB1*02:01:19,False,False,1.0,1.0,1.0,0.0,1.0,1.0,1.0,1.0,0.0
SYNTH_0141,Global,success,,412.7,0.23529412,14,3.1996,HLA-A=A*03:01:01:01 | HLA-C=C*04:01:01:01 | HLA-B=B*35:01:01:02 | DRB345=Abs | DRB1=DRB1*01:01:01 | DQA1=DQA1*01:01:01:02SG | DQB1=DQB1*05:01:01:03 | DPA1=DPA1*01:03:01:05 | DPB1=DPB1*04:02:01:02,HLA-A=A*30:02:01:01 | HLA-C=C*05:01:01:01 | HLA-B=B*18:01:01:01 | DRB345=Abs | DRB1=DRB1*01:01:01 | DQA1=DQA1*01:01:01:02SG | DQB1=DQB1*05:01:01:03 | DPA1=DPA1*01:03:01:01 | DPB1=DPB1*02:01:02/DPB1*02:01:19,False,False,1.0,1.0,1.0,1.0,1.0,1.0,1.0,0.0,0.0
SYNTH_0142,Global,success,,361.2,0.65497076,7,1.5483,HLA-A=A*03:01:01:01 | HLA-C=C*07:02:01:03 | HLA-B=B*07:02:01 | DRB345=DRB5*01:01:01 | DRB1=DRB1*15:01:01:01SG | DQA1=DQA1*01:02:01:01SG | DQB1=DQB1*06:02:01 | DPA1=DPA1*01:03:01:02 | DPB1=DPB1*04:01:01:01/DPB1*04:01:01:02,HLA-A=A*03:01:01:01 | HLA-C=C*17:03 | HLA-B=B*41:02:01 | DRB345=DRB3*01:01:02:01 | DRB1=DRB1*13:03:01 | DQA1=DQA1*05:05:01:01SG | DQB1=DQB1*03:01:01:03 | DPA1=DPA1*01:03:01:05 | DPB1=DPB1*04:02:01:02,False,False,1.0,1.0,1.0,1.0,1.0,1.0,1.0,1.0,0.0
SYNTH_0143,Global,success,,408.6,1.0,1,0.0,HLA-A=A*03:01:01:01 | HLA-C=C*07:02:01:03 | HLA-B=B*07:02:01 | DRB345=DRB5*01:01:01 | DRB1=DRB1*15:01:01:01SG | DQA1=DQA1*01:02:01:01SG | DQB1=DQB1*06:02:01 | DPA1=DPA1*01:03:01:02 | DPB1=DPB1*04:01:01:01/DPB1*04:01:01:02,HLA-A=A*02:01:01:01 | HLA-C=C*05:01:01:02 | HLA-B=B*44:02:01:01 | DRB345=DRB5*01:01:01 | DRB1=DRB1*15:01:01:01SG | DQA1=DQA1*01:02:01:01SG | DQB1=DQB1*06:02:01 | DPA1=DPA1*01:03:01:02 | DPB1=DPB1*04:01:01:01/DPB1*04:01:01:02,False,False,1.0,1.0,1.0,1.0,1.0,1.0,1.0,1.0,0.0
SYNTH_0144,Global,success,,408.9,1.0,1,0.0,HLA-A=A*01:01:01:01 | HLA-C=C*07:01:01:01 | HLA-B=B*08:01:01:01 | DRB345=DRB3*01:01:02:01 | DRB1=DRB1*03:01:01:01SG | DQA1=DQA1*05:01:01:02 | DQB1=DQB1*02:01:01 | DPA1=DPA1*01:03:01:02 | DPB1=DPB1*04:01:01:01/DPB1*04:01:01:02,HLA-A=A*02:01:01:01 | HLA-C=C*12:02:02 | HLA-B=B*52:01:01:02 | DRB345=DRB5*01:02 | DRB1=DRB1*15:02:01:01SG | DQA1=DQA1*01:03:01:01 | DQB1=DQB1*06:01:01 | DPA1=DPA1*01:03:01:04 | DPB1=DPB1*04:01:01:01/DPB1*04:01:01:02,False,False,1.0,1.0,1.0,1.0,1.0,1.0,1.0,1.0,0.0
SYNTH_0145,Global,success,,51.7,1.0,1,0.0,HLA-A=A*23:01:01 | HLA-C=C*04:01:01:01 | HLA-B=B*44:03:01:01 | DRB345=DRB4*01:01:01:01 | DRB1=DRB1*07:01:01:01SG | DQA1=DQA1*02:01:01:01SG | DQB1=DQB1*02:02:01:01 | DPA1=DPA1*01:03:01:01 | DPB1=DPB1*02:01:02/DPB1*02:01:19,HLA-A=A*24:02:01:01 | HLA-C=C*07:01:01:01 | HLA-B=B*18:01:01:02 | DRB345=DRB3*02:02:01:02 | DRB1=DRB1*11:04:01 | DQA1=DQA1*05:05:01:01SG | DQB1=DQB1*03:01:01:03 | DPA1=DPA1*01:03:01:02 | DPB1=DPB1*04:01:01:01/DPB1*04:01:01:02,False,False,1.0,1.0,1.0,1.0,1.0,1.0,1.0,1.0,0.0
SYNTH_0146,Global,success,,429.3,1.0,1,0.0,HLA-A=A*01:01:01:01 | HLA-C=C*06:02:01:01 | HLA-B=B*57:01:01 | DRB345=DRB5*01:01:01 | DRB1=DRB1*15:01:01:01SG | DQA1=DQA1*01:02:01:01SG | DQB1=DQB1*06:02:01 | DPA1=DPA1*01:03:01:04 | DPB1=DPB1*04:01:01:01/DPB1*04:01:01:02,HLA-A=A*02:01:01:01 | HLA-C=C*16:01:01:01 | HLA-B=B*44:03:01:01 | DRB345=DRB4*01:01:01:01 | DRB1=DRB1*07:01:01:01SG | DQA1=DQA1*02:01:01:01SG | DQB1=DQB1*02:02:01:01 | DPA1=DPA1*02:01:02 | DPB1=DPB1*01:01:01,False,False,1.0,1.0,1.0,1.0,1.0,1.0,1.0,1.0,0.0
SYNTH_0147,Global,success,,79.8,1.0,1,0.0,HLA-A=A*31:01:02:01 | HLA-C=C*05:01:01:02 | HLA-B=B*44:02:01:01 | DRB345=DRB4*01:03:01:01/DRB4*01:03:01:01:03 | DRB1=DRB1*04:01:01:01SG | DQA1=DQA1*03:03:01:01 | DQB1=DQB1*03:01:01:01 | DPA1=DPA1*01:03:01:04 | DPB1=DPB1*04:01:01:01/DPB1*04:01:01:02,HLA-A=A*02:01:01:01 | HLA-C=C*05:01:01:02 | HLA-B=B*44:02:01:01 | DRB345=DRB4*01:03:01:01/DRB4*01:03:01:01:03 | DRB1=DRB1*04:01:01:01SG | DQA1=DQA1*03:03:01:01 | DQB1=DQB1*03:01:01:01 | DPA1=DPA1*01:04 | DPB1=DPB1*15:01:01,False,False,1.0,1.0,1.0,0.0,1.0,1.0,1.0,1.0,0.0
SYNTH_0148,Global,success,,231.3,1.0,1,0.0,HLA-A=A*30:02:01:01 | HLA-C=C*05:01:01:01 | HLA-B=B*18:01:01:01 | DRB345=DRB3*02:02:01:01 | DRB1=DRB1*03:01:01:01SG | DQA1=DQA1*05:01:01:01 | DQB1=DQB1*02:01:01 | DPA1=DPA1*01:03:01:02 | DPB1=DPB1*04:01:01:01/DPB1*04:01:01:02,HLA-A=A*03:01:01:01 | HLA-C=C*03:04:01:01 | HLA-B=B*15:01:01:01 | DRB345=DRB4*01:03:01:01/DRB4*01:03:01:01:03 | DRB1=DRB1*04:01:01:01SG | DQA1=DQA1*03:01:01 | DQB1=DQB1*03:02:01 | DPA1=DPA1*01:03:01:03 | DPB1=DPB1*03:01:01,False,False,1.0,1.0,1.0,0.0,1.0,1.0,1.0,1.0,0.0
SYNTH_0149,Global,success,,358.9,1.0,1,0.0,HLA-A=A*11:01:01:01 | HLA-C=C*03:03:01:01 | HLA-B=B*55:01:01 | DRB345=DRB4*01:03:01:01/DRB4*01:03:01:01:03 | DRB1=DRB1*04:07:01 | DQA1=DQA1*03:03:01:01 | DQB1=DQB1*03:01:01:01 | DPA1=DPA1*01:03:01:03 | DPB1=DPB1*03:01:01,HLA-A=A*66:01:01 | HLA-C=C*04:01:01:06 | HLA-B=B*14:02:01:01 | DRB345=DRB3*02:02:01:02 | DRB1=DRB1*11:04:01 | DQA1=DQA1*05:05:01:01SG | DQB1=DQB1*03:01:01:02 | DPA1=DPA1*01:03:01:04 | DPB1=DPB1*04:01:01:01/DPB1*04:01:01:02,False,False,1.0,1.0,1.0,0.0,1.0,1.0,1.0,1.0,0.0
SYNTH_0150,Global,success,,375.4,0.42857143,3,1.5567,HLA-A=A*02:01:01:01 | HLA-C=C*07:02:01:03 | HLA-B=B*07:02:01 | DRB345=DRB4*01:01:01:01 | DRB1=DRB1*07:01:01:01SG | DQA1=DQA1*02:01:01:01SG | DQB1=DQB1*02:02:01:01 | DPA1=DPA1*01:03:01:02 | DPB1=DPB1*04:01:01:01/DPB1*04:01:01:02,HLA-A=A*29:01:01:01 | HLA-C=C*16:02:01 | HLA-B=B*51:08:01 | DRB345=DRB3*01:01:02:01 | DRB1=DRB1*13:03:01 | DQA1=DQA1*05:05:01:01SG | DQB1=DQB1*03:01:01:03 | DPA1=DPA1*01:03:01:02 | DPB1=DPB1*104:01,False,False,1.0,1.0,1.0,1.0,1.0,1.0,1.0,1.0,0.0
SYNTH_0151,Global,success,,358.4,0.77777778,2,0.7642,HLA-A=A*02:01:01:01 | HLA-C=C*03:04:01:01 | HLA-B=B*40:01:02 | DRB345=DRB5*01:01:01 | DRB1=DRB1*15:01:01:01SG | DQA1=DQA1*01:02:01:01SG | DQB1=DQB1*06:02:01 | DPA1=DPA1*01:03:01:04 | DPB1=DPB1*04:01:01:01/DPB1*04:01:01:02,HLA-A=A*03:01:01:01 | HLA-C=C*08:02:01:01 | HLA-B=B*14:02:01:01 | DRB345=DRB3*03:01:01 | DRB1=DRB1*13:02:01 | DQA1=DQA1*01:02:01:04SG | DQB1=DQB1*06:09:01 | DPA1=DPA1*02:01:01:01 | DPB1=DPB1*05:01:01,False,False,0.0,1.0,1.0,1.0,1.0,1.0,1.0,1.0,0.0
SYNTH_0152,Global,success,,298.9,1.0,1,0.0,HLA-A=A*02:01:01:01 | HLA-C=C*07:02:01:03 | HLA-B=B*07:02:01 | DRB345=DRB5*01:01:01 | DRB1=DRB1*15:01:01:01SG | DQA1=DQA1*01:02:01:01SG | DQB1=DQB1*06:02:01 | DPA1=DPA1*01:03:01:02 | DPB1=DPB1*04:01:01:01/DPB1*04:01:01:02,HLA-A=A*24:02:01:01 | HLA-C=C*07:02:01:03 | HLA-B=B*07:02:01 | DRB345=DRB5*01:01:01 | DRB1=DRB1*15:01:01:01SG | DQA1=DQA1*01:02:01:01SG | DQB1=DQB1*06:02:01 | DPA1=DPA1*01:03:01:01 | DPB1=DPB1*02:01:02/DPB1*02:01:19,False,False,1.0,1.0,1.0,1.0,1.0,1.0,1.0,1.0,0.0
SYNTH_0153,Global,success,,511.2,1.0,1,0.0,HLA-A=A*31:01:02:01 | HLA-C=C*01:02:01 | HLA-B=B*27:05:02 | DRB345=DRB4*01:03:01:01/DRB4*01:03:01:01:03 | DRB1=DRB1*04:04:01 | DQA1=DQA1*03:01:01 | DQB1=DQB1*03:02:01 | DPA1=DPA1*01:03:01:04 | DPB1=DPB1*04:01:01:01/DPB1*04:01:01:02,HLA-A=A*26:01:01:01 | HLA-C=C*12:03:01:01 | HLA-B=B*18:01:01:02 | DRB345=DRB3*02:02:01:02 | DRB1=DRB1*11:04:01 | DQA1=DQA1*05:05:01:01SG | DQB1=DQB1*03:01:01:03 | DPA1=DPA1*01:03:01:04 | DPB1=DPB1*04:01:01:01/DPB1*04:01:01:02,False,False,1.0,1.0,1.0,0.0,1.0,1.0,1.0,1.0,0.0
SYNTH_0154,Global,success,,366.2,1.0,1,0.0,HLA-A=A*02:01:01:01 | HLA-C=C*06:02:01:01 | HLA-B=B*13:02:01 | DRB345=DRB4*01:03:01:01/DRB4*01:03:01:01:03 | DRB1=DRB1*07:01:01:01SG | DQA1=DQA1*02:01:01:01SG | DQB1=DQB1*02:02:01:01 | DPA1=DPA1*01:03:01:02 | DPB1=DPB1*04:01:01:01/DPB1*04:01:01:02,HLA-A=A*02:01:01:01 | HLA-C=C*07:02:01:03 | HLA-B=B*07:02:01 | DRB345=Abs | DRB1=DRB1*01:01:01 | DQA1=DQA1*01:01:01:02SG | DQB1=DQB1*05:01:01:03 | DPA1=DPA1*01:03:01:02 | DPB1=DPB1*04:01:01:01/DPB1*04:01:01:02,False,False,1.0,1.0,1.0,0.0,1.0,1.0,1.0,1.0,0.0
SYNTH_0155,Global,success,,259.3,0.46333333,10,2.1531,HLA-A=A*01:01:01:01 | HLA-C=C*07:01:01:01 | HLA-B=B*08:01:01:01 | DRB345=DRB3*01:01:02:01 | DRB1=DRB1*03:01:01:01SG | DQA1=DQA1*05:01:01:02 | DQB1=DQB1*02:01:01 | DPA1=DPA1*01:03:01:02 | DPB1=DPB1*04:01:01:01/DPB1*04:01:01:02,HLA-A=A*02:01:01:01 | HLA-C=C*01:02:01 | HLA-B=B*15:15 | DRB345=DRB4*01:03:02 | DRB1=DRB1*04:10:01 | DQA1=DQA1*03:01:01 | DQB1=DQB1*03:02:01 | DPA1=DPA1*01:03:01:05 | DPB1=DPB1*04:02:01:02,False,False,1.0,1.0,1.0,1.0,1.0,1.0,1.0,1.0,0.0
SYNTH_0156,Global,success,,508.8,1.0,1,0.0,HLA-A=A*02:01:01:01 | HLA-C=C*02:02:02:01 | HLA-B=B*27:05:02 | DRB345=DRB4*01:03:01:01/DRB4*01:03:01:01:03 | DRB1=DRB1*04:01:01:01SG | DQA1=DQA1*03:01:01 | DQB1=DQB1*03:02:01 | DPA1=DPA1*01:03:01:04 | DPB1=DPB1*04:01:01:01/DPB1*04:01:01:02,HLA-A=A*31:01:02:01 | HLA-C=C*07:02:01:03 | HLA-B=B*07:02:01 | DRB345=DRB5*01:01:01 | DRB1=DRB1*15:01:01:01SG | DQA1=DQA1*01:02:01:01SG | DQB1=DQB1*06:02:01 | DPA1=DPA1*01:03:01:02 | DPB1=DPB1*04:01:01:01/DPB1*04:01:01:02,False,False,1.0,1.0,1.0,0.0,1.0,1.0,1.0,1.0,0.0
SYNTH_0157,Global,success,,501.4,0.12594382,252,5.9984,HLA-A=A*01:01:01:01 | HLA-C=C*07:01:01:01 | HLA-B=B*08:01:01:01 | DRB345=DRB3*01:01:02:01 | DRB1=DRB1*03:01:01:01SG | DQA1=DQA1*05:01:01:02 | DQB1=DQB1*02:01:01 | DPA1=DPA1*01:03:01:02 | DPB1=DPB1*04:01:01:01/DPB1*04:01:01:02,HLA-A=A*03:01:01:01 | HLA-C=C*04:01:01:01 | HLA-B=B*35:01:01:02 | DRB345=Abs | DRB1=DRB1*01:01:01 | DQA1=DQA1*01:01:01:02SG | DQB1=DQB1*05:01:01:03 | DPA1=DPA1*01:03:01:05 | DPB1=DPB1*04:02:01:02,False,False,1.0,1.0,1.0,1.0,1.0,1.0,1.0,0.0,0.0
SYNTH_0158,Global,success,,491.1,1.0,1,0.0,HLA-A=A*01:01:01:01 | HLA-C=C*07:01:01:01 | HLA-B=B*08:01:01:01 | DRB345=DRB3*01:01:02:01 | DRB1=DRB1*03:01:01:01SG | DQA1=DQA1*05:01:01:02 | DQB1=DQB1*02:01:01 | DPA1=DPA1*01:03:01:02 | DPB1=DPB1*04:01:01:01/DPB1*04:01:01:02,HLA-A=A*02:01:01:01 | HLA-C=C*05:01:01:02 | HLA-B=B*44:02:01:01 | DRB345=DRB3*02:02:01:02 | DRB1=DRB1*12:01:01:03 | DQA1=DQA1*05:05:01:05SG | DQB1=DQB1*03:01:01:01 | DPA1=DPA1*01:03:01:02 | DPB1=DPB1*04:01:01:01/DPB1*04:01:01:02,False,False,1.0,1.0,1.0,1.0,1.0,1.0,1.0,1.0,0.0
SYNTH_0159,Global,success,,320.9,1.0,1,0.0,HLA-A=A*24:02:01:01 | HLA-C=C*07:02:01:01 | HLA-B=B*08:01:01:01 | DRB345=DRB3*02:02:01:01 | DRB1=DRB1*03:01:01:01SG | DQA1=DQA1*05:01:01:03 | DQB1=DQB1*02:01:01 | DPA1=DPA1*01:03:01:04 | DPB1=DPB1*04:01:01:01/DPB1*04:01:01:02,HLA-A=A*11:01:01:01 | HLA-C=C*07:02:01:03 | HLA-B=B*07:02:01 | DRB345=DRB5*01:01:01 | DRB1=DRB1*15:01:01:01SG | DQA1=DQA1*01:02:01:01SG | DQB1=DQB1*06:02:01 | DPA1=DPA1*01:03:01:04 | DPB1=DPB1*04:01:01:01/DPB1*04:01:01:02,False,False,1.0,1.0,1.0,1.0,1.0,1.0,1.0,1.0,0.0
SYNTH_0160,Global,success,,318.2,0.97391304,2,0.1744,HLA-A=A*03:01:01:01 | HLA-C=C*07:02:01:03 | HLA-B=B*07:02:01 | DRB345=DRB5*01:01:01 | DRB1=DRB1*15:01:01:01SG | DQA1=DQA1*01:02:01:01SG | DQB1=DQB1*06:02:01 | DPA1=DPA1*01:03:01:02 | DPB1=DPB1*04:01:01:01/DPB1*04:01:01:02,HLA-A=A*02:01:01:01 | HLA-C=C*12:03:01:01 | HLA-B=B*38:01:01 | DRB345=Abs | DRB1=DRB1*10:01:01:01 | DQA1=DQA1*01:05:01 | DQB1=DQB1*05:01:01:02 | DPA1=DPA1*01:03:01:01 | DPB1=DPB1*02:01:02/DPB1*02:01:19,False,False,1.0,1.0,1.0,1.0,1.0,1.0,1.0,1.0,0.0
SYNTH_0161,Global,success,,305.6,0.28571429,6,2.475,HLA-A=A*11:01:01:01 | HLA-C=C*12:02:02 | HLA-B=B*52:01:01:02 | DRB345=DRB5*01:02 | DRB1=DRB1*15:02:01:01SG | DQA1=DQA1*01:03:01:01 | DQB1=DQB1*06:01:01 | DPA1=DPA1*01:03:01:02 | DPB1=DPB1*04:01:01:01/DPB1*04:01:01:02,HLA-A=A*02:01:01:01 | HLA-C=C*07:02:01:01 | HLA-B=B*39:02:02 | DRB345=DRB5*02:02 | DRB1=DRB1*16:02:01:02 | DQA1=DQA1*05:05:01:05SG | DQB1=DQB1*03:01:01:01 | DPA1=DPA1*01:03:01:05 | DPB1=DPB1*04:02:01:02,False,False,0.0,1.0,0.0,1.0,1.0,1.0,1.0,1.0,0.0
SYNTH_0162,Global,success,,147.8,0.64,9,1.6929,HLA-A=A*03:01:01:01 | HLA-C=C*07:02:01:03 | HLA-B=B*07:02:01 | DRB345=DRB5*01:01:01 | DRB1=DRB1*15:01:01:01SG | DQA1=DQA1*01:02:01:01SG | DQB1=DQB1*06:02:01 | DPA1=DPA1*01:03:01:02 | DPB1=DPB1*04:01:01:01/DPB1*04:01:01:02,HLA-A=A*31:01:02:01 | HLA-C=C*01:02:01 | HLA-B=B*27:05:02 | DRB345=DRB4*01:03:01:01/DRB4*01:03:01:01:03 | DRB1=DRB1*04:04:01 | DQA1=DQA1*03:01:01 | DQB1=DQB1*03:02:01 | DPA1=DPA1*01:03:01:04 | DPB1=DPB1*04:01:01:01/DPB1*04:01:01:02,False,False,1.0,1.0,1.0,0.0,1.0,1.0,1.0,0.0,0.0
SYNTH_0163,Global,success,,217.2,1.0,1,0.0,HLA-A=A*30:01:01 | HLA-C=C*17:01:01:02 | HLA-B=B*18:01:01:01 | DRB345=Abs | DRB1=DRB1*08:04:01 | DQA1=DQA1*05:05:01:01SG | DQB1=DQB1*02:01:01 | DPA1=DPA1*02:01:01:01 | DPB1=DPB1*131:01,HLA-A=A*02:01:01:01 | HLA-C=C*03:04:01:01 | HLA-B=B*40:01:02 | DRB345=DRB4*01:03:01:01/DRB4*01:03:01:01:03 | DRB1=DRB1*04:01:01:01SG | DQA1=DQA1*03:01:01 | DQB1=DQB1*03:02:01 | DPA1=DPA1*02:01:01:02 | DPB1=DPB1*10:01:01,False,False,1.0,1.0,1.0,0.0,1.0,1.0,1.0,1.0,1.0
SYNTH_0164,Global,success,,382.1,1.0,1,0.0,HLA-A=A*01:01:01:01 | HLA-C=C*07:01:01:01 | HLA-B=B*08:01:01:01 | DRB345=DRB4*01:03:01:01/DRB4*01:03:01:01:03 | DRB1=DRB1*04:04:01 | DQA1=DQA1*03:01:01 | DQB1=DQB1*03:02:01 | DPA1=DPA1*01:03:01:04 | DPB1=DPB1*04:01:01:01/DPB1*04:01:01:02,HLA-A=A*02:01:01:01 | HLA-C=C*03:03:01:01 | HLA-B=B*55:01:01 | DRB345=DRB4*01:03:01:01/DRB4*01:03:01:01:03 | DRB1=DRB1*04:07:01 | DQA1=DQA1*03:03:01:01 | DQB1=DQB1*03:01:01:01 | DPA1=DPA1*01:03:01:04 | DPB1=DPB1*04:01:01:01/DPB1*04:01:01:02,False,False,1.0,1.0,1.0,0.0,1.0,1.0,1.0,1.0,0.0
SYNTH_0165,Global,success,,731.5,0.91039698,4,0.5222,HLA-A=A*03:01:01:01 | HLA-C=C*07:02:01:03 | HLA-B=B*07:02:01 | DRB345=DRB5*01:01:01 | DRB1=DRB1*15:01:01:01SG | DQA1=DQA1*01:02:01:01SG | DQB1=DQB1*06:02:01 | DPA1=DPA1*01:03:01:02 | DPB1=DPB1*04:01:01:01/DPB1*04:01:01:02,HLA-A=A*02:01:01:01 | HLA-C=C*07:02:01:03 | HLA-B=B*07:02:01 | DRB345=DRB5*01:01:01 | DRB1=DRB1*15:01:01:01SG | DQA1=DQA1*01:02:01:01SG | DQB1=DQB1*06:02:01 | DPA1=DPA1*01:03:01:04 | DPB1=DPB1*04:01:01:01/DPB1*04:01:01:02,False,False,1.0,1.0,1.0,1.0,1.0,1.0,1.0,1.0,0.0
SYNTH_0166,Global,success,,575.2,0.91666667,2,0.4138,HLA-A=A*01:01:01:01 | HLA-C=C*07:01:01:01 | HLA-B=B*08:01:01:01 | DRB345=DRB3*01:01:02:01 | DRB1=DRB1*03:01:01:01SG | DQA1=DQA1*05:01:01:02 | DQB1=DQB1*02:01:01 | DPA1=DPA1*01:03:01:03 | DPB1=DPB1*03:01:01,HLA-A=A*24:02:01:01 | HLA-C=C*04:01:01:06 | HLA-B=B*35:02:01 | DRB345=DRB3*02:02:01:02 | DRB1=DRB1*11:04:01 | DQA1=DQA1*05:05:01:01SG | DQB1=DQB1*03:01:01:02 | DPA1=DPA1*01:03:01:01 | DPB1=DPB1*02:01:02/DPB1*02:01:19,False,False,1.0,1.0,1.0,1.0,1.0,1.0,1.0,1.0,0.0
SYNTH_0167,Global,success,,224.2,0.29861111,14,2.7626,HLA-A=A*02:01:01:01 | HLA-C=C*07:02:01:03 | HLA-B=B*07:02:01 | DRB345=DRB5*01:01:01 | DRB1=DRB1*15:01:01:01SG | DQA1=DQA1*01:02:01:01SG | DQB1=DQB1*06:02:01 | DPA1=DPA1*01:03:01:04 | DPB1=DPB1*04:01:01:01/DPB1*04:01:01:02,HLA-A=A*02:01:01:01 | HLA-C=C*07:02:01:01 | HLA-B=B*39:02:02 | DRB345=DRB5*02:02 | DRB1=DRB1*16:02:01:02 | DQA1=DQA1*05:05:01:05SG | DQB1=DQB1*03:01:01:01 | DPA1=DPA1*01:03:01:05 | DPB1=DPB1*04:02:01:02,False,False,1.0,1.0,1.0,1.0,1.0,1.0,1.0,1.0,0.0
SYNTH_0168,Global,success,,457.3,1.0,1,0.0,HLA-A=A*23:01:01 | HLA-C=C*07:01:01:01 | HLA-B=B*49:01:01 | DRB345=DRB3*02:02:01:02 | DRB1=DRB1*11:01:01:01 | DQA1=DQA1*05:05:01:01SG | DQB1=DQB1*03:01:01:03 | DPA1=DPA1*01:03:01:02 | DPB1=DPB1*04:01:01:01/DPB1*04:01:01:02,HLA-A=A*01:01:01:01 | HLA-C=C*07:01:01:01 | HLA-B=B*08:01:01:01 | DRB345=DRB3*01:01:02:01 | DRB1=DRB1*03:01:01:01SG | DQA1=DQA1*05:01:01:02 | DQB1=DQB1*02:01:01 | DPA1=DPA1*01:03:01:03 | DPB1=DPB1*03:01:01,False,False,1.0,1.0,1.0,1.0,1.0,1.0,1.0,1.0,0.0
SYNTH_0169,Global,success,,259.6,1.0,1,0.0,HLA-A=A*24:03:01:01 | HLA-C=C*03:03:01:01 | HLA-B=B*15:12 | DRB345=DRB3*03:01:03 | DRB1=DRB1*12:02:01 | DQA1=DQA1*06:01:01 | DQB1=DQB1*03:01:01:01 | DPA1=DPA1*02:02:05 | DPB1=DPB1*05:01:01,HLA-A=A*03:01:01:01 | HLA-C=C*07:02:01:03 | HLA-B=B*07:02:01 | DRB345=DRB3*01:01:02:01 | DRB1=DRB1*03:01:01:01SG | DQA1=DQA1*05:01:01:02 | DQB1=DQB1*02:01:01 | DPA1=DPA1*02:01:02 | DPB1=DPB1*01:01:01,True,True,1.0,1.0,1.0,1.0,1.0,1.0,1.0,1.0,1.0
SYNTH_0170,Global,success,,846.8,0.96428571,2,0.2223,HLA-A=A*01:01:01:01 | HLA-C=C*07:01:01:01 | HLA-B=B*08:01:01:01 | DRB345=DRB3*01:01:02:01 | DRB1=DRB1*03:01:01:01SG | DQA1=DQA1*05:01:01:02 | DQB1=DQB1*02:01:01 | DPA1=DPA1*02:01:02 | DPB1=DPB1*01:01:01,HLA-A=A*02:01:01:01 | HLA-C=C*04:01:01:01 | HLA-B=B*44:03:01:01 | DRB345=DRB4*01:01:01:01 | DRB1=DRB1*07:01:01:01SG | DQA1=DQA1*02:01:01:01SG | DQB1=DQB1*02:02:01:01 | DPA1=DPA1*01:03:01:03 | DPB1=DPB1*03:01:01,True,True,1.0,1.0,1.0,1.0,1.0,1.0,1.0,1.0,1.0
SYNTH_0171,Global,success,,675.7,1.0,1,0.0,HLA-A=A*01:01:01:01 | HLA-C=C*07:01:01:01 | HLA-B=B*08:01:01:01 | DRB345=Abs | DRB1=DRB1*01:01:01 | DQA1=DQA1*01:01:01:02SG | DQB1=DQB1*05:01:01:03 | DPA1=DPA1*01:03:01:02 | DPB1=DPB1*04:01:01:01/DPB1*04:01:01:02,HLA-A=A*01:01:01:01 | HLA-C=C*07:01:01:01 | HLA-B=B*08:01:01:01 | DRB345=DRB3*02:02:01:02 | DRB1=DRB1*11:01:01:01 | DQA1=DQA1*05:05:01:01SG | DQB1=DQB1*03:01:01:03 | DPA1=DPA1*01:03:01:03 | DPB1=DPB1*03:01:01,False,False,1.0,1.0,1.0,1.0,1.0,1.0,1.0,1.0,0.0
SYNTH_0172,Global,success,,674.4,1.0,1,0.0,HLA-A=A*03:01:01:01 | HLA-C=C*08:02:01:01 | HLA-B=B*14:02:01:01 | DRB345=Abs | DRB1=DRB1*01:02:01 | DQA1=DQA1*01:01:02 | DQB1=DQB1*05:01:01:01 | DPA1=DPA1*01:03:01:01 | DPB1=DPB1*02:01:02/DPB1*02:01:19,HLA-A=A*32:01:01 | HLA-C=C*02:02:02:01 | HLA-B=B*27:05:02 | DRB345=DRB4*01:03:02 | DRB1=DRB1*09:01:02 | DQA1=DQA1*03:02 | DQB1=DQB1*03:03:02:02/DQB1*03:03:02:03 | DPA1=DPA1*01:03:01:05 | DPB1=DPB1*04:02:01:02,False,False,1.0,1.0,1.0,1.0,1.0,1.0,0.0,1.0,0.0
SYNTH_0173,Global,success,,813.5,0.40041152,12,2.5037,HLA-A=A*01:01:01:01 | HLA-C=C*07:01:01:01 | HLA-B=B*08:01:01:01 | DRB345=DRB3*01:01:02:01 | DRB1=DRB1*03:01:01:01SG | DQA1=DQA1*05:01:01:02 | DQB1=DQB1*02:01:01 | DPA1=DPA1*01:03:01:02 | DPB1=DPB1*04:01:01:01/DPB1*04:01:01:02,HLA-A=A*02:01:01:01 | HLA-C=C*03:04:01:01 | HLA-B=B*40:01:02 | DRB345=DRB4*01:03:01:01/DRB4*01:03:01:01:03 | DRB1=DRB1*04:04:01 | DQA1=DQA1*03:01:01 | DQB1=DQB1*03:02:01 | DPA1=DPA1*01:03:01:03 | DPB1=DPB1*06:01:01,False,False,1.0,1.0,1.0,0.0,1.0,1.0,1.0,1.0,0.0
SYNTH_0174,Global,success,,533.4,0.25272727,30,3.5885,HLA-A=A*01:01:01:01 | HLA-C=C*07:01:01:01 | HLA-B=B*08:01:01:01 | DRB345=DRB3*01:01:02:01 | DRB1=DRB1*03:01:01:01SG | DQA1=DQA1*05:01:01:02 | DQB1=DQB1*02:01:01 | DPA1=DPA1*01:03:01:02 | DPB1=DPB1*04:01:01:01/DPB1*04:01:01:02,HLA-A=A*03:01:01:01 | HLA-C=C*07:02:01:03 | HLA-B=B*07:02:01 | DRB345=Abs | DRB1=DRB1*01:01:01 | DQA1=DQA1*01:01:01:02SG | DQB1=DQB1*05:01:01:03 | DPA1=DPA1*01:03:01:05 | DPB1=DPB1*04:02:01:02,True,False,1.0,1.0,1.0,1.0,1.0,1.0,1.0,1.0,1.0
SYNTH_0175,Global,success,,516.0,0.36842105,3,1.5683,HLA-A=A*23:01:01 | HLA-C=C*07:01:01:01 | HLA-B=B*49:01:01 | DRB345=DRB3*02:02:01:02 | DRB1=DRB1*11:04:01 | DQA1=DQA1*05:05:01:01SG | DQB1=DQB1*03:01:01:03 | DPA1=DPA1*01:03:01:04 | DPB1=DPB1*04:01:01:01/DPB1*04:01:01:02,HLA-A=A*24:02:01:01 | HLA-C=C*04:01:01:06 | HLA-B=B*35:02:01 | DRB345=DRB3*02:02:01:02 | DRB1=DRB1*11:04:01 | DQA1=DQA1*05:05:01:01SG | DQB1=DQB1*03:01:01:02 | DPA1=DPA1*01:03:01:02 | DPB1=DPB1*04:01:01:01/DPB1*04:01:01:02,False,False,1.0,1.0,1.0,1.0,1.0,1.0,1.0,1.0,0.0
SYNTH_0176,Global,success,,273.5,0.57142857,2,0.9852,HLA-A=A*11:01:01:01 | HLA-C=C*03:04:01:01 | HLA-B=B*40:01:02 | DRB345=DRB3*03:01:01 | DRB1=DRB1*13:02:01 | DQA1=DQA1*01:02:01:04SG | DQB1=DQB1*06:04:01 | DPA1=DPA1*01:03:01:04 | DPB1=DPB1*04:01:01:01/DPB1*04:01:01:02,HLA-A=A*30:02:01:01 | HLA-C=C*05:01:01:01 | HLA-B=B*18:01:01:01 | DRB345=DRB3*02:02:01:01 | DRB1=DRB1*03:01:01:01SG | DQA1=DQA1*05:01:01:01 | DQB1=DQB1*02:01:01 | DPA1=DPA1*01:03:01:01 | DPB1=DPB1*02:02,False,False,0.0,1.0,1.0,1.0,1.0,1.0,1.0,1.0,0.0
SYNTH_0177,Global,success,,320.0,0.94285714,2,0.316,HLA-A=A*01:01:01:01 | HLA-C=C*06:02:01:01 | HLA-B=B*13:02:01 | DRB345=DRB5*01:01:01 | DRB1=DRB1*15:01:01:01SG | DQA1=DQA1*01:02:01:01SG | DQB1=DQB1*06:02:01 | DPA1=DPA1*01:03:01:02 | DPB1=DPB1*04:01:01:01/DPB1*04:01:01:02,HLA-A=A*03:01:01:01 | HLA-C=C*07:02:01:03 | HLA-B=B*07:02:01 | DRB345=DRB5*01:01:01 | DRB1=DRB1*15:01:01:01SG | DQA1=DQA1*01:02:01:01SG | DQB1=DQB1*06:02:01 | DPA1=DPA1*01:03:01:04 | DPB1=DPB1*04:01:01:01/DPB1*04:01:01:02,False,False,1.0,1.0,1.0,1.0,1.0,1.0,1.0,1.0,0.0
SYNTH_0178,Global,success,,282.9,1.0,1,0.0,HLA-A=A*01:01:01:01 | HLA-C=C*07:01:01:01 | HLA-B=B*08:01:01:01 | DRB345=DRB3*01:01:02:01 | DRB1=DRB1*03:01:01:01SG | DQA1=DQA1*05:01:01:02 | DQB1=DQB1*02:01:01 | DPA1=DPA1*02:01:02 | DPB1=DPB1*01:01:01,HLA-A=A*68:02:01:01 | HLA-C=C*08:02:01:01 | HLA-B=B*14:02:01:01 | DRB345=DRB3*01:01:02:01 | DRB1=DRB1*13:03:01 | DQA1=DQA1*05:05:01:01SG | DQB1=DQB1*03:01:01:03 | DPA1=DPA1*01:03:01:01 | DPB1=DPB1*02:01:02/DPB1*02:01:19,False,False,1.0,1.0,1.0,1.0,1.0,1.0,1.0,1.0,0.0
SYNTH_0179,Global,success,,306.5,1.0,1,0.0,HLA-A=A*02:01:01:01 | HLA-C=C*05:01:01:02 | HLA-B=B*44:02:01:01 | DRB345=DRB3*01:01:02:01 | DRB1=DRB1*13:01:01:01SG | DQA1=DQA1*01:03:01:02SG | DQB1=DQB1*06:03:01 | DPA1=DPA1*01:03:01:02 | DPB1=DPB1*04:01:01:01/DPB1*04:01:01:02,HLA-A=A*01:01:01:01 | HLA-C=C*07:01:01:01 | HLA-B=B*08:01:01:01 | DRB345=DRB3*01:01:02:01 | DRB1=DRB1*03:01:01:01SG | DQA1=DQA1*05:01:01:02 | DQB1=DQB1*02:01:01 | DPA1=DPA1*02:01:02 | DPB1=DPB1*01:01:01,False,False,1.0,1.0,1.0,1.0,1.0,1.0,1.0,1.0,0.0
SYNTH_0180,Global,success,,440.2,0.17373737,32,3.8013,HLA-A=A*02:01:01:01 | HLA-C=C*07:02:01:03 | HLA-B=B*07:02:01 | DRB345=DRB5*01:01:01 | DRB1=DRB1*15:01:01:01SG | DQA1=DQA1*01:02:01:01SG | DQB1=DQB1*06:02:01 | DPA1=DPA1*01:03:01:04 | DPB1=DPB1*04:01:01:01/DPB1*04:01:01:02,HLA-A=A*01:01:01:01 | HLA-C=C*06:02:01:01 | HLA-B=B*57:01:01 | DRB345=DRB4*01:03:01:02N | DRB1=DRB1*07:01:01:01SG | DQA1=DQA1*02:01:01:01SG | DQB1=DQB1*03:03:02:01 | DPA1=DPA1*01:03:01:04 | DPB1=DPB1*04:01:01:01/DPB1*04:01:01:02,False,False,1.0,1.0,1.0,1.0,1.0,1.0,1.0,1.0,0.0
SYNTH_0181,Global,success,,359.1,0.175,18,3.8853,HLA-A=A*32:01:01 | HLA-C=C*08:02:01:02 | HLA-B=B*14:01:01 | DRB345=DRB4*01:01:01:01 | DRB1=DRB1*07:01:01:01SG | DQA1=DQA1*02:01:01:01SG | DQB1=DQB1*02:02:01:01 | DPA1=DPA1*01:03:01:02 | DPB1=DPB1*04:01:01:01/DPB1*04:01:01:02,HLA-A=A*11:01:01:01 | HLA-C=C*04:01:01:01 | HLA-B=B*35:01:01:02 | DRB345=Abs | DRB1=DRB1*01:01:01 | DQA1=DQA1*01:01:01:02SG | DQB1=DQB1*05:01:01:03 | DPA1=DPA1*01:03:01:02 | DPB1=DPB1*04:01:01:01/DPB1*04:01:01:02,False,False,1.0,1.0,1.0,1.0,1.0,1.0,1.0,0.0,0.0
SYNTH_0182,Global,success,,341.5,1.0,1,0.0,HLA-A=A*01:01:01:01 | HLA-C=C*07:01:01:01 | HLA-B=B*08:01:01:01 | DRB345=DRB3*01:01:02:01 | DRB1=DRB1*03:01:01:01SG | DQA1=DQA1*05:01:01:02 | DQB1=DQB1*02:01:01 | DPA1=DPA1*02:01:02 | DPB1=DPB1*01:01:01,HLA-A=A*02:01:01:01 | HLA-C=C*02:02:02:01 | HLA-B=B*27:05:02 | DRB345=DRB4*01:03:01:01/DRB4*01:03:01:01:03 | DRB1=DRB1*04:04:01 | DQA1=DQA1*03:01:01 | DQB1=DQB1*03:02:01 | DPA1=DPA1*01:03:01:01 | DPB1=DPB1*02:01:02/DPB1*02:01:19,False,False,1.0,1.0,1.0,0.0,1.0,1.0,1.0,1.0,0.0
SYNTH_0183,Global,success,,336.2,0.5,2,1.0,HLA-A=A*01:01:01:01 | HLA-C=C*07:01:01:01 | HLA-B=B*08:01:01:01 | DRB345=DRB3*01:01:02:01 | DRB1=DRB1*03:01:01:01SG | DQA1=DQA1*05:01:01:02 | DQB1=DQB1*02:01:01 | DPA1=DPA1*01:03:01:02 | DPB1=DPB1*04:01:01:01/DPB1*04:01:01:02,HLA-A=A*11:01:01:01 | HLA-C=C*01:02:01 | HLA-B=B*27:05:02 | DRB345=Abs | DRB1=DRB1*01:01:01 | DQA1=DQA1*01:01:01:02SG | DQB1=DQB1*05:01:01:03 | DPA1=DPA1*01:03:01:03 | DPB1=DPB1*03:01:01,False,False,1.0,1.0,0.0,1.0,1.0,1.0,1.0,1.0,0.0
SYNTH_0184,Global,success,,1299.8,0.88202765,6,0.7256,HLA-A=A*02:01:01:01 | HLA-C=C*05:01:01:02 | HLA-B=B*44:02:01:01 | DRB345=DRB4*01:03:01:01/DRB4*01:03:01:01:03 | DRB1=DRB1*04:01:01:01SG | DQA1=DQA1*03:03:01:01 | DQB1=DQB1*03:01:01:01 | DPA1=DPA1*01:03:01:04 | DPB1=DPB1*04:01:01:01/DPB1*04:01:01:02,HLA-A=A*03:01:01:01 | HLA-C=C*07:02:01:03 | HLA-B=B*07:02:01 | DRB345=DRB5*01:01:01 | DRB1=DRB1*15:01:01:01SG | DQA1=DQA1*01:02:01:01SG | DQB1=DQB1*06:02:01 | DPA1=DPA1*01:03:01:04 | DPB1=DPB1*04:01:01:01/DPB1*04:01:01:02,False,False,1.0,1.0,1.0,0.0,1.0,1.0,1.0,1.0,0.0
SYNTH_0185,Global,success,,407.6,0.66666667,2,0.9183,HLA-A=A*02:01:01:01 | HLA-C=C*03:04:01:01 | HLA-B=B*40:01:02 | DRB345=DRB5*01:01:01 | DRB1=DRB1*15:01:01:01SG | DQA1=DQA1*01:02:01:01SG | DQB1=DQB1*06:02:01 | DPA1=DPA1*01:03:01:02 | DPB1=DPB1*04:01:01:01/DPB1*04:01:01:02,HLA-A=A*24:02:01:01 | HLA-C=C*07:02:01:01 | HLA-B=B*39:05:01 | DRB345=DRB5*02:02 | DRB1=DRB1*16:02:01:02 | DQA1=DQA1*05:05:01:05SG | DQB1=DQB1*03:01:01:01 | DPA1=DPA1*01:03:01:05 | DPB1=DPB1*04:02:01:02,False,False,1.0,1.0,0.0,1.0,1.0,1.0,1.0,1.0,0.0
SYNTH_0186,Global,success,,441.7,0.5625,2,0.9887,HLA-A=A*01:01:01:01 | HLA-C=C*07:01:01:01 | HLA-B=B*08:01:01:01 | DRB345=DRB3*01:01:02:01 | DRB1=DRB1*03:01:01:01SG | DQA1=DQA1*05:01:01:01 | DQB1=DQB1*02:01:01 | DPA1=DPA1*01:03:01:01 | DPB1=DPB1*04:01:01:01/DPB1*04:01:01:02,HLA-A=A*01:01:01:01 | HLA-C=C*06:02:01:01 | HLA-B=B*57:01:01 | DRB345=DRB5*01:01:01 | DRB1=DRB1*15:01:01:01SG | DQA1=DQA1*01:02:01:01SG | DQB1=DQB1*06:02:01 | DPA1=DPA1*01:03:01:02 | DPB1=DPB1*04:01:01:01/DPB1*04:01:01:02,False,False,1.0,1.0,1.0,1.0,1.0,1.0,1.0,1.0,0.0
SYNTH_0187,Global,success,,384.0,0.5,2,1.0,HLA-A=A*01:01:01:01 | HLA-C=C*07:02:01:03 | HLA-B=B*07:02:01 | DRB345=Abs | DRB1=DRB1*01:01:01 | DQA1=DQA1*01:01:01:02SG | DQB1=DQB1*05:01:01:03 | DPA1=DPA1*01:03:01:02 | DPB1=DPB1*04:01:01:01/DPB1*04:01:01:02,HLA-A=A*32:01:01 | HLA-C=C*05:01:01:02 | HLA-B=B*44:02:01:01 | DRB345=DRB4*01:03:01:01/DRB4*01:03:01:01:03 | DRB1=DRB1*04:01:01:01SG | DQA1=DQA1*03:03:01:01 | DQB1=DQB1*03:01:01:01 | DPA1=DPA1*01:03:01:01 | DPB1=DPB1*02:01:02/DPB1*02:01:19,False,False,1.0,1.0,1.0,0.0,1.0,1.0,1.0,1.0,0.0
SYNTH_0188,Global,success,,215.6,1.0,1,0.0,HLA-A=A*02:06:01:01 | HLA-C=C*08:01:01 | HLA-B=B*40:06:01:01 | DRB345=DRB4*01:03:02 | DRB1=DRB1*09:01:02 | DQA1=DQA1*03:02 | DQB1=DQB1*03:03:02:02/DQB1*03:03:02:03 | DPA1=DPA1*02:01:01:02 | DPB1=DPB1*09:01:01,HLA-A=A*01:01:01:01 | HLA-C=C*06:02:01:01 | HLA-B=B*57:01:01 | DRB345=DRB4*01:03:01:02N | DRB1=DRB1*07:01:01:01SG | DQA1=DQA1*02:01:01:01SG | DQB1=DQB1*03:03:02:01 | DPA1=DPA1*01:03:01:02 | DPB1=DPB1*04:01:01:01/DPB1*04:01:01:02,False,False,1.0,1.0,1.0,1.0,1.0,1.0,0.0,1.0,0.0
SYNTH_0189,Global,success,,622.3,1.0,1,0.0,HLA-A=A*02:01:01:01 | HLA-C=C*05:01:01:02 | HLA-B=B*44:02:01:01 | DRB345=DRB4*01:03:01:01/DRB4*01:03:01:01:03 | DRB1=DRB1*04:01:01:01SG | DQA1=DQA1*03:03:01:01 | DQB1=DQB1*03:01:01:01 | DPA1=DPA1*01:03:01:03 | DPB1=DPB1*03:01:01,HLA-A=A*11:01:01:01 | HLA-C=C*04:01:01:01 | HLA-B=B*35:03:01 | DRB345=DRB3*02:02:01:02 | DRB1=DRB1*11:01:01:01 | DQA1=DQA1*05:05:01:01SG | DQB1=DQB1*03:01:01:03 | DPA1=DPA1*01:03:01:02 | DPB1=DPB1*04:01:01:01/DPB1*04:01:01:02,False,False,1.0,1.0,1.0,0.0,1.0,1.0,1.0,1.0,0.0
SYNTH_0190,Global,success,,676.9,0.11244577,310,5.9939,HLA-A=A*03:01:01:01 | HLA-C=C*07:02:01:03 | HLA-B=B*07:02:01 | DRB345=DRB5*01:01:01 | DRB1=DRB1*15:01:01:01SG | DQA1=DQA1*01:02:01:01SG | DQB1=DQB1*06:02:01 | DPA1=DPA1*01:03:01:02 | DPB1=DPB1*04:01:01:01/DPB1*04:01:01:02,HLA-A=A*03:01:01:01 | HLA-C=C*07:02:01:03 | HLA-B=B*07:02:01 | DRB345=DRB5*01:01:01 | DRB1=DRB1*15:01:01:01SG | DQA1=DQA1*01:02:01:01SG | DQB1=DQB1*06:02:01 | DPA1=DPA1*01:03:01:02 | DPB1=DPB1*04:01:01:01/DPB1*04:01:01:02,False,False,1.0,1.0,1.0,1.0,1.0,1.0,1.0,1.0,0.0
SYNTH_0191,Global,success,,599.5,1.0,1,0.0,HLA-A=A*03:01:01:01 | HLA-C=C*07:02:01:03 | HLA-B=B*07:02:01 | DRB345=DRB5*01:01:01 | DRB1=DRB1*15:01:01:01SG | DQA1=DQA1*01:02:01:01SG | DQB1=DQB1*06:02:01 | DPA1=DPA1*01:03:01:02 | DPB1=DPB1*04:01:01:01/DPB1*04:01:01:02,HLA-A=A*02:01:01:01 | HLA-C=C*03:04:01:01 | HLA-B=B*15:01:01:01 | DRB345=DRB4*01:03:01:01/DRB4*01:03:01:01:03 | DRB1=DRB1*04:01:01:01SG | DQA1=DQA1*03:01:01 | DQB1=DQB1*03:02:01 | DPA1=DPA1*01:03:01:02 | DPB1=DPB1*04:01:01:01/DPB1*04:01:01:02,False,False,1.0,1.0,1.0,0.0,1.0,1.0,1.0,1.0,0.0
SYNTH_0192,Global,success,,593.2,1.0,1,0.0,HLA-A=A*02:01:01:01 | HLA-C=C*03:04:01:01 | HLA-B=B*40:01:02 | DRB345=DRB5*01:01:01 | DRB1=DRB1*15:01:01:01SG | DQA1=DQA1*01:02:01:01SG | DQB1=DQB1*06:02:01 | DPA1=DPA1*01:03:01:04 | DPB1=DPB1*04:01:01:01/DPB1*04:01:01:02,HLA-A=A*29:02:01:01 | HLA-C=C*16:01:01:01 | HLA-B=B*44:03:01:01 | DRB345=DRB4*01:03:01:01/DRB4*01:03:01:01:03 | DRB1=DRB1*07:01:01:01SG | DQA1=DQA1*02:01:01:01SG | DQB1=DQB1*02:02:01:01 | DPA1=DPA1*02:01:01:01 | DPB1=DPB1*11:01:01,False,False,1.0,1.0,1.0,0.0,1.0,1.0,1.0,1.0,0.0
SYNTH_0193,Global,success,,598.4,0.40833333,6,1.973,HLA-A=A*02:01:01:01 | HLA-C=C*03:04:01:01 | HLA-B=B*40:01:02 | DRB345=DRB3*03:01:01 | DRB1=DRB1*13:02:01 | DQA1=DQA1*01:02:01:04SG | DQB1=DQB1*06:04:01 | DPA1=DPA1*01:03:01:02 | DPB1=DPB1*04:01:01:01/DPB1*04:01:01:02,HLA-A=A*30:01:01 | HLA-C=C*06:02:01:01 | HLA-B=B*13:02:01 | DRB345=DRB4*01:03:01:01/DRB4*01:03:01:01:03 | DRB1=DRB1*07:01:01:01SG | DQA1=DQA1*02:01:01:01SG | DQB1=DQB1*02:02:01:01 | DPA1=DPA1*01:03:01:04 | DPB1=DPB1*04:01:01:01/DPB1*04:01:01:02,False,False,0.0,1.0,1.0,0.0,1.0,1.0,1.0,1.0,0.0
SYNTH_0194,Global,success,,858.1,0.83505155,5,0.9684,HLA-A=A*01:01:01:01 | HLA-C=C*07:01:01:01 | HLA-B=B*08:01:01:01 | DRB345=DRB3*01:01:02:01 | DRB1=DRB1*03:01:01:01SG | DQA1=DQA1*05:01:01:02 | DQB1=DQB1*02:01:01 | DPA1=DPA1*02:01:02 | DPB1=DPB1*01:01:01,HLA-A=A*02:01:01:01 | HLA-C=C*05:01:01:02 | HLA-B=B*44:02:01:01 | DRB345=DRB5*01:01:01 | DRB1=DRB1*15:01:01:01SG | DQA1=DQA1*01:02:01:01SG | DQB1=DQB1*06:02:01 | DPA1=DPA1*01:03:01:02 | DPB1=DPB1*04:01:01:01/DPB1*04:01:01:02,False,False,0.0,1.0,1.0,1.0,1.0,1.0,1.0,1.0,0.0
SYNTH_0195,Global,success,,761.6,0.36730486,40,3.056,HLA-A=A*02:01:01:01 | HLA-C=C*05:01:01:02 | HLA-B=B*44:02:01:01 | DRB345=DRB4*01:03:01:01/DRB4*01:03:01:01:03 | DRB1=DRB1*04:01:01:01SG | DQA1=DQA1*03:03:01:01 | DQB1=DQB1*03:01:01:01 | DPA1=DPA1*01:03:01:04 | DPB1=DPB1*04:01:01:01/DPB1*04:01:01:02,HLA-A=A*02:01:01:01 | HLA-C=C*07:02:01:03 | HLA-B=B*07:02:01 | DRB345=DRB5*01:01:01 | DRB1=DRB1*15:01:01:01SG | DQA1=DQA1*01:02:01:01SG | DQB1=DQB1*06:02:01 | DPA1=DPA1*01:03:01:04 | DPB1=DPB1*04:01:01:01/DPB1*04:01:01:02,False,False,0.0,1.0,1.0,0.0,1.0,1.0,1.0,1.0,0.0
SYNTH_0196,Global,success,,291.6,1.0,1,0.0,HLA-A=A*30:01:01 | HLA-C=C*03:04:02 | HLA-B=B*15:10:01 | DRB345=DRB3*02:02:01:01 | DRB1=DRB1*03:01:01:01SG | DQA1=DQA1*05:01:01:01 | DQB1=DQB1*02:01:01 | DPA1=DPA1*01:03:01:01 | DPB1=DPB1*02:01:02/DPB1*02:01:19,HLA-A=A*01:01:01:01 | HLA-C=C*07:01:01:01 | HLA-B=B*08:01:01:01 | DRB345=DRB3*01:01:02:02 | DRB1=DRB1*03:01:01:01SG | DQA1=DQA1*05:01:01:02 | DQB1=DQB1*02:01:01 | DPA1=DPA1*02:01:02 | DPB1=DPB1*01:01:01,False,False,1.0,1.0,1.0,1.0,1.0,1.0,1.0,1.0,0.0
SYNTH_0197,Global,success,,169.7,0.38181818,10,2.6439,HLA-A=A*68:01:01:02 | HLA-C=C*07:02:01:01 | HLA-B=B*08:01:01:02 | DRB345=DRB3*02:02:01:01 | DRB1=DRB1*03:01:01:01SG | DQA1=DQA1*05:01:01:03 | DQB1=DQB1*02:01:01 | DPA1=DPA1*01:03:01:04 | DPB1=DPB1*04:01:01:01/DPB1*04:01:01:02,HLA-A=A*03:01:01:01 | HLA-C=C*07:02:01:03 | HLA-B=B*07:02:01 | DRB345=DRB5*01:01:01 | DRB1=DRB1*15:01:01:01SG | DQA1=DQA1*01:02:01:01SG | DQB1=DQB1*06:02:01 | DPA1=DPA1*01:03:01:03 | DPB1=DPB1*03:01:01,False,False,0.0,1.0,1.0,1.0,1.0,1.0,1.0,1.0,0.0
SYNTH_0198,Global,success,,335.4,0.92307692,2,0.3912,HLA-A=A*24:02:01:01 | HLA-C=C*12:02:02 | HLA-B=B*52:01:01:01 | DRB345=DRB5*01:02 | DRB1=DRB1*15:02:01:01SG | DQA1=DQA1*01:03:01:01 | DQB1=DQB1*06:01:01 | DPA1=DPA1*02:02:02 | DPB1=DPB1*05:01:01,HLA-A=A*03:01:01:01 | HLA-C=C*04:01:01:01 | HLA-B=B*35:01:01:02 | DRB345=Abs | DRB1=DRB1*01:01:01 | DQA1=DQA1*01:01:01:02SG | DQB1=DQB1*05:01:01:03 | DPA1=DPA1*01:03:01:05 | DPB1=DPB1*04:02:01:02,True,False,1.0,1.0,1.0,1.0,1.0,1.0,1.0,1.0,1.0
SYNTH_0199,Global,success,,277.9,0.18786736,112,4.4461,HLA-A=A*01:01:01:01 | HLA-C=C*07:01:01:01 | HLA-B=B*08:01:01:01 | DRB345=DRB3*01:01:02:01 | DRB1=DRB1*03:01:01:01SG | DQA1=DQA1*05:01:01:02 | DQB1=DQB1*02:01:01 | DPA1=DPA1*01:03:01:02 | DPB1=DPB1*04:01:01:01/DPB1*04:01:01:02,HLA-A=A*02:01:01:01 | HLA-C=C*07:02:01:03 | HLA-B=B*07:02:01 | DRB345=DRB5*01:01:01 | DRB1=DRB1*15:01:01:01SG | DQA1=DQA1*01:02:01:01SG | DQB1=DQB1*06:02:01 | DPA1=DPA1*01:03:01:04 | DPB1=DPB1*04:01:01:01/DPB1*04:01:01:02,False,False,1.0,1.0,1.0,1.0,1.0,1.0,1.0,0.0,0.0
SYNTH_0200,Global,success,,297.3,1.0,1,0.0,HLA-A=A*03:01:01:01 | HLA-C=C*07:02:01:03 | HLA-B=B*07:02:01 | DRB345=DRB5*01:01:01 | DRB1=DRB1*15:01:01:01SG | DQA1=DQA1*01:02:01:01SG | DQB1=DQB1*06:02:01 | DPA1=DPA1*01:03:01:02 | DPB1=DPB1*04:01:01:01/DPB1*04:01:01:02,HLA-A=A*02:01:01:01 | HLA-C=C*07:01:01:01 | HLA-B=B*08:01:01:01 | DRB345=DRB3*01:01:02:01 | DRB1=DRB1*03:01:01:01SG | DQA1=DQA1*05:01:01:02 | DQB1=DQB1*02:01:01 | DPA1=DPA1*02:01:02 | DPB1=DPB1*01:01:01,False,False,1.0,1.0,1.0,1.0,1.0,1.0,1.0,1.0,0.0
SYNTH_0201,Global,success,,232.2,1.0,1,0.0,HLA-A=A*01:01:01:01 | HLA-C=C*07:01:01:01 | HLA-B=B*08:01:01:01 | DRB345=DRB3*01:01:02:01 | DRB1=DRB1*03:01:01:01SG | DQA1=DQA1*05:01:01:02 | DQB1=DQB1*02:01:01 | DPA1=DPA1*01:03:01:02 | DPB1=DPB1*04:01:01:01/DPB1*04:01:01:02,HLA-A=A*03:01:01:01 | HLA-C=C*04:01:01:01 | HLA-B=B*35:01:01:02 | DRB345=Abs | DRB1=DRB1*01:01:01 | DQA1=DQA1*01:01:01:02SG | DQB1=DQB1*05:01:01:03 | DPA1=DPA1*01:03:01:02 | DPB1=DPB1*04:01:01:01/DPB1*04:01:01:02,False,False,1.0,1.0,1.0,1.0,1.0,1.0,1.0,1.0,0.0
SYNTH_0202,Global,success,,377.8,0.97391304,2,0.1744,HLA-A=A*03:01:01:01 | HLA-C=C*07:02:01:03 | HLA-B=B*07:02:01 | DRB345=DRB5*01:01:01 | DRB1=DRB1*15:01:01:01SG | DQA1=DQA1*01:02:01:01SG | DQB1=DQB1*06:02:01 | DPA1=DPA1*01:03:01:02 | DPB1=DPB1*04:01:01:01/DPB1*04:01:01:02,HLA-A=A*02:01:01:01 | HLA-C=C*05:01:01:02 | HLA-B=B*44:02:01:01 | DRB345=DRB3*01:01:02:01 | DRB1=DRB1*13:01:01:01SG | DQA1=DQA1*01:03:01:02SG | DQB1=DQB1*06:03:01 | DPA1=DPA1*01:03:01:02 | DPB1=DPB1*04:01:01:01/DPB1*04:01:01:02,False,False,1.0,1.0,1.0,1.0,1.0,1.0,1.0,1.0,0.0
SYNTH_0203,Global,success,,110.1,0.85802469,3,0.707,HLA-A=A*01:01:01:01 | HLA-C=C*07:01:01:01 | HLA-B=B*08:01:01:01 | DRB345=DRB3*01:01:02:01 | DRB1=DRB1*03:01:01:01SG | DQA1=DQA1*05:01:01:02 | DQB1=DQB1*02:01:01 | DPA1=DPA1*01:03:01:02 | DPB1=DPB1*04:01:01:01/DPB1*04:01:01:02,HLA-A=A*02:01:01:01 | HLA-C=C*01:02:01 | HLA-B=B*15:15 | DRB345=DRB4*01:03:02 | DRB1=DRB1*04:10:01 | DQA1=DQA1*03:01:01 | DQB1=DQB1*03:02:01 | DPA1=DPA1*01:03:01:05 | DPB1=DPB1*04:02:01:02,False,False,1.0,1.0,1.0,1.0,1.0,1.0,1.0,1.0,0.0
SYNTH_0204,Global,success,,280.1,1.0,1,0.0,HLA-A=A*01:01:01:01 | HLA-C=C*07:01:01:01 | HLA-B=B*08:01:01:01 | DRB345=DRB3*01:01:02:01 | DRB1=DRB1*03:01:01:01SG | DQA1=DQA1*05:01:01:02 | DQB1=DQB1*02:01:01 | DPA1=DPA1*01:03:01:02 | DPB1=DPB1*04:01:01:01/DPB1*04:01:01:02,HLA-A=A*25:01:01 | HLA-C=C*12:03:01:01 | HLA-B=B*39:01:01:03 | DRB345=DRB4*01:01:01:01 | DRB1=DRB1*07:01:01:01SG | DQA1=DQA1*02:01:01:01SG | DQB1=DQB1*02:02:01:01 | DPA1=DPA1*02:02:02 | DPB1=DPB1*04:02:01:02,False,False,1.0,1.0,1.0,1.0,1.0,1.0,1.0,1.0,0.0
SYNTH_0205,Global,success,,184.4,1.0,1,0.0,HLA-A=A*34:01:01 | HLA-C=C*04:03:01 | HLA-B=B*15:21 | DRB345=DRB5*01:01:01 | DRB1=DRB1*15:02:01:01SG | DQA1=DQA1*01:02:01:01SG | DQB1=DQB1*05:02:01 | DPA1=DPA1*02:02:02 | DPB1=DPB1*01:01:01,HLA-A=A*68:03:01 | HLA-C=C*07:02:01:01 | HLA-B=B*39:05:01 | DRB345=DRB4*01:03:01:01/DRB4*01:03:01:01:03 | DRB1=DRB1*04:07:01 | DQA1=DQA1*03:01:01 | DQB1=DQB1*03:02:01 | DPA1=DPA1*01:03:01:05 | DPB1=DPB1*04:02:01:02,False,False,1.0,1.0,1.0,0.0,1.0,1.0,1.0,1.0,1.0
SYNTH_0206,Global,success,,239.0,1.0,1,0.0,HLA-A=A*02:01:01:01 | HLA-C=C*05:01:01:02 | HLA-B=B*44:02:01:01 | DRB345=DRB3*01:01:02:01 | DRB1=DRB1*13:01:01:01SG | DQA1=DQA1*01:03:01:02SG | DQB1=DQB1*06:03:01 | DPA1=DPA1*01:03:01:04 | DPB1=DPB1*04:01:01:01/DPB1*04:01:01:02,HLA-A=A*01:01:01:01 | HLA-C=C*12:03:01:01 | HLA-B=B*38:01:01 | DRB345=DRB3*01:01:02:01 | DRB1=DRB1*13:01:01:01SG | DQA1=DQA1*01:03:01:02SG | DQB1=DQB1*06:03:01 | DPA1=DPA1*01:03:01:03 | DPB1=DPB1*03:01:01,False,False,1.0,1.0,1.0,1.0,1.0,1.0,1.0,1.0,0.0
SYNTH_0207,Global,success,,260.5,0.30346979,61,3.6918,HLA-A=A*01:01:01:01 | HLA-C=C*07:01:01:01 | HLA-B=B*08:01:01:01 | DRB345=DRB3*01:01:02:01 | DRB1=DRB1*03:01:01:01SG | DQA1=DQA1*05:01:01:02 | DQB1=DQB1*02:01:01 | DPA1=DPA1*01:03:01:02 | DPB1=DPB1*04:01:01:01/DPB1*04:01:01:02,HLA-A=A*03:01:01:01 | HLA-C=C*07:02:01:03 | HLA-B=B*07:02:01 | DRB345=DRB5*01:01:01 | DRB1=DRB1*15:01:01:01SG | DQA1=DQA1*01:02:01:01SG | DQB1=DQB1*06:02:01 | DPA1=DPA1*01:03:01:02 | DPB1=DPB1*04:01:01:01/DPB1*04:01:01:02,False,False,1.0,1.0,1.0,1.0,1.0,1.0,1.0,0.0,0.0
SYNTH_0208,Global,success,,231.1,1.0,1,0.0,HLA-A=A*02:01:01:01 | HLA-C=C*06:02:01:01 | HLA-B=B*13:02:01 | DRB345=DRB4*01:03:01:01/DRB4*01:03:01:01:03 | DRB1=DRB1*07:01:01:01SG | DQA1=DQA1*02:01:01:01SG | DQB1=DQB1*02:02:01:01 | DPA1=DPA1*01:03:01:02 | DPB1=DPB1*04:01:01:01/DPB1*04:01:01:02,HLA-A=A*24:02:01:01 | HLA-C=C*07:02:01:03 | HLA-B=B*07:02:01 | DRB345=DRB5*01:01:01 | DRB1=DRB1*15:01:01:01SG | DQA1=DQA1*01:02:01:01SG | DQB1=DQB1*06:02:01 | DPA1=DPA1*01:03:01:02 | DPB1=DPB1*04:01:01:01/DPB1*04:01:01:02,False,False,1.0,1.0,1.0,0.0,1.0,1.0,1.0,1.0,0.0
SYNTH_0209,Global,success,,226.2,1.0,1,0.0,HLA-A=A*01:01:01:01 | HLA-C=C*07:01:01:01 | HLA-B=B*08:01:01:01 | DRB345=DRB3*01:01:02:01 | DRB1=DRB1*03:01:01:01SG | DQA1=DQA1*05:01:01:02 | DQB1=DQB1*02:01:01 | DPA1=DPA1*01:03:01:02 | DPB1=DPB1*04:01:01:01/DPB1*04:01:01:02,HLA-A=A*01:01:01:01 | HLA-C=C*07:01:01:01 | HLA-B=B*08:01:01:01 | DRB345=DRB3*01:01:02:02 | DRB1=DRB1*03:01:01:01SG | DQA1=DQA1*05:01:01:02 | DQB1=DQB1*02:01:01 | DPA1=DPA1*02:01:02 | DPB1=DPB1*01:01:01,False,False,1.0,1.0,1.0,1.0,1.0,1.0,1.0,1.0,0.0
SYNTH_0210,Global,success,,213.2,1.0,1,0.0,HLA-A=A*01:01:01:01 | HLA-C=C*07:01:01:01 | HLA-B=B*08:01:01:01 | DRB345=DRB3*01:01:02:01 | DRB1=DRB1*03:01:01:01SG | DQA1=DQA1*05:01:01:02 | DQB1=DQB1*02:01:01 | DPA1=DPA1*01:03:01:02 | DPB1=DPB1*04:01:01:01/DPB1*04:01:01:02,HLA-A=A*02:01:01:01 | HLA-C=C*14:02:01:01 | HLA-B=B*51:01:01:01 | DRB345=DRB5*02:02 | DRB1=DRB1*16:01:01 | DQA1=DQA1*01:02:02 | DQB1=DQB1*05:02:01 | DPA1=DPA1*01:03:01:02 | DPB1=DPB1*04:01:01:01/DPB1*04:01:01:02,False,False,1.0,1.0,1.0,1.0,1.0,1.0,1.0,1.0,0.0
SYNTH_0211,Global,success,,293.5,0.13468992,72,4.7393,HLA-A=A*01:01:01:01 | HLA-C=C*07:01:01:01 | HLA-B=B*08:01:01:01 | DRB345=DRB3*01:01:02:01 | DRB1=DRB1*03:01:01:01SG | DQA1=DQA1*05:01:01:02 | DQB1=DQB1*02:01:01 | DPA1=DPA1*01:03:01:02 | DPB1=DPB1*04:01:01:01/DPB1*04:01:01:02,HLA-A=A*02:01:01:01 | HLA-C=C*03:04:01:01 | HLA-B=B*40:01:02 | DRB345=Abs | DRB1=DRB1*01:01:01 | DQA1=DQA1*01:01:01:02SG | DQB1=DQB1*05:01:01:03 | DPA1=DPA1*01:03:01:02 | DPB1=DPB1*04:01:01:01/DPB1*04:01:01:02,False,False,1.0,1.0,1.0,1.0,1.0,1.0,1.0,0.0,0.0
SYNTH_0212,Global,success,,293.9,0.0747521,78,5.786,HLA-A=A*02:01:01:01 | HLA-C=C*06:02:01:01 | HLA-B=B*13:02:01 | DRB345=DRB4*01:03:01:01/DRB4*01:03:01:01:03 | DRB1=DRB1*07:01:01:01SG | DQA1=DQA1*02:01:01:01SG | DQB1=DQB1*02:02:01:01 | DPA1=DPA1*01:03:01:02 | DPB1=DPB1*04:01:01:01/DPB1*04:01:01:02,HLA-A=A*02:01:01:01 | HLA-C=C*03:03:01:01 | HLA-B=B*15:01:01:01 | DRB345=DRB3*02:02:01:02 | DRB1=DRB1*13:01:01:01SG | DQA1=DQA1*01:03:01:02SG | DQB1=DQB1*06:03:01 | DPA1=DPA1*01:03:01:02 | DPB1=DPB1*04:01:01:01/DPB1*04:01:01:02,False,False,0.0,1.0,1.0,0.0,1.0,1.0,1.0,1.0,0.0
SYNTH_0213,Global,success,,298.0,0.3511396,24,3.326,HLA-A=A*02:01:01:01 | HLA-C=C*05:01:01:02 | HLA-B=B*44:02:01:01 | DRB345=DRB4*01:03:01:01/DRB4*01:03:01:01:03 | DRB1=DRB1*04:01:01:01SG | DQA1=DQA1*03:03:01:01 | DQB1=DQB1*03:01:01:01 | DPA1=DPA1*01:03:01:04 | DPB1=DPB1*04:01:01:01/DPB1*04:01:01:02,HLA-A=A*02:01:01:01 | HLA-C=C*07:01:01:01 | HLA-B=B*08:01:01:01 | DRB345=DRB3*01:01:02:01 | DRB1=DRB1*03:01:01:01SG | DQA1=DQA1*05:01:01:02 | DQB1=DQB1*02:01:01 | DPA1=DPA1*01:03:01:02 | DPB1=DPB1*04:01:01:01/DPB1*04:01:01:02,False,False,1.0,1.0,1.0,0.0,1.0,1.0,1.0,1.0,0.0
SYNTH_0214,Global,success,,291.8,1.0,1,0.0,HLA-A=A*01:01:01:01 | HLA-C=C*07:02:01:03 | HLA-B=B*07:02:01 | DRB345=DRB5*01:01:01 | DRB1=DRB1*15:01:01:01SG | DQA1=DQA1*01:02:01:01SG | DQB1=DQB1*06:02:01 | DPA1=DPA1*01:03:01:04 | DPB1=DPB1*04:01:01:01/DPB1*04:01:01:02,HLA-A=A*30:01:01 | HLA-C=C*06:02:01:01 | HLA-B=B*13:02:01 | DRB345=DRB4*01:03:01:01/DRB4*01:03:01:01:03 | DRB1=DRB1*07:01:01:01SG | DQA1=DQA1*02:01:01:01SG | DQB1=DQB1*02:02:01:01 | DPA1=DPA1*02:01:01:01 | DPB1=DPB1*17:01,False,False,1.0,1.0,1.0,0.0,1.0,1.0,1.0,1.0,0.0
SYNTH_0215,Global,success,,292.3,1.0,1,0.0,HLA-A=A*01:01:01:01 | HLA-C=C*07:01:01:01 | HLA-B=B*08:01:01:01 | DRB345=DRB3*01:01:02:01 | DRB1=DRB1*03:01:01:01SG | DQA1=DQA1*05:01:01:02 | DQB1=DQB1*02:01:01 | DPA1=DPA1*02:01:02 | DPB1=DPB1*01:01:01,HLA-A=A*02:01:01:01 | HLA-C=C*05:01:01:02 | HLA-B=B*44:02:01:01 | DRB345=Abs | DRB1=DRB1*08:01:01 | DQA1=DQA1*04:01:01 | DQB1=DQB1*04:02:01 | DPA1=DPA1*01:03:01:03 | DPB1=DPB1*03:01:01,True,True,1.0,1.0,1.0,1.0,1.0,1.0,1.0,1.0,1.0
SYNTH_0216,Global,success,,281.1,1.0,1,0.0,HLA-A=A*02:01:01:01 | HLA-C=C*03:04:01:01 | HLA-B=B*15:01:01:01 | DRB345=DRB4*01:03:01:01/DRB4*01:03:01:01:03 | DRB1=DRB1*04:01:01:01SG | DQA1=DQA1*03:01:01 | DQB1=DQB1*03:02:01 | DPA1=DPA1*01:03:01:02 | DPB1=DPB1*04:01:01:01/DPB1*04:01:01:02,HLA-A=A*29:02:01:01 | HLA-C=C*08:02:01:01 | HLA-B=B*14:02:01:01 | DRB345=DRB4*01:01:01:01 | DRB1=DRB1*07:01:01:01SG | DQA1=DQA1*02:01:01:01SG | DQB1=DQB1*02:02:01:01 | DPA1=DPA1*01:04 | DPB1=DPB1*15:01:01,False,False,1.0,1.0,1.0,0.0,1.0,1.0,1.0,1.0,0.0
SYNTH_0217,Global,success,,342.9,0.51389714,18,2.4146,HLA-A=A*01:01:01:01 | HLA-C=C*07:01:01:01 | HLA-B=B*08:01:01:01 | DRB345=DRB3*01:01:02:01 | DRB1=DRB1*03:01:01:01SG | DQA1=DQA1*05:01:01:02 | DQB1=DQB1*02:01:01 | DPA1=DPA1*01:03:01:02 | DPB1=DPB1*04:01:01:01/DPB1*04:01:01:02,HLA-A=A*03:01:01:01 | HLA-C=C*07:02:01:03 | HLA-B=B*07:02:01 | DRB345=DRB5*01:01:01 | DRB1=DRB1*15:01:01:01SG | DQA1=DQA1*01:02:01:01SG | DQB1=DQB1*06:02:01 | DPA1=DPA1*01:03:01:02 | DPB1=DPB1*04:01:01:01/DPB1*04:01:01:02,False,False,0.0,1.0,1.0,1.0,1.0,1.0,1.0,1.0,0.0
SYNTH_0218,Global,success,,264.2,0.96666667,2,0.2108,HLA-A=A*02:01:01:01 | HLA-C=C*05:01:01:02 | HLA-B=B*44:02:01:01 | DRB345=DRB4*01:03:01:01/DRB4*01:03:01:01:03 | DRB1=DRB1*04:01:01:01SG | DQA1=DQA1*03:03:01:01 | DQB1=DQB1*03:01:01:01 | DPA1=DPA1*01:03:01:04 | DPB1=DPB1*04:01:01:01/DPB1*04:01:01:02,HLA-A=A*03:01:01:05 | HLA-C=C*06:02:01:01 | HLA-B=B*47:01:01:03 | DRB345=DRB4*01:01:01:01 | DRB1=DRB1*07:01:01:01SG | DQA1=DQA1*02:01:01:01SG | DQB1=DQB1*02:02:01:01 | DPA1=DPA1*01:03:01:03 | DPB1=DPB1*06:01:01,False,False,1.0,1.0,1.0,0.0,1.0,1.0,1.0,1.0,0.0
SYNTH_0219,Global,success,,207.9,1.0,1,0.0,HLA-A=A*26:01:01:01 | HLA-C=C*12:03:01:01 | HLA-B=B*38:01:01 | DRB345=DRB3*02:02:01:02 | DRB1=DRB1*11:01:01:01 | DQA1=DQA1*05:05:01:01SG | DQB1=DQB1*03:01:01:03 | DPA1=DPA1*01:03:01:01 | DPB1=DPB1*02:01:02/DPB1*02:01:19,HLA-A=A*02:05:01 | HLA-C=C*06:02:01:02 | HLA-B=B*50:01:01 | DRB345=DRB4*01:03:01:01/DRB4*01:03:01:01:03 | DRB1=DRB1*07:01:01:01SG | DQA1=DQA1*02:01:01:01SG | DQB1=DQB1*02:02:01:01 | DPA1=DPA1*01:03:01:02 | DPB1=DPB1*104:01,False,False,1.0,1.0,1.0,0.0,1.0,1.0,1.0,1.0,0.0
SYNTH_0220,Global,success,,260.6,1.0,1,0.0,HLA-A=A*02:01:01:01 | HLA-C=C*05:01:01:02 | HLA-B=B*44:02:01:01 | DRB345=DRB4*01:03:01:01/DRB4*01:03:01:01:03 | DRB1=DRB1*04:01:01:01SG | DQA1=DQA1*03:03:01:01 | DQB1=DQB1*03:01:01:01 | DPA1=DPA1*01:03:01:03 | DPB1=DPB1*03:01:01,HLA-A=A*03:01:01:01 | HLA-C=C*03:04:01:01 | HLA-B=B*40:01:02 | DRB345=DRB4*01:03:01:01/DRB4*01:03:01:01:03 | DRB1=DRB1*04:01:01:01SG | DQA1=DQA1*03:01:01 | DQB1=DQB1*03:02:01 | DPA1=DPA1*01:03:01:02 | DPB1=DPB1*04:01:01:01/DPB1*04:01:01:02,False,False,1.0,1.0,1.0,0.0,1.0,1.0,1.0,1.0,0.0
SYNTH_0221,Global,success,,310.6,0.96666667,2,0.2108,HLA-A=A*02:01:01:01 | HLA-C=C*05:01:01:02 | HLA-B=B*44:02:01:01 | DRB345=DRB4*01:03:01:01/DRB4*01:03:01:01:03 | DRB1=DRB1*04:01:01:01SG | DQA1=DQA1*03:03:01:01 | DQB1=DQB1*03:01:01:01 | DPA1=DPA1*01:03:01:04 | DPB1=DPB1*04:01:01:01/DPB1*04:01:01:02,HLA-A=A*01:01:01:01 | HLA-C=C*01:02:01 | HLA-B=B*51:01:01:01 | DRB345=Abs | DRB1=DRB1*01:01:01 | DQA1=DQA1*01:01:01:02SG | DQB1=DQB1*05:01:01:03 | DPA1=DPA1*01:03:01:03 | DPB1=DPB1*03:01:01,False,False,1.0,1.0,1.0,0.0,1.0,1.0,1.0,1.0,0.0
SYNTH_0222,Global,success,,266.1,0.28321839,40,3.6327,HLA-A=A*03:01:01:01 | HLA-C=C*07:02:01:03 | HLA-B=B*07:02:01 | DRB345=DRB5*01:01:01 | DRB1=DRB1*15:01:01:01SG | DQA1=DQA1*01:02:01:01SG | DQB1=DQB1*06:02:01 | DPA1=DPA1*01:03:01:02 | DPB1=DPB1*04:01:01:01/DPB1*04:01:01:02,HLA-A=A*02:01:01:01 | HLA-C=C*06:02:01:01 | HLA-B=B*57:01:01 | DRB345=DRB4*01:03:01:02N | DRB1=DRB1*07:01:01:01SG | DQA1=DQA1*02:01:01:01SG | DQB1=DQB1*03:03:02:01 | DPA1=DPA1*01:03:01:02 | DPB1=DPB1*04:01:01:01/DPB1*04:01:01:02,False,False,1.0,0.0,1.0,1.0,1.0,1.0,1.0,1.0,0.0
SYNTH_0223,Global,success,,763.5,1.0,1,0.0,HLA-A=A*02:01:01:01 | HLA-C=C*12:02:02 | HLA-B=B*52:01:01:02 | DRB345=DRB5*01:02 | DRB1=DRB1*15:02:01:01SG | DQA1=DQA1*01:03:01:01 | DQB1=DQB1*06:01:01 | DPA1=DPA1*01:03:01:04 | DPB1=DPB1*04:01:01:01/DPB1*04:01:01:02,HLA-A=A*02:01:01:01 | HLA-C=C*03:04:01:01 | HLA-B=B*40:01:02 | DRB345=DRB3*03:01:01 | DRB1=DRB1*13:02:01 | DQA1=DQA1*01:02:01:04SG | DQB1=DQB1*06:04:01 | DPA1=DPA1*02:06 | DPB1=DPB1*05:01:01,False,False,1.0,1.0,1.0,1.0,1.0,1.0,1.0,1.0,0.0
SYNTH_0224,Global,success,,244.8,1.0,1,0.0,HLA-A=A*23:01:01 | HLA-C=C*07:01:01:01 | HLA-B=B*49:01:01 | DRB345=DRB4*01:03:01:01/DRB4*01:03:01:01:03 | DRB1=DRB1*04:05:01 | DQA1=DQA1*03:03:01:01 | DQB1=DQB1*03:02:01 | DPA1=DPA1*02:01:01:01 | DPB1=DPB1*17:01,HLA-A=A*01:01:01:01 | HLA-C=C*05:01:01:02 | HLA-B=B*44:02:01:01 | DRB345=DRB4*01:03:01:01/DRB4*01:03:01:01:03 | DRB1=DRB1*04:01:01:01SG | DQA1=DQA1*03:03:01:01 | DQB1=DQB1*03:01:01:01 | DPA1=DPA1*01:03:01:04 | DPB1=DPB1*04:01:01:01/DPB1*04:01:01:02,False,False,1.0,1.0,1.0,0.0,1.0,1.0,1.0,1.0,0.0
SYNTH_0225,Global,success,,305.0,0.44329897,8,2.0662,HLA-A=A*02:01:01:01 | HLA-C=C*07:02:01:03 | HLA-B=B*07:02:01 | DRB345=DRB5*01:01:01 | DRB1=DRB1*15:01:01:01SG | DQA1=DQA1*01:02:01:01SG | DQB1=DQB1*06:02:01 | DPA1=DPA1*01:03:01:04 | DPB1=DPB1*04:01:01:01/DPB1*04:01:01:02,HLA-A=A*01:01:01:01 | HLA-C=C*07:01:01:01 | HLA-B=B*08:01:01:01 | DRB345=DRB3*01:01:02:01 | DRB1=DRB1*03:01:01:01SG | DQA1=DQA1*05:01:01:02 | DQB1=DQB1*02:01:01 | DPA1=DPA1*01:03:01:03 | DPB1=DPB1*03:01:01,False,False,0.0,1.0,1.0,1.0,1.0,1.0,1.0,1.0,0.0
SYNTH_0226,Global,success,,261.5,0.42307692,8,2.4768,HLA-A=A*02:01:01:01 | HLA-C=C*03:03:01:01 | HLA-B=B*15:01:01:01 | DRB345=DRB3*02:02:01:02 | DRB1=DRB1*13:01:01:01SG | DQA1=DQA1*01:03:01:02SG | DQB1=DQB1*06:03:01 | DPA1=DPA1*01:03:01:02 | DPB1=DPB1*04:01:01:01/DPB1*04:01:01:02,HLA-A=A*02:01:01:01 | HLA-C=C*07:02:01:03 | HLA-B=B*07:02:01 | DRB345=Abs | DRB1=DRB1*01:01:01 | DQA1=DQA1*01:01:01:02SG | DQB1=DQB1*05:01:01:03 | DPA1=DPA1*01:03:01:02 | DPB1=DPB1*04:01:01:01/DPB1*04:01:01:02,False,False,1.0,1.0,1.0,1.0,1.0,1.0,1.0,1.0,0.0
SYNTH_0227,Global,success,,255.7,1.0,1,0.0,HLA-A=A*25:01:01 | HLA-C=C*12:03:01:01 | HLA-B=B*18:01:01:02 | DRB345=DRB5*01:01:01 | DRB1=DRB1*15:01:01:01SG | DQA1=DQA1*01:02:01:01SG | DQB1=DQB1*06:02:01 | DPA1=DPA1*01:03:01:04 | DPB1=DPB1*23:01:01,HLA-A=A*02:01:01:01 | HLA-C=C*05:01:01:02 | HLA-B=B*44:02:01:01 | DRB345=DRB4*01:03:01:01/DRB4*01:03:01:01:03 | DRB1=DRB1*07:01:01:01SG | DQA1=DQA1*02:01:01:01SG | DQB1=DQB1*02:02:01:01 | DPA1=DPA1*01:03:01:02 | DPB1=DPB1*02:01:02/DPB1*02:01:19,False,False,1.0,1.0,1.0,0.0,1.0,1.0,1.0,1.0,0.0
SYNTH_0228,Global,success,,348.6,0.0,0,0.0,,,False,False,,,,,,,,,
SYNTH_0229,Global,success,,241.0,1.0,1,0.0,HLA-A=A*02:01:01:01 | HLA-C=C*03:04:01:01 | HLA-B=B*40:01:02 | DRB345=DRB3*03:01:01 | DRB1=DRB1*13:02:01 | DQA1=DQA1*01:02:01:04SG | DQB1=DQB1*06:04:01 | DPA1=DPA1*01:03:01:02 | DPB1=DPB1*04:01:01:01/DPB1*04:01:01:02,HLA-A=A*68:02:01:01 | HLA-C=C*08:02:01:01 | HLA-B=B*14:02:01:01 | DRB345=DRB3*01:01:02:01 | DRB1=DRB1*13:03:01 | DQA1=DQA1*05:05:01:01SG | DQB1=DQB1*03:01:01:03 | DPA1=DPA1*01:03:01:01 | DPB1=DPB1*02:01:02/DPB1*02:01:19,False,False,1.0,1.0,1.0,1.0,1.0,1.0,1.0,1.0,0.0
SYNTH_0230,Global,success,,337.9,1.0,1,0.0,HLA-A=A*01:01:01:01 | HLA-C=C*07:01:01:01 | HLA-B=B*08:01:01:01 | DRB345=DRB3*01:01:02:01 | DRB1=DRB1*03:01:01:01SG | DQA1=DQA1*05:01:01:02 | DQB1=DQB1*02:01:01 | DPA1=DPA1*02:01:02 | DPB1=DPB1*01:01:01,HLA-A=A*02:01:01:01 | HLA-C=C*05:01:01:02 | HLA-B=B*44:02:01:01 | DRB345=DRB4*01:03:01:01/DRB4*01:03:01:01:03 | DRB1=DRB1*04:01:01:01SG | DQA1=DQA1*03:03:01:01 | DQB1=DQB1*03:01:01:01 | DPA1=DPA1*01:03:01:05 | DPB1=DPB1*04:02:01:02,False,False,1.0,1.0,1.0,0.0,1.0,1.0,1.0,1.0,1.0
SYNTH_0231,Global,success,,246.8,1.0,1,0.0,HLA-A=A*01:01:01:01 | HLA-C=C*07:01:01:01 | HLA-B=B*08:01:01:01 | DRB345=DRB3*01:01:02:02 | DRB1=DRB1*03:01:01:01SG | DQA1=DQA1*05:01:01:02 | DQB1=DQB1*02:01:01 | DPA1=DPA1*02:01:02 | DPB1=DPB1*01:01:01,HLA-A=A*30:01:01 | HLA-C=C*06:02:01:01 | HLA-B=B*13:02:01 | DRB345=DRB4*01:03:01:01/DRB4*01:03:01:01:03 | DRB1=DRB1*07:01:01:01SG | DQA1=DQA1*02:01:01:01SG | DQB1=DQB1*02:02:01:01 | DPA1=DPA1*02:01:01:01 | DPB1=DPB1*17:01,False,False,1.0,1.0,1.0,0.0,1.0,1.0,1.0,1.0,1.0
SYNTH_0232,Global,success,,252.9,1.0,1,0.0,HLA-A=A*24:02:01:01 | HLA-C=C*12:02:02 | HLA-B=B*52:01:01:01 | DRB345=DRB5*01:02 | DRB1=DRB1*15:02:01:01SG | DQA1=DQA1*01:03:01:01 | DQB1=DQB1*06:01:01 | DPA1=DPA1*02:02:02 | DPB1=DPB1*05:01:01,HLA-A=A*02:01:01:01 | HLA-C=C*03:04:01:01 | HLA-B=B*40:01:02 | DRB345=DRB5*01:01:01 | DRB1=DRB1*15:01:01:01SG | DQA1=DQA1*01:02:01:01SG | DQB1=DQB1*06:02:01 | DPA1=DPA1*01:03:01:04 | DPB1=DPB1*04:01:01:01/DPB1*04:01:01:02,False,False,1.0,1.0,1.0,1.0,1.0,1.0,1.0,1.0,0.0
SYNTH_0233,Global,success,,269.4,0.66666667,2,0.9183,HLA-A=A*33:01:01 | HLA-C=C*08:02:01:01 | HLA-B=B*14:02:01:01 | DRB345=Abs | DRB1=DRB1*01:02:01 | DQA1=DQA1*01:01:02 | DQB1=DQB1*05:01:01:01 | DPA1=DPA1*01:03:01:02 | DPB1=DPB1*04:01:01:01/DPB1*04:01:01:02,HLA-A=A*02:01:01:01 | HLA-C=C*16:01:01:01 | HLA-B=B*44:03:01:01 | DRB345=DRB4*01:01:01:01 | DRB1=DRB1*07:01:01:01SG | DQA1=DQA1*02:01:01:01SG | DQB1=DQB1*04:02:01 | DPA1=DPA1*02:01:08 | DPB1=DPB1*01:01:01,False,False,1.0,1.0,1.0,1.0,1.0,1.0,1.0,1.0,0.0
SYNTH_0234,Global,success,,252.6,0.6,2,0.971,HLA-A=A*03:01:01:01 | HLA-C=C*07:02:01:03 | HLA-B=B*07:02:01 | DRB345=DRB4*01:03:01:01/DRB4*01:03:01:01:03 | DRB1=DRB1*04:04:01 | DQA1=DQA1*03:01:01 | DQB1=DQB1*03:02:01 | DPA1=DPA1*01:03:01:03 | DPB1=DPB1*06:01:01,HLA-A=A*03:01:01:01 | HLA-C=C*03:03:01:01 | HLA-B=B*15:01:01:01 | DRB345=DRB5*01:01:01 | DRB1=DRB1*15:01:01:01SG | DQA1=DQA1*01:02:01:01SG | DQB1=DQB1*06:02:01 | DPA1=DPA1*01:03:01:02 | DPB1=DPB1*04:01:01:01/DPB1*04:01:01:02,False,False,1.0,1.0,1.0,0.0,1.0,1.0,1.0,1.0,0.0
SYNTH_0235,Global,success,,6603.1,0.0,0,0.0,,,False,False,,,,,,,,,
SYNTH_0236,Global,success,,353.4,0.12089972,40,4.3661,HLA-A=A*02:01:01:01 | HLA-C=C*07:02:01:03 | HLA-B=B*07:02:01 | DRB345=DRB5*01:01:01 | DRB1=DRB1*15:01:01:01SG | DQA1=DQA1*01:02:01:01SG | DQB1=DQB1*06:02:01 | DPA1=DPA1*01:03:01:04 | DPB1=DPB1*04:01:01:01/DPB1*04:01:01:02,HLA-A=A*03:01:01:01 | HLA-C=C*01:02:01 | HLA-B=B*51:01:01:01 | DRB345=Abs | DRB1=DRB1*01:01:01 | DQA1=DQA1*01:01:01:02SG | DQB1=DQB1*05:01:01:03 | DPA1=DPA1*01:03:01:03 | DPB1=DPB1*03:01:01,False,False,0.0,1.0,0.0,1.0,1.0,1.0,1.0,1.0,0.0
SYNTH_0237,Global,success,,284.7,1.0,1,0.0,HLA-A=A*25:01:01 | HLA-C=C*12:03:01:01 | HLA-B=B*18:01:01:02 | DRB345=DRB5*01:01:01 | DRB1=DRB1*15:01:01:01SG | DQA1=DQA1*01:02:01:01SG | DQB1=DQB1*06:02:01 | DPA1=DPA1*01:03:01:04 | DPB1=DPB1*23:01:01,HLA-A=A*23:01:01 | HLA-C=C*04:01:01:01 | HLA-B=B*44:03:01:01 | DRB345=DRB4*01:01:01:01 | DRB1=DRB1*07:01:01:01SG | DQA1=DQA1*02:01:01:01SG | DQB1=DQB1*02:02:01:01 | DPA1=DPA1*01:03:01:01 | DPB1=DPB1*02:01:02/DPB1*02:01:19,False,False,1.0,1.0,1.0,1.0,1.0,1.0,1.0,1.0,0.0
SYNTH_0238,Global,success,,277.1,1.0,1,0.0,HLA-A=A*02:01:01:01 | HLA-C=C*03:03:01:01 | HLA-B=B*15:01:01:01 | DRB345=DRB3*02:02:01:02 | DRB1=DRB1*13:01:01:01SG | DQA1=DQA1*01:03:01:02SG | DQB1=DQB1*06:03:01 | DPA1=DPA1*01:03:01:04 | DPB1=DPB1*04:01:01:01/DPB1*04:01:01:02,HLA-A=A*03:01:01:01 | HLA-C=C*07:02:01:03 | HLA-B=B*07:02:01 | DRB345=DRB3*01:01:02:01 | DRB1=DRB1*13:01:01:01SG | DQA1=DQA1*01:03:01:02SG | DQB1=DQB1*06:03:01 | DPA1=DPA1*01:03:01:03 | DPB1=DPB1*03:01:01,False,False,1.0,1.0,1.0,1.0,1.0,1.0,1.0,1.0,0.0
SYNTH_0239,Global,success,,177.1,1.0,1,0.0,HLA-A=A*01:01:01:01 | HLA-C=C*07:01:01:01 | HLA-B=B*08:01:01:01 | DRB345=DRB3*01:01:02:01 | DRB1=DRB1*03:01:01:01SG | DQA1=DQA1*05:01:01:02 | DQB1=DQB1*02:01:01 | DPA1=DPA1*01:03:01:02 | DPB1=DPB1*04:01:01:01/DPB1*04:01:01:02,HLA-A=A*24:02:01:01 | HLA-C=C*07:02:01:03 | HLA-B=B*07:02:01 | DRB345=DRB5*01:01:01 | DRB1=DRB1*15:01:01:01SG | DQA1=DQA1*01:02:01:01SG | DQB1=DQB1*06:02:01 | DPA1=DPA1*01:03:01:04 | DPB1=DPB1*04:01:01:01/DPB1*04:01:01:02,False,False,1.0,1.0,1.0,1.0,1.0,1.0,1.0,1.0,0.0
SYNTH_0240,Global,success,,191.2,1.0,1,0.0,HLA-A=A*01:01:01:01 | HLA-C=C*07:01:01:01 | HLA-B=B*08:01:01:01 | DRB345=DRB3*01:01:02:01 | DRB1=DRB1*03:01:01:01SG | DQA1=DQA1*05:01:01:02 | DQB1=DQB1*02:01:01 | DPA1=DPA1*01:03:01:02 | DPB1=DPB1*04:01:01:01/DPB1*04:01:01:02,HLA-A=A*03:01:01:01 | HLA-C=C*04:01:01:01 | HLA-B=B*35:03:01 | DRB345=Abs | DRB1=DRB1*01:01:01 | DQA1=DQA1*01:01:01:02SG | DQB1=DQB1*05:01:01:03 | DPA1=DPA1*01:03:01:02 | DPB1=DPB1*04:01:01:01/DPB1*04:01:01:02,False,False,1.0,1.0,1.0,1.0,1.0,1.0,1.0,1.0,0.0
SYNTH_0241,Global,success,,179.7,1.0,1,0.0,HLA-A=A*11:01:01:01 | HLA-C=C*04:01:01:05 | HLA-B=B*35:01:01:02 | DRB345=Abs | DRB1=DRB1*01:01:01 | DQA1=DQA1*01:01:01:02SG | DQB1=DQB1*05:01:01:03 | DPA1=DPA1*01:03:01:02 | DPB1=DPB1*04:01:01:01/DPB1*04:01:01:02,HLA-A=A*02:01:01:01 | HLA-C=C*05:01:01:02 | HLA-B=B*44:02:01:01 | DRB345=DRB4*01:03:01:01/DRB4*01:03:01:01:03 | DRB1=DRB1*04:01:01:01SG | DQA1=DQA1*03:03:01:01 | DQB1=DQB1*03:01:01:01 | DPA1=DPA1*01:03:01:02 | DPB1=DPB1*04:01:01:01/DPB1*04:01:01:02,False,False,1.0,1.0,1.0,0.0,1.0,1.0,1.0,1.0,0.0
SYNTH_0242,Global,success,,167.8,0.17820513,48,4.1536,HLA-A=A*01:01:01:01 | HLA-C=C*07:01:01:01 | HLA-B=B*08:01:01:01 | DRB345=DRB3*01:01:02:01 | DRB1=DRB1*03:01:01:01SG | DQA1=DQA1*05:01:01:02 | DQB1=DQB1*02:01:01 | DPA1=DPA1*01:03:01:02 | DPB1=DPB1*04:01:01:01/DPB1*04:01:01:02,HLA-A=A*01:01:01:01 | HLA-C=C*06:02:01:01 | HLA-B=B*57:01:01 | DRB345=DRB4*01:03:01:02N | DRB1=DRB1*07:01:01:01SG | DQA1=DQA1*02:01:01:01SG | DQB1=DQB1*03:03:02:01 | DPA1=DPA1*01:03:01:04 | DPB1=DPB1*04:01:01:01/DPB1*04:01:01:02,False,False,1.0,1.0,1.0,1.0,1.0,1.0,1.0,0.0,0.0
SYNTH_0243,Global,success,,132.0,0.93478261,2,0.3478,HLA-A=A*02:01:01:01 | HLA-C=C*07:02:01:03 | HLA-B=B*07:02:01 | DRB345=DRB5*01:01:01 | DRB1=DRB1*15:01:01:01SG | DQA1=DQA1*01:02:01:01SG | DQB1=DQB1*06:02:01 | DPA1=DPA1*01:03:01:04 | DPB1=DPB1*04:01:01:01/DPB1*04:01:01:02,HLA-A=A*02:01:01:01 | HLA-C=C*03:04:01:01 | HLA-B=B*40:01:02 | DRB345=DRB3*03:01:01 | DRB1=DRB1*13:02:01 | DQA1=DQA1*01:02:01:04SG | DQB1=DQB1*06:04:01 | DPA1=DPA1*01:03:01:02 | DPB1=DPB1*04:01:01:01/DPB1*04:01:01:02,False,False,1.0,1.0,1.0,1.0,1.0,1.0,1.0,1.0,0.0
SYNTH_0244,Global,success,,119.6,0.57894737,3,1.3838,HLA-A=A*02:01:01:01 | HLA-C=C*07:01:01:01 | HLA-B=B*18:01:01:02 | DRB345=DRB3*02:02:01:02 | DRB1=DRB1*11:04:01 | DQA1=DQA1*05:05:01:01SG | DQB1=DQB1*03:01:01:03 | DPA1=DPA1*01:03:01:05 | DPB1=DPB1*04:02:01:01,HLA-A=A*68:03:01 | HLA-C=C*03:05 | HLA-B=B*35:01:01:02 | DRB345=DRB4*01:03:01:01/DRB4*01:03:01:01:03 | DRB1=DRB1*04:07:01 | DQA1=DQA1*03:01:01 | DQB1=DQB1*03:02:01 | DPA1=DPA1*01:03:01:05 | DPB1=DPB1*04:02:01:02,False,False,1.0,1.0,1.0,0.0,1.0,1.0,1.0,1.0,1.0
SYNTH_0245,Global,success,,142.5,1.0,1,0.0,HLA-A=A*03:01:01:01 | HLA-C=C*16:01:01:01 | HLA-B=B*44:03:01:01 | DRB345=DRB4*01:01:01:01 | DRB1=DRB1*07:01:01:01SG | DQA1=DQA1*02:01:01:01SG | DQB1=DQB1*02:02:01:01 | DPA1=DPA1*02:02:02 | DPB1=DPB1*01:01:01,HLA-A=A*01:01:01:01 | HLA-C=C*07:01:01:01 | HLA-B=B*08:01:01:01 | DRB345=Abs | DRB1=DRB1*01:01:01 | DQA1=DQA1*01:01:01:02SG | DQB1=DQB1*05:01:01:03 | DPA1=DPA1*01:03:01:02 | DPB1=DPB1*04:01:01:01/DPB1*04:01:01:02,False,False,1.0,1.0,1.0,1.0,1.0,1.0,1.0,1.0,0.0
SYNTH_0246,Global,success,,141.0,0.44791667,7,1.8444,HLA-A=A*02:01:01:01 | HLA-C=C*07:02:01:03 | HLA-B=B*07:02:01 | DRB345=DRB5*01:01:01 | DRB1=DRB1*15:01:01:01SG | DQA1=DQA1*01:02:01:01SG | DQB1=DQB1*06:02:01 | DPA1=DPA1*01:03:01:04 | DPB1=DPB1*04:01:01:01/DPB1*04:01:01:02,HLA-A=A*03:01:01:01 | HLA-C=C*07:02:01:03 | HLA-B=B*07:02:01 | DRB345=DRB5*01:01:01 | DRB1=DRB1*15:01:01:01SG | DQA1=DQA1*01:02:02 | DQB1=DQB1*05:02:01 | DPA1=DPA1*01:03:01:03 | DPB1=DPB1*06:01:01,False,False,1.0,1.0,1.0,1.0,1.0,1.0,1.0,0.0,0.0
SYNTH_0247,Global,success,,139.7,1.0,1,0.0,HLA-A=A*02:01:01:01 | HLA-C=C*03:03:01:01 | HLA-B=B*15:01:01:01 | DRB345=DRB3*02:02:01:02 | DRB1=DRB1*13:01:01:01SG | DQA1=DQA1*01:03:01:02SG | DQB1=DQB1*06:03:01 | DPA1=DPA1*01:03:01:04 | DPB1=DPB1*04:01:01:01/DPB1*04:01:01:02,HLA-A=A*02:01:01:01 | HLA-C=C*03:04:01:01 | HLA-B=B*15:01:01:01 | DRB345=DRB5*01:01:01 | DRB1=DRB1*15:01:01:01SG | DQA1=DQA1*01:02:01:01SG | DQB1=DQB1*06:02:01 | DPA1=DPA1*01:03:01:02 | DPB1=DPB1*04:01:01:01/DPB1*04:01:01:02,False,False,1.0,1.0,1.0,1.0,1.0,1.0,1.0,1.0,0.0
SYNTH_0248,Global,success,,117.3,0.23132396,70,3.9494,HLA-A=A*01:01:01:01 | HLA-C=C*07:01:01:01 | HLA-B=B*08:01:01:01 | DRB345=DRB3*01:01:02:01 | DRB1=DRB1*03:01:01:01SG | DQA1=DQA1*05:01:01:02 | DQB1=DQB1*02:01:01 | DPA1=DPA1*01:03:01:02 | DPB1=DPB1*04:01:01:01/DPB1*04:01:01:02,HLA-A=A*01:01:01:01 | HLA-C=C*07:01:01:01 | HLA-B=B*08:01:01:01 | DRB345=DRB3*01:01:02:01 | DRB1=DRB1*03:01:01:01SG | DQA1=DQA1*05:01:01:02 | DQB1=DQB1*02:01:01 | DPA1=DPA1*02:01:02 | DPB1=DPB1*01:01:01,False,False,1.0,1.0,1.0,1.0,1.0,1.0,1.0,1.0,0.0
SYNTH_0249,Global,success,,115.5,1.0,1,0.0,HLA-A=A*03:01:01:01 | HLA-C=C*02:02:02:01 | HLA-B=B*51:01:01:01 | DRB345=Abs | DRB1=DRB1*01:01:01 | DQA1=DQA1*01:01:01:02SG | DQB1=DQB1*05:01:01:03 | DPA1=DPA1*01:03:01:05 | DPB1=DPB1*04:02:01:02,HLA-A=A*02:01:01:01 | HLA-C=C*06:02:01:01 | HLA-B=B*57:01:01 | DRB345=DRB4*01:03:01:02N | DRB1=DRB1*07:01:01:01SG | DQA1=DQA1*02:01:01:01SG | DQB1=DQB1*03:03:02:01 | DPA1=DPA1*01:03:01:04 | DPB1=DPB1*04:01:01:01/DPB1*04:01:01:02,False,False,1.0,1.0,1.0,1.0,1.0,1.0,1.0,1.0,0.0
SYNTH_0250,Global,success,,108.9,0.33333333,9,2.8015,HLA-A=A*02:01:01:01 | HLA-C=C*03:04:01:01 | HLA-B=B*40:01:02 | DRB345=DRB3*03:01:01 | DRB1=DRB1*13:02:01 | DQA1=DQA1*01:02:01:04SG | DQB1=DQB1*06:04:01 | DPA1=DPA1*01:03:01:02 | DPB1=DPB1*04:01:01:01/DPB1*04:01:01:02,HLA-A=A*29:01:01:01 | HLA-C=C*15:05:02 | HLA-B=B*07:05:01:01 | DRB345=Abs | DRB1=DRB1*10:01:01:01 | DQA1=DQA1*01:05:01 | DQB1=DQB1*05:01:01:02 | DPA1=DPA1*01:03:01:01 | DPB1=DPB1*02:01:02/DPB1*02:01:19,False,False,0.0,1.0,1.0,1.0,1.0,1.0,1.0,0.0,0.0
SYNTH_0251,Global,success,,111.3,1.0,1,0.0,HLA-A=A*03:01:01:01 | HLA-C=C*04:01:01:01 | HLA-B=B*35:01:01:02 | DRB345=Abs | DRB1=DRB1*01:01:01 | DQA1=DQA1*01:01:01:02SG | DQB1=DQB1*05:01:01:03 | DPA1=DPA1*01:03:01:01 | DPB1=DPB1*02:01:02/DPB1*02:01:19,HLA-A=A*68:01:01:02 | HLA-C=C*06:02:01:01 | HLA-B=B*58:02:01 | DRB345=DRB3*02:02:01:02 | DRB1=DRB1*12:01:01:03 | DQA1=DQA1*01:05:01 | DQB1=DQB1*05:01:01:02 | DPA1=DPA1*01:03:01:02 | DPB1=DPB1*18:01,False,False,1.0,1.0,1.0,1.0,1.0,1.0,1.0,1.0,0.0
SYNTH_0252,Global,success,,86.9,1.0,1,0.0,HLA-A=A*01:01:01:01 | HLA-C=C*07:01:01:01 | HLA-B=B*08:01:01:01 | DRB345=DRB3*01:01:02:01 | DRB1=DRB1*03:01:01:01SG | DQA1=DQA1*05:01:01:02 | DQB1=DQB1*02:01:01 | DPA1=DPA1*02:01:02 | DPB1=DPB1*01:01:01,HLA-A=A*02:01:01:01 | HLA-C=C*14:02:01:01 | HLA-B=B*51:01:01:01 | DRB345=DRB5*02:02 | DRB1=DRB1*16:01:01 | DQA1=DQA1*01:02:02 | DQB1=DQB1*05:02:01 | DPA1=DPA1*01:03:01:02 | DPB1=DPB1*04:01:01:01/DPB1*04:01:01:02,False,False,1.0,1.0,1.0,1.0,1.0,1.0,1.0,1.0,0.0
SYNTH_0253,Global,success,,82.3,1.0,1,0.0,HLA-A=A*01:01:01:01 | HLA-C=C*07:01:01:01 | HLA-B=B*08:01:01:01 | DRB345=DRB3*01:01:02:01 | DRB1=DRB1*03:01:01:01SG | DQA1=DQA1*05:01:01:02 | DQB1=DQB1*02:01:01 | DPA1=DPA1*01:03:01:02 | DPB1=DPB1*04:01:01:01/DPB1*04:01:01:02,HLA-A=A*01:01:01:01 | HLA-C=C*06:02:01:01 | HLA-B=B*37:01:01 | DRB345=DRB5*01:01:01 | DRB1=DRB1*15:01:01:01SG | DQA1=DQA1*01:02:01:01SG | DQB1=DQB1*06:02:01 | DPA1=DPA1*01:03:01:04 | DPB1=DPB1*04:01:01:01/DPB1*04:01:01:02,False,False,1.0,1.0,1.0,1.0,1.0,1.0,1.0,1.0,0.0
SYNTH_0254,Global,success,,43.1,0.98245614,2,0.1274,HLA-A=A*03:01:01:01 | HLA-C=C*07:02:01:03 | HLA-B=B*07:02:01 | DRB345=DRB5*01:01:01 | DRB1=DRB1*15:01:01:01SG | DQA1=DQA1*01:02:01:01SG | DQB1=DQB1*06:02:01 | DPA1=DPA1*01:03:01:02 | DPB1=DPB1*04:01:01:01/DPB1*04:01:01:02,HLA-A=A*24:02:01:01 | HLA-C=C*04:01:01:06 | HLA-B=B*35:08:01 | DRB345=DRB4*01:03:01:01/DRB4*01:03:01:01:03 | DRB1=DRB1*04:03:01 | DQA1=DQA1*03:01:01 | DQB1=DQB1*03:02:01 | DPA1=DPA1*01:03:01:01 | DPB1=DPB1*02:01:02/DPB1*02:01:19,False,False,1.0,1.0,1.0,0.0,1.0,1.0,1.0,1.0,0.0
SYNTH_0255,Global,success,,236.9,1.0,1,0.0,HLA-A=A*03:01:01:01 | HLA-C=C*07:02:01:03 | HLA-B=B*07:02:01 | DRB345=DRB5*01:01:01 | DRB1=DRB1*15:01:01:01SG | DQA1=DQA1*01:02:01:01SG | DQB1=DQB1*06:02:01 | DPA1=DPA1*01:03:01:02 | DPB1=DPB1*04:01:01:01/DPB1*04:01:01:02,HLA-A=A*30:01:01 | HLA-C=C*06:02:01:01 | HLA-B=B*13:02:01 | DRB345=DRB4*01:03:01:01/DRB4*01:03:01:01:03 | DRB1=DRB1*07:01:01:01SG | DQA1=DQA1*02:01:01:01SG | DQB1=DQB1*02:02:01:01 | DPA1=DPA1*01:03:01:01 | DPB1=DPB1*02:01:02/DPB1*02:01:19,False,False,1.0,1.0,1.0,0.0,1.0,1.0,1.0,1.0,0.0
SYNTH_0256,Global,success,,407.5,0.19964349,18,3.2926,HLA-A=A*03:01:01:01 | HLA-C=C*07:02:01:03 | HLA-B=B*07:02:01 | DRB345=DRB5*01:01:01 | DRB1=DRB1*15:01:01:01SG | DQA1=DQA1*01:02:01:01SG | DQB1=DQB1*06:02:01 | DPA1=DPA1*01:03:01:02 | DPB1=DPB1*04:01:01:01/DPB1*04:01:01:02,HLA-A=A*03:01:01:01 | HLA-C=C*07:01:01:01 | HLA-B=B*49:01:01 | DRB345=DRB3*02:02:01:02 | DRB1=DRB1*11:01:01:01 | DQA1=DQA1*05:05:01:01SG | DQB1=DQB1*03:01:01:03 | DPA1=DPA1*01:03:01:04 | DPB1=DPB1*04:01:01:01/DPB1*04:01:01:02,False,False,0.0,1.0,0.0,1.0,1.0,1.0,1.0,1.0,0.0
SYNTH_0257,Global,success,,207.8,0.3125,5,2.2272,HLA-A=A*68:01:01:02 | HLA-C=C*06:02:01:01 | HLA-B=B*58:02:01 | DRB345=DRB3*02:02:01:02 | DRB1=DRB1*12:01:01:03 | DQA1=DQA1*01:05:01 | DQB1=DQB1*05:01:01:02 | DPA1=DPA1*01:03:01:02 | DPB1=DPB1*18:01,HLA-A=A*11:01:01:01 | HLA-C=C*12:02:02 | HLA-B=B*52:01:01:02 | DRB345=DRB5*01:02 | DRB1=DRB1*15:02:01:01SG | DQA1=DQA1*01:03:01:01 | DQB1=DQB1*06:01:01 | DPA1=DPA1*02:01:01:01 | DPB1=DPB1*17:01,False,False,1.0,1.0,1.0,1.0,1.0,1.0,1.0,0.0,0.0
SYNTH_0258,Global,success,,97.7,0.88043478,3,0.6292,HLA-A=A*01:01:01:01 | HLA-C=C*07:01:01:01 | HLA-B=B*08:01:01:01 | DRB345=DRB3*01:01:02:01 | DRB1=DRB1*03:01:01:01SG | DQA1=DQA1*05:01:01:02 | DQB1=DQB1*02:01:01 | DPA1=DPA1*02:01:02 | DPB1=DPB1*01:01:01,HLA-A=A*24:02:01:01 | HLA-C=C*07:02:01:03 | HLA-B=B*07:02:01 | DRB345=DRB5*01:01:01 | DRB1=DRB1*15:01:01:01SG | DQA1=DQA1*01:02:01:01SG | DQB1=DQB1*06:02:01 | DPA1=DPA1*01:03:01:03 | DPB1=DPB1*03:01:01,True,False,1.0,1.0,1.0,1.0,1.0,1.0,1.0,1.0,1.0
SYNTH_0259,Global,success,,206.9,1.0,1,0.0,HLA-A=A*26:01:01:01 | HLA-C=C*12:03:01:01 | HLA-B=B*38:01:01 | DRB345=DRB4*01:03:01:01/DRB4*01:03:01:01:03 | DRB1=DRB1*04:02:01 | DQA1=DQA1*03:01:01 | DQB1=DQB1*03:02:01 | DPA1=DPA1*01:03:01:04 | DPB1=DPB1*04:01:01:01/DPB1*04:01:01:02,HLA-A=A*02:01:01:01 | HLA-C=C*05:01:01:02 | HLA-B=B*44:02:01:01 | DRB345=DRB4*01:03:01:01/DRB4*01:03:01:01:03 | DRB1=DRB1*07:01:01:01SG | DQA1=DQA1*02:01:01:01SG | DQB1=DQB1*02:02:01:01 | DPA1=DPA1*01:03:01:02 | DPB1=DPB1*02:01:02/DPB1*02:01:19,False,False,1.0,1.0,1.0,0.0,1.0,1.0,1.0,1.0,0.0
SYNTH_0260,Global,success,,322.0,0.32183908,24,3.1064,HLA-A=A*03:01:01:01 | HLA-C=C*07:02:01:03 | HLA-B=B*07:02:01 | DRB345=DRB5*01:01:01 | DRB1=DRB1*15:01:01:01SG | DQA1=DQA1*01:02:01:01SG | DQB1=DQB1*06:02:01 | DPA1=DPA1*01:03:01:02 | DPB1=DPB1*04:01:01:01/DPB1*04:01:01:02,HLA-A=A*32:01:01 | HLA-C=C*08:02:01:02 | HLA-B=B*14:01:01 | DRB345=DRB4*01:01:01:01 | DRB1=DRB1*07:01:01:01SG | DQA1=DQA1*02:01:01:01SG | DQB1=DQB1*02:02:01:01 | DPA1=DPA1*01:03:01:02 | DPB1=DPB1*04:01:01:01/DPB1*04:01:01:02,False,False,1.0,1.0,1.0,1.0,1.0,1.0,1.0,1.0,0.0
SYNTH_0261,Global,success,,339.9,0.91011236,2,0.4361,HLA-A=A*01:01:01:01 | HLA-C=C*07:01:01:01 | HLA-B=B*08:01:01:01 | DRB345=DRB3*01:01:02:01 | DRB1=DRB1*03:01:01:01SG | DQA1=DQA1*05:01:01:02 | DQB1=DQB1*02:01:01 | DPA1=DPA1*02:01:02 | DPB1=DPB1*01:01:01,HLA-A=A*23:01:01 | HLA-C=C*04:01:01:01 | HLA-B=B*44:03:01:01 | DRB345=DRB4*01:01:01:01 | DRB1=DRB1*07:01:01:01SG | DQA1=DQA1*02:01:01:01SG | DQB1=DQB1*02:02:01:01 | DPA1=DPA1*01:03:01:01 | DPB1=DPB1*02:01:02/DPB1*02:01:19,False,False,1.0,1.0,1.0,1.0,1.0,1.0,1.0,1.0,0.0
SYNTH_0262,Global,success,,208.3,1.0,1,0.0,HLA-A=A*02:01:01:01 | HLA-C=C*05:01:01:02 | HLA-B=B*44:02:01:01 | DRB345=Abs | DRB1=DRB1*01:01:01 | DQA1=DQA1*01:01:01:02SG | DQB1=DQB1*05:01:01:03 | DPA1=DPA1*01:03:01:02 | DPB1=DPB1*04:01:01:01/DPB1*04:01:01:02,HLA-A=A*30:01:01 | HLA-C=C*06:02:01:01 | HLA-B=B*13:02:01 | DRB345=DRB4*01:03:01:01/DRB4*01:03:01:01:03 | DRB1=DRB1*07:01:01:01SG | DQA1=DQA1*02:01:01:01SG | DQB1=DQB1*02:02:01:01 | DPA1=DPA1*01:03:01:04 | DPB1=DPB1*04:01:01:01/DPB1*04:01:01:02,False,False,1.0,1.0,1.0,0.0,1.0,1.0,1.0,1.0,0.0
SYNTH_0263,Global,success,,301.3,0.94285714,2,0.316,HLA-A=A*29:02:01:01 | HLA-C=C*16:01:01:01 | HLA-B=B*44:03:01:01 | DRB345=DRB4*01:01:01:01 | DRB1=DRB1*07:01:01:01SG | DQA1=DQA1*02:01:01:01SG | DQB1=DQB1*02:02:01:01 | DPA1=DPA1*02:01:01:01 | DPB1=DPB1*11:01:01,HLA-A=A*01:01:01:01 | HLA-C=C*07:01:01:01 | HLA-B=B*08:01:01:01 | DRB345=DRB3*01:01:02:01 | DRB1=DRB1*03:01:01:01SG | DQA1=DQA1*05:01:01:02 | DQB1=DQB1*02:01:01 | DPA1=DPA1*02:01:01:02 | DPB1=DPB1*09:01:01,True,False,1.0,1.0,1.0,1.0,1.0,1.0,1.0,1.0,1.0
SYNTH_0264,Global,success,,184.7,0.19160401,112,4.8122,HLA-A=A*01:01:01:01 | HLA-C=C*07:01:01:01 | HLA-B=B*08:01:01:01 | DRB345=DRB3*01:01:02:01 | DRB1=DRB1*03:01:01:01SG | DQA1=DQA1*05:01:01:02 | DQB1=DQB1*02:01:01 | DPA1=DPA1*01:03:01:02 | DPB1=DPB1*04:01:01:01/DPB1*04:01:01:02,HLA-A=A*29:02:01:01 | HLA-C=C*16:01:01:01 | HLA-B=B*44:03:01:01 | DRB345=DRB4*01:01:01:01 | DRB1=DRB1*07:01:01:01SG | DQA1=DQA1*02:01:01:01SG | DQB1=DQB1*02:02:01:01 | DPA1=DPA1*02:01:01:01 | DPB1=DPB1*11:01:01,False,False,1.0,1.0,1.0,0.0,1.0,1.0,1.0,0.0,0.0
SYNTH_0265,Global,success,,240.3,1.0,1,0.0,HLA-A=A*30:01:01 | HLA-C=C*17:01:01:02 | HLA-B=B*42:02:01:02 | DRB345=Abs | DRB1=DRB1*08:04:01 | DQA1=DQA1*05:05:01:01SG | DQB1=DQB1*03:01:04 | DPA1=DPA1*02:01:01:01 | DPB1=DPB1*11:01:01,HLA-A=A*02:01:01:01 | HLA-C=C*05:01:01:02 | HLA-B=B*44:02:01:01 | DRB345=DRB3*02:02:01:02 | DRB1=DRB1*12:01:01:03 | DQA1=DQA1*05:05:01:05SG | DQB1=DQB1*03:01:01:01 | DPA1=DPA1*01:03:01:02 | DPB1=DPB1*04:01:01:01/DPB1*04:01:01:02,False,False,1.0,1.0,1.0,1.0,1.0,1.0,1.0,1.0,0.0
SYNTH_0266,Global,success,,249.5,0.23166667,40,3.9031,HLA-A=A*01:01:01:01 | HLA-C=C*07:01:01:01 | HLA-B=B*08:01:01:01 | DRB345=DRB3*01:01:02:01 | DRB1=DRB1*03:01:01:01SG | DQA1=DQA1*05:01:01:02 | DQB1=DQB1*02:01:01 | DPA1=DPA1*01:03:01:02 | DPB1=DPB1*04:01:01:01/DPB1*04:01:01:02,HLA-A=A*25:01:01 | HLA-C=C*12:03:01:01 | HLA-B=B*18:01:01:02 | DRB345=DRB5*01:01:01 | DRB1=DRB1*15:01:01:01SG | DQA1=DQA1*01:02:01:01SG | DQB1=DQB1*06:02:01 | DPA1=DPA1*01:03:01:02 | DPB1=DPB1*04:01:01:01/DPB1*04:01:01:02,False,False,1.0,1.0,1.0,1.0,1.0,1.0,1.0,0.0,0.0
SYNTH_0267,Global,success,,242.0,0.96666667,2,0.2108,HLA-A=A*02:01:01:01 | HLA-C=C*05:01:01:02 | HLA-B=B*44:02:01:01 | DRB345=DRB3*02:02:01:02 | DRB1=DRB1*11:03:01 | DQA1=DQA1*05:05:01:01SG | DQB1=DQB1*03:01:01:02 | DPA1=DPA1*01:03:01:02 | DPB1=DPB1*04:01:01:01/DPB1*04:01:01:02,HLA-A=A*02:01:01:01 | HLA-C=C*05:01:01:02 | HLA-B=B*44:02:01:01 | DRB345=DRB4*01:03:01:01/DRB4*01:03:01:01:03 | DRB1=DRB1*04:01:01:01SG | DQA1=DQA1*03:03:01:01 | DQB1=DQB1*03:01:01:01 | DPA1=DPA1*01:03:01:04 | DPB1=DPB1*04:01:01:01/DPB1*04:01:01:02,False,False,1.0,1.0,1.0,0.0,1.0,1.0,1.0,1.0,0.0
SYNTH_0268,Global,success,,232.2,1.0,1,0.0,HLA-A=A*03:01:01:01 | HLA-C=C*02:02:02:01 | HLA-B=B*51:01:01:01 | DRB345=Abs | DRB1=DRB1*01:01:01 | DQA1=DQA1*01:01:01:02SG | DQB1=DQB1*05:01:01:03 | DPA1=DPA1*01:03:01:05 | DPB1=DPB1*04:02:01:02,HLA-A=A*24:02:01:01 | HLA-C=C*07:04:01:01 | HLA-B=B*44:02:01:03 | DRB345=DRB3*02:02:01:02 | DRB1=DRB1*11:01:01:01 | DQA1=DQA1*05:05:01:01SG | DQB1=DQB1*03:01:01:03 | DPA1=DPA1*01:03:01:01 | DPB1=DPB1*02:01:02/DPB1*02:01:19,False,False,1.0,1.0,1.0,1.0,1.0,1.0,1.0,1.0,0.0
SYNTH_0269,Global,success,,118.4,1.0,1,0.0,HLA-A=A*01:01:01:01 | HLA-C=C*07:01:01:01 | HLA-B=B*08:01:01:01 | DRB345=DRB3*01:01:02:01 | DRB1=DRB1*03:01:01:01SG | DQA1=DQA1*05:01:01:02 | DQB1=DQB1*02:01:01 | DPA1=DPA1*01:03:01:02 | DPB1=DPB1*04:01:01:01/DPB1*04:01:01:02,HLA-A=A*01:01:01:01 | HLA-C=C*06:02:01:01 | HLA-B=B*57:01:01 | DRB345=DRB3*02:02:01:02 | DRB1=DRB1*13:05:01 | DQA1=DQA1*05:05:01:01SG | DQB1=DQB1*03:01:01:03 | DPA1=DPA1*01:03:01:02 | DPB1=DPB1*04:01:01:01/DPB1*04:01:01:02,False,False,1.0,1.0,1.0,1.0,1.0,1.0,1.0,1.0,0.0
SYNTH_0270,Global,success,,143.8,0.31664212,16,2.9293,HLA-A=A*02:01:01:01 | HLA-C=C*07:02:01:03 | HLA-B=B*07:02:01 | DRB345=DRB5*01:01:01 | DRB1=DRB1*15:01:01:01SG | DQA1=DQA1*01:02:01:01SG | DQB1=DQB1*06:02:01 | DPA1=DPA1*01:03:01:04 | DPB1=DPB1*04:01:01:01/DPB1*04:01:01:02,HLA-A=A*66:02 | HLA-C=C*07:18 | HLA-B=B*58:01:01:01 | DRB345=DRB5*01:01:01 | DRB1=DRB1*15:03:01:01SG | DQA1=DQA1*01:02:01:01SG | DQB1=DQB1*06:02:01 | DPA1=DPA1*01:03:01:01 | DPB1=DPB1*02:01:02/DPB1*02:01:19,False,False,0.0,1.0,1.0,1.0,1.0,1.0,1.0,1.0,0.0
SYNTH_0271,Global,success,,184.6,1.0,1,0.0,HLA-A=A*30:02:01:01 | HLA-C=C*05:01:01:01 | HLA-B=B*18:01:01:01 | DRB345=Abs | DRB1=DRB1*01:01:01 | DQA1=DQA1*01:01:01:02SG | DQB1=DQB1*05:01:01:03 | DPA1=DPA1*01:03:01:01 | DPB1=DPB1*02:01:02/DPB1*02:01:19,HLA-A=A*30:01:01 | HLA-C=C*06:02:01:01 | HLA-B=B*13:02:01 | DRB345=DRB4*01:03:01:01/DRB4*01:03:01:01:03 | DRB1=DRB1*07:01:01:01SG | DQA1=DQA1*02:01:01:01SG | DQB1=DQB1*02:02:01:01 | DPA1=DPA1*02:01:01:01 | DPB1=DPB1*17:01,False,False,1.0,1.0,1.0,0.0,1.0,1.0,1.0,1.0,0.0
SYNTH_0272,Global,success,,183.6,1.0,1,0.0,HLA-A=A*24:02:01:01 | HLA-C=C*07:01:01:01 | HLA-B=B*08:01:01:01 | DRB345=DRB3*01:01:02:01 | DRB1=DRB1*03:01:01:01SG | DQA1=DQA1*05:01:01:02 | DQB1=DQB1*02:01:01 | DPA1=DPA1*02:01:02 | DPB1=DPB1*01:01:01,HLA-A=A*01:01:01:01 | HLA-C=C*07:01:01:01 | HLA-B=B*08:01:01:01 | DRB345=DRB3*01:01:02:01 | DRB1=DRB1*03:01:01:01SG | DQA1=DQA1*05:01:01:02 | DQB1=DQB1*02:01:01 | DPA1=DPA1*01:03:01:03 | DPB1=DPB1*03:01:01,True,True,1.0,1.0,1.0,1.0,1.0,1.0,1.0,1.0,1.0
SYNTH_0273,Global,success,,121.7,1.0,1,0.0,HLA-A=A*01:01:01:01 | HLA-C=C*07:01:01:01 | HLA-B=B*08:01:01:01 | DRB345=DRB3*01:01:02:01 | DRB1=DRB1*03:01:01:01SG | DQA1=DQA1*05:01:01:02 | DQB1=DQB1*02:01:01 | DPA1=DPA1*01:03:01:02 | DPB1=DPB1*04:01:01:01/DPB1*04:01:01:02,HLA-A=A*02:01:01:01 | HLA-C=C*06:02:01:01 | HLA-B=B*13:02:01 | DRB345=DRB4*01:03:01:01/DRB4*01:03:01:01:03 | DRB1=DRB1*07:01:01:01SG | DQA1=DQA1*02:01:01:01SG | DQB1=DQB1*02:02:01:01 | DPA1=DPA1*01:03:01:04 | DPB1=DPB1*04:01:01:01/DPB1*04:01:01:02,False,False,1.0,1.0,1.0,0.0,1.0,1.0,1.0,1.0,0.0
SYNTH_0274,Global,success,,123.8,1.0,1,0.0,HLA-A=A*11:01:01:01 | HLA-C=C*12:02:02 | HLA-B=B*52:01:01:02 | DRB345=DRB5*01:02 | DRB1=DRB1*15:02:01:01SG | DQA1=DQA1*01:03:01:01 | DQB1=DQB1*06:01:01 | DPA1=DPA1*02:01:01:01 | DPB1=DPB1*17:01,HLA-A=A*11:01:01:01 | HLA-C=C*02:02:02:01 | HLA-B=B*27:05:02 | DRB345=DRB3*02:02:01:02 | DRB1=DRB1*13:01:01:01SG | DQA1=DQA1*01:03:01:02SG | DQB1=DQB1*06:03:01 | DPA1=DPA1*01:03:01:05 | DPB1=DPB1*04:02:01:02,True,False,1.0,1.0,1.0,1.0,1.0,1.0,1.0,1.0,1.0
SYNTH_0275,Global,success,,267.3,0.76744186,5,1.2294,HLA-A=A*01:01:01:01 | HLA-C=C*06:02:01:01 | HLA-B=B*13:02:01 | DRB345=DRB5*01:01:01 | DRB1=DRB1*15:01:01:01SG | DQA1=DQA1*01:02:01:01SG | DQB1=DQB1*06:02:01 | DPA1=DPA1*01:03:01:02 | DPB1=DPB1*04:01:01:01/DPB1*04:01:01:02,HLA-A=A*29:02:01:01 | HLA-C=C*16:01:01:01 | HLA-B=B*44:03:01:01 | DRB345=DRB4*01:01:01:01 | DRB1=DRB1*07:01:01:01SG | DQA1=DQA1*02:01:01:01SG | DQB1=DQB1*02:02:01:01 | DPA1=DPA1*02:01:01:01 | DPB1=DPB1*11:01:01,False,False,1.0,1.0,1.0,1.0,1.0,1.0,1.0,1.0,0.0
SYNTH_0276,Global,success,,264.8,1.0,1,0.0,HLA-A=A*11:01:01:01 | HLA-C=C*04:01:01:05 | HLA-B=B*35:01:01:02 | DRB345=DRB4*01:03:01:01/DRB4*01:03:01:01:03 | DRB1=DRB1*04:04:01 | DQA1=DQA1*03:01:01 | DQB1=DQB1*03:02:01 | DPA1=DPA1*01:03:01:03 | DPB1=DPB1*04:01:01:01/DPB1*04:01:01:02,HLA-A=A*01:01:01:01 | HLA-C=C*07:01:01:01 | HLA-B=B*57:01:01 | DRB345=DRB4*01:03:01:02N | DRB1=DRB1*07:01:01:01SG | DQA1=DQA1*02:01:01:01SG | DQB1=DQB1*03:03:02:01 | DPA1=DPA1*01:03:01:02 | DPB1=DPB1*04:01:01:01/DPB1*04:01:01:02,False,False,1.0,1.0,1.0,0.0,1.0,1.0,1.0,1.0,0.0
SYNTH_0277,Global,success,,119.9,0.46333333,10,2.1531,HLA-A=A*01:01:01:01 | HLA-C=C*07:01:01:01 | HLA-B=B*08:01:01:01 | DRB345=DRB3*01:01:02:01 | DRB1=DRB1*03:01:01:01SG | DQA1=DQA1*05:01:01:02 | DQB1=DQB1*02:01:01 | DPA1=DPA1*01:03:01:02 | DPB1=DPB1*04:01:01:01/DPB1*04:01:01:02,HLA-A=A*23:01:01 | HLA-C=C*07:01:01:01 | HLA-B=B*49:01:01 | DRB345=DRB4*01:03:01:01/DRB4*01:03:01:01:03 | DRB1=DRB1*04:05:01 | DQA1=DQA1*03:03:01:01 | DQB1=DQB1*03:02:01 | DPA1=DPA1*02:01:01:01 | DPB1=DPB1*17:01,False,False,1.0,1.0,1.0,0.0,1.0,1.0,1.0,0.0,0.0
SYNTH_0278,Global,success,,98.9,1.0,1,0.0,HLA-A=A*30:01:01 | HLA-C=C*17:01:01:02 | HLA-B=B*42:01:01 | DRB345=DRB3*01:01:02:01 | DRB1=DRB1*03:02:01 | DQA1=DQA1*04:01:01 | DQB1=DQB1*04:02:01 | DPA1=DPA1*02:02:02 | DPB1=DPB1*01:01:01,HLA-A=A*03:01:01:01 | HLA-C=C*16:01:01:01 | HLA-B=B*44:03:01:01 | DRB345=DRB4*01:01:01:01 | DRB1=DRB1*07:01:01:01SG | DQA1=DQA1*02:01:01:01SG | DQB1=DQB1*02:02:01:01 | DPA1=DPA1*01:03:01:01 | DPB1=DPB1*02:01:02/DPB1*02:01:19,False,False,1.0,1.0,1.0,1.0,1.0,1.0,1.0,1.0,0.0
SYNTH_0279,Global,success,,244.0,0.57142857,2,0.9852,HLA-A=A*02:01:01:01 | HLA-C=C*04:01:01:01 | HLA-B=B*35:01:01:02 | DRB345=DRB3*01:01:02:01 | DRB1=DRB1*03:02:01 | DQA1=DQA1*04:01:01 | DQB1=DQB1*04:02:01 | DPA1=DPA1*02:02:02 | DPB1=DPB1*01:01:01,HLA-A=A*02:01:01:01 | HLA-C=C*03:03:01:01 | HLA-B=B*15:01:01:01 | DRB345=DRB4*01:03:01:01/DRB4*01:03:01:01:03 | DRB1=DRB1*04:01:01:01SG | DQA1=DQA1*03:01:01 | DQB1=DQB1*03:02:01 | DPA1=DPA1*01:03:01:05 | DPB1=DPB1*04:02:01:02,False,False,1.0,1.0,1.0,0.0,1.0,1.0,1.0,1.0,1.0
SYNTH_0280,Global,success,,240.6,1.0,1,0.0,HLA-A=A*03:01:01:01 | HLA-C=C*04:01:01:01 | HLA-B=B*35:01:01:02 | DRB345=DRB3*02:02:01:02 | DRB1=DRB1*13:01:01:01SG | DQA1=DQA1*01:03:01:02SG | DQB1=DQB1*06:03:01 | DPA1=DPA1*01:03:01:02 | DPB1=DPB1*04:01:01:01/DPB1*04:01:01:02,HLA-A=A*02:01:01:01 | HLA-C=C*07:02:01:03 | HLA-B=B*07:02:01 | DRB345=Abs | DRB1=DRB1*01:01:01 | DQA1=DQA1*01:01:01:02SG | DQB1=DQB1*05:01:01:03 | DPA1=DPA1*01:03:01:02 | DPB1=DPB1*04:01:01:01/DPB1*04:01:01:02,False,False,1.0,1.0,1.0,1.0,1.0,1.0,1.0,1.0,0.0
SYNTH_0281,Global,success,,240.6,0.94285714,2,0.316,HLA-A=A*01:01:01:01 | HLA-C=C*02:02:02:01 | HLA-B=B*27:05:02 | DRB345=DRB5*01:01:01 | DRB1=DRB1*15:01:01:01SG | DQA1=DQA1*01:02:01:01SG | DQB1=DQB1*06:02:01 | DPA1=DPA1*01:03:01:02 | DPB1=DPB1*04:01:01:01/DPB1*04:01:01:02,HLA-A=A*29:02:01:01 | HLA-C=C*16:01:01:01 | HLA-B=B*44:03:01:01 | DRB345=DRB4*01:01:01:01 | DRB1=DRB1*07:01:01:01SG | DQA1=DQA1*02:01:01:01SG | DQB1=DQB1*02:02:01:01 | DPA1=DPA1*02:01:01:01 | DPB1=DPB1*11:01:01,False,False,1.0,1.0,1.0,1.0,1.0,1.0,1.0,1.0,0.0
SYNTH_0282,Global,success,,825.5,0.40092166,9,1.9663,HLA-A=A*02:01:01:01 | HLA-C=C*05:01:01:02 | HLA-B=B*44:02:01:01 | DRB345=DRB4*01:03:01:01/DRB4*01:03:01:01:03 | DRB1=DRB1*04:01:01:01SG | DQA1=DQA1*03:03:01:01 | DQB1=DQB1*03:01:01:01 | DPA1=DPA1*01:03:01:04 | DPB1=DPB1*04:01:01:01/DPB1*04:01:01:02,HLA-A=A*11:01:01:01 | HLA-C=C*04:01:01:01 | HLA-B=B*35:01:01:02 | DRB345=Abs | DRB1=DRB1*01:01:01 | DQA1=DQA1*01:01:01:02SG | DQB1=DQB1*05:01:01:03 | DPA1=DPA1*01:03:01:03 | DPB1=DPB1*03:01:01,False,False,1.0,0.0,0.0,0.0,1.0,1.0,1.0,1.0,0.0
SYNTH_0283,Global,success,,275.9,0.6,2,0.971,HLA-A=A*32:01:01 | HLA-C=C*08:02:01:02 | HLA-B=B*14:01:01 | DRB345=DRB4*01:01:01:01 | DRB1=DRB1*07:01:01:01SG | DQA1=DQA1*02:01:01:01SG | DQB1=DQB1*02:02:01:01 | DPA1=DPA1*01:03:01:02 | DPB1=DPB1*04:01:01:01/DPB1*04:01:01:02,HLA-A=A*02:01:01:01 | HLA-C=C*07:02:01:03 | HLA-B=B*07:02:01 | DRB345=DRB5*01:01:01 | DRB1=DRB1*15:01:01:01SG | DQA1=DQA1*01:02:01:01SG | DQB1=DQB1*06:02:01 | DPA1=DPA1*01:03:01:02 | DPB1=DPB1*04:01:01:01/DPB1*04:01:01:02,False,False,1.0,1.0,1.0,1.0,1.0,1.0,1.0,1.0,0.0
SYNTH_0284,Global,success,,288.9,1.0,1,0.0,HLA-A=A*02:01:01:01 | HLA-C=C*07:02:01:03 | HLA-B=B*07:02:01 | DRB345=DRB5*01:01:01 | DRB1=DRB1*15:01:01:01SG | DQA1=DQA1*01:02:01:01SG | DQB1=DQB1*05:02:01 | DPA1=DPA1*01:03:01:02 | DPB1=DPB1*104:01,HLA-A=A*26:01:01:01 | HLA-C=C*12:03:01:01 | HLA-B=B*38:01:01 | DRB345=DRB4*01:03:01:01/DRB4*01:03:01:01:03 | DRB1=DRB1*04:02:01 | DQA1=DQA1*03:01:01 | DQB1=DQB1*03:02:01 | DPA1=DPA1*01:03:01:04 | DPB1=DPB1*04:01:01:01/DPB1*04:01:01:02,False,False,1.0,1.0,1.0,0.0,1.0,1.0,1.0,1.0,0.0
SYNTH_0285,Global,success,,270.1,0.6,2,0.971,HLA-A=A*02:01:01:01 | HLA-C=C*05:01:01:02 | HLA-B=B*44:02:01:01 | DRB345=DRB4*01:03:01:01/DRB4*01:03:01:01:03 | DRB1=DRB1*04:01:01:01SG | DQA1=DQA1*03:03:01:01 | DQB1=DQB1*03:01:01:01 | DPA1=DPA1*01:03:01:03 | DPB1=DPB1*03:01:01,HLA-A=A*32:01:01 | HLA-C=C*08:02:01:02 | HLA-B=B*14:01:01 | DRB345=DRB4*01:01:01:01 | DRB1=DRB1*07:01:01:01SG | DQA1=DQA1*02:01:01:01SG | DQB1=DQB1*02:02:01:01 | DPA1=DPA1*01:03:01:02 | DPB1=DPB1*04:01:01:01/DPB1*04:01:01:02,False,False,1.0,1.0,1.0,0.0,1.0,1.0,1.0,1.0,0.0
SYNTH_0286,Global,success,,140.5,0.96666667,2,0.2108,HLA-A=A*02:01:01:01 | HLA-C=C*05:01:01:02 | HLA-B=B*44:02:01:01 | DRB345=DRB4*01:03:01:01/DRB4*01:03:01:01:03 | DRB1=DRB1*04:01:01:01SG | DQA1=DQA1*03:03:01:01 | DQB1=DQB1*03:01:01:01 | DPA1=DPA1*01:03:01:04 | DPB1=DPB1*04:01:01:01/DPB1*04:01:01:02,HLA-A=A*26:01:01:01 | HLA-C=C*12:03:01:01 | HLA-B=B*38:01:01 | DRB345=DRB3*02:02:01:02 | DRB1=DRB1*11:01:01:01 | DQA1=DQA1*05:05:01:01SG | DQB1=DQB1*03:01:01:03 | DPA1=DPA1*01:03:01:01 | DPB1=DPB1*02:01:02/DPB1*02:01:19,False,False,1.0,1.0,1.0,0.0,1.0,1.0,1.0,1.0,0.0
SYNTH_0287,Global,success,,197.4,1.0,1,0.0,HLA-A=A*29:01:01:01 | HLA-C=C*15:05:02 | HLA-B=B*07:05:01:01 | DRB345=Abs | DRB1=DRB1*10:01:01:01 | DQA1=DQA1*01:05:01 | DQB1=DQB1*05:01:01:02 | DPA1=DPA1*01:03:01:01 | DPB1=DPB1*02:01:02/DPB1*02:01:19,HLA-A=A*01:01:01:01 | HLA-C=C*07:01:01:01 | HLA-B=B*08:01:01:01 | DRB345=DRB3*01:01:02:01 | DRB1=DRB1*03:01:01:01SG | DQA1=DQA1*05:01:01:02 | DQB1=DQB1*02:01:01 | DPA1=DPA1*01:03:01:03 | DPB1=DPB1*03:01:01,False,False,1.0,1.0,1.0,1.0,1.0,1.0,1.0,1.0,0.0
SYNTH_0288,Global,success,,152.1,0.33333333,4,1.962,HLA-A=A*11:01:01:01 | HLA-C=C*12:02:02 | HLA-B=B*52:01:01:02 | DRB345=DRB5*01:02 | DRB1=DRB1*15:02:01:01SG | DQA1=DQA1*01:03:01:01 | DQB1=DQB1*06:01:01 | DPA1=DPA1*01:03:01:02 | DPB1=DPB1*04:01:01:01/DPB1*04:01:01:02,HLA-A=A*02:01:01:01 | HLA-C=C*05:01:01:02 | HLA-B=B*44:02:01:01 | DRB345=DRB4*01:03:01:01/DRB4*01:03:01:01:03 | DRB1=DRB1*04:01:01:01SG | DQA1=DQA1*03:03:01:01 | DQB1=DQB1*03:01:01:01 | DPA1=DPA1*01:03:01:01 | DPB1=DPB1*02:01:02/DPB1*02:01:19,False,False,1.0,1.0,1.0,0.0,1.0,1.0,1.0,1.0,0.0
SYNTH_0289,Global,success,,264.0,0.21803922,70,4.3527,HLA-A=A*01:01:01:01 | HLA-C=C*07:01:01:01 | HLA-B=B*08:01:01:01 | DRB345=DRB3*01:01:02:01 | DRB1=DRB1*03:01:01:01SG | DQA1=DQA1*05:01:01:02 | DQB1=DQB1*02:01:01 | DPA1=DPA1*01:03:01:02 | DPB1=DPB1*04:01:01:01/DPB1*04:01:01:02,HLA-A=A*03:01:01:01 | HLA-C=C*04:01:01:01 | HLA-B=B*35:01:01:02 | DRB345=Abs | DRB1=DRB1*01:01:01 | DQA1=DQA1*01:01:01:02SG | DQB1=DQB1*05:01:01:03 | DPA1=DPA1*01:03:01:05 | DPB1=DPB1*04:02:01:02,False,False,1.0,1.0,1.0,1.0,1.0,1.0,1.0,1.0,0.0
SYNTH_0290,Global,success,,111.9,0.85802469,3,0.707,HLA-A=A*01:01:01:01 | HLA-C=C*07:01:01:01 | HLA-B=B*08:01:01:01 | DRB345=DRB3*01:01:02:01 | DRB1=DRB1*03:01:01:01SG | DQA1=DQA1*05:01:01:02 | DQB1=DQB1*02:01:01 | DPA1=DPA1*01:03:01:02 | DPB1=DPB1*04:01:01:01/DPB1*04:01:01:02,HLA-A=A*26:01:01:01 | HLA-C=C*12:03:01:01 | HLA-B=B*38:01:01 | DRB345=DRB5*02:02 | DRB1=DRB1*16:01:01 | DQA1=DQA1*01:02:02 | DQB1=DQB1*05:02:01 | DPA1=DPA1*01:03:01:04 | DPB1=DPB1*04:01:01:01/DPB1*04:01:01:02,False,False,1.0,1.0,1.0,1.0,1.0,1.0,1.0,1.0,0.0
SYNTH_0291,Global,success,,498.9,0.77777778,2,0.7642,HLA-A=A*33:03:01 | HLA-C=C*03:02:02:01 | HLA-B=B*58:01:01:01 | DRB345=DRB3*03:01:01 | DRB1=DRB1*13:02:01 | DQA1=DQA1*01:02:01:04SG | DQB1=DQB1*06:09:01 | DPA1=DPA1*01:03:01:01 | DPB1=DPB1*02:01:02/DPB1*02:01:19,HLA-A=A*29:02:01:01 | HLA-C=C*16:01:01:01 | HLA-B=B*44:03:01:01 | DRB345=DRB4*01:01:01:01 | DRB1=DRB1*07:01:01:01SG | DQA1=DQA1*02:01:01:01SG | DQB1=DQB1*02:02:01:01 | DPA1=DPA1*01:03:01:02 | DPB1=DPB1*04:01:01:01/DPB1*04:01:01:02,False,False,1.0,1.0,1.0,1.0,1.0,1.0,1.0,1.0,0.0
SYNTH_0292,Global,success,,177.4,0.84615385,3,0.7607,HLA-A=A*29:02:01:01 | HLA-C=C*16:01:01:01 | HLA-B=B*44:03:01:01 | DRB345=DRB4*01:01:01:01 | DRB1=DRB1*07:01:01:01SG | DQA1=DQA1*02:01:01:01SG | DQB1=DQB1*02:02:01:01 | DPA1=DPA1*02:01:01:01 | DPB1=DPB1*11:01:01,HLA-A=A*32:01:01 | HLA-C=C*05:01:01:02 | HLA-B=B*44:02:01:01 | DRB345=DRB4*01:03:01:01/DRB4*01:03:01:01:03 | DRB1=DRB1*04:01:01:01SG | DQA1=DQA1*03:03:01:01 | DQB1=DQB1*03:01:01:01 | DPA1=DPA1*01:03:01:04 | DPB1=DPB1*04:01:01:01/DPB1*04:01:01:02,False,False,1.0,1.0,1.0,0.0,1.0,1.0,1.0,1.0,0.0
SYNTH_0293,Global,success,,244.4,0.57201646,6,1.6252,HLA-A=A*01:01:01:01 | HLA-C=C*07:01:01:01 | HLA-B=B*08:01:01:01 | DRB345=DRB3*01:01:02:01 | DRB1=DRB1*03:01:01:01SG | DQA1=DQA1*05:01:01:02 | DQB1=DQB1*02:01:01 | DPA1=DPA1*01:03:01:02 | DPB1=DPB1*04:01:01:01/DPB1*04:01:01:02,HLA-A=A*03:01:01:01 | HLA-C=C*04:01:01:01 | HLA-B=B*35:01:01:02 | DRB345=Abs | DRB1=DRB1*01:01:01 | DQA1=DQA1*01:01:01:02SG | DQB1=DQB1*05:01:01:03 | DPA1=DPA1*01:03:01:03 | DPB1=DPB1*03:01:01,False,False,1.0,1.0,1.0,1.0,1.0,1.0,1.0,1.0,0.0
SYNTH_0294,Global,success,,565.1,0.85802469,3,0.707,HLA-A=A*01:01:01:01 | HLA-C=C*07:01:01:01 | HLA-B=B*08:01:01:01 | DRB345=DRB3*01:01:02:01 | DRB1=DRB1*03:01:01:01SG | DQA1=DQA1*05:01:01:02 | DQB1=DQB1*02:01:01 | DPA1=DPA1*01:03:01:02 | DPB1=DPB1*04:01:01:01/DPB1*04:01:01:02,HLA-A=A*02:01:01:01 | HLA-C=C*07:02:01:03 | HLA-B=B*07:02:01 | DRB345=DRB4*01:03:01:02N | DRB1=DRB1*07:01:01:01SG | DQA1=DQA1*02:01:01:01SG | DQB1=DQB1*03:03:02:01 | DPA1=DPA1*01:03:01:04 | DPB1=DPB1*04:01:01:01/DPB1*04:01:01:02,False,False,1.0,1.0,1.0,1.0,1.0,1.0,1.0,1.0,0.0
SYNTH_0295,Global,success,,231.2,0.94285714,2,0.316,HLA-A=A*29:02:01:01 | HLA-C=C*16:01:01:01 | HLA-B=B*44:03:01:01 | DRB345=DRB4*01:01:01:01 | DRB1=DRB1*07:01:01:01SG | DQA1=DQA1*02:01:01:01SG | DQB1=DQB1*02:02:01:01 | DPA1=DPA1*02:01:01:01 | DPB1=DPB1*11:01:01,HLA-A=A*26:01:01:01 | HLA-C=C*12:03:01:01 | HLA-B=B*38:01:01 | DRB345=DRB3*03:01:01 | DRB1=DRB1*13:02:01 | DQA1=DQA1*01:02:01:04SG | DQB1=DQB1*06:09:01 | DPA1=DPA1*01:03:01:04 | DPB1=DPB1*04:01:01:01/DPB1*04:01:01:02,False,False,1.0,1.0,1.0,1.0,1.0,1.0,1.0,1.0,0.0
SYNTH_0296,Global,success,,207.9,0.66666667,2,0.9183,HLA-A=A*24:02:01:01 | HLA-C=C*03:03:01:01 | HLA-B=B*15:01:01:01 | DRB345=DRB3*02:02:01:02 | DRB1=DRB1*13:01:01:01SG | DQA1=DQA1*01:03:01:02SG | DQB1=DQB1*06:03:01 | DPA1=DPA1*01:03:01:02 | DPB1=DPB1*04:01:01:01/DPB1*04:01:01:02,HLA-A=A*24:02:01:01 | HLA-C=C*07:04:01:01 | HLA-B=B*44:02:01:03 | DRB345=DRB3*02:02:01:02 | DRB1=DRB1*11:01:01:01 | DQA1=DQA1*05:09 | DQB1=DQB1*03:01:01:03 | DPA1=DPA1*01:03:01:03 | DPB1=DPB1*03:01:01,False,False,1.0,1.0,1.0,1.0,1.0,1.0,1.0,1.0,0.0
SYNTH_0297,Global,success,,169.3,1.0,1,0.0,HLA-A=A*24:02:01:01 | HLA-C=C*05:01:01:02 | HLA-B=B*44:02:01:01 | DRB345=DRB3*02:02:01:02 | DRB1=DRB1*11:01:01:01 | DQA1=DQA1*05:05:01:01SG | DQB1=DQB1*03:01:01:03 | DPA1=DPA1*01:03:01:02 | DPB1=DPB1*04:01:01:01/DPB1*04:01:01:02,HLA-A=A*23:17 | HLA-C=C*18:01 | HLA-B=B*81:01 | DRB345=DRB3*01:01:02:02 | DRB1=DRB1*14:06:01 | DQA1=DQA1*05:03 | DQB1=DQB1*03:01:01:01 | DPA1=DPA1*02:01:01:01 | DPB1=DPB1*14:01:01,False,False,1.0,1.0,1.0,1.0,1.0,1.0,1.0,1.0,0.0
SYNTH_0298,Global,success,,171.7,0.5,2,1.0,HLA-A=A*11:01:01:01 | HLA-C=C*01:02:01 | HLA-B=B*27:05:02 | DRB345=Abs | DRB1=DRB1*01:01:01 | DQA1=DQA1*01:01:01:02SG | DQB1=DQB1*05:01:01:03 | DPA1=DPA1*01:03:01:03 | DPB1=DPB1*03:01:01,HLA-A=A*03:01:01:01 | HLA-C=C*07:02:01:03 | HLA-B=B*07:02:01 | DRB345=DRB3*02:02:01:02 | DRB1=DRB1*11:04:01 | DQA1=DQA1*05:05:01:01SG | DQB1=DQB1*03:01:01:03 | DPA1=DPA1*01:04 | DPB1=DPB1*15:01:01,False,False,1.0,1.0,0.0,1.0,1.0,1.0,1.0,1.0,0.0
SYNTH_0299,Global,success,,171.7,1.0,1,0.0,HLA-A=A*02:01:01:01 | HLA-C=C*03:04:01:01 | HLA-B=B*15:01:01:01 | DRB345=DRB4*01:03:01:01/DRB4*01:03:01:01:03 | DRB1=DRB1*04:01:01:01SG | DQA1=DQA1*03:01:01 | DQB1=DQB1*03:02:01 | DPA1=DPA1*01:03:01:02 | DPB1=DPB1*04:01:01:01/DPB1*04:01:01:02,HLA-A=A*03:01:01:01 | HLA-C=C*04:01:01:01 | HLA-B=B*35:01:01:02 | DRB345=Abs | DRB1=DRB1*01:01:01 | DQA1=DQA1*01:01:01:02SG | DQB1=DQB1*05:01:01:03 | DPA1=DPA1*01:03:01:03 | DPB1=DPB1*03:01:01,False,False,1.0,1.0,1.0,0.0,1.0,1.0,1.0,1.0,0.0
SYNTH_0300,Global,success,,344.9,1.0,1,0.0,HLA-A=A*02:01:01:01 | HLA-C=C*05:01:01:02 | HLA-B=B*44:02:01:01 | DRB345=Abs | DRB1=DRB1*01:01:01 | DQA1=DQA1*01:01:01:02SG | DQB1=DQB1*05:01:01:03 | DPA1=DPA1*01:03:01:02 | DPB1=DPB1*04:01:01:01/DPB1*04:01:01:02,HLA-A=A*03:01:01:01 | HLA-C=C*03:04:01:01 | HLA-B=B*40:01:02 | DRB345=DRB3*03:01:01 | DRB1=DRB1*13:02:01 | DQA1=DQA1*01:02:01:04SG | DQB1=DQB1*06:04:01 | DPA1=DPA1*01:03:01:04 | DPB1=DPB1*04:01:01:01/DPB1*04:01:01:02,False,False,1.0,1.0,1.0,1.0,1.0,1.0,1.0,1.0,0.0
SYNTH_0301,Global,success,,327.0,1.0,1,0.0,HLA-A=A*01:01:01:01 | HLA-C=C*07:01:01:01 | HLA-B=B*08:01:01:01 | DRB345=DRB4*01:03:01:01/DRB4*01:03:01:01:03 | DRB1=DRB1*04:04:01 | DQA1=DQA1*03:01:01 | DQB1=DQB1*03:02:01 | DPA1=DPA1*01:03:01:03 | DPB1=DPB1*06:01:01,HLA-A=A*02:01:01:01 | HLA-C=C*03:03:01:01 | HLA-B=B*15:01:01:01 | DRB345=DRB4*01:03:01:01/DRB4*01:03:01:01:03 | DRB1=DRB1*04:01:01:01SG | DQA1=DQA1*03:01:01 | DQB1=DQB1*03:02:01 | DPA1=DPA1*01:03:01:05 | DPB1=DPB1*04:02:01:02,False,False,1.0,1.0,1.0,0.0,1.0,1.0,1.0,1.0,1.0
SYNTH_0302,Global,success,,327.6,1.0,1,0.0,HLA-A=A*23:01:01 | HLA-C=C*04:01:01:01 | HLA-B=B*44:03:01:01 | DRB345=DRB4*01:01:01:01 | DRB1=DRB1*07:01:01:01SG | DQA1=DQA1*02:01:01:01SG | DQB1=DQB1*02:02:01:01 | DPA1=DPA1*01:03:01:01 | DPB1=DPB1*02:01:02/DPB1*02:01:19,HLA-A=A*03:01:01:01 | HLA-C=C*07:02:01:03 | HLA-B=B*07:02:01 | DRB345=DRB4*01:03:01:01/DRB4*01:03:01:01:03 | DRB1=DRB1*04:01:01:01SG | DQA1=DQA1*03:01:01 | DQB1=DQB1*03:02:01 | DPA1=DPA1*01:03:01:02 | DPB1=DPB1*04:01:01:01/DPB1*04:01:01:02,False,False,1.0,1.0,1.0,0.0,1.0,1.0,1.0,1.0,0.0
SYNTH_0303,Global,success,,316.1,0.42857143,3,1.4488,HLA-A=A*03:01:01:01 | HLA-C=C*07:02:01:03 | HLA-B=B*07:02:01 | DRB345=DRB5*01:01:01 | DRB1=DRB1*15:01:01:01SG | DQA1=DQA1*01:02:01:01SG | DQB1=DQB1*06:02:01 | DPA1=DPA1*01:03:01:05 | DPB1=DPB1*04:02:01:02,HLA-A=A*02:01:01:01 | HLA-C=C*08:02:01:01 | HLA-B=B*14:02:01:01 | DRB345=DRB4*01:01:01:01 | DRB1=DRB1*07:01:01:01SG | DQA1=DQA1*02:01:01:01SG | DQB1=DQB1*02:02:01:01 | DPA1=DPA1*02:01:01:01 | DPB1=DPB1*13:01:01/DPB1*107:01,False,False,1.0,1.0,1.0,1.0,1.0,1.0,1.0,1.0,0.0
SYNTH_0304,Global,success,,286.0,1.0,1,0.0,HLA-A=A*02:01:01:01 | HLA-C=C*02:02:02:01 | HLA-B=B*27:05:02 | DRB345=Abs | DRB1=DRB1*01:01:01 | DQA1=DQA1*01:01:01:02SG | DQB1=DQB1*05:01:01:03 | DPA1=DPA1*01:03:01:03 | DPB1=DPB1*03:01:01,HLA-A=A*03:01:01:01 | HLA-C=C*03:04:01:01 | HLA-B=B*15:01:01:01 | DRB345=DRB4*01:03:01:01/DRB4*01:03:01:01:03 | DRB1=DRB1*04:01:01:01SG | DQA1=DQA1*03:01:01 | DQB1=DQB1*03:02:01 | DPA1=DPA1*01:03:01:03 | DPB1=DPB1*03:01:01,False,False,1.0,1.0,1.0,0.0,1.0,1.0,1.0,1.0,1.0
SYNTH_0305,Global,success,,254.2,0.92307692,2,0.3912,HLA-A=A*01:01:01:01 | HLA-C=C*07:01:01:01 | HLA-B=B*08:01:01:01 | DRB345=DRB3*01:01:02:01 | DRB1=DRB1*03:01:01:01SG | DQA1=DQA1*05:01:01:02 | DQB1=DQB1*02:01:01 | DPA1=DPA1*01:03:01:02 | DPB1=DPB1*04:01:01:01/DPB1*04:01:01:02,HLA-A=A*03:01:01:01 | HLA-C=C*04:01:01:01 | HLA-B=B*35:01:01:02 | DRB345=Abs | DRB1=DRB1*01:01:01 | DQA1=DQA1*01:01:01:02SG | DQB1=DQB1*05:01:01:03 | DPA1=DPA1*01:03:01:05 | DPB1=DPB1*04:02:01:02,False,False,1.0,1.0,1.0,1.0,1.0,1.0,1.0,1.0,0.0
SYNTH_0306,Global,success,,104.4,1.0,1,0.0,HLA-A=A*02:01:01:01 | HLA-C=C*14:02:01:01 | HLA-B=B*51:01:01:01 | DRB345=Abs | DRB1=DRB1*08:01:01 | DQA1=DQA1*04:01:01 | DQB1=DQB1*04:02:01 | DPA1=DPA1*01:03:01:04 | DPB1=DPB1*02:01:02/DPB1*02:01:19,HLA-A=A*02:01:01:01 | HLA-C=C*07:01:01:01 | HLA-B=B*08:01:01:01 | DRB345=DRB3*01:01:02:01 | DRB1=DRB1*03:01:01:01SG | DQA1=DQA1*05:01:01:02 | DQB1=DQB1*02:01:01 | DPA1=DPA1*01:03:01:02 | DPB1=DPB1*04:01:01:01/DPB1*04:01:01:02,False,False,1.0,1.0,1.0,1.0,1.0,1.0,1.0,1.0,0.0
SYNTH_0307,Global,success,,107.7,1.0,1,0.0,HLA-A=A*02:01:01:01 | HLA-C=C*02:02:02:01 | HLA-B=B*27:05:02 | DRB345=Abs | DRB1=DRB1*01:01:01 | DQA1=DQA1*01:01:01:02SG | DQB1=DQB1*05:01:01:03 | DPA1=DPA1*01:03:01:02 | DPB1=DPB1*04:01:01:01/DPB1*04:01:01:02,HLA-A=A*02:01:01:01 | HLA-C=C*03:03:01:01 | HLA-B=B*15:01:01:01 | DRB345=DRB4*01:03:01:01/DRB4*01:03:01:01:03 | DRB1=DRB1*04:01:01:01SG | DQA1=DQA1*03:01:01 | DQB1=DQB1*03:02:01 | DPA1=DPA1*01:03:01:05 | DPB1=DPB1*04:02:01:02,False,False,1.0,1.0,1.0,0.0,1.0,1.0,1.0,1.0,0.0
SYNTH_0308,Global,success,,251.7,1.0,1,0.0,HLA-A=A*31:01:02:01 | HLA-C=C*03:04:01:01 | HLA-B=B*40:01:02 | DRB345=DRB4*01:03:01:01/DRB4*01:03:01:01:03 | DRB1=DRB1*04:04:01 | DQA1=DQA1*03:01:01 | DQB1=DQB1*03:02:01 | DPA1=DPA1*01:03:01:02 | DPB1=DPB1*04:01:01:01/DPB1*04:01:01:02,HLA-A=A*30:04:01 | HLA-C=C*04:01:01:06 | HLA-B=B*35:02:01 | DRB345=DRB3*02:02:01:02 | DRB1=DRB1*11:04:01 | DQA1=DQA1*05:05:01:01SG | DQB1=DQB1*03:01:01:02 | DPA1=DPA1*01:03:01:01 | DPB1=DPB1*02:01:02/DPB1*02:01:19,False,False,1.0,1.0,1.0,0.0,1.0,1.0,1.0,1.0,0.0
SYNTH_0309,Global,success,,245.6,1.0,1,0.0,HLA-A=A*01:01:01:01 | HLA-C=C*07:01:01:01 | HLA-B=B*08:01:01:01 | DRB345=DRB3*01:01:02:01 | DRB1=DRB1*03:01:01:01SG | DQA1=DQA1*05:01:01:02 | DQB1=DQB1*02:01:01 | DPA1=DPA1*01:03:01:02 | DPB1=DPB1*04:01:01:01/DPB1*04:01:01:02,HLA-A=A*02:01:01:01 | HLA-C=C*07:02:01:01 | HLA-B=B*07:02:01 | DRB345=DRB5*01:01:01 | DRB1=DRB1*15:01:01:01SG | DQA1=DQA1*01:02:01:01SG | DQB1=DQB1*06:02:01 | DPA1=DPA1*01:03:01:02 | DPB1=DPB1*04:01:01:01/DPB1*04:01:01:02,False,False,1.0,1.0,1.0,1.0,1.0,1.0,1.0,1.0,0.0
SYNTH_0310,Global,success,,77.1,1.0,1,0.0,HLA-A=A*02:06:01:01 | HLA-C=C*08:01:01 | HLA-B=B*40:06:01:01 | DRB345=DRB4*01:03:02 | DRB1=DRB1*09:01:02 | DQA1=DQA1*03:02 | DQB1=DQB1*03:03:02:02/DQB1*03:03:02:03 | DPA1=DPA1*02:01:01:02 | DPB1=DPB1*09:01:01,HLA-A=A*24:02:01:01 | HLA-C=C*03:04:01:02 | HLA-B=B*39:01:01:03 | DRB345=DRB4*01:03:01:01/DRB4*01:03:01:01:03 | DRB1=DRB1*04:04:01 | DQA1=DQA1*03:01:01 | DQB1=DQB1*03:02:01 | DPA1=DPA1*01:03:01:05 | DPB1=DPB1*04:02:01:02,False,False,1.0,1.0,1.0,0.0,1.0,1.0,0.0,1.0,1.0
SYNTH_0311,Global,success,,70.7,0.42307692,4,1.8609,HLA-A=A*24:02:01:01 | HLA-C=C*07:04:01:01 | HLA-B=B*44:02:01:03 | DRB345=DRB3*02:02:01:02 | DRB1=DRB1*11:01:01:01 | DQA1=DQA1*05:05:01:01SG | DQB1=DQB1*03:01:01:03 | DPA1=DPA1*01:03:01:01 | DPB1=DPB1*02:01:02/DPB1*02:01:19,HLA-A=A*02:01:01:01 | HLA-C=C*07:02:01:03 | HLA-B=B*07:02:01 | DRB345=Abs | DRB1=DRB1*01:01:01 | DQA1=DQA1*01:01:01:02SG | DQB1=DQB1*05:01:01:03 | DPA1=DPA1*01:03:01:02 | DPB1=DPB1*04:01:01:01/DPB1*04:01:01:02,False,False,1.0,1.0,1.0,1.0,1.0,1.0,1.0,0.0,0.0
SYNTH_0312,Global,success,,57.7,0.20467836,18,3.8071,HLA-A=A*30:01:01 | HLA-C=C*17:01:01:02 | HLA-B=B*42:01:01 | DRB345=DRB3*01:01:02:01 | DRB1=DRB1*03:02:01 | DQA1=DQA1*04:01:01 | DQB1=DQB1*04:02:01 | DPA1=DPA1*02:02:02 | DPB1=DPB1*01:01:01,HLA-A=A*02:05:01 | HLA-C=C*06:02:01:02 | HLA-B=B*50:01:01 | DRB345=DRB4*01:03:01:01/DRB4*01:03:01:01:03 | DRB1=DRB1*07:01:01:01SG | DQA1=DQA1*02:01:01:01SG | DQB1=DQB1*02:02:01:01 | DPA1=DPA1*01:03:01:02 | DPB1=DPB1*104:01,False,False,0.0,1.0,1.0,0.0,1.0,1.0,1.0,0.0,0.0
SYNTH_0313,Global,success,,288.5,1.0,1,0.0,HLA-A=A*01:01:01:01 | HLA-C=C*07:01:01:01 | HLA-B=B*08:01:01:01 | DRB345=DRB5*01:01:01 | DRB1=DRB1*15:01:01:01SG | DQA1=DQA1*01:02:01:01SG | DQB1=DQB1*06:02:01 | DPA1=DPA1*01:03:01:02 | DPB1=DPB1*04:01:01:01/DPB1*04:01:01:02,HLA-A=A*03:01:01:01 | HLA-C=C*07:02:01:03 | HLA-B=B*07:02:01 | DRB345=DRB3*02:02:01:02 | DRB1=DRB1*11:04:01 | DQA1=DQA1*05:05:01:01SG | DQB1=DQB1*03:01:01:03 | DPA1=DPA1*01:04 | DPB1=DPB1*15:01:01,False,False,1.0,1.0,1.0,1.0,1.0,1.0,1.0,1.0,0.0
SYNTH_0314,Global,success,,287.1,1.0,1,0.0,HLA-A=A*01:01:01:01 | HLA-C=C*07:01:01:01 | HLA-B=B*08:01:01:01 | DRB345=DRB3*01:01:02:01 | DRB1=DRB1*03:01:01:01SG | DQA1=DQA1*05:01:01:02 | DQB1=DQB1*02:01:01 | DPA1=DPA1*01:03:01:02 | DPB1=DPB1*04:01:01:01/DPB1*04:01:01:02,HLA-A=A*02:01:01:01 | HLA-C=C*07:02:01:03 | HLA-B=B*07:02:01 | DRB345=DRB5*01:01:01 | DRB1=DRB1*15:01:01:01SG | DQA1=DQA1*01:02:01:01SG | DQB1=DQB1*06:02:01 | DPA1=DPA1*01:03:01:01 | DPB1=DPB1*02:01:02/DPB1*02:01:19,False,False,1.0,1.0,1.0,1.0,1.0,1.0,1.0,1.0,0.0
SYNTH_0315,Global,success,,259.8,0.44,5,1.9855,HLA-A=A*01:01:01:01 | HLA-C=C*07:01:01:01 | HLA-B=B*57:01:01 | DRB345=DRB4*01:03:01:02N | DRB1=DRB1*07:01:01:01SG | DQA1=DQA1*02:01:01:01SG | DQB1=DQB1*03:03:02:01 | DPA1=DPA1*01:03:01:02 | DPB1=DPB1*04:01:01:01/DPB1*04:01:01:02,HLA-A=A*02:01:01:01 | HLA-C=C*06:02:01:01 | HLA-B=B*57:01:01 | DRB345=DRB4*01:03:01:02N | DRB1=DRB1*07:01:01:01SG | DQA1=DQA1*02:01:01:01SG | DQB1=DQB1*03:03:02:01 | DPA1=DPA1*01:03:01:02 | DPB1=DPB1*04:01:01:01/DPB1*04:01:01:02,False,False,1.0,1.0,1.0,1.0,1.0,1.0,1.0,0.0,0.0
SYNTH_0316,Global,success,,236.5,0.6,2,0.971,HLA-A=A*03:01:01:01 | HLA-C=C*07:02:01:03 | HLA-B=B*07:02:01 | DRB345=DRB4*01:03:01:01/DRB4*01:03:01:01:03 | DRB1=DRB1*04:04:01 | DQA1=DQA1*03:01:01 | DQB1=DQB1*03:02:01 | DPA1=DPA1*01:03:01:03 | DPB1=DPB1*06:01:01,HLA-A=A*26:01:01:01 | HLA-C=C*12:03:01:01 | HLA-B=B*38:01:01 | DRB345=DRB4*01:03:01:01/DRB4*01:03:01:01:03 | DRB1=DRB1*04:02:01 | DQA1=DQA1*03:01:01 | DQB1=DQB1*03:02:01 | DPA1=DPA1*01:03:01:04 | DPB1=DPB1*04:01:01:01/DPB1*04:01:01:02,False,False,1.0,1.0,1.0,0.0,1.0,1.0,1.0,1.0,0.0
SYNTH_0317,Global,success,,175.6,0.1125,40,4.8398,HLA-A=A*33:01:01 | HLA-C=C*08:02:01:01 | HLA-B=B*14:02:01:01 | DRB345=Abs | DRB1=DRB1*01:02:01 | DQA1=DQA1*01:01:02 | DQB1=DQB1*05:01:01:01 | DPA1=DPA1*01:03:01:04 | DPB1=DPB1*04:01:01:01/DPB1*04:01:01:02,HLA-A=A*25:01:01 | HLA-C=C*12:03:01:01 | HLA-B=B*18:01:01:02 | DRB345=DRB5*01:01:01 | DRB1=DRB1*15:01:01:01SG | DQA1=DQA1*01:02:01:01SG | DQB1=DQB1*06:02:01 | DPA1=DPA1*01:03:01:02 | DPB1=DPB1*04:01:01:01/DPB1*04:01:01:02,False,False,1.0,1.0,1.0,1.0,1.0,1.0,1.0,1.0,0.0
SYNTH_0318,Global,success,,227.6,1.0,1,0.0,HLA-A=A*01:01:01:01 | HLA-C=C*06:02:01:01 | HLA-B=B*57:01:01 | DRB345=DRB4*01:03:01:02N | DRB1=DRB1*07:01:01:01SG | DQA1=DQA1*02:01:01:01SG | DQB1=DQB1*03:03:02:01 | DPA1=DPA1*01:03:01:04 | DPB1=DPB1*04:01:01:01/DPB1*04:01:01:02,HLA-A=A*01:01:01:01 | HLA-C=C*07:01:01:01 | HLA-B=B*57:01:01 | DRB345=DRB4*01:03:01:02N | DRB1=DRB1*07:01:01:01SG | DQA1=DQA1*02:01:01:01SG | DQB1=DQB1*03:03:02:01 | DPA1=DPA1*01:03:01:02 | DPB1=DPB1*04:01:01:01/DPB1*04:01:01:02,False,False,1.0,1.0,1.0,1.0,1.0,1.0,1.0,1.0,0.0
SYNTH_0319,Global,success,,228.1,0.875,2,0.5436,HLA-A=A*03:01:01:01 | HLA-C=C*07:02:01:03 | HLA-B=B*07:02:01 | DRB345=DRB5*01:01:01 | DRB1=DRB1*15:01:01:01SG | DQA1=DQA1*01:02:01:01SG | DQB1=DQB1*06:02:01 | DPA1=DPA1*01:03:01:03 | DPB1=DPB1*03:01:01,HLA-A=A*02:01:01:01 | HLA-C=C*03:04:01:01 | HLA-B=B*15:01:01:01 | DRB345=DRB4*01:03:01:01/DRB4*01:03:01:01:03 | DRB1=DRB1*04:01:01:01SG | DQA1=DQA1*03:01:01 | DQB1=DQB1*03:02:01 | DPA1=DPA1*01:03:01:02 | DPB1=DPB1*04:01:01:01/DPB1*04:01:01:02,False,False,1.0,1.0,1.0,0.0,1.0,1.0,1.0,1.0,0.0
SYNTH_0320,Global,success,,396.0,0.86170213,4,0.7939,HLA-A=A*01:01:01:01 | HLA-C=C*07:01:01:01 | HLA-B=B*08:01:01:01 | DRB345=DRB3*01:01:02:01 | DRB1=DRB1*03:01:01:01SG | DQA1=DQA1*05:01:01:02 | DQB1=DQB1*02:01:01 | DPA1=DPA1*02:01:02 | DPB1=DPB1*01:01:01,HLA-A=A*03:01:01:01 | HLA-C=C*07:02:01:03 | HLA-B=B*07:02:01 | DRB345=DRB3*01:01:02:01 | DRB1=DRB1*15:01:01:01SG | DQA1=DQA1*01:02:01:01SG | DQB1=DQB1*06:02:01 | DPA1=DPA1*01:03:01:01 | DPB1=DPB1*04:01:01:01/DPB1*04:01:01:02,False,False,1.0,1.0,1.0,1.0,1.0,1.0,1.0,1.0,0.0
SYNTH_0321,Global,success,,151.1,0.4673913,4,1.3478,HLA-A=A*11:01:01:01 | HLA-C=C*01:02:01 | HLA-B=B*27:05:02 | DRB345=Abs | DRB1=DRB1*01:01:01 | DQA1=DQA1*01:01:01:02SG | DQB1=DQB1*05:01:01:03 | DPA1=DPA1*01:03:01:03 | DPB1=DPB1*03:01:01,HLA-A=A*02:01:01:01 | HLA-C=C*07:02:01:03 | HLA-B=B*07:02:01 | DRB345=DRB5*01:01:01 | DRB1=DRB1*15:01:01:01SG | DQA1=DQA1*01:02:01:01SG | DQB1=DQB1*06:02:01 | DPA1=DPA1*01:03:01:04 | DPB1=DPB1*04:01:01:01/DPB1*04:01:01:02,False,False,1.0,1.0,1.0,1.0,1.0,1.0,1.0,1.0,0.0
SYNTH_0322,Global,success,,400.9,0.93478261,2,0.3478,HLA-A=A*02:01:01:01 | HLA-C=C*07:02:01:03 | HLA-B=B*07:02:01 | DRB345=DRB5*01:01:01 | DRB1=DRB1*15:01:01:01SG | DQA1=DQA1*01:02:01:01SG | DQB1=DQB1*06:02:01 | DPA1=DPA1*01:03:01:04 | DPB1=DPB1*04:01:01:01/DPB1*04:01:01:02,HLA-A=A*24:02:01:01 | HLA-C=C*04:01:01:06 | HLA-B=B*35:02:01 | DRB345=DRB3*02:02:01:02 | DRB1=DRB1*11:04:01 | DQA1=DQA1*05:05:01:01SG | DQB1=DQB1*03:01:01:02 | DPA1=DPA1*01:03:01:04 | DPB1=DPB1*04:01:01:01/DPB1*04:01:01:02,False,False,1.0,1.0,1.0,1.0,1.0,1.0,1.0,1.0,0.0
SYNTH_0323,Global,success,,173.4,0.82352941,2,0.6723,HLA-A=A*01:01:01:01 | HLA-C=C*07:01:01:01 | HLA-B=B*08:01:01:01 | DRB345=DRB3*01:01:02:01 | DRB1=DRB1*03:01:01:01SG | DQA1=DQA1*05:01:01:02 | DQB1=DQB1*02:01:01 | DPA1=DPA1*01:03:01:05 | DPB1=DPB1*04:02:01:02,HLA-A=A*24:02:01:01 | HLA-C=C*04:01:01:05 | HLA-B=B*35:01:01:02 | DRB345=Abs | DRB1=DRB1*01:03 | DQA1=DQA1*01:01:01:02SG | DQB1=DQB1*05:01:01:03 | DPA1=DPA1*01:03:01:01 | DPB1=DPB1*02:01:02/DPB1*02:01:19,False,False,1.0,1.0,1.0,1.0,1.0,1.0,1.0,1.0,0.0
SYNTH_0324,Global,success,,347.4,0.93478261,2,0.3478,HLA-A=A*01:01:01:01 | HLA-C=C*07:01:01:01 | HLA-B=B*08:01:01:01 | DRB345=DRB3*01:01:02:01 | DRB1=DRB1*03:01:01:01SG | DQA1=DQA1*05:01:01:02 | DQB1=DQB1*02:01:01 | DPA1=DPA1*01:03:01:02 | DPB1=DPB1*04:01:01:01/DPB1*04:01:01:02,HLA-A=A*02:01:01:01 | HLA-C=C*07:02:01:03 | HLA-B=B*07:02:01 | DRB345=DRB5*01:01:01 | DRB1=DRB1*15:01:01:01SG | DQA1=DQA1*01:02:01:01SG | DQB1=DQB1*06:02:01 | DPA1=DPA1*01:03:01:04 | DPB1=DPB1*04:01:01:01/DPB1*04:01:01:02,False,False,1.0,1.0,1.0,1.0,1.0,1.0,1.0,1.0,0.0
SYNTH_0325,Global,success,,197.2,1.0,1,0.0,HLA-A=A*02:01:01:01 | HLA-C=C*04:01:01:01 | HLA-B=B*35:01:01:02 | DRB345=DRB5*01:01:01 | DRB1=DRB1*15:03:01:01SG | DQA1=DQA1*01:02:01:01SG | DQB1=DQB1*06:02:01 | DPA1=DPA1*02:01:01:01 | DPB1=DPB1*13:01:01/DPB1*107:01,HLA-A=A*01:01:01:01 | HLA-C=C*06:02:01:01 | HLA-B=B*57:01:01 | DRB345=DRB4*01:03:01:02N | DRB1=DRB1*07:01:01:01SG | DQA1=DQA1*02:01:01:01SG | DQB1=DQB1*03:03:02:01 | DPA1=DPA1*01:03:01:02 | DPB1=DPB1*04:01:01:01/DPB1*04:01:01:02,False,False,1.0,1.0,1.0,1.0,1.0,1.0,1.0,1.0,0.0
SYNTH_0326,Global,success,,317.9,0.41666667,4,1.8879,HLA-A=A*02:01:01:01 | HLA-C=C*03:04:01:02 | HLA-B=B*40:01:02 | DRB345=DRB3*02:02:01:02 | DRB1=DRB1*11:01:01:01 | DQA1=DQA1*05:05:01:01SG | DQB1=DQB1*03:01:01:03 | DPA1=DPA1*01:03:01:02 | DPB1=DPB1*04:01:01:01/DPB1*04:01:01:02,HLA-A=A*24:02:01:01 | HLA-C=C*07:02:01:03 | HLA-B=B*07:02:01 | DRB345=DRB5*01:01:01 | DRB1=DRB1*15:01:01:01SG | DQA1=DQA1*01:02:01:01SG | DQB1=DQB1*06:02:01 | DPA1=DPA1*01:03:01:01 | DPB1=DPB1*02:01:02/DPB1*02:01:19,False,False,1.0,1.0,1.0,1.0,1.0,1.0,1.0,1.0,0.0
SYNTH_0327,Global,success,,173.0,0.11456044,72,4.7495,HLA-A=A*01:01:01:01 | HLA-C=C*07:01:01:01 | HLA-B=B*08:01:01:01 | DRB345=DRB3*01:01:02:01 | DRB1=DRB1*03:01:01:01SG | DQA1=DQA1*05:01:01:02 | DQB1=DQB1*02:01:01 | DPA1=DPA1*01:03:01:02 | DPB1=DPB1*04:01:01:01/DPB1*04:01:01:02,HLA-A=A*30:01:01 | HLA-C=C*06:02:01:01 | HLA-B=B*13:02:01 | DRB345=DRB4*01:03:01:01/DRB4*01:03:01:01:03 | DRB1=DRB1*07:01:01:01SG | DQA1=DQA1*02:01:01:01SG | DQB1=DQB1*02:02:01:01 | DPA1=DPA1*01:03:01:02 | DPB1=DPB1*04:01:01:01/DPB1*04:01:01:02,False,False,1.0,1.0,1.0,0.0,1.0,1.0,1.0,0.0,0.0
SYNTH_0328,Global,success,,165.8,0.77777778,2,0.7642,HLA-A=A*31:01:02:01 | HLA-C=C*03:04:01:01 | HLA-B=B*40:01:02 | DRB345=DRB4*01:03:01:01/DRB4*01:03:01:01:03 | DRB1=DRB1*04:04:01 | DQA1=DQA1*03:01:01 | DQB1=DQB1*03:02:01 | DPA1=DPA1*01:03:01:02 | DPB1=DPB1*04:01:01:01/DPB1*04:01:01:02,HLA-A=A*02:01:01:01 | HLA-C=C*04:01:01:01 | HLA-B=B*35:03:01 | DRB345=DRB3*02:02:01:02 | DRB1=DRB1*12:01:01:03 | DQA1=DQA1*05:05:01:05SG | DQB1=DQB1*03:01:01:01 | DPA1=DPA1*02:01:01:02 | DPB1=DPB1*04:01:01:01/DPB1*04:01:01:02,False,False,1.0,1.0,1.0,0.0,1.0,1.0,1.0,1.0,0.0
SYNTH_0329,Global,success,,130.4,1.0,1,0.0,HLA-A=A*32:01:01 | HLA-C=C*07:02:01:01 | HLA-B=B*08:01:01:02 | DRB345=DRB3*02:02:01:01 | DRB1=DRB1*03:01:01:01SG | DQA1=DQA1*05:01:01:03 | DQB1=DQB1*02:01:01 | DPA1=DPA1*01:03:01:04 | DPB1=DPB1*04:01:01:01/DPB1*04:01:01:02,HLA-A=A*11:01:01:01 | HLA-C=C*05:01:01:01 | HLA-B=B*18:01:01:01 | DRB345=DRB3*02:02:01:01 | DRB1=DRB1*03:01:01:01SG | DQA1=DQA1*05:01:01:01 | DQB1=DQB1*02:01:01 | DPA1=DPA1*01:03:01:04 | DPB1=DPB1*04:01:01:01/DPB1*04:01:01:02,False,False,1.0,1.0,1.0,1.0,1.0,1.0,1.0,1.0,0.0
SYNTH_0330,Global,success,,95.1,0.0,0,0.0,,,False,False,,,,,,,,,
SYNTH_0331,Global,success,,127.3,0.72705314,4,1.112,HLA-A=A*02:01:01:01 | HLA-C=C*07:02:01:03 | HLA-B=B*07:02:01 | DRB345=DRB5*01:01:01 | DRB1=DRB1*15:01:01:01SG | DQA1=DQA1*01:02:01:01SG | DQB1=DQB1*06:02:01 | DPA1=DPA1*01:03:01:04 | DPB1=DPB1*04:01:01:01/DPB1*04:01:01:02,HLA-A=A*29:02:01:01 | HLA-C=C*16:01:01:01 | HLA-B=B*44:03:01:01 | DRB345=DRB4*01:01:01:01 | DRB1=DRB1*07:01:01:01SG | DQA1=DQA1*02:01:01:01SG | DQB1=DQB1*02:02:01:01 | DPA1=DPA1*01:03:01:02 | DPB1=DPB1*04:01:01:01/DPB1*04:01:01:02,False,False,1.0,1.0,1.0,1.0,1.0,1.0,1.0,1.0,0.0
SYNTH_0332,Global,success,,138.2,0.93478261,2,0.3478,HLA-A=A*03:01:01:01 | HLA-C=C*07:02:01:03 | HLA-B=B*07:02:01 | DRB345=DRB5*01:01:01 | DRB1=DRB1*15:01:01:01SG | DQA1=DQA1*01:02:01:01SG | DQB1=DQB1*06:02:01 | DPA1=DPA1*01:03:01:02 | DPB1=DPB1*04:01:01:01/DPB1*04:01:01:02,HLA-A=A*02:01:01:01 | HLA-C=C*07:02:01:03 | HLA-B=B*07:02:01 | DRB345=DRB5*01:01:01 | DRB1=DRB1*15:01:01:01SG | DQA1=DQA1*01:02:01:01SG | DQB1=DQB1*06:02:01 | DPA1=DPA1*01:03:01:04 | DPB1=DPB1*04:01:01:01/DPB1*04:01:01:02,False,False,1.0,1.0,1.0,1.0,1.0,1.0,1.0,1.0,0.0
SYNTH_0333,Global,success,,100.0,1.0,1,0.0,HLA-A=A*33:03:01 | HLA-C=C*04:01:01:01 | HLA-B=B*53:01:01 | DRB345=Abs | DRB1=DRB1*08:04:01 | DQA1=DQA1*04:01:02:02 | DQB1=DQB1*03:19:01 | DPA1=DPA1*02:01:01:02 | DPB1=DPB1*01:01:02,HLA-A=A*02:01:01:01 | HLA-C=C*03:04:01:01 | HLA-B=B*40:01:02 | DRB345=DRB3*03:01:01 | DRB1=DRB1*13:02:01 | DQA1=DQA1*01:02:01:04SG | DQB1=DQB1*06:04:01 | DPA1=DPA1*02:06 | DPB1=DPB1*05:01:01,True,True,1.0,1.0,1.0,1.0,1.0,1.0,1.0,1.0,1.0
SYNTH_0334,Global,success,,162.6,1.0,1,0.0,HLA-A=A*25:01:01 | HLA-C=C*12:03:01:01 | HLA-B=B*18:01:01:02 | DRB345=DRB5*01:01:01 | DRB1=DRB1*15:01:01:01SG | DQA1=DQA1*01:02:01:01SG | DQB1=DQB1*06:02:01 | DPA1=DPA1*01:03:01:04 | DPB1=DPB1*23:01:01,HLA-A=A*68:02:01:01 | HLA-C=C*07:02:01:01 | HLA-B=B*07:02:01 | DRB345=DRB5*01:01:01 | DRB1=DRB1*15:03:01:01SG | DQA1=DQA1*01:02:01:01SG | DQB1=DQB1*06:02:01 | DPA1=DPA1*01:03:01:01 | DPB1=DPB1*02:01:02/DPB1*02:01:19,False,False,1.0,1.0,1.0,1.0,1.0,1.0,1.0,1.0,0.0
SYNTH_0335,Global,success,,161.6,1.0,1,0.0,HLA-A=A*24:02:01:01 | HLA-C=C*04:01:01:06 | HLA-B=B*35:02:01 | DRB345=DRB3*02:02:01:02 | DRB1=DRB1*11:04:01 | DQA1=DQA1*05:05:01:01SG | DQB1=DQB1*03:01:01:02 | DPA1=DPA1*01:03:01:02 | DPB1=DPB1*04:01:01:01/DPB1*04:01:01:02,HLA-A=A*66:02 | HLA-C=C*07:18 | HLA-B=B*58:01:01:01 | DRB345=DRB5*01:01:01 | DRB1=DRB1*15:03:01:01SG | DQA1=DQA1*01:02:01:01SG | DQB1=DQB1*06:02:01 | DPA1=DPA1*01:03:01:01 | DPB1=DPB1*02:01:02/DPB1*02:01:19,False,False,1.0,1.0,1.0,1.0,1.0,1.0,1.0,1.0,0.0
SYNTH_0336,Global,success,,162.0,1.0,1,0.0,HLA-A=A*01:01:01:01 | HLA-C=C*07:02:01:03 | HLA-B=B*07:02:01 | DRB345=DRB5*01:01:01 | DRB1=DRB1*15:01:01:01SG | DQA1=DQA1*01:02:01:01SG | DQB1=DQB1*06:02:01 | DPA1=DPA1*01:03:01:05 | DPB1=DPB1*04:02:01:02,HLA-A=A*02:06:01:01 | HLA-C=C*08:01:01 | HLA-B=B*40:06:01:01 | DRB345=DRB4*01:03:02 | DRB1=DRB1*09:01:02 | DQA1=DQA1*03:02 | DQB1=DQB1*03:03:02:02/DQB1*03:03:02:03 | DPA1=DPA1*02:01:01:02 | DPB1=DPB1*09:01:01,False,False,1.0,1.0,1.0,1.0,1.0,1.0,0.0,1.0,1.0
SYNTH_0337,Global,success,,242.9,0.83426966,4,0.8499,HLA-A=A*01:01:01:01 | HLA-C=C*07:01:01:01 | HLA-B=B*08:01:01:01 | DRB345=DRB3*01:01:02:01 | DRB1=DRB1*03:01:01:01SG | DQA1=DQA1*05:01:01:02 | DQB1=DQB1*02:01:01 | DPA1=DPA1*02:01:02 | DPB1=DPB1*01:01:01,HLA-A=A*01:01:01:01 | HLA-C=C*07:01:01:01 | HLA-B=B*08:01:01:01 | DRB345=DRB3*01:01:02:01 | DRB1=DRB1*03:01:01:01SG | DQA1=DQA1*05:01:01:02 | DQB1=DQB1*02:01:01 | DPA1=DPA1*01:03:01:03 | DPB1=DPB1*03:01:01,True,True,1.0,1.0,1.0,1.0,1.0,1.0,1.0,1.0,1.0
SYNTH_0338,Global,success,,254.3,1.0,1,0.0,HLA-A=A*02:01:01:01 | HLA-C=C*05:01:01:02 | HLA-B=B*44:02:01:01 | DRB345=Abs | DRB1=DRB1*08:01:01 | DQA1=DQA1*04:01:01 | DQB1=DQB1*04:02:01 | DPA1=DPA1*01:03:01:02 | DPB1=DPB1*04:01:01:01/DPB1*04:01:01:02,HLA-A=A*24:07:01 | HLA-C=C*07:02:01:01 | HLA-B=B*35:05:01 | DRB345=DRB3*03:01:03 | DRB1=DRB1*12:02:01 | DQA1=DQA1*06:01:01 | DQB1=DQB1*03:01:01:01 | DPA1=DPA1*02:02:02 | DPB1=DPB1*01:01:01,False,False,1.0,1.0,1.0,1.0,1.0,1.0,1.0,1.0,0.0
SYNTH_0339,Global,success,,182.6,1.0,1,0.0,HLA-A=A*03:01:01:01 | HLA-C=C*07:02:01:03 | HLA-B=B*07:02:01 | DRB345=DRB5*01:01:01 | DRB1=DRB1*15:01:01:01SG | DQA1=DQA1*01:02:01:01SG | DQB1=DQB1*06:02:01 | DPA1=DPA1*01:03:01:02 | DPB1=DPB1*04:01:01:01/DPB1*04:01:01:02,HLA-A=A*02:01:01:01 | HLA-C=C*05:01:01:02 | HLA-B=B*44:02:01:01 | DRB345=DRB4*01:03:01:01/DRB4*01:03:01:01:03 | DRB1=DRB1*04:01:01:01SG | DQA1=DQA1*03:03:01:01 | DQB1=DQB1*03:01:01:01 | DPA1=DPA1*01:03:01:03 | DPB1=DPB1*03:01:01,False,False,1.0,1.0,1.0,0.0,1.0,1.0,1.0,1.0,0.0
SYNTH_0340,Global,success,,142.7,0.0,0,0.0,,,False,False,,,,,,,,,
SYNTH_0341,Global,success,,231.2,1.0,1,0.0,HLA-A=A*26:01:01:01 | HLA-C=C*01:02:01 | HLA-B=B*27:05:02 | DRB345=Abs | DRB1=DRB1*01:01:01 | DQA1=DQA1*01:01:01:02SG | DQB1=DQB1*05:01:01:03 | DPA1=DPA1*01:03:01:05 | DPB1=DPB1*04:02:01:02,HLA-A=A*24:02:01:01 | HLA-C=C*01:02:01 | HLA-B=B*51:01:01:01 | DRB345=DRB3*02:02:01:02 | DRB1=DRB1*11:01:01:01 | DQA1=DQA1*05:05:01:01SG | DQB1=DQB1*03:01:01:03 | DPA1=DPA1*01:03:01:02 | DPB1=DPB1*04:01:01:01/DPB1*04:01:01:02,False,False,1.0,1.0,1.0,1.0,1.0,1.0,1.0,1.0,0.0
SYNTH_0342,Global,success,,186.5,1.0,1,0.0,HLA-A=A*24:02:01:01 | HLA-C=C*04:01:01:06 | HLA-B=B*35:02:01 | DRB345=DRB3*02:02:01:02 | DRB1=DRB1*11:04:01 | DQA1=DQA1*05:05:01:01SG | DQB1=DQB1*03:01:01:02 | DPA1=DPA1*01:03:01:02 | DPB1=DPB1*04:01:01:01/DPB1*04:01:01:02,HLA-A=A*02:01:01:01 | HLA-C=C*07:02:01:03 | HLA-B=B*07:02:01 | DRB345=Abs | DRB1=DRB1*01:01:01 | DQA1=DQA1*01:01:01:02SG | DQB1=DQB1*05:01:01:03 | DPA1=DPA1*01:03:01:02 | DPB1=DPB1*04:01:01:01/DPB1*04:01:01:02,False,False,1.0,1.0,1.0,1.0,1.0,1.0,1.0,1.0,0.0
SYNTH_0343,Global,success,,191.7,1.0,1,0.0,HLA-A=A*01:01:01:01 | HLA-C=C*07:01:01:01 | HLA-B=B*08:01:01:01 | DRB345=DRB3*01:01:02:01 | DRB1=DRB1*03:01:01:01SG | DQA1=DQA1*05:01:01:02 | DQB1=DQB1*02:01:01 | DPA1=DPA1*01:03:01:02 | DPB1=DPB1*04:01:01:01/DPB1*04:01:01:02,HLA-A=A*02:01:01:01 | HLA-C=C*07:02:01:03 | HLA-B=B*07:02:01 | DRB345=DRB5*01:01:01 | DRB1=DRB1*15:01:01:01SG | DQA1=DQA1*01:02:01:01SG | DQB1=DQB1*06:02:01 | DPA1=DPA1*02:06 | DPB1=DPB1*05:01:01,False,False,1.0,1.0,1.0,1.0,1.0,1.0,1.0,1.0,0.0
SYNTH_0344,Global,success,,190.7,1.0,1,0.0,HLA-A=A*02:01:01:01 | HLA-C=C*03:04:01:01 | HLA-B=B*40:01:02 | DRB345=DRB3*03:01:01 | DRB1=DRB1*13:02:01 | DQA1=DQA1*01:02:01:04SG | DQB1=DQB1*06:04:01 | DPA1=DPA1*01:03:01:02 | DPB1=DPB1*04:01:01:01/DPB1*04:01:01:02,HLA-A=A*26:01:01:01 | HLA-C=C*12:03:01:01 | HLA-B=B*38:01:01 | DRB345=DRB4*01:03:01:01/DRB4*01:03:01:01:03 | DRB1=DRB1*04:02:01 | DQA1=DQA1*03:01:01 | DQB1=DQB1*03:02:01 | DPA1=DPA1*01:03:01:04 | DPB1=DPB1*04:01:01:01/DPB1*04:01:01:02,False,False,1.0,1.0,1.0,0.0,1.0,1.0,1.0,1.0,0.0
SYNTH_0345,Global,success,,276.6,0.82352941,2,0.6723,HLA-A=A*02:01:01:01 | HLA-C=C*05:01:01:02 | HLA-B=B*44:02:01:01 | DRB345=DRB4*01:03:01:01/DRB4*01:03:01:01:03 | DRB1=DRB1*04:01:01:01SG | DQA1=DQA1*03:03:01:01 | DQB1=DQB1*03:01:01:01 | DPA1=DPA1*01:03:01:02 | DPB1=DPB1*04:01:01:01/DPB1*04:01:01:02,HLA-A=A*01:01:01:01 | HLA-C=C*07:01:01:01 | HLA-B=B*08:01:01:01 | DRB345=DRB3*01:01:02:01 | DRB1=DRB1*03:01:01:01SG | DQA1=DQA1*05:01:01:02 | DQB1=DQB1*02:01:01 | DPA1=DPA1*01:03:01:05 | DPB1=DPB1*04:02:01:02,False,False,1.0,1.0,1.0,0.0,1.0,1.0,1.0,1.0,0.0
SYNTH_0346,Global,success,,319.1,0.23697825,112,4.4612,HLA-A=A*01:01:01:01 | HLA-C=C*07:01:01:01 | HLA-B=B*08:01:01:01 | DRB345=DRB3*01:01:02:01 | DRB1=DRB1*03:01:01:01SG | DQA1=DQA1*05:01:01:02 | DQB1=DQB1*02:01:01 | DPA1=DPA1*01:03:01:02 | DPB1=DPB1*04:01:01:01/DPB1*04:01:01:02,HLA-A=A*02:01:01:01 | HLA-C=C*05:01:01:02 | HLA-B=B*44:02:01:01 | DRB345=DRB4*01:03:01:01/DRB4*01:03:01:01:03 | DRB1=DRB1*04:01:01:01SG | DQA1=DQA1*03:03:01:01 | DQB1=DQB1*03:01:01:01 | DPA1=DPA1*01:03:01:04 | DPB1=DPB1*04:01:01:01/DPB1*04:01:01:02,False,False,1.0,1.0,1.0,0.0,1.0,1.0,1.0,0.0,0.0
SYNTH_0347,Global,success,,153.6,0.4,4,1.8169,HLA-A=A*68:02:01:01 | HLA-C=C*08:02:01:01 | HLA-B=B*14:02:01:01 | DRB345=DRB3*01:01:02:01 | DRB1=DRB1*13:03:01 | DQA1=DQA1*05:05:01:01SG | DQB1=DQB1*03:01:01:03 | DPA1=DPA1*01:03:01:01 | DPB1=DPB1*02:01:02/DPB1*02:01:19,HLA-A=A*01:01:01:01 | HLA-C=C*06:02:01:01 | HLA-B=B*57:01:01 | DRB345=DRB4*01:03:01:02N | DRB1=DRB1*07:01:01:01SG | DQA1=DQA1*02:01:01:01SG | DQB1=DQB1*03:03:02:01 | DPA1=DPA1*01:03:01:04 | DPB1=DPB1*04:01:01:01/DPB1*04:01:01:02,False,False,1.0,1.0,1.0,1.0,1.0,1.0,1.0,1.0,0.0
SYNTH_0348,Global,success,,212.8,1.0,1,0.0,HLA-A=A*24:02:01:01 | HLA-C=C*07:02:01:01 | HLA-B=B*39:06:02 | DRB345=DRB3*01:01:02:01 | DRB1=DRB1*14:06:01 | DQA1=DQA1*05:03 | DQB1=DQB1*03:01:01:01 | DPA1=DPA1*01:03:01:05 | DPB1=DPB1*04:02:01:02,HLA-A=A*02:01:01:01 | HLA-C=C*03:04:01:01 | HLA-B=B*40:01:02 | DRB345=DRB3*03:01:01 | DRB1=DRB1*13:02:01 | DQA1=DQA1*01:02:01:04SG | DQB1=DQB1*06:04:01 | DPA1=DPA1*01:03:01:01 | DPB1=DPB1*02:01:02/DPB1*02:01:19,False,False,1.0,1.0,1.0,1.0,1.0,1.0,1.0,1.0,0.0
SYNTH_0349,Global,success,,186.1,1.0,1,0.0,HLA-A=A*01:01:01:01 | HLA-C=C*06:02:01:01 | HLA-B=B*57:01:01 | DRB345=DRB3*02:02:01:02 | DRB1=DRB1*13:05:01 | DQA1=DQA1*05:05:01:01SG | DQB1=DQB1*03:01:01:03 | DPA1=DPA1*01:03:01:02 | DPB1=DPB1*04:01:01:01/DPB1*04:01:01:02,HLA-A=A*02:01:01:01 | HLA-C=C*07:02:01:03 | HLA-B=B*07:02:01 | DRB345=DRB5*01:01:01 | DRB1=DRB1*15:01:01:01SG | DQA1=DQA1*01:02:01:01SG | DQB1=DQB1*05:02:01 | DPA1=DPA1*01:03:01:02 | DPB1=DPB1*104:01,False,False,1.0,1.0,1.0,1.0,1.0,1.0,1.0,1.0,0.0
SYNTH_0350,Global,success,,121.4,0.85802469,3,0.707,HLA-A=A*01:01:01:01 | HLA-C=C*07:01:01:01 | HLA-B=B*08:01:01:01 | DRB345=DRB3*01:01:02:01 | DRB1=DRB1*03:01:01:01SG | DQA1=DQA1*05:01:01:02 | DQB1=DQB1*02:01:01 | DPA1=DPA1*01:03:01:02 | DPB1=DPB1*04:01:01:01/DPB1*04:01:01:02,HLA-A=A*02:01:01:01 | HLA-C=C*07:02:01:01 | HLA-B=B*39:06:02 | DRB345=Abs | DRB1=DRB1*08:01:01 | DQA1=DQA1*04:01:01 | DQB1=DQB1*04:02:01 | DPA1=DPA1*01:03:01:02 | DPB1=DPB1*04:01:01:01/DPB1*04:01:01:02,False,False,1.0,1.0,1.0,1.0,1.0,1.0,1.0,1.0,0.0
SYNTH_0351,Global,success,,172.8,0.86170213,4,0.7939,HLA-A=A*01:01:01:01 | HLA-C=C*07:01:01:01 | HLA-B=B*08:01:01:01 | DRB345=DRB3*01:01:02:01 | DRB1=DRB1*03:01:01:01SG | DQA1=DQA1*05:01:01:02 | DQB1=DQB1*02:01:01 | DPA1=DPA1*02:01:02 | DPB1=DPB1*01:01:01,HLA-A=A*03:01:01:01 | HLA-C=C*07:01:01:01 | HLA-B=B*07:02:01 | DRB345=DRB5*01:01:01 | DRB1=DRB1*15:01:01:01SG | DQA1=DQA1*01:02:01:01SG | DQB1=DQB1*06:02:01 | DPA1=DPA1*01:03:01:02 | DPB1=DPB1*04:01:01:01/DPB1*04:01:01:02,False,False,1.0,1.0,1.0,1.0,1.0,1.0,1.0,1.0,0.0
SYNTH_0352,Global,success,,187.3,0.5625,2,0.9887,HLA-A=A*24:02:01:01 | HLA-C=C*03:04:01:01 | HLA-B=B*15:01:01:01 | DRB345=DRB4*01:03:01:01/DRB4*01:03:01:01:03 | DRB1=DRB1*04:01:01:01SG | DQA1=DQA1*03:01:01 | DQB1=DQB1*03:02:01 | DPA1=DPA1*01:03:01:01 | DPB1=DPB1*02:01:02/DPB1*02:01:19,HLA-A=A*01:01:01:01 | HLA-C=C*07:01:01:01 | HLA-B=B*08:01:01:01 | DRB345=DRB3*01:01:02:01 | DRB1=DRB1*03:01:01:01SG | DQA1=DQA1*05:01:01:01 | DQB1=DQB1*02:01:01 | DPA1=DPA1*01:03:01:01 | DPB1=DPB1*04:01:01:01/DPB1*04:01:01:02,False,False,1.0,1.0,1.0,0.0,1.0,1.0,1.0,1.0,0.0
SYNTH_0353,Global,success,,239.9,0.82352941,2,0.6723,HLA-A=A*01:01:01:01 | HLA-C=C*07:01:01:01 | HLA-B=B*08:01:01:01 | DRB345=DRB3*01:01:02:01 | DRB1=DRB1*03:01:01:01SG | DQA1=DQA1*05:01:01:02 | DQB1=DQB1*02:01:01 | DPA1=DPA1*01:03:01:05 | DPB1=DPB1*04:02:01:02,HLA-A=A*01:01:01:01 | HLA-C=C*07:01:01:01 | HLA-B=B*08:01:01:01 | DRB345=DRB3*01:01:02:01 | DRB1=DRB1*03:01:01:01SG | DQA1=DQA1*05:01:01:02 | DQB1=DQB1*02:01:01 | DPA1=DPA1*02:01:02 | DPB1=DPB1*01:01:01,True,False,1.0,1.0,1.0,1.0,1.0,1.0,1.0,1.0,1.0
SYNTH_0354,Global,success,,164.5,0.0,0,0.0,,,False,False,,,,,,,,,
SYNTH_0355,Global,success,,66.8,1.0,1,0.0,HLA-A=A*01:01:01:01 | HLA-C=C*06:02:01:02 | HLA-B=B*50:01:01 | DRB345=DRB4*01:03:01:01/DRB4*01:03:01:01:03 | DRB1=DRB1*07:01:01:01SG | DQA1=DQA1*02:01:01:01SG | DQB1=DQB1*02:02:01:01 | DPA1=DPA1*01:03:01:01 | DPB1=DPB1*04:01:01:01/DPB1*04:01:01:02,HLA-A=A*02:01:01:01 | HLA-C=C*03:03:01:01 | HLA-B=B*15:01:01:01 | DRB345=DRB4*01:03:01:01/DRB4*01:03:01:01:03 | DRB1=DRB1*04:01:01:01SG | DQA1=DQA1*03:01:01 | DQB1=DQB1*03:02:01 | DPA1=DPA1*01:03:01:05 | DPB1=DPB1*04:02:01:02,False,False,1.0,1.0,1.0,0.0,1.0,1.0,1.0,1.0,0.0
SYNTH_0356,Global,success,,388.9,0.0,0,0.0,,,False,False,,,,,,,,,
SYNTH_0357,Global,success,,808.2,0.16384181,65,4.6638,HLA-A=A*02:01:01:01 | HLA-C=C*05:01:01:02 | HLA-B=B*44:02:01:01 | DRB345=DRB4*01:03:01:01/DRB4*01:03:01:01:03 | DRB1=DRB1*04:01:01:01SG | DQA1=DQA1*03:03:01:01 | DQB1=DQB1*03:01:01:01 | DPA1=DPA1*01:03:01:04 | DPB1=DPB1*04:01:01:01/DPB1*04:01:01:02,HLA-A=A*03:01:01:01 | HLA-C=C*03:04:01:01 | HLA-B=B*15:01:01:01 | DRB345=DRB4*01:03:01:01/DRB4*01:03:01:01:03 | DRB1=DRB1*04:01:01:01SG | DQA1=DQA1*03:01:01 | DQB1=DQB1*03:02:01 | DPA1=DPA1*01:03:01:03 | DPB1=DPB1*03:01:01,False,False,1.0,1.0,0.0,0.0,1.0,1.0,1.0,0.0,0.0
SYNTH_0358,Global,success,,360.4,0.96666667,2,0.2108,HLA-A=A*02:01:01:01 | HLA-C=C*05:01:01:02 | HLA-B=B*44:02:01:01 | DRB345=DRB4*01:03:01:01/DRB4*01:03:01:01:03 | DRB1=DRB1*04:01:01:01SG | DQA1=DQA1*03:03:01:01 | DQB1=DQB1*03:01:01:01 | DPA1=DPA1*01:03:01:04 | DPB1=DPB1*04:01:01:01/DPB1*04:01:01:02,HLA-A=A*02:06:01:01 | HLA-C=C*08:01:01 | HLA-B=B*40:06:01:01 | DRB345=DRB4*01:03:02 | DRB1=DRB1*09:01:02 | DQA1=DQA1*03:02 | DQB1=DQB1*03:03:02:02/DQB1*03:03:02:03 | DPA1=DPA1*01:03:01:01 | DPB1=DPB1*04:01:01:01/DPB1*04:01:01:02,False,False,1.0,1.0,1.0,0.0,1.0,1.0,0.0,1.0,0.0
SYNTH_0359,Global,success,,371.3,0.20753472,70,3.9974,HLA-A=A*01:01:01:01 | HLA-C=C*07:01:01:01 | HLA-B=B*08:01:01:01 | DRB345=DRB3*01:01:02:01 | DRB1=DRB1*03:01:01:01SG | DQA1=DQA1*05:01:01:02 | DQB1=DQB1*02:01:01 | DPA1=DPA1*01:03:01:02 | DPB1=DPB1*04:01:01:01/DPB1*04:01:01:02,HLA-A=A*02:01:01:01 | HLA-C=C*07:02:01:03 | HLA-B=B*07:02:01 | DRB345=DRB5*01:01:01 | DRB1=DRB1*15:01:01:01SG | DQA1=DQA1*01:02:01:01SG | DQB1=DQB1*06:02:01 | DPA1=DPA1*01:03:01:04 | DPB1=DPB1*04:01:01:01/DPB1*04:01:01:02,False,False,1.0,1.0,1.0,1.0,1.0,1.0,1.0,0.0,0.0
SYNTH_0360,Global,success,,431.9,1.0,1,0.0,HLA-A=A*02:01:01:01 | HLA-C=C*05:01:01:02 | HLA-B=B*44:02:01:01 | DRB345=DRB3*01:01:02:01 | DRB1=DRB1*13:01:01:01SG | DQA1=DQA1*01:03:01:02SG | DQB1=DQB1*06:03:01 | DPA1=DPA1*01:03:01:02 | DPB1=DPB1*04:01:01:01/DPB1*04:01:01:02,HLA-A=A*11:01:01:01 | HLA-C=C*04:01:01:05 | HLA-B=B*35:01:01:02 | DRB345=Abs | DRB1=DRB1*01:03 | DQA1=DQA1*01:01:01:02SG | DQB1=DQB1*05:01:01:03 | DPA1=DPA1*01:03:01:05 | DPB1=DPB1*04:02:01:02,False,False,1.0,1.0,1.0,1.0,1.0,1.0,1.0,1.0,0.0
SYNTH_0361,Global,success,,361.5,0.925,2,0.3843,HLA-A=A*02:01:01:01 | HLA-C=C*07:02:01:03 | HLA-B=B*07:02:01 | DRB345=DRB5*01:01:01 | DRB1=DRB1*15:01:01:01SG | DQA1=DQA1*01:02:01:01SG | DQB1=DQB1*06:02:01 | DPA1=DPA1*01:03:01:02 | DPB1=DPB1*04:01:01:01/DPB1*04:01:01:02,HLA-A=A*30:01:01 | HLA-C=C*17:01:01:02 | HLA-B=B*42:01:01 | DRB345=DRB3*02:02:01:02 | DRB1=DRB1*03:02:01 | DQA1=DQA1*04:01:01 | DQB1=DQB1*04:02:01 | DPA1=DPA1*02:02:02 | DPB1=DPB1*01:01:01,False,False,1.0,1.0,1.0,1.0,1.0,1.0,1.0,1.0,0.0
SYNTH_0362,Global,success,,495.5,1.0,1,0.0,HLA-A=A*26:01:01:01 | HLA-C=C*12:03:01:01 | HLA-B=B*38:01:01 | DRB345=DRB5*02:02 | DRB1=DRB1*16:01:01 | DQA1=DQA1*01:02:02 | DQB1=DQB1*05:02:01 | DPA1=DPA1*01:03:01:04 | DPB1=DPB1*04:01:01:01/DPB1*04:01:01:02,HLA-A=A*02:01:01:01 | HLA-C=C*07:02:01:01 | HLA-B=B*39:02:02 | DRB345=DRB5*02:02 | DRB1=DRB1*16:02:01:02 | DQA1=DQA1*05:05:01:05SG | DQB1=DQB1*03:01:01:01 | DPA1=DPA1*01:03:01:05 | DPB1=DPB1*04:02:01:02,False,False,1.0,1.0,1.0,1.0,1.0,1.0,1.0,1.0,0.0
SYNTH_0363,Global,success,,301.6,1.0,1,0.0,HLA-A=A*30:01:01 | HLA-C=C*06:02:01:01 | HLA-B=B*13:02:01 | DRB345=DRB4*01:03:01:01/DRB4*01:03:01:01:03 | DRB1=DRB1*07:01:01:01SG | DQA1=DQA1*02:01:01:01SG | DQB1=DQB1*02:02:01:01 | DPA1=DPA1*02:01:01:01 | DPB1=DPB1*17:01,HLA-A=A*01:01:01:01 | HLA-C=C*07:01:01:01 | HLA-B=B*49:01:01 | DRB345=DRB3*03:01:01 | DRB1=DRB1*13:02:01 | DQA1=DQA1*01:02:01:04SG | DQB1=DQB1*06:04:01 | DPA1=DPA1*01:03:01:02 | DPB1=DPB1*04:01:01:01/DPB1*04:01:01:02,False,False,1.0,1.0,1.0,0.0,1.0,1.0,1.0,1.0,0.0
SYNTH_0364,Global,success,,324.7,0.25,7,2.6049,HLA-A=A*02:01:01:01 | HLA-C=C*14:02:01:01 | HLA-B=B*51:01:01:01 | DRB345=Abs | DRB1=DRB1*08:01:01 | DQA1=DQA1*04:01:01 | DQB1=DQB1*04:02:01 | DPA1=DPA1*01:03:01:04 | DPB1=DPB1*02:01:02/DPB1*02:01:19,HLA-A=A*24:02:01:01 | HLA-C=C*04:01:01:06 | HLA-B=B*35:02:01 | DRB345=DRB3*02:02:01:02 | DRB1=DRB1*11:04:01 | DQA1=DQA1*05:05:01:01SG | DQB1=DQB1*03:01:01:02 | DPA1=DPA1*01:03:01:01 | DPB1=DPB1*02:01:02/DPB1*02:01:19,False,False,1.0,1.0,1.0,1.0,1.0,1.0,1.0,0.0,0.0
SYNTH_0365,Global,success,,215.2,1.0,1,0.0,HLA-A=A*03:01:01:01 | HLA-C=C*05:01:01:02 | HLA-B=B*44:02:01:01 | DRB345=Abs | DRB1=DRB1*01:01:01 | DQA1=DQA1*01:01:01:02SG | DQB1=DQB1*05:01:01:03 | DPA1=DPA1*01:03:01:02 | DPB1=DPB1*04:01:01:01/DPB1*04:01:01:02,HLA-A=A*26:01:01:01 | HLA-C=C*12:03:01:01 | HLA-B=B*38:01:01 | DRB345=DRB4*01:03:01:01/DRB4*01:03:01:01:03 | DRB1=DRB1*04:02:01 | DQA1=DQA1*03:01:01 | DQB1=DQB1*03:02:01 | DPA1=DPA1*01:03:01:04 | DPB1=DPB1*04:01:01:01/DPB1*04:01:01:02,False,False,1.0,1.0,1.0,0.0,1.0,1.0,1.0,1.0,0.0
SYNTH_0366,Global,success,,346.0,1.0,1,0.0,HLA-A=A*01:01:01:01 | HLA-C=C*07:01:01:01 | HLA-B=B*57:01:01 | DRB345=DRB4*01:03:01:02N | DRB1=DRB1*07:01:01:01SG | DQA1=DQA1*02:01:01:01SG | DQB1=DQB1*03:03:02:01 | DPA1=DPA1*01:03:01:02 | DPB1=DPB1*04:01:01:01/DPB1*04:01:01:02,HLA-A=A*01:01:01:01 | HLA-C=C*12:02:02 | HLA-B=B*52:01:01:02 | DRB345=DRB5*01:02 | DRB1=DRB1*15:02:01:01SG | DQA1=DQA1*01:03:01:01 | DQB1=DQB1*06:01:01 | DPA1=DPA1*01:03:01:04 | DPB1=DPB1*04:01:01:01/DPB1*04:01:01:02,False,False,1.0,1.0,1.0,1.0,1.0,1.0,1.0,1.0,0.0
SYNTH_0367,Global,success,,251.3,0.23697825,112,4.4612,HLA-A=A*01:01:01:01 | HLA-C=C*07:01:01:01 | HLA-B=B*08:01:01:01 | DRB345=DRB3*01:01:02:01 | DRB1=DRB1*03:01:01:01SG | DQA1=DQA1*05:01:01:02 | DQB1=DQB1*02:01:01 | DPA1=DPA1*01:03:01:02 | DPB1=DPB1*04:01:01:01/DPB1*04:01:01:02,HLA-A=A*02:01:01:01 | HLA-C=C*05:01:01:02 | HLA-B=B*44:02:01:01 | DRB345=DRB4*01:03:01:01/DRB4*01:03:01:01:03 | DRB1=DRB1*04:01:01:01SG | DQA1=DQA1*03:03:01:01 | DQB1=DQB1*03:01:01:01 | DPA1=DPA1*01:03:01:04 | DPB1=DPB1*04:01:01:01/DPB1*04:01:01:02,False,False,1.0,1.0,1.0,0.0,1.0,1.0,1.0,0.0,0.0
SYNTH_0368,Global,success,,331.1,0.34478809,16,2.8304,HLA-A=A*02:01:01:01 | HLA-C=C*07:02:01:03 | HLA-B=B*07:02:01 | DRB345=DRB5*01:01:01 | DRB1=DRB1*15:01:01:01SG | DQA1=DQA1*01:02:01:01SG | DQB1=DQB1*06:02:01 | DPA1=DPA1*01:03:01:04 | DPB1=DPB1*04:01:01:01/DPB1*04:01:01:02,HLA-A=A*03:01:01:01 | HLA-C=C*08:02:01:01 | HLA-B=B*14:02:01:01 | DRB345=DRB3*03:01:01 | DRB1=DRB1*13:02:01 | DQA1=DQA1*01:02:01:04SG | DQB1=DQB1*06:09:01 | DPA1=DPA1*02:01:01:01 | DPB1=DPB1*05:01:01,False,False,0.0,1.0,1.0,1.0,1.0,1.0,1.0,1.0,0.0
SYNTH_0369,Global,success,,500.0,0.78571429,2,0.7496,HLA-A=A*02:06:01:01 | HLA-C=C*03:03:01:01 | HLA-B=B*52:01:02 | DRB345=Abs | DRB1=DRB1*08:02:01 | DQA1=DQA1*04:01:01 | DQB1=DQB1*04:02:01 | DPA1=DPA1*01:03:01:02 | DPB1=DPB1*04:01:01:01/DPB1*04:01:01:02,HLA-A=A*02:01:01:01 | HLA-C=C*07:02:01:03 | HLA-B=B*07:02:01 | DRB345=Abs | DRB1=DRB1*01:01:01 | DQA1=DQA1*01:01:01:02SG | DQB1=DQB1*05:01:01:03 | DPA1=DPA1*01:03:01:02 | DPB1=DPB1*04:01:01:01/DPB1*04:01:01:02,False,False,1.0,1.0,1.0,1.0,1.0,1.0,1.0,0.0,0.0
SYNTH_0370,Global,success,,308.6,1.0,1,0.0,HLA-A=A*25:01:01 | HLA-C=C*12:03:01:01 | HLA-B=B*18:01:01:02 | DRB345=DRB5*01:01:01 | DRB1=DRB1*15:01:01:01SG | DQA1=DQA1*01:02:01:01SG | DQB1=DQB1*06:03:01 | DPA1=DPA1*01:03:01:01 | DPB1=DPB1*02:01:02/DPB1*02:01:19,HLA-A=A*02:01:01:01 | HLA-C=C*12:02:02 | HLA-B=B*52:01:01:02 | DRB345=DRB5*01:02 | DRB1=DRB1*15:02:01:01SG | DQA1=DQA1*01:03:01:01 | DQB1=DQB1*06:01:01 | DPA1=DPA1*01:03:01:04 | DPB1=DPB1*04:01:01:01/DPB1*04:01:01:02,False,False,1.0,1.0,1.0,1.0,1.0,1.0,1.0,1.0,0.0
SYNTH_0371,Global,success,,338.7,0.98245614,2,0.1274,HLA-A=A*03:01:01:01 | HLA-C=C*07:02:01:03 | HLA-B=B*07:02:01 | DRB345=DRB5*01:01:01 | DRB1=DRB1*15:01:01:01SG | DQA1=DQA1*01:02:01:01SG | DQB1=DQB1*06:02:01 | DPA1=DPA1*01:03:01:02 | DPB1=DPB1*04:01:01:01/DPB1*04:01:01:02,HLA-A=A*33:01:01 | HLA-C=C*08:02:01:01 | HLA-B=B*14:02:01:01 | DRB345=Abs | DRB1=DRB1*01:02:01 | DQA1=DQA1*01:01:02 | DQB1=DQB1*05:01:01:01 | DPA1=DPA1*01:03:01:04 | DPB1=DPB1*04:01:01:01/DPB1*04:01:01:02,False,False,1.0,1.0,1.0,1.0,1.0,1.0,1.0,1.0,0.0
SYNTH_0372,Global,success,,227.0,1.0,1,0.0,HLA-A=A*03:01:01:01 | HLA-C=C*04:01:01:01 | HLA-B=B*35:01:01:02 | DRB345=DRB3*02:02:01:02 | DRB1=DRB1*13:01:01:01SG | DQA1=DQA1*01:03:01:02SG | DQB1=DQB1*06:03:01 | DPA1=DPA1*01:03:01:02 | DPB1=DPB1*04:01:01:01/DPB1*04:01:01:02,HLA-A=A*02:01:01:01 | HLA-C=C*05:01:01:02 | HLA-B=B*44:02:01:01 | DRB345=DRB4*01:03:01:01/DRB4*01:03:01:01:03 | DRB1=DRB1*04:01:01:01SG | DQA1=DQA1*03:03:01:01 | DQB1=DQB1*03:01:01:01 | DPA1=DPA1*01:03:01:02 | DPB1=DPB1*04:01:01:01/DPB1*04:01:01:02,False,False,1.0,1.0,1.0,0.0,1.0,1.0,1.0,1.0,0.0
SYNTH_0373,Global,success,,370.7,0.85802469,3,0.707,HLA-A=A*01:01:01:01 | HLA-C=C*07:01:01:01 | HLA-B=B*08:01:01:01 | DRB345=DRB3*01:01:02:01 | DRB1=DRB1*03:01:01:01SG | DQA1=DQA1*05:01:01:02 | DQB1=DQB1*02:01:01 | DPA1=DPA1*01:03:01:02 | DPB1=DPB1*04:01:01:01/DPB1*04:01:01:02,HLA-A=A*33:01:01 | HLA-C=C*08:02:01:01 | HLA-B=B*14:02:01:01 | DRB345=Abs | DRB1=DRB1*01:02:01 | DQA1=DQA1*01:01:02 | DQB1=DQB1*05:01:01:01 | DPA1=DPA1*02:02:02 | DPB1=DPB1*01:01:01,False,False,1.0,1.0,1.0,1.0,1.0,1.0,1.0,1.0,0.0
SYNTH_0374,Global,success,,344.4,0.94285714,2,0.316,HLA-A=A*03:01:01:01 | HLA-C=C*07:02:01:03 | HLA-B=B*07:02:01 | DRB345=DRB5*01:01:01 | DRB1=DRB1*15:01:01:01SG | DQA1=DQA1*01:02:01:01SG | DQB1=DQB1*06:02:01 | DPA1=DPA1*01:03:01:04 | DPB1=DPB1*04:01:01:01/DPB1*04:01:01:02,HLA-A=A*02:01:01:01 | HLA-C=C*07:01:01:01 | HLA-B=B*08:01:01:01 | DRB345=DRB3*01:01:02:01 | DRB1=DRB1*03:01:01:01SG | DQA1=DQA1*05:01:01:02 | DQB1=DQB1*02:01:01 | DPA1=DPA1*01:03:01:02 | DPB1=DPB1*04:01:01:01/DPB1*04:01:01:02,False,False,1.0,1.0,1.0,1.0,1.0,1.0,1.0,1.0,0.0
SYNTH_0375,Global,success,,259.5,1.0,1,0.0,HLA-A=A*01:01:01:01 | HLA-C=C*07:01:01:01 | HLA-B=B*08:01:01:01 | DRB345=DRB3*01:01:02:01 | DRB1=DRB1*03:01:01:01SG | DQA1=DQA1*05:01:01:02 | DQB1=DQB1*02:01:01 | DPA1=DPA1*01:03:01:03 | DPB1=DPB1*03:01:01,HLA-A=A*02:01:01:01 | HLA-C=C*16:01:01:01 | HLA-B=B*44:03:01:01 | DRB345=DRB3*02:02:01:02 | DRB1=DRB1*11:01:02 | DQA1=DQA1*01:02:01:01SG | DQB1=DQB1*06:02:01 | DPA1=DPA1*01:03:01:02 | DPB1=DPB1*18:01,True,True,1.0,1.0,1.0,1.0,1.0,1.0,1.0,1.0,1.0
SYNTH_0376,Global,success,,228.2,0.875,2,0.5436,HLA-A=A*02:01:01:01 | HLA-C=C*16:02:01 | HLA-B=B*51:01:01:01 | DRB345=DRB3*02:02:01:01 | DRB1=DRB1*03:01:01:01SG | DQA1=DQA1*05:01:01:03 | DQB1=DQB1*02:01:01 | DPA1=DPA1*01:03:01:03 | DPB1=DPB1*03:01:01,HLA-A=A*02:01:01:01 | HLA-C=C*03:04:01:01 | HLA-B=B*40:01:02 | DRB345=DRB3*03:01:01 | DRB1=DRB1*13:02:01 | DQA1=DQA1*01:02:01:04SG | DQB1=DQB1*06:04:01 | DPA1=DPA1*01:03:01:02 | DPB1=DPB1*04:01:01:01/DPB1*04:01:01:02,False,False,1.0,1.0,1.0,1.0,1.0,1.0,1.0,1.0,0.0
SYNTH_0377,Global,success,,49.6,0.5,2,1.0,HLA-A=A*01:01:01:01 | HLA-C=C*03:03:01:01 | HLA-B=B*15:01:01:01 | DRB345=DRB4*01:03:01:01/DRB4*01:03:01:01:03 | DRB1=DRB1*04:01:01:01SG | DQA1=DQA1*03:01:01 | DQB1=DQB1*03:02:01 | DPA1=DPA1*01:03:01:05 | DPB1=DPB1*04:02:01:02,HLA-A=A*36:01 | HLA-C=C*04:01:01:01 | HLA-B=B*53:01:01 | DRB345=DRB3*01:01:02:01 | DRB1=DRB1*03:01:01:01SG | DQA1=DQA1*04:01:01 | DQB1=DQB1*04:02:01 | DPA1=DPA1*02:01:08 | DPB1=DPB1*01:01:01,False,False,1.0,0.0,1.0,0.0,1.0,1.0,1.0,0.0,0.0
SYNTH_0378,Global,success,,178.4,1.0,1,0.0,HLA-A=A*02:01:01:01 | HLA-C=C*05:01:01:02 | HLA-B=B*44:02:01:01 | DRB345=DRB3*01:01:02:01 | DRB1=DRB1*13:01:01:01SG | DQA1=DQA1*01:03:01:02SG | DQB1=DQB1*06:03:01 | DPA1=DPA1*01:03:01:02 | DPB1=DPB1*04:01:01:01/DPB1*04:01:01:02,HLA-A=A*11:01:01:01 | HLA-C=C*03:03:01:01 | HLA-B=B*55:01:01 | DRB345=DRB4*01:03:01:01/DRB4*01:03:01:01:03 | DRB1=DRB1*04:07:01 | DQA1=DQA1*03:03:01:01 | DQB1=DQB1*03:01:01:01 | DPA1=DPA1*01:03:01:04 | DPB1=DPB1*04:01:01:01/DPB1*04:01:01:02,False,False,1.0,1.0,1.0,0.0,1.0,1.0,1.0,1.0,0.0
SYNTH_0379,Global,success,,194.4,0.38718663,22,2.9713,HLA-A=A*01:01:01:01 | HLA-C=C*07:01:01:01 | HLA-B=B*08:01:01:01 | DRB345=DRB3*01:01:02:01 | DRB1=DRB1*03:01:01:01SG | DQA1=DQA1*05:01:01:02 | DQB1=DQB1*02:01:01 | DPA1=DPA1*01:03:01:02 | DPB1=DPB1*04:01:01:01/DPB1*04:01:01:02,HLA-A=A*24:02:01:01 | HLA-C=C*08:02:01:01 | HLA-B=B*14:02:01:01 | DRB345=DRB3*02:02:01:01 | DRB1=DRB1*03:01:01:01SG | DQA1=DQA1*05:01:01:03 | DQB1=DQB1*02:01:01 | DPA1=DPA1*01:03:01:03 | DPB1=DPB1*03:01:01,True,False,1.0,1.0,1.0,1.0,1.0,1.0,1.0,1.0,1.0
SYNTH_0380,Global,success,,170.2,0.59893048,6,1.7076,HLA-A=A*03:01:01:01 | HLA-C=C*07:02:01:03 | HLA-B=B*07:02:01 | DRB345=DRB5*01:01:01 | DRB1=DRB1*15:01:01:01SG | DQA1=DQA1*01:02:01:01SG | DQB1=DQB1*06:02:01 | DPA1=DPA1*01:03:01:02 | DPB1=DPB1*04:01:01:01/DPB1*04:01:01:02,HLA-A=A*11:01:01:01 | HLA-C=C*04:01:01:05 | HLA-B=B*35:01:01:02 | DRB345=DRB4*01:03:01:01/DRB4*01:03:01:01:03 | DRB1=DRB1*04:07:01 | DQA1=DQA1*03:03:01:01 | DQB1=DQB1*03:01:01:01 | DPA1=DPA1*01:03:01:03 | DPB1=DPB1*03:01:01,False,False,1.0,1.0,1.0,0.0,1.0,1.0,1.0,1.0,0.0
SYNTH_0381,Global,success,,276.5,0.21455939,40,3.8795,HLA-A=A*03:01:01:01 | HLA-C=C*07:02:01:03 | HLA-B=B*07:02:01 | DRB345=DRB5*01:01:01 | DRB1=DRB1*15:01:01:01SG | DQA1=DQA1*01:02:01:01SG | DQB1=DQB1*06:02:01 | DPA1=DPA1*01:03:01:02 | DPB1=DPB1*04:01:01:01/DPB1*04:01:01:02,HLA-A=A*02:01:01:01 | HLA-C=C*02:02:02:01 | HLA-B=B*27:05:02 | DRB345=Abs | DRB1=DRB1*01:01:01 | DQA1=DQA1*01:01:01:02SG | DQB1=DQB1*05:01:01:03 | DPA1=DPA1*01:03:01:02 | DPB1=DPB1*04:01:01:01/DPB1*04:01:01:02,False,False,1.0,0.0,1.0,1.0,1.0,1.0,1.0,0.0,0.0
SYNTH_0382,Global,success,,33.2,0.4,4,1.8169,HLA-A=A*68:02:01:01 | HLA-C=C*07:02:01:01 | HLA-B=B*07:02:01 | DRB345=DRB5*01:01:01 | DRB1=DRB1*15:03:01:01SG | DQA1=DQA1*01:02:01:01SG | DQB1=DQB1*06:02:01 | DPA1=DPA1*01:03:01:01 | DPB1=DPB1*02:01:02/DPB1*02:01:19,HLA-A=A*01:01:01:01 | HLA-C=C*06:02:01:01 | HLA-B=B*57:01:01 | DRB345=DRB4*01:03:01:02N | DRB1=DRB1*07:01:01:01SG | DQA1=DQA1*02:01:01:01SG | DQB1=DQB1*03:03:02:01 | DPA1=DPA1*01:03:01:04 | DPB1=DPB1*04:01:01:01/DPB1*04:01:01:02,False,False,1.0,1.0,1.0,1.0,1.0,1.0,1.0,0.0,0.0
SYNTH_0383,Global,success,,95.8,1.0,1,0.0,HLA-A=A*01:01:01:01 | HLA-C=C*07:01:01:01 | HLA-B=B*08:01:01:01 | DRB345=DRB3*01:01:02:01 | DRB1=DRB1*03:01:01:01SG | DQA1=DQA1*05:01:01:02 | DQB1=DQB1*02:01:01 | DPA1=DPA1*01:03:01:02 | DPB1=DPB1*04:01:01:01/DPB1*04:01:01:02,HLA-A=A*24:02:01:01 | HLA-C=C*02:02:02:01 | HLA-B=B*44:05:01 | DRB345=DRB3*02:02:01:02 | DRB1=DRB1*11:04:01 | DQA1=DQA1*05:05:01:01SG | DQB1=DQB1*03:01:01:02 | DPA1=DPA1*02:01:01:02 | DPB1=DPB1*14:01:01,False,False,1.0,1.0,1.0,1.0,1.0,1.0,1.0,1.0,0.0
SYNTH_0384,Global,success,,55.7,1.0,1,0.0,HLA-A=A*01:01:01:01 | HLA-C=C*06:02:01:01 | HLA-B=B*57:01:01 | DRB345=DRB3*01:01:02:01 | DRB1=DRB1*03:01:01:01SG | DQA1=DQA1*05:01:01:02 | DQB1=DQB1*02:01:01 | DPA1=DPA1*02:01:02 | DPB1=DPB1*01:01:01,HLA-A=A*32:01:01 | HLA-C=C*07:02:01:01 | HLA-B=B*07:02:01 | DRB345=DRB4*01:03:01:01/DRB4*01:03:01:01:03 | DRB1=DRB1*04:04:01 | DQA1=DQA1*03:01:01 | DQB1=DQB1*03:02:01 | DPA1=DPA1*01:03:01:02 | DPB1=DPB1*04:01:01:01/DPB1*04:01:01:02,False,False,1.0,1.0,1.0,0.0,1.0,1.0,1.0,1.0,0.0
SYNTH_0385,Global,success,,103.0,0.96666667,2,0.2108,HLA-A=A*02:01:01:01 | HLA-C=C*05:01:01:02 | HLA-B=B*44:02:01:01 | DRB345=DRB4*01:03:01:01/DRB4*01:03:01:01:03 | DRB1=DRB1*04:01:01:01SG | DQA1=DQA1*03:03:01:01 | DQB1=DQB1*03:01:01:01 | DPA1=DPA1*01:03:01:04 | DPB1=DPB1*04:01:01:01/DPB1*04:01:01:02,HLA-A=A*11:01:01:01 | HLA-C=C*12:03:01:01 | HLA-B=B*35:03:01 | DRB345=DRB4*01:03:01:01/DRB4*01:03:01:01:03 | DRB1=DRB1*04:08:01 | DQA1=DQA1*03:03:01:01 | DQB1=DQB1*03:04:01 | DPA1=DPA1*01:04 | DPB1=DPB1*15:01:01,False,False,1.0,1.0,1.0,0.0,1.0,1.0,1.0,1.0,0.0
SYNTH_0386,Global,success,,131.4,0.47058824,7,2.1996,HLA-A=A*03:01:01:01 | HLA-C=C*04:01:01:01 | HLA-B=B*35:01:01:02 | DRB345=Abs | DRB1=DRB1*01:01:01 | DQA1=DQA1*01:01:01:02SG | DQB1=DQB1*05:01:01:03 | DPA1=DPA1*01:03:01:05 | DPB1=DPB1*04:02:01:02,HLA-A=A*03:01:01:01 | HLA-C=C*03:04:01:01 | HLA-B=B*40:01:02 | DRB345=DRB4*01:03:01:01/DRB4*01:03:01:01:03 | DRB1=DRB1*04:04:01 | DQA1=DQA1*03:01:01 | DQB1=DQB1*03:02:01 | DPA1=DPA1*01:03:01:03 | DPB1=DPB1*06:01:01,False,False,1.0,1.0,1.0,0.0,1.0,1.0,1.0,1.0,0.0
SYNTH_0387,Global,success,,237.1,0.66666667,2,0.9183,HLA-A=A*01:01:01:01 | HLA-C=C*07:01:01:01 | HLA-B=B*08:01:01:01 | DRB345=DRB5*01:01:01 | DRB1=DRB1*15:01:01:01SG | DQA1=DQA1*01:02:01:01SG | DQB1=DQB1*06:02:01 | DPA1=DPA1*01:03:01:04 | DPB1=DPB1*04:01:01:01/DPB1*04:01:01:02,HLA-A=A*33:01:01 | HLA-C=C*08:02:01:01 | HLA-B=B*14:02:01:01 | DRB345=Abs | DRB1=DRB1*01:02:01 | DQA1=DQA1*01:01:02 | DQB1=DQB1*05:01:01:01 | DPA1=DPA1*01:03:01:02 | DPB1=DPB1*04:01:01:01/DPB1*04:01:01:02,False,False,1.0,1.0,1.0,1.0,1.0,1.0,1.0,1.0,0.0
SYNTH_0388,Global,success,,167.8,0.88095238,2,0.5266,HLA-A=A*02:01:01:01 | HLA-C=C*07:02:01:03 | HLA-B=B*07:02:01 | DRB345=DRB3*03:01:01 | DRB1=DRB1*13:02:01 | DQA1=DQA1*01:02:01:04SG | DQB1=DQB1*06:04:01 | DPA1=DPA1*01:03:01:03 | DPB1=DPB1*03:01:01,HLA-A=A*02:01:01:01 | HLA-C=C*07:02:01:03 | HLA-B=B*07:02:01 | DRB345=DRB5*01:01:01 | DRB1=DRB1*15:01:01:01SG | DQA1=DQA1*01:02:01:01SG | DQB1=DQB1*06:02:01 | DPA1=DPA1*01:03:01:02 | DPB1=DPB1*04:01:01:01/DPB1*04:01:01:02,False,False,1.0,1.0,1.0,1.0,1.0,1.0,1.0,1.0,0.0
SYNTH_0389,Global,success,,155.8,1.0,1,0.0,HLA-A=A*03:01:01:01 | HLA-C=C*01:02:01 | HLA-B=B*51:01:01:01 | DRB345=Abs | DRB1=DRB1*01:01:01 | DQA1=DQA1*01:01:01:02SG | DQB1=DQB1*05:01:01:03 | DPA1=DPA1*01:03:01:03 | DPB1=DPB1*03:01:01,HLA-A=A*24:02:01:01 | HLA-C=C*03:03:01:01 | HLA-B=B*15:01:01:01 | DRB345=DRB3*02:02:01:02 | DRB1=DRB1*13:01:01:01SG | DQA1=DQA1*01:03:01:02SG | DQB1=DQB1*06:03:01 | DPA1=DPA1*01:03:01:02 | DPB1=DPB1*04:01:01:01/DPB1*04:01:01:02,False,False,1.0,1.0,1.0,1.0,1.0,1.0,1.0,1.0,0.0
SYNTH_0390,Global,success,,102.6,0.82352941,2,0.6723,HLA-A=A*01:01:01:01 | HLA-C=C*07:01:01:01 | HLA-B=B*08:01:01:01 | DRB345=DRB3*01:01:02:01 | DRB1=DRB1*03:01:01:01SG | DQA1=DQA1*05:01:01:02 | DQB1=DQB1*02:01:01 | DPA1=DPA1*01:03:01:05 | DPB1=DPB1*04:02:01:02,HLA-A=A*24:02:01:01 | HLA-C=C*04:01:01:06 | HLA-B=B*35:02:01 | DRB345=DRB3*02:02:01:02 | DRB1=DRB1*11:04:01 | DQA1=DQA1*05:05:01:01SG | DQB1=DQB1*03:01:01:02 | DPA1=DPA1*01:03:01:02 | DPB1=DPB1*04:01:01:01/DPB1*04:01:01:02,False,False,1.0,1.0,1.0,1.0,1.0,1.0,1.0,1.0,0.0
SYNTH_0391,Global,success,,96.2,0.85802469,3,0.707,HLA-A=A*01:01:01:01 | HLA-C=C*07:01:01:01 | HLA-B=B*08:01:01:01 | DRB345=DRB3*01:01:02:01 | DRB1=DRB1*03:01:01:01SG | DQA1=DQA1*05:01:01:02 | DQB1=DQB1*02:01:01 | DPA1=DPA1*01:03:01:02 | DPB1=DPB1*04:01:01:01/DPB1*04:01:01:02,HLA-A=A*66:01:01 | HLA-C=C*12:02:02 | HLA-B=B*52:01:01:01 | DRB345=DRB5*01:02 | DRB1=DRB1*15:02:01:01SG | DQA1=DQA1*01:03:01:01 | DQB1=DQB1*06:01:01 | DPA1=DPA1*02:01:01:01 | DPB1=DPB1*13:01:01/DPB1*107:01,False,False,1.0,1.0,1.0,1.0,1.0,1.0,1.0,1.0,0.0
SYNTH_0392,Global,success,,190.7,0.77777778,2,0.7642,HLA-A=A*11:01:01:01 | HLA-C=C*03:04:01:01 | HLA-B=B*40:01:02 | DRB345=DRB3*03:01:01 | DRB1=DRB1*13:02:01 | DQA1=DQA1*01:02:01:04SG | DQB1=DQB1*06:04:01 | DPA1=DPA1*01:03:01:04 | DPB1=DPB1*04:01:01:01/DPB1*04:01:01:02,HLA-A=A*02:01:01:01 | HLA-C=C*03:04:01:01 | HLA-B=B*40:01:02 | DRB345=DRB4*01:03:01:01/DRB4*01:03:01:01:03 | DRB1=DRB1*04:04:01 | DQA1=DQA1*03:01:01 | DQB1=DQB1*03:02:01 | DPA1=DPA1*01:03:01:03 | DPB1=DPB1*06:01:01,False,False,1.0,1.0,1.0,0.0,1.0,1.0,1.0,1.0,0.0
SYNTH_0393,Global,success,,85.9,0.4,4,1.8169,HLA-A=A*01:01:01:01 | HLA-C=C*06:02:01:01 | HLA-B=B*57:01:01 | DRB345=DRB4*01:03:01:02N | DRB1=DRB1*07:01:01:01SG | DQA1=DQA1*02:01:01:01SG | DQB1=DQB1*03:03:02:01 | DPA1=DPA1*01:03:01:04 | DPB1=DPB1*04:01:01:01/DPB1*04:01:01:02,HLA-A=A*03:02:01 | HLA-C=C*07:01:01:01 | HLA-B=B*08:01:01:01 | DRB345=DRB3*01:01:02:01 | DRB1=DRB1*03:01:01:01SG | DQA1=DQA1*05:01:01:02 | DQB1=DQB1*02:01:01 | DPA1=DPA1*01:03:01:04 | DPB1=DPB1*04:01:01:01/DPB1*04:01:01:02,False,False,1.0,1.0,1.0,1.0,1.0,1.0,1.0,1.0,0.0
SYNTH_0394,Global,success,,135.7,1.0,1,0.0,HLA-A=A*30:01:01 | HLA-C=C*06:02:01:01 | HLA-B=B*13:02:01 | DRB345=DRB4*01:03:01:01/DRB4*01:03:01:01:03 | DRB1=DRB1*07:01:01:01SG | DQA1=DQA1*02:01:01:01SG | DQB1=DQB1*02:02:01:01 | DPA1=DPA1*01:03:01:04 | DPB1=DPB1*04:01:01:01/DPB1*04:01:01:02,HLA-A=A*68:01:02:02 | HLA-C=C*07:04:01:01 | HLA-B=B*44:02:01:03 | DRB345=DRB3*02:02:01:02 | DRB1=DRB1*11:01:01:01 | DQA1=DQA1*05:05:01:01SG | DQB1=DQB1*03:01:01:03 | DPA1=DPA1*01:03:01:02 | DPB1=DPB1*04:01:01:01/DPB1*04:01:01:02,False,False,1.0,1.0,1.0,0.0,1.0,1.0,1.0,1.0,0.0
SYNTH_0395,Global,success,,257.2,0.2502,49,3.6065,HLA-A=A*01:01:01:01 | HLA-C=C*07:01:01:01 | HLA-B=B*08:01:01:01 | DRB345=DRB3*01:01:02:01 | DRB1=DRB1*03:01:01:01SG | DQA1=DQA1*05:01:01:02 | DQB1=DQB1*02:01:01 | DPA1=DPA1*01:03:01:02 | DPB1=DPB1*04:01:01:01/DPB1*04:01:01:02,HLA-A=A*01:01:01:01 | HLA-C=C*07:01:01:01 | HLA-B=B*08:01:01:01 | DRB345=DRB3*01:01:02:01 | DRB1=DRB1*03:01:01:01SG | DQA1=DQA1*05:01:01:02 | DQB1=DQB1*02:01:01 | DPA1=DPA1*02:01:02 | DPB1=DPB1*01:01:01,False,False,1.0,1.0,1.0,1.0,1.0,1.0,1.0,1.0,0.0
SYNTH_0396,Global,success,,302.8,0.12087912,420,6.5932,HLA-A=A*03:01:01:01 | HLA-C=C*07:02:01:03 | HLA-B=B*07:02:01 | DRB345=DRB5*01:01:01 | DRB1=DRB1*15:01:01:01SG | DQA1=DQA1*01:02:01:01SG | DQB1=DQB1*06:02:01 | DPA1=DPA1*01:03:01:02 | DPB1=DPB1*04:01:01:01/DPB1*04:01:01:02,HLA-A=A*29:02:01:01 | HLA-C=C*16:01:01:01 | HLA-B=B*44:03:01:01 | DRB345=DRB4*01:01:01:01 | DRB1=DRB1*07:01:01:01SG | DQA1=DQA1*02:01:01:01SG | DQB1=DQB1*02:02:01:01 | DPA1=DPA1*02:01:01:01 | DPB1=DPB1*11:01:01,False,False,0.0,1.0,1.0,0.0,1.0,1.0,1.0,0.0,0.0
SYNTH_0397,Global,success,,303.1,0.31428571,10,2.904,HLA-A=A*02:01:01:01 | HLA-C=C*07:01:01:01 | HLA-B=B*18:01:01:02 | DRB345=DRB3*02:02:01:02 | DRB1=DRB1*11:04:01 | DQA1=DQA1*05:05:01:01SG | DQB1=DQB1*03:01:01:03 | DPA1=DPA1*01:03:01:02 | DPB1=DPB1*04:01:01:01/DPB1*04:01:01:02,HLA-A=A*02:01:01:01 | HLA-C=C*07:02:01:03 | HLA-B=B*07:02:01 | DRB345=Abs | DRB1=DRB1*01:01:01 | DQA1=DQA1*01:01:01:02SG | DQB1=DQB1*05:01:01:03 | DPA1=DPA1*01:03:01:02 | DPB1=DPB1*04:01:01:01/DPB1*04:01:01:02,False,False,1.0,1.0,1.0,1.0,0.0,1.0,1.0,1.0,0.0
SYNTH_0398,Global,success,,288.5,0.93478261,2,0.3478,HLA-A=A*02:01:01:01 | HLA-C=C*07:02:01:03 | HLA-B=B*07:02:01 | DRB345=DRB5*01:01:01 | DRB1=DRB1*15:01:01:01SG | DQA1=DQA1*01:02:01:01SG | DQB1=DQB1*06:02:01 | DPA1=DPA1*01:03:01:05 | DPB1=DPB1*04:02:01:02,HLA-A=A*02:01:01:01 | HLA-C=C*07:02:01:03 | HLA-B=B*07:02:01 | DRB345=DRB5*01:01:01 | DRB1=DRB1*15:01:01:01SG | DQA1=DQA1*01:02:01:01SG | DQB1=DQB1*06:02:01 | DPA1=DPA1*01:03:01:04 | DPB1=DPB1*04:01:01:01/DPB1*04:01:01:02,False,False,1.0,1.0,1.0,1.0,1.0,1.0,1.0,1.0,0.0
SYNTH_0399,Global,success,,276.3,0.96666667,2,0.2108,HLA-A=A*01:01:01:01 | HLA-C=C*07:01:01:01 | HLA-B=B*08:01:01:01 | DRB345=DRB3*01:01:02:01 | DRB1=DRB1*03:01:01:01SG | DQA1=DQA1*05:01:01:02 | DQB1=DQB1*02:01:01 | DPA1=DPA1*01:03:01:02 | DPB1=DPB1*04:01:01:01/DPB1*04:01:01:02,HLA-A=A*02:01:01:01 | HLA-C=C*05:01:01:02 | HLA-B=B*44:02:01:01 | DRB345=DRB4*01:03:01:01/DRB4*01:03:01:01:03 | DRB1=DRB1*04:01:01:01SG | DQA1=DQA1*03:03:01:01 | DQB1=DQB1*03:01:01:01 | DPA1=DPA1*01:03:01:04 | DPB1=DPB1*04:01:01:01/DPB1*04:01:01:02,False,False,1.0,1.0,1.0,0.0,1.0,1.0,1.0,1.0,0.0
SYNTH_0400,Global,success,,273.9,1.0,1,0.0,HLA-A=A*03:01:01:01 | HLA-C=C*07:02:01:03 | HLA-B=B*07:02:01 | DRB345=DRB5*01:01:01 | DRB1=DRB1*15:01:01:01SG | DQA1=DQA1*01:02:02 | DQB1=DQB1*05:02:01 | DPA1=DPA1*01:03:01:03 | DPB1=DPB1*06:01:01,HLA-A=A*01:01:01:01 | HLA-C=C*06:02:01:01 | HLA-B=B*57:01:01 | DRB345=DRB4*01:03:01:02N | DRB1=DRB1*07:01:01:01SG | DQA1=DQA1*02:01:01:01SG | DQB1=DQB1*03:03:02:01 | DPA1=DPA1*01:03:01:02 | DPB1=DPB1*04:01:01:01/DPB1*04:01:01:02,False,False,1.0,1.0,1.0,1.0,1.0,1.0,1.0,1.0,0.0
SYNTH_0401,Global,success,,258.2,0.2239819,30,4.0325,HLA-A=A*29:02:01:01 | HLA-C=C*16:01:01:01 | HLA-B=B*44:03:01:01 | DRB345=DRB4*01:01:01:01 | DRB1=DRB1*07:01:01:01SG | DQA1=DQA1*02:01:01:01SG | DQB1=DQB1*02:02:01:01 | DPA1=DPA1*02:01:01:01 | DPB1=DPB1*11:01:01,HLA-A=A*25:01:01 | HLA-C=C*12:03:01:01 | HLA-B=B*18:01:01:02 | DRB345=DRB5*01:01:01 | DRB1=DRB1*15:01:01:01SG | DQA1=DQA1*01:02:01:01SG | DQB1=DQB1*06:02:01 | DPA1=DPA1*01:03:01:02 | DPB1=DPB1*04:01:01:01/DPB1*04:01:01:02,False,False,1.0,1.0,1.0,1.0,1.0,1.0,1.0,0.0,0.0
SYNTH_0402,Global,success,,253.5,0.55555556,2,0.9911,HLA-A=A*24:02:01:01 | HLA-C=C*07:02:01:03 | HLA-B=B*07:02:01 | DRB345=DRB5*01:01:01 | DRB1=DRB1*15:01:01:01SG | DQA1=DQA1*01:02:01:01SG | DQB1=DQB1*06:02:01 | DPA1=DPA1*01:03:01:02 | DPB1=DPB1*04:01:01:01/DPB1*04:01:01:02,HLA-A=A*02:01:01:01 | HLA-C=C*05:01:01:02 | HLA-B=B*44:02:01:01 | DRB345=DRB4*01:03:01:01/DRB4*01:03:01:01:03 | DRB1=DRB1*04:01:01:01SG | DQA1=DQA1*03:03:01:01 | DQB1=DQB1*03:01:01:01 | DPA1=DPA1*01:03:01:01 | DPB1=DPB1*02:01:02/DPB1*02:01:19,False,False,1.0,1.0,1.0,0.0,1.0,1.0,1.0,1.0,0.0
SYNTH_0403,Global,success,,229.9,1.0,1,0.0,HLA-A=A*30:02:01:01 | HLA-C=C*05:01:01:01 | HLA-B=B*18:01:01:01 | DRB345=DRB3*02:02:01:01 | DRB1=DRB1*03:01:01:01SG | DQA1=DQA1*05:01:01:01 | DQB1=DQB1*02:01:01 | DPA1=DPA1*01:03:01:01 | DPB1=DPB1*02:02,HLA-A=A*24:02:01:01 | HLA-C=C*07:02:01:03 | HLA-B=B*07:02:01 | DRB345=DRB5*01:01:01 | DRB1=DRB1*15:01:01:01SG | DQA1=DQA1*01:02:01:01SG | DQB1=DQB1*06:02:01 | DPA1=DPA1*01:03:01:02 | DPB1=DPB1*04:01:01:01/DPB1*04:01:01:02,False,False,1.0,1.0,1.0,1.0,1.0,1.0,1.0,1.0,0.0
SYNTH_0404,Global,success,,109.0,1.0,1,0.0,HLA-A=A*01:01:01:01 | HLA-C=C*07:01:01:01 | HLA-B=B*08:01:01:01 | DRB345=DRB3*01:01:02:01 | DRB1=DRB1*03:01:01:01SG | DQA1=DQA1*05:01:01:02 | DQB1=DQB1*02:01:01 | DPA1=DPA1*01:03:01:02 | DPB1=DPB1*04:01:01:01/DPB1*04:01:01:02,HLA-A=A*01:01:01:01 | HLA-C=C*07:01:01:01 | HLA-B=B*08:01:01:01 | DRB345=DRB3*01:01:02:01 | DRB1=DRB1*03:01:01:01SG | DQA1=DQA1*05:01:01:02 | DQB1=DQB1*02:01:01 | DPA1=DPA1*01:03:01:02 | DPB1=DPB1*04:01:01:01/DPB1*04:01:01:02,False,False,1.0,1.0,1.0,1.0,1.0,1.0,1.0,1.0,0.0
SYNTH_0405,Global,success,,172.6,1.0,1,0.0,HLA-A=A*30:01:01 | HLA-C=C*04:01:01:06 | HLA-B=B*35:02:01 | DRB345=DRB3*02:02:01:02 | DRB1=DRB1*11:04:01 | DQA1=DQA1*05:05:01:01SG | DQB1=DQB1*03:01:01:02 | DPA1=DPA1*01:03:01:02 | DPB1=DPB1*104:01,HLA-A=A*01:01:01:01 | HLA-C=C*12:03:01:01 | HLA-B=B*38:01:01 | DRB345=DRB3*01:01:02:01 | DRB1=DRB1*13:01:01:01SG | DQA1=DQA1*01:03:01:02SG | DQB1=DQB1*06:03:01 | DPA1=DPA1*01:03:01:03 | DPB1=DPB1*03:01:01,True,True,1.0,1.0,1.0,1.0,1.0,1.0,1.0,1.0,1.0
SYNTH_0406,Global,success,,226.5,1.0,1,0.0,HLA-A=A*26:01:01:01 | HLA-C=C*07:01:01:01 | HLA-B=B*18:01:01:02 | DRB345=DRB3*02:02:01:02 | DRB1=DRB1*13:01:01:01SG | DQA1=DQA1*01:03:01:02SG | DQB1=DQB1*06:03:01 | DPA1=DPA1*01:03:01:05 | DPB1=DPB1*04:02:01:02,HLA-A=A*02:01:01:01 | HLA-C=C*07:02:01:03 | HLA-B=B*07:02:01 | DRB345=Abs | DRB1=DRB1*01:03 | DQA1=DQA1*01:01:01:02SG | DQB1=DQB1*05:01:01:03 | DPA1=DPA1*01:03:01:01 | DPB1=DPB1*02:01:02/DPB1*02:01:19,False,False,1.0,1.0,1.0,1.0,1.0,1.0,1.0,1.0,0.0
SYNTH_0407,Global,success,,198.8,1.0,1,0.0,HLA-A=A*68:02:01:01 | HLA-C=C*16:01:01:01 | HLA-B=B*52:01:02 | DRB345=Abs | DRB1=DRB1*01:02:01 | DQA1=DQA1*01:01:02 | DQB1=DQB1*05:01:01:01 | DPA1=DPA1*02:02:02 | DPB1=DPB1*01:01:01,HLA-A=A*30:01:01 | HLA-C=C*06:02:01:01 | HLA-B=B*13:02:01 | DRB345=DRB4*01:03:01:01/DRB4*01:03:01:01:03 | DRB1=DRB1*07:01:01:01SG | DQA1=DQA1*02:01:01:01SG | DQB1=DQB1*02:02:01:01 | DPA1=DPA1*02:01:01:01 | DPB1=DPB1*17:01,False,False,1.0,1.0,1.0,0.0,1.0,1.0,1.0,1.0,1.0
SYNTH_0408,Global,success,,187.3,1.0,1,0.0,HLA-A=A*02:01:01:01 | HLA-C=C*02:02:02:03 | HLA-B=B*27:02:01 | DRB345=DRB5*02:02 | DRB1=DRB1*16:01:01 | DQA1=DQA1*01:02:02 | DQB1=DQB1*05:02:01 | DPA1=DPA1*01:03:01:05 | DPB1=DPB1*04:02:01:02,HLA-A=A*24:02:01:01 | HLA-C=C*04:01:01:06 | HLA-B=B*35:01:01:01 | DRB345=DRB3*02:02:01:02 | DRB1=DRB1*13:01:01:01SG | DQA1=DQA1*01:03:01:02SG | DQB1=DQB1*06:03:01 | DPA1=DPA1*01:03:01:01 | DPB1=DPB1*02:01:02/DPB1*02:01:19,False,False,1.0,1.0,1.0,1.0,1.0,1.0,1.0,1.0,0.0
SYNTH_0409,Global,success,,279.4,0.35935829,12,2.6786,HLA-A=A*03:01:01:01 | HLA-C=C*07:02:01:03 | HLA-B=B*07:02:01 | DRB345=DRB5*01:01:01 | DRB1=DRB1*15:01:01:01SG | DQA1=DQA1*01:02:01:01SG | DQB1=DQB1*06:02:01 | DPA1=DPA1*01:03:01:02 | DPB1=DPB1*04:01:01:01/DPB1*04:01:01:02,HLA-A=A*03:01:01:01 | HLA-C=C*07:02:01:03 | HLA-B=B*07:02:01 | DRB345=DRB4*01:03:01:01/DRB4*01:03:01:01:03 | DRB1=DRB1*04:04:01 | DQA1=DQA1*03:01:01 | DQB1=DQB1*03:02:01 | DPA1=DPA1*01:03:01:03 | DPB1=DPB1*06:01:01,False,False,0.0,1.0,1.0,0.0,1.0,1.0,1.0,1.0,0.0
SYNTH_0410,Global,success,,245.3,1.0,1,0.0,HLA-A=A*02:01:01:01 | HLA-C=C*07:02:01:01 | HLA-B=B*39:06:02 | DRB345=Abs | DRB1=DRB1*08:01:01 | DQA1=DQA1*04:01:01 | DQB1=DQB1*04:02:01 | DPA1=DPA1*01:03:01:02 | DPB1=DPB1*04:01:01:01/DPB1*04:01:01:02,HLA-A=A*30:01:01 | HLA-C=C*17:01:01:02 | HLA-B=B*42:01:01 | DRB345=DRB3*01:01:02:01 | DRB1=DRB1*03:02:01 | DQA1=DQA1*04:01:01 | DQB1=DQB1*04:02:01 | DPA1=DPA1*03:01 | DPB1=DPB1*105:01,False,False,1.0,1.0,1.0,1.0,1.0,1.0,1.0,1.0,0.0
SYNTH_0411,Global,success,,198.5,0.46666667,3,1.5301,HLA-A=A*01:01:01:01 | HLA-C=C*08:02:01:01 | HLA-B=B*14:02:01:01 | DRB345=Abs | DRB1=DRB1*01:02:01 | DQA1=DQA1*01:01:02 | DQB1=DQB1*05:01:01:01 | DPA1=DPA1*01:03:01:01 | DPB1=DPB1*04:01:01:01/DPB1*04:01:01:02,HLA-A=A*31:01:02:01 | HLA-C=C*03:04:01:01 | HLA-B=B*40:01:02 | DRB345=DRB4*01:03:01:01/DRB4*01:03:01:01:03 | DRB1=DRB1*04:04:01 | DQA1=DQA1*03:01:01 | DQB1=DQB1*03:02:01 | DPA1=DPA1*01:03:01:02 | DPB1=DPB1*04:01:01:01/DPB1*04:01:01:02,False,False,1.0,1.0,1.0,0.0,1.0,1.0,1.0,1.0,0.0
SYNTH_0412,Global,success,,250.6,0.41428571,10,1.9898,HLA-A=A*02:01:01:01 | HLA-C=C*05:01:01:02 | HLA-B=B*44:02:01:01 | DRB345=DRB4*01:03:01:01/DRB4*01:03:01:01:03 | DRB1=DRB1*04:01:01:01SG | DQA1=DQA1*03:03:01:01 | DQB1=DQB1*03:01:01:01 | DPA1=DPA1*01:03:01:04 | DPB1=DPB1*04:01:01:01/DPB1*04:01:01:02,HLA-A=A*29:02:01:01 | HLA-C=C*16:01:01:01 | HLA-B=B*44:03:01:01 | DRB345=DRB4*01:01:01:01 | DRB1=DRB1*07:01:01:01SG | DQA1=DQA1*02:01:01:01SG | DQB1=DQB1*02:02:01:01 | DPA1=DPA1*01:03:01:01 | DPB1=DPB1*02:01:02/DPB1*02:01:19,False,False,1.0,1.0,1.0,0.0,1.0,1.0,1.0,1.0,0.0
SYNTH_0413,Global,success,,249.1,0.57142857,2,0.9852,HLA-A=A*30:02:01:01 | HLA-C=C*05:01:01:01 | HLA-B=B*18:01:01:01 | DRB345=DRB3*02:02:01:01 | DRB1=DRB1*03:01:01:01SG | DQA1=DQA1*05:01:01:01 | DQB1=DQB1*02:01:01 | DPA1=DPA1*01:03:01:01 | DPB1=DPB1*02:02,HLA-A=A*01:01:01:01 | HLA-C=C*06:02:01:01 | HLA-B=B*57:01:01 | DRB345=DRB4*01:03:01:02N | DRB1=DRB1*07:01:01:01SG | DQA1=DQA1*02:01:01:01SG | DQB1=DQB1*03:03:02:01 | DPA1=DPA1*01:03:01:02 | DPB1=DPB1*04:01:01:01/DPB1*04:01:01:02,False,False,1.0,1.0,1.0,1.0,1.0,1.0,1.0,1.0,0.0
SYNTH_0414,Global,success,,320.4,0.24882716,80,4.2055,HLA-A=A*01:01:01:01 | HLA-C=C*07:01:01:01 | HLA-B=B*08:01:01:01 | DRB345=DRB3*01:01:02:01 | DRB1=DRB1*03:01:01:01SG | DQA1=DQA1*05:01:01:02 | DQB1=DQB1*02:01:01 | DPA1=DPA1*01:03:01:02 | DPB1=DPB1*04:01:01:01/DPB1*04:01:01:02,HLA-A=A*02:01:01:01 | HLA-C=C*05:01:01:02 | HLA-B=B*44:02:01:01 | DRB345=DRB4*01:03:01:01/DRB4*01:03:01:01:03 | DRB1=DRB1*04:01:01:01SG | DQA1=DQA1*03:03:01:01 | DQB1=DQB1*03:01:01:01 | DPA1=DPA1*01:03:01:04 | DPB1=DPB1*04:01:01:01/DPB1*04:01:01:02,False,False,1.0,1.0,1.0,0.0,1.0,1.0,1.0,1.0,0.0
SYNTH_0415,Global,success,,173.5,0.46666667,4,1.7968,HLA-A=A*02:01:01:01 | HLA-C=C*16:02:01 | HLA-B=B*51:01:01:01 | DRB345=DRB3*02:02:01:01 | DRB1=DRB1*03:01:01:01SG | DQA1=DQA1*05:01:01:03 | DQB1=DQB1*02:01:01 | DPA1=DPA1*01:03:01:03 | DPB1=DPB1*03:01:01,HLA-A=A*02:01:01:01 | HLA-C=C*03:04:01:01 | HLA-B=B*40:01:02 | DRB345=DRB4*01:03:01:01/DRB4*01:03:01:01:03 | DRB1=DRB1*04:04:01 | DQA1=DQA1*03:01:01 | DQB1=DQB1*03:02:01 | DPA1=DPA1*01:03:01:03 | DPB1=DPB1*06:01:01,False,False,0.0,1.0,1.0,0.0,1.0,1.0,1.0,1.0,1.0
SYNTH_0416,Global,success,,162.3,1.0,1,0.0,HLA-A=A*02:01:01:01 | HLA-C=C*07:04:01:01 | HLA-B=B*44:27:01 | DRB345=DRB5*02:02 | DRB1=DRB1*16:01:01 | DQA1=DQA1*01:02:02 | DQB1=DQB1*05:02:01 | DPA1=DPA1*01:03:01:04 | DPB1=DPB1*04:01:01:01/DPB1*04:01:01:02,HLA-A=A*32:01:01 | HLA-C=C*08:02:01:02 | HLA-B=B*14:01:01 | DRB345=DRB4*01:01:01:01 | DRB1=DRB1*07:01:01:01SG | DQA1=DQA1*02:01:01:01SG | DQB1=DQB1*02:02:01:01 | DPA1=DPA1*01:03:01:04 | DPB1=DPB1*04:01:01:01/DPB1*04:01:01:02,False,False,1.0,1.0,1.0,1.0,1.0,1.0,1.0,1.0,0.0
SYNTH_0417,Global,success,,145.1,0.92307692,2,0.3912,HLA-A=A*03:01:01:01 | HLA-C=C*04:01:01:01 | HLA-B=B*35:01:01:02 | DRB345=Abs | DRB1=DRB1*01:01:01 | DQA1=DQA1*01:01:01:02SG | DQB1=DQB1*05:01:01:03 | DPA1=DPA1*01:03:01:05 | DPB1=DPB1*04:02:01:02,HLA-A=A*02:01:01:01 | HLA-C=C*15:02:01:01 | HLA-B=B*51:01:01:01 | DRB345=Abs | DRB1=DRB1*01:01:01 | DQA1=DQA1*01:01:01:02SG | DQB1=DQB1*05:01:01:03 | DPA1=DPA1*01:03:01:04 | DPB1=DPB1*04:01:01:01/DPB1*04:01:01:02,False,False,1.0,1.0,1.0,1.0,1.0,1.0,1.0,1.0,0.0
SYNTH_0418,Global,success,,243.7,0.96666667,2,0.2108,HLA-A=A*02:01:01:01 | HLA-C=C*02:02:02:01 | HLA-B=B*27:02:01 | DRB345=DRB3*02:02:01:02 | DRB1=DRB1*11:01:01:01 | DQA1=DQA1*05:05:01:01SG | DQB1=DQB1*03:01:01:03 | DPA1=DPA1*01:03:01:04 | DPB1=DPB1*04:01:01:01/DPB1*04:01:01:02,HLA-A=A*02:01:01:01 | HLA-C=C*05:01:01:02 | HLA-B=B*44:02:01:01 | DRB345=DRB4*01:03:01:01/DRB4*01:03:01:01:03 | DRB1=DRB1*04:01:01:01SG | DQA1=DQA1*03:03:01:01 | DQB1=DQB1*03:01:01:01 | DPA1=DPA1*01:03:01:04 | DPB1=DPB1*04:01:01:01/DPB1*04:01:01:02,False,False,1.0,1.0,1.0,0.0,1.0,1.0,1.0,1.0,0.0
SYNTH_0419,Global,success,,283.8,0.85802469,3,0.707,HLA-A=A*01:01:01:01 | HLA-C=C*07:01:01:01 | HLA-B=B*08:01:01:01 | DRB345=DRB3*01:01:02:01 | DRB1=DRB1*03:01:01:01SG | DQA1=DQA1*05:01:01:02 | DQB1=DQB1*02:01:01 | DPA1=DPA1*01:03:01:02 | DPB1=DPB1*04:01:01:01/DPB1*04:01:01:02,HLA-A=A*25:01:01 | HLA-C=C*12:03:01:01 | HLA-B=B*18:01:01:02 | DRB345=DRB5*01:01:01 | DRB1=DRB1*15:01:01:01SG | DQA1=DQA1*01:02:01:01SG | DQB1=DQB1*06:02:01 | DPA1=DPA1*01:03:01:02 | DPB1=DPB1*04:01:01:01/DPB1*04:01:01:02,False,False,1.0,1.0,1.0,1.0,1.0,1.0,1.0,1.0,0.0
SYNTH_0420,Global,success,,232.7,0.20203488,36,3.7644,HLA-A=A*01:01:01:01 | HLA-C=C*07:01:01:01 | HLA-B=B*08:01:01:01 | DRB345=DRB3*01:01:02:01 | DRB1=DRB1*03:01:01:01SG | DQA1=DQA1*05:01:01:02 | DQB1=DQB1*02:01:01 | DPA1=DPA1*01:03:01:02 | DPB1=DPB1*04:01:01:01/DPB1*04:01:01:02,HLA-A=A*02:01:01:01 | HLA-C=C*04:01:01:01 | HLA-B=B*35:01:01:02 | DRB345=DRB5*01:01:01 | DRB1=DRB1*15:03:01:01SG | DQA1=DQA1*01:02:01:01SG | DQB1=DQB1*06:02:01 | DPA1=DPA1*01:03:01:02 | DPB1=DPB1*02:01:02/DPB1*02:01:19,False,False,1.0,1.0,1.0,1.0,1.0,1.0,1.0,0.0,0.0
SYNTH_0421,Global,success,,179.6,0.88043478,3,0.6292,HLA-A=A*01:01:01:01 | HLA-C=C*07:01:01:01 | HLA-B=B*08:01:01:01 | DRB345=DRB3*01:01:02:01 | DRB1=DRB1*03:01:01:01SG | DQA1=DQA1*05:01:01:02 | DQB1=DQB1*02:01:01 | DPA1=DPA1*01:03:01:02 | DPB1=DPB1*04:01:01:01/DPB1*04:01:01:02,HLA-A=A*01:01:01:01 | HLA-C=C*07:01:01:01 | HLA-B=B*08:01:01:01 | DRB345=DRB3*01:01:02:01 | DRB1=DRB1*03:01:01:01SG | DQA1=DQA1*05:01:01:02 | DQB1=DQB1*02:01:01 | DPA1=DPA1*02:01:02 | DPB1=DPB1*01:01:01,False,False,1.0,1.0,1.0,1.0,1.0,1.0,1.0,1.0,0.0
SYNTH_0422,Global,success,,290.7,0.31379189,56,3.6617,HLA-A=A*01:01:01:01 | HLA-C=C*07:01:01:01 | HLA-B=B*08:01:01:01 | DRB345=DRB3*01:01:02:01 | DRB1=DRB1*03:01:01:01SG | DQA1=DQA1*05:01:01:02 | DQB1=DQB1*02:01:01 | DPA1=DPA1*01:03:01:02 | DPB1=DPB1*04:01:01:01/DPB1*04:01:01:02,HLA-A=A*02:01:01:01 | HLA-C=C*03:04:01:01 | HLA-B=B*15:01:01:01 | DRB345=DRB4*01:03:01:01/DRB4*01:03:01:01:03 | DRB1=DRB1*04:01:01:01SG | DQA1=DQA1*03:01:01 | DQB1=DQB1*03:02:01 | DPA1=DPA1*01:03:01:02 | DPB1=DPB1*04:01:01:01/DPB1*04:01:01:02,False,False,1.0,1.0,1.0,0.0,1.0,1.0,1.0,0.0,0.0
SYNTH_0423,Global,success,,227.1,1.0,1,0.0,HLA-A=A*02:01:01:01 | HLA-C=C*05:01:01:02 | HLA-B=B*44:02:01:01 | DRB345=DRB3*01:01:02:01 | DRB1=DRB1*13:01:01:01SG | DQA1=DQA1*01:03:01:02SG | DQB1=DQB1*06:03:01 | DPA1=DPA1*01:03:01:02 | DPB1=DPB1*04:01:01:01/DPB1*04:01:01:02,HLA-A=A*31:01:02:01 | HLA-C=C*03:04:01:01 | HLA-B=B*40:01:02 | DRB345=DRB4*01:03:01:01/DRB4*01:03:01:01:03 | DRB1=DRB1*04:04:01 | DQA1=DQA1*03:01:01 | DQB1=DQB1*03:02:01 | DPA1=DPA1*01:03:01:02 | DPB1=DPB1*04:01:01:01/DPB1*04:01:01:02,False,False,1.0,1.0,1.0,0.0,1.0,1.0,1.0,1.0,0.0
SYNTH_0424,Global,success,,232.3,0.22485294,60,4.179,HLA-A=A*01:01:01:01 | HLA-C=C*07:01:01:01 | HLA-B=B*08:01:01:01 | DRB345=DRB3*01:01:02:01 | DRB1=DRB1*03:01:01:01SG | DQA1=DQA1*05:01:01:02 | DQB1=DQB1*02:01:01 | DPA1=DPA1*01:03:01:02 | DPB1=DPB1*04:01:01:01/DPB1*04:01:01:02,HLA-A=A*29:02:01:01 | HLA-C=C*16:01:01:01 | HLA-B=B*44:03:01:01 | DRB345=DRB4*01:01:01:01 | DRB1=DRB1*07:01:01:01SG | DQA1=DQA1*02:01:01:01SG | DQB1=DQB1*02:02:01:01 | DPA1=DPA1*02:01:01:01 | DPB1=DPB1*11:01:01,False,False,1.0,1.0,1.0,1.0,1.0,1.0,1.0,0.0,0.0
SYNTH_0425,Global,success,,167.5,1.0,1,0.0,HLA-A=A*02:05:01 | HLA-C=C*07:01:01:01 | HLA-B=B*41:01:01 | DRB345=DRB3*02:02:01:02 | DRB1=DRB1*13:05:01 | DQA1=DQA1*05:05:01:01SG | DQB1=DQB1*03:01:01:03 | DPA1=DPA1*01:03:01:01 | DPB1=DPB1*02:01:02/DPB1*02:01:19,HLA-A=A*02:01:01:01 | HLA-C=C*07:01:01:01 | HLA-B=B*08:01:01:01 | DRB345=DRB3*01:01:02:01 | DRB1=DRB1*03:01:01:01SG | DQA1=DQA1*05:01:01:02 | DQB1=DQB1*02:01:01 | DPA1=DPA1*01:03:01:02 | DPB1=DPB1*04:01:01:01/DPB1*04:01:01:02,False,False,1.0,1.0,1.0,1.0,1.0,1.0,1.0,1.0,0.0
SYNTH_0426,Global,success,,404.2,0.85802469,3,0.707,HLA-A=A*01:01:01:01 | HLA-C=C*07:01:01:01 | HLA-B=B*08:01:01:01 | DRB345=DRB3*01:01:02:01 | DRB1=DRB1*03:01:01:01SG | DQA1=DQA1*05:01:01:02 | DQB1=DQB1*02:01:01 | DPA1=DPA1*01:03:01:02 | DPB1=DPB1*04:01:01:01/DPB1*04:01:01:02,HLA-A=A*33:01:01 | HLA-C=C*08:02:01:01 | HLA-B=B*14:02:01:01 | DRB345=DRB3*02:02:01:02 | DRB1=DRB1*13:01:01:01SG | DQA1=DQA1*01:03:01:02SG | DQB1=DQB1*06:03:01 | DPA1=DPA1*01:03:01:02 | DPB1=DPB1*04:01:01:01/DPB1*04:01:01:02,False,False,1.0,1.0,1.0,1.0,1.0,1.0,1.0,1.0,0.0
SYNTH_0427,Global,success,,392.6,0.79607843,4,0.8831,HLA-A=A*02:01:01:01 | HLA-C=C*05:01:01:02 | HLA-B=B*44:02:01:01 | DRB345=DRB4*01:03:01:01/DRB4*01:03:01:01:03 | DRB1=DRB1*04:01:01:01SG | DQA1=DQA1*03:03:01:01 | DQB1=DQB1*03:01:01:01 | DPA1=DPA1*01:03:01:04 | DPB1=DPB1*04:01:01:01/DPB1*04:01:01:02,HLA-A=A*01:01:01:01 | HLA-C=C*07:01:01:01 | HLA-B=B*08:01:01:01 | DRB345=DRB3*01:01:02:01 | DRB1=DRB1*03:01:01:01SG | DQA1=DQA1*05:01:01:02 | DQB1=DQB1*02:01:01 | DPA1=DPA1*01:03:01:05 | DPB1=DPB1*04:02:01:02,False,False,1.0,1.0,1.0,0.0,1.0,1.0,1.0,1.0,0.0
SYNTH_0428,Global,success,,117.7,0.925,2,0.3843,HLA-A=A*03:01:01:07 | HLA-C=C*04:01:01:01 | HLA-B=B*35:01:01:02 | DRB345=DRB3*01:01:02:01 | DRB1=DRB1*12:01:01:03 | DQA1=DQA1*01:05:01 | DQB1=DQB1*05:01:01:02 | DPA1=DPA1*02:01:08 | DPB1=DPB1*01:01:01,HLA-A=A*02:01:01:01 | HLA-C=C*07:02:01:03 | HLA-B=B*07:02:01 | DRB345=DRB5*01:01:01 | DRB1=DRB1*15:01:01:01SG | DQA1=DQA1*01:02:01:01SG | DQB1=DQB1*06:02:01 | DPA1=DPA1*01:03:01:02 | DPB1=DPB1*04:01:01:01/DPB1*04:01:01:02,False,False,1.0,1.0,1.0,1.0,1.0,1.0,1.0,1.0,0.0
SYNTH_0429,Global,success,,382.2,0.66666667,2,0.9183,HLA-A=A*03:01:01:01 | HLA-C=C*04:01:01:01 | HLA-B=B*35:01:01:02 | DRB345=Abs | DRB1=DRB1*01:01:01 | DQA1=DQA1*01:01:01:02SG | DQB1=DQB1*05:01:01:03 | DPA1=DPA1*01:03:01:03 | DPB1=DPB1*03:01:01,HLA-A=A*36:01 | HLA-C=C*04:01:01:01 | HLA-B=B*53:01:01 | DRB345=DRB3*02:02:01:02 | DRB1=DRB1*11:01:02 | DQA1=DQA1*01:02:01:01SG | DQB1=DQB1*06:02:01 | DPA1=DPA1*01:03:01:01 | DPB1=DPB1*02:01:02/DPB1*02:01:19,False,False,1.0,0.0,0.0,1.0,1.0,1.0,1.0,1.0,0.0
SYNTH_0430,Global,success,,398.9,1.0,1,0.0,HLA-A=A*02:01:01:01 | HLA-C=C*03:04:01:01 | HLA-B=B*40:01:02 | DRB345=DRB5*01:01:01 | DRB1=DRB1*15:01:01:01SG | DQA1=DQA1*01:02:01:01SG | DQB1=DQB1*06:02:01 | DPA1=DPA1*01:03:01:02 | DPB1=DPB1*04:01:01:01/DPB1*04:01:01:02,HLA-A=A*02:01:01:01 | HLA-C=C*02:02:02:01 | HLA-B=B*27:05:02 | DRB345=Abs | DRB1=DRB1*01:01:01 | DQA1=DQA1*01:01:01:02SG | DQB1=DQB1*05:01:01:03 | DPA1=DPA1*01:03:01:05 | DPB1=DPB1*04:02:01:02,False,False,1.0,1.0,1.0,1.0,1.0,1.0,1.0,1.0,0.0
SYNTH_0431,Global,success,,334.9,0.27310345,20,3.51,HLA-A=A*24:02:01:01 | HLA-C=C*07:02:01:03 | HLA-B=B*07:02:01 | DRB345=DRB5*01:01:01 | DRB1=DRB1*15:01:01:01SG | DQA1=DQA1*01:02:01:01SG | DQB1=DQB1*06:02:01 | DPA1=DPA1*01:03:01:02 | DPB1=DPB1*04:01:01:01/DPB1*04:01:01:02,HLA-A=A*02:01:01:01 | HLA-C=C*06:02:01:01 | HLA-B=B*57:01:01 | DRB345=DRB4*01:03:01:02N | DRB1=DRB1*07:01:01:01SG | DQA1=DQA1*02:01:01:01SG | DQB1=DQB1*03:03:02:01 | DPA1=DPA1*01:03:01:02 | DPB1=DPB1*04:01:01:01/DPB1*04:01:01:02,False,False,1.0,1.0,1.0,1.0,1.0,1.0,1.0,1.0,0.0
SYNTH_0432,Global,success,,351.6,1.0,1,0.0,HLA-A=A*29:02:01:01 | HLA-C=C*16:01:01:01 | HLA-B=B*44:03:01:01 | DRB345=DRB4*01:01:01:01 | DRB1=DRB1*07:01:01:01SG | DQA1=DQA1*02:01:01:01SG | DQB1=DQB1*02:02:01:01 | DPA1=DPA1*02:02:02 | DPB1=DPB1*01:01:01,HLA-A=A*02:01:01:01 | HLA-C=C*07:02:01:03 | HLA-B=B*07:02:01 | DRB345=DRB5*01:01:01 | DRB1=DRB1*15:01:01:01SG | DQA1=DQA1*01:02:01:01SG | DQB1=DQB1*06:02:01 | DPA1=DPA1*01:03:01:01 | DPB1=DPB1*02:01:02/DPB1*02:01:19,False,False,1.0,1.0,1.0,1.0,1.0,1.0,1.0,1.0,0.0
SYNTH_0433,Global,success,,346.1,0.13549645,337,6.0916,HLA-A=A*01:01:01:01 | HLA-C=C*07:01:01:01 | HLA-B=B*08:01:01:01 | DRB345=DRB3*01:01:02:01 | DRB1=DRB1*03:01:01:01SG | DQA1=DQA1*05:01:01:02 | DQB1=DQB1*02:01:01 | DPA1=DPA1*01:03:01:02 | DPB1=DPB1*04:01:01:01/DPB1*04:01:01:02,HLA-A=A*03:01:01:01 | HLA-C=C*07:02:01:03 | HLA-B=B*07:02:01 | DRB345=DRB5*01:01:01 | DRB1=DRB1*15:01:01:01SG | DQA1=DQA1*01:02:01:01SG | DQB1=DQB1*06:02:01 | DPA1=DPA1*01:03:01:02 | DPB1=DPB1*04:01:01:01/DPB1*04:01:01:02,False,False,0.0,1.0,1.0,1.0,1.0,1.0,1.0,0.0,0.0
SYNTH_0434,Global,success,,322.8,0.28567759,92,4.01,HLA-A=A*01:01:01:01 | HLA-C=C*07:01:01:01 | HLA-B=B*08:01:01:01 | DRB345=DRB3*01:01:02:01 | DRB1=DRB1*03:01:01:01SG | DQA1=DQA1*05:01:01:02 | DQB1=DQB1*02:01:01 | DPA1=DPA1*01:03:01:02 | DPB1=DPB1*04:01:01:01/DPB1*04:01:01:02,HLA-A=A*03:01:01:01 | HLA-C=C*07:02:01:03 | HLA-B=B*07:02:01 | DRB345=DRB5*01:01:01 | DRB1=DRB1*15:01:01:01SG | DQA1=DQA1*01:02:01:01SG | DQB1=DQB1*06:02:01 | DPA1=DPA1*01:03:01:02 | DPB1=DPB1*04:01:01:01/DPB1*04:01:01:02,False,False,1.0,1.0,1.0,1.0,1.0,1.0,1.0,0.0,0.0
SYNTH_0435,Global,success,,321.8,0.96666667,2,0.2108,HLA-A=A*02:01:01:01 | HLA-C=C*05:01:01:02 | HLA-B=B*44:02:01:01 | DRB345=DRB4*01:03:01:01/DRB4*01:03:01:01:03 | DRB1=DRB1*04:01:01:01SG | DQA1=DQA1*03:03:01:01 | DQB1=DQB1*03:01:01:01 | DPA1=DPA1*01:03:01:03 | DPB1=DPB1*03:01:01,HLA-A=A*02:01:01:01 | HLA-C=C*05:01:01:02 | HLA-B=B*44:02:01:01 | DRB345=DRB4*01:03:01:01/DRB4*01:03:01:01:03 | DRB1=DRB1*04:01:01:01SG | DQA1=DQA1*03:03:01:01 | DQB1=DQB1*03:01:01:01 | DPA1=DPA1*01:03:01:04 | DPB1=DPB1*04:01:01:01/DPB1*04:01:01:02,False,False,1.0,1.0,1.0,0.0,1.0,1.0,1.0,1.0,0.0
SYNTH_0436,Global,success,,116.2,1.0,1,0.0,HLA-A=A*01:01:01:01 | HLA-C=C*06:02:01:01 | HLA-B=B*57:01:01 | DRB345=DRB4*01:03:01:02N | DRB1=DRB1*07:01:01:01SG | DQA1=DQA1*02:01:01:01SG | DQB1=DQB1*03:03:02:01 | DPA1=DPA1*01:03:01:04 | DPB1=DPB1*04:01:01:01/DPB1*04:01:01:02,HLA-A=A*11:01:01:01 | HLA-C=C*04:01:01:05 | HLA-B=B*35:01:01:02 | DRB345=Abs | DRB1=DRB1*01:03 | DQA1=DQA1*01:01:01:02SG | DQB1=DQB1*05:01:01:03 | DPA1=DPA1*01:03:01:05 | DPB1=DPB1*04:02:01:02,False,False,1.0,1.0,1.0,1.0,1.0,1.0,1.0,1.0,0.0
SYNTH_0437,Global,success,,141.9,0.65497076,7,1.5483,HLA-A=A*03:01:01:01 | HLA-C=C*07:02:01:03 | HLA-B=B*07:02:01 | DRB345=DRB5*01:01:01 | DRB1=DRB1*15:01:01:01SG | DQA1=DQA1*01:02:01:01SG | DQB1=DQB1*06:02:01 | DPA1=DPA1*01:03:01:02 | DPB1=DPB1*04:01:01:01/DPB1*04:01:01:02,HLA-A=A*11:01:01:01 | HLA-C=C*02:02:02:01 | HLA-B=B*27:05:02 | DRB345=DRB3*02:02:01:02 | DRB1=DRB1*13:01:01:01SG | DQA1=DQA1*01:03:01:02SG | DQB1=DQB1*06:03:01 | DPA1=DPA1*01:03:01:05 | DPB1=DPB1*04:02:01:02,False,False,1.0,1.0,1.0,1.0,1.0,1.0,1.0,0.0,0.0
SYNTH_0438,Global,success,,158.1,0.44791667,7,1.8444,HLA-A=A*02:01:01:01 | HLA-C=C*07:02:01:03 | HLA-B=B*07:02:01 | DRB345=DRB5*01:01:01 | DRB1=DRB1*15:01:01:01SG | DQA1=DQA1*01:02:01:01SG | DQB1=DQB1*06:02:01 | DPA1=DPA1*01:03:01:04 | DPB1=DPB1*04:01:01:01/DPB1*04:01:01:02,HLA-A=A*24:02:01:05 | HLA-C=C*03:03:01:01 | HLA-B=B*15:01:01:01 | DRB345=DRB3*02:02:01:02 | DRB1=DRB1*11:03:01 | DQA1=DQA1*05:05:01:01SG | DQB1=DQB1*03:01:01:03 | DPA1=DPA1*01:03:01:05 | DPB1=DPB1*04:02:01:02,False,False,1.0,1.0,1.0,1.0,1.0,1.0,1.0,1.0,0.0
SYNTH_0439,Global,success,,132.5,1.0,1,0.0,HLA-A=A*26:01:01:01 | HLA-C=C*12:03:01:01 | HLA-B=B*38:01:01 | DRB345=DRB3*01:01:02:01 | DRB1=DRB1*13:01:01:01SG | DQA1=DQA1*01:03:01:02SG | DQB1=DQB1*06:03:01 | DPA1=DPA1*01:03:01:01 | DPB1=DPB1*02:01:02/DPB1*02:01:19,HLA-A=A*03:01:01:01 | HLA-C=C*03:04:01:01 | HLA-B=B*40:01:02 | DRB345=DRB4*01:03:01:01/DRB4*01:03:01:01:03 | DRB1=DRB1*04:01:01:01SG | DQA1=DQA1*03:01:01 | DQB1=DQB1*03:02:01 | DPA1=DPA1*01:03:01:02 | DPB1=DPB1*04:01:01:01/DPB1*04:01:01:02,False,False,1.0,1.0,1.0,0.0,1.0,1.0,1.0,1.0,0.0
SYNTH_0440,Global,success,,152.0,0.89473684,2,0.4855,HLA-A=A*01:01:01:01 | HLA-C=C*07:01:01:01 | HLA-B=B*08:01:01:01 | DRB345=DRB3*01:01:02:01 | DRB1=DRB1*03:01:01:01SG | DQA1=DQA1*05:01:01:02 | DQB1=DQB1*02:01:01 | DPA1=DPA1*01:03:01:04 | DPB1=DPB1*04:01:01:01/DPB1*04:01:01:02,HLA-A=A*26:01:01:01 | HLA-C=C*06:02:01:01 | HLA-B=B*13:02:01 | DRB345=DRB4*01:03:01:01/DRB4*01:03:01:01:03 | DRB1=DRB1*07:01:01:01SG | DQA1=DQA1*02:01:01:01SG | DQB1=DQB1*02:02:01:01 | DPA1=DPA1*01:03:01:02 | DPB1=DPB1*04:01:01:01/DPB1*04:01:01:02,False,False,1.0,1.0,1.0,0.0,1.0,1.0,1.0,1.0,0.0
SYNTH_0441,Global,success,,165.4,0.22857143,12,3.2799,HLA-A=A*11:01:01:01 | HLA-C=C*05:01:01:02 | HLA-B=B*44:02:01:01 | DRB345=Abs | DRB1=DRB1*01:01:01 | DQA1=DQA1*01:01:01:02SG | DQB1=DQB1*05:01:01:03 | DPA1=DPA1*01:03:01:04 | DPB1=DPB1*04:01:01:01/DPB1*04:01:01:02,HLA-A=A*01:01:01:01 | HLA-C=C*07:01:01:01 | HLA-B=B*08:01:01:01 | DRB345=DRB3*01:01:02:02 | DRB1=DRB1*03:01:01:01SG | DQA1=DQA1*05:01:01:02 | DQB1=DQB1*02:01:01 | DPA1=DPA1*02:01:02 | DPB1=DPB1*01:01:01,False,False,1.0,1.0,1.0,1.0,1.0,1.0,1.0,1.0,0.0
SYNTH_0442,Global,success,,109.2,0.0,0,0.0,,,False,False,,,,,,,,,
SYNTH_0443,Global,success,,264.6,0.92307692,2,0.3912,HLA-A=A*02:01:01:01 | HLA-C=C*07:02:01:03 | HLA-B=B*07:02:01 | DRB345=DRB5*01:01:01 | DRB1=DRB1*15:01:01:01SG | DQA1=DQA1*01:02:01:01SG | DQB1=DQB1*06:02:01 | DPA1=DPA1*01:03:01:02 | DPB1=DPB1*04:01:01:01/DPB1*04:01:01:02,HLA-A=A*03:01:01:01 | HLA-C=C*04:01:01:01 | HLA-B=B*35:01:01:02 | DRB345=Abs | DRB1=DRB1*01:01:01 | DQA1=DQA1*01:01:01:02SG | DQB1=DQB1*05:01:01:03 | DPA1=DPA1*01:03:01:05 | DPB1=DPB1*04:02:01:02,False,False,1.0,1.0,1.0,1.0,1.0,1.0,1.0,1.0,0.0
SYNTH_0444,Global,success,,104.0,1.0,1,0.0,HLA-A=A*02:01:01:01 | HLA-C=C*05:01:01:02 | HLA-B=B*44:02:01:01 | DRB345=DRB4*01:03:01:01/DRB4*01:03:01:01:03 | DRB1=DRB1*04:01:01:01SG | DQA1=DQA1*03:03:01:01 | DQB1=DQB1*03:01:01:01 | DPA1=DPA1*01:03:01:03 | DPB1=DPB1*03:01:01,HLA-A=A*02:01:01:01 | HLA-C=C*16:01:01:01 | HLA-B=B*44:03:01:01 | DRB345=DRB4*01:01:01:01 | DRB1=DRB1*07:01:01:01SG | DQA1=DQA1*02:01:01:01SG | DQB1=DQB1*02:02:01:01 | DPA1=DPA1*02:01:02 | DPB1=DPB1*01:01:01,False,False,1.0,1.0,1.0,0.0,1.0,1.0,1.0,1.0,1.0
SYNTH_0445,Global,success,,199.3,0.5,3,1.4591,HLA-A=A*32:01:01 | HLA-C=C*08:02:01:02 | HLA-B=B*14:01:01 | DRB345=DRB4*01:01:01:01 | DRB1=DRB1*07:01:01:01SG | DQA1=DQA1*02:01:01:01SG | DQB1=DQB1*02:02:01:01 | DPA1=DPA1*01:03:01:02 | DPB1=DPB1*04:01:01:01/DPB1*04:01:01:02,HLA-A=A*03:01:01:01 | HLA-C=C*03:04:01:01 | HLA-B=B*40:01:02 | DRB345=DRB3*03:01:01 | DRB1=DRB1*13:02:01 | DQA1=DQA1*01:02:01:04SG | DQB1=DQB1*06:04:01 | DPA1=DPA1*01:03:01:04 | DPB1=DPB1*04:01:01:01/DPB1*04:01:01:02,False,False,1.0,1.0,1.0,1.0,1.0,1.0,1.0,1.0,0.0
SYNTH_0446,Global,success,,175.4,0.86170213,4,0.7939,HLA-A=A*01:01:01:01 | HLA-C=C*07:01:01:01 | HLA-B=B*08:01:01:01 | DRB345=DRB3*01:01:02:01 | DRB1=DRB1*03:01:01:01SG | DQA1=DQA1*05:01:01:02 | DQB1=DQB1*02:01:01 | DPA1=DPA1*02:01:02 | DPB1=DPB1*01:01:01,HLA-A=A*02:01:01:01 | HLA-C=C*07:04:01:01 | HLA-B=B*44:27:01 | DRB345=DRB5*02:02 | DRB1=DRB1*16:01:01 | DQA1=DQA1*01:02:02 | DQB1=DQB1*05:02:01 | DPA1=DPA1*01:03:01:04 | DPB1=DPB1*04:01:01:01/DPB1*04:01:01:02,False,False,1.0,1.0,1.0,1.0,1.0,1.0,1.0,1.0,0.0
SYNTH_0447,Global,success,,225.4,0.82352941,2,0.6723,HLA-A=A*01:01:01:01 | HLA-C=C*07:01:01:01 | HLA-B=B*08:01:01:01 | DRB345=DRB3*01:01:02:01 | DRB1=DRB1*03:01:01:01SG | DQA1=DQA1*05:01:01:02 | DQB1=DQB1*02:01:01 | DPA1=DPA1*01:03:01:05 | DPB1=DPB1*04:02:01:02,HLA-A=A*02:01:01:01 | HLA-C=C*01:02:01 | HLA-B=B*27:05:02 | DRB345=Abs | DRB1=DRB1*01:01:01 | DQA1=DQA1*01:01:01:02SG | DQB1=DQB1*05:01:01:03 | DPA1=DPA1*01:03:01:02 | DPB1=DPB1*04:01:01:01/DPB1*04:01:01:02,False,False,1.0,1.0,1.0,1.0,1.0,1.0,1.0,1.0,0.0
SYNTH_0448,Global,success,,187.1,1.0,1,0.0,HLA-A=A*03:01:01:01 | HLA-C=C*07:02:01:03 | HLA-B=B*07:02:01 | DRB345=DRB5*01:01:01 | DRB1=DRB1*15:01:01:01SG | DQA1=DQA1*01:02:01:01SG | DQB1=DQB1*06:02:01 | DPA1=DPA1*01:03:01:02 | DPB1=DPB1*04:01:01:01/DPB1*04:01:01:02,HLA-A=A*02:01:01:01 | HLA-C=C*12:03:01:01 | HLA-B=B*38:01:01 | DRB345=DRB3*01:01:02:01 | DRB1=DRB1*13:01:01:01SG | DQA1=DQA1*01:03:01:02SG | DQB1=DQB1*06:03:01 | DPA1=DPA1*01:03:01:04 | DPB1=DPB1*04:01:01:01/DPB1*04:01:01:02,False,False,1.0,1.0,1.0,1.0,1.0,1.0,1.0,1.0,0.0
SYNTH_0449,Global,success,,350.2,0.28571429,4,1.9852,HLA-A=A*03:01:01:01 | HLA-C=C*04:01:01:01 | HLA-B=B*35:01:01:02 | DRB345=DRB3*02:02:01:02 | DRB1=DRB1*13:01:01:01SG | DQA1=DQA1*01:03:01:02SG | DQB1=DQB1*06:03:01 | DPA1=DPA1*01:03:01:02 | DPB1=DPB1*04:01:01:01/DPB1*04:01:01:02,HLA-A=A*02:01:01:01 | HLA-C=C*03:03:01:01 | HLA-B=B*15:01:01:01 | DRB345=DRB4*01:03:01:01/DRB4*01:03:01:01:03 | DRB1=DRB1*04:01:01:01SG | DQA1=DQA1*03:01:01 | DQB1=DQB1*03:02:01 | DPA1=DPA1*01:03:01:05 | DPB1=DPB1*04:02:01:02,False,False,1.0,1.0,1.0,0.0,1.0,1.0,1.0,1.0,0.0
SYNTH_0450,Global,success,,173.8,1.0,1,0.0,HLA-A=A*02:01:01:01 | HLA-C=C*06:02:01:01 | HLA-B=B*13:02:01 | DRB345=DRB4*01:03:01:01/DRB4*01:03:01:01:03 | DRB1=DRB1*07:01:01:01SG | DQA1=DQA1*02:01:01:01SG | DQB1=DQB1*02:02:01:01 | DPA1=DPA1*01:03:01:02 | DPB1=DPB1*04:01:01:01/DPB1*04:01:01:02,HLA-A=A*03:01:01:01 | HLA-C=C*07:01:01:01 | HLA-B=B*08:01:01:01 | DRB345=DRB3*01:01:02:01 | DRB1=DRB1*03:01:01:01SG | DQA1=DQA1*05:01:01:02 | DQB1=DQB1*02:01:01 | DPA1=DPA1*01:03:01:02 | DPB1=DPB1*04:01:01:01/DPB1*04:01:01:02,False,False,1.0,1.0,1.0,0.0,1.0,1.0,1.0,1.0,0.0
SYNTH_0451,Global,success,,231.8,0.96666667,2,0.2108,HLA-A=A*02:01:01:01 | HLA-C=C*05:01:01:02 | HLA-B=B*44:02:01:01 | DRB345=DRB4*01:03:01:01/DRB4*01:03:01:01:03 | DRB1=DRB1*04:01:01:01SG | DQA1=DQA1*03:03:01:01 | DQB1=DQB1*03:01:01:01 | DPA1=DPA1*01:03:01:04 | DPB1=DPB1*04:01:01:01/DPB1*04:01:01:02,HLA-A=A*03:01:01:01 | HLA-C=C*07:02:01:03 | HLA-B=B*07:02:01 | DRB345=DRB4*01:03:01:01/DRB4*01:03:01:01:03 | DRB1=DRB1*04:01:01:01SG | DQA1=DQA1*03:01:01 | DQB1=DQB1*03:02:01 | DPA1=DPA1*01:03:01:01 | DPB1=DPB1*02:01:02/DPB1*02:01:19,False,False,1.0,1.0,1.0,0.0,1.0,1.0,1.0,1.0,0.0
SYNTH_0452,Global,success,,182.8,0.91011236,2,0.4361,HLA-A=A*02:01:01:01 | HLA-C=C*03:04:01:02 | HLA-B=B*40:01:02 | DRB345=DRB4*01:03:01:01/DRB4*01:03:01:01:03 | DRB1=DRB1*04:01:01:01SG | DQA1=DQA1*03:03:01:01 | DQB1=DQB1*03:01:01:01 | DPA1=DPA1*01:03:01:02 | DPB1=DPB1*04:01:01:01/DPB1*04:01:01:02,HLA-A=A*01:01:01:01 | HLA-C=C*07:01:01:01 | HLA-B=B*08:01:01:01 | DRB345=DRB3*01:01:02:01 | DRB1=DRB1*03:01:01:01SG | DQA1=DQA1*05:01:01:02 | DQB1=DQB1*02:01:01 | DPA1=DPA1*02:01:02 | DPB1=DPB1*01:01:01,False,False,1.0,1.0,1.0,0.0,1.0,1.0,1.0,1.0,0.0
SYNTH_0453,Global,success,,229.1,0.82222222,3,0.8449,HLA-A=A*02:01:01:01 | HLA-C=C*06:02:01:01 | HLA-B=B*57:01:01 | DRB345=DRB4*01:03:01:02N | DRB1=DRB1*07:01:01:01SG | DQA1=DQA1*02:01:01:01SG | DQB1=DQB1*03:03:02:01 | DPA1=DPA1*01:03:01:02 | DPB1=DPB1*04:01:01:01/DPB1*04:01:01:02,HLA-A=A*02:01:01:01 | HLA-C=C*07:02:01:03 | HLA-B=B*07:02:01 | DRB345=DRB5*01:01:01 | DRB1=DRB1*15:01:01:01SG | DQA1=DQA1*01:02:01:01SG | DQB1=DQB1*06:02:01 | DPA1=DPA1*01:03:01:02 | DPB1=DPB1*04:01:01:01/DPB1*04:01:01:02,False,False,1.0,1.0,1.0,1.0,1.0,1.0,1.0,1.0,0.0
SYNTH_0454,Global,success,,227.0,0.29700855,24,3.255,HLA-A=A*01:01:01:01 | HLA-C=C*07:01:01:01 | HLA-B=B*08:01:01:01 | DRB345=DRB3*01:01:02:01 | DRB1=DRB1*03:01:01:01SG | DQA1=DQA1*05:01:01:02 | DQB1=DQB1*02:01:01 | DPA1=DPA1*01:03:01:02 | DPB1=DPB1*04:01:01:01/DPB1*04:01:01:02,HLA-A=A*02:01:01:01 | HLA-C=C*12:02:02 | HLA-B=B*52:01:01:02 | DRB345=DRB5*01:02 | DRB1=DRB1*15:02:01:01SG | DQA1=DQA1*01:03:01:01 | DQB1=DQB1*06:01:01 | DPA1=DPA1*01:03:01:04 | DPB1=DPB1*04:01:01:01/DPB1*04:01:01:02,False,False,1.0,1.0,1.0,1.0,1.0,1.0,1.0,1.0,0.0
SYNTH_0455,Global,success,,214.8,1.0,1,0.0,HLA-A=A*11:01:01:01 | HLA-C=C*03:04:01:01 | HLA-B=B*40:01:02 | DRB345=DRB3*03:01:01 | DRB1=DRB1*13:02:01 | DQA1=DQA1*01:02:01:04SG | DQB1=DQB1*06:04:01 | DPA1=DPA1*01:03:01:04 | DPB1=DPB1*04:01:01:01/DPB1*04:01:01:02,HLA-A=A*03:01:01:01 | HLA-C=C*03:04:01:01 | HLA-B=B*15:01:01:01 | DRB345=DRB4*01:03:01:01/DRB4*01:03:01:01:03 | DRB1=DRB1*04:01:01:01SG | DQA1=DQA1*03:01:01 | DQB1=DQB1*03:02:01 | DPA1=DPA1*01:03:01:03 | DPB1=DPB1*03:01:01,False,False,1.0,1.0,1.0,0.0,1.0,1.0,1.0,1.0,0.0
SYNTH_0456,Global,success,,192.7,0.96666667,2,0.2108,HLA-A=A*02:01:01:01 | HLA-C=C*05:01:01:02 | HLA-B=B*44:02:01:01 | DRB345=DRB4*01:03:01:01/DRB4*01:03:01:01:03 | DRB1=DRB1*04:01:01:01SG | DQA1=DQA1*03:03:01:01 | DQB1=DQB1*03:01:01:01 | DPA1=DPA1*01:03:01:04 | DPB1=DPB1*04:01:01:01/DPB1*04:01:01:02,HLA-A=A*01:01:01:01 | HLA-C=C*07:01:01:01 | HLA-B=B*08:01:01:01 | DRB345=DRB4*01:03:01:01/DRB4*01:03:01:01:03 | DRB1=DRB1*04:01:01:01SG | DQA1=DQA1*03:03:01:01 | DQB1=DQB1*03:02:01 | DPA1=DPA1*01:03:01:02 | DPB1=DPB1*04:01:01:01/DPB1*04:01:01:02,False,False,1.0,1.0,1.0,0.0,1.0,1.0,1.0,1.0,0.0
SYNTH_0457,Global,success,,174.8,0.82352941,2,0.6723,HLA-A=A*03:01:01:01 | HLA-C=C*07:02:01:03 | HLA-B=B*07:02:01 | DRB345=DRB3*02:02:01:02 | DRB1=DRB1*11:04:01 | DQA1=DQA1*05:05:01:01SG | DQB1=DQB1*03:01:01:03 | DPA1=DPA1*01:03:01:05 | DPB1=DPB1*04:02:01:02,HLA-A=A*01:01:01:01 | HLA-C=C*07:01:01:01 | HLA-B=B*08:01:01:01 | DRB345=DRB3*01:01:02:01 | DRB1=DRB1*03:01:01:01SG | DQA1=DQA1*05:01:01:02 | DQB1=DQB1*02:01:01 | DPA1=DPA1*01:03:01:05 | DPB1=DPB1*04:02:01:02,True,False,1.0,1.0,1.0,1.0,1.0,1.0,1.0,1.0,1.0
SYNTH_0458,Global,success,,156.8,0.91011236,2,0.4361,HLA-A=A*01:01:01:01 | HLA-C=C*07:01:01:01 | HLA-B=B*08:01:01:01 | DRB345=DRB3*01:01:02:01 | DRB1=DRB1*03:01:01:01SG | DQA1=DQA1*05:01:01:02 | DQB1=DQB1*02:01:01 | DPA1=DPA1*02:01:02 | DPB1=DPB1*01:01:01,HLA-A=A*68:02:01:01 | HLA-C=C*08:02:01:01 | HLA-B=B*14:02:01:01 | DRB345=DRB3*01:01:02:01 | DRB1=DRB1*13:03:01 | DQA1=DQA1*05:05:01:01SG | DQB1=DQB1*03:01:01:03 | DPA1=DPA1*01:03:01:01 | DPB1=DPB1*02:01:02/DPB1*02:01:19,False,False,1.0,1.0,1.0,1.0,1.0,1.0,1.0,1.0,0.0
SYNTH_0459,Global,success,,137.2,1.0,1,0.0,HLA-A=A*02:06:01:01 | HLA-C=C*07:02:01:01 | HLA-B=B*39:02:02 | DRB345=Abs | DRB1=DRB1*08:02:01 | DQA1=DQA1*04:01:01 | DQB1=DQB1*04:02:01 | DPA1=DPA1*01:03:01:05 | DPB1=DPB1*04:02:01:02,HLA-A=A*24:02:01:01 | HLA-C=C*07:01:01:01 | HLA-B=B*08:01:01:01 | DRB345=DRB3*01:01:02:01 | DRB1=DRB1*03:01:01:01SG | DQA1=DQA1*05:01:01:02 | DQB1=DQB1*02:01:01 | DPA1=DPA1*02:01:02 | DPB1=DPB1*01:01:01,True,True,1.0,1.0,1.0,1.0,1.0,1.0,1.0,1.0,1.0
SYNTH_0460,Global,success,,124.6,0.96666667,2,0.2108,HLA-A=A*02:01:01:01 | HLA-C=C*05:01:01:02 | HLA-B=B*44:02:01:01 | DRB345=DRB4*01:03:01:01/DRB4*01:03:01:01:03 | DRB1=DRB1*04:01:01:01SG | DQA1=DQA1*03:03:01:01 | DQB1=DQB1*03:01:01:01 | DPA1=DPA1*01:03:01:04 | DPB1=DPB1*04:01:01:01/DPB1*04:01:01:02,HLA-A=A*30:01:01 | HLA-C=C*06:02:01:01 | HLA-B=B*13:02:01 | DRB345=DRB4*01:03:01:01/DRB4*01:03:01:01:03 | DRB1=DRB1*07:01:01:01SG | DQA1=DQA1*02:01:01:01SG | DQB1=DQB1*02:02:01:01 | DPA1=DPA1*01:03:01:04 | DPB1=DPB1*04:01:01:01/DPB1*04:01:01:02,False,False,1.0,1.0,1.0,0.0,1.0,1.0,1.0,1.0,0.0
SYNTH_0461,Global,success,,109.4,1.0,1,0.0,HLA-A=A*24:03:01:01 | HLA-C=C*03:03:01:01 | HLA-B=B*15:12 | DRB345=DRB3*03:01:03 | DRB1=DRB1*12:02:01 | DQA1=DQA1*06:01:01 | DQB1=DQB1*03:01:01:01 | DPA1=DPA1*02:02:05 | DPB1=DPB1*05:01:01,HLA-A=A*29:02:01:01 | HLA-C=C*16:01:01:01 | HLA-B=B*44:03:01:01 | DRB345=DRB4*01:01:01:01 | DRB1=DRB1*07:01:01:01SG | DQA1=DQA1*02:01:01:01SG | DQB1=DQB1*02:02:01:01 | DPA1=DPA1*01:03:01:02 | DPB1=DPB1*04:01:01:01/DPB1*04:01:01:02,False,False,1.0,1.0,1.0,1.0,1.0,1.0,1.0,1.0,0.0
SYNTH_0462,Global,success,,158.0,0.875,2,0.5436,HLA-A=A*01:01:01:01 | HLA-C=C*05:01:01:02 | HLA-B=B*44:02:01:01 | DRB345=DRB4*01:03:01:01/DRB4*01:03:01:01:03 | DRB1=DRB1*04:01:01:01SG | DQA1=DQA1*03:03:01:01 | DQB1=DQB1*03:01:01:01 | DPA1=DPA1*01:03:01:04 | DPB1=DPB1*04:01:01:01/DPB1*04:01:01:02,HLA-A=A*03:01:01:01 | HLA-C=C*07:02:01:03 | HLA-B=B*07:02:01 | DRB345=DRB5*01:01:01 | DRB1=DRB1*15:01:01:01SG | DQA1=DQA1*01:02:01:01SG | DQB1=DQB1*06:02:01 | DPA1=DPA1*01:03:01:03 | DPB1=DPB1*03:01:01,False,False,1.0,1.0,1.0,0.0,1.0,1.0,1.0,1.0,0.0
SYNTH_0463,Global,success,,331.6,0.68055556,4,1.3078,HLA-A=A*02:01:01:01 | HLA-C=C*03:04:01:01 | HLA-B=B*40:01:02 | DRB345=DRB4*01:03:01:01/DRB4*01:03:01:01:03 | DRB1=DRB1*04:04:01 | DQA1=DQA1*03:01:01 | DQB1=DQB1*03:02:01 | DPA1=DPA1*01:03:01:03 | DPB1=DPB1*06:01:01,HLA-A=A*03:01:01:01 | HLA-C=C*07:02:01:03 | HLA-B=B*07:02:01 | DRB345=DRB5*01:01:01 | DRB1=DRB1*15:01:01:01SG | DQA1=DQA1*01:02:01:01SG | DQB1=DQB1*06:02:01 | DPA1=DPA1*01:03:01:03 | DPB1=DPB1*03:01:01,False,False,1.0,1.0,1.0,0.0,1.0,1.0,1.0,1.0,1.0
SYNTH_0464,Global,success,,325.2,1.0,1,0.0,HLA-A=A*11:01:01:01 | HLA-C=C*12:02:02 | HLA-B=B*52:01:01:02 | DRB345=DRB5*01:02 | DRB1=DRB1*15:02:01:01SG | DQA1=DQA1*01:03:01:01 | DQB1=DQB1*06:01:01 | DPA1=DPA1*02:02:01 | DPB1=DPB1*04:01:01:01/DPB1*04:01:01:02,HLA-A=A*02:01:01:01 | HLA-C=C*05:01:01:02 | HLA-B=B*44:02:01:01 | DRB345=DRB4*01:03:01:01/DRB4*01:03:01:01:03 | DRB1=DRB1*04:01:01:01SG | DQA1=DQA1*03:03:01:01 | DQB1=DQB1*03:01:01:01 | DPA1=DPA1*01:03:01:02 | DPB1=DPB1*04:01:01:01/DPB1*04:01:01:02,False,False,1.0,1.0,1.0,0.0,1.0,1.0,1.0,1.0,0.0
SYNTH_0465,Global,success,,356.3,0.59893048,6,1.7076,HLA-A=A*03:01:01:01 | HLA-C=C*07:02:01:03 | HLA-B=B*07:02:01 | DRB345=DRB5*01:01:01 | DRB1=DRB1*15:01:01:01SG | DQA1=DQA1*01:02:01:01SG | DQB1=DQB1*06:02:01 | DPA1=DPA1*01:03:01:02 | DPB1=DPB1*04:01:01:01/DPB1*04:01:01:02,HLA-A=A*25:01:01 | HLA-C=C*12:03:01:01 | HLA-B=B*18:01:01:02 | DRB345=DRB5*01:01:01 | DRB1=DRB1*15:01:01:01SG | DQA1=DQA1*01:02:01:01SG | DQB1=DQB1*06:02:01 | DPA1=DPA1*01:03:01:02 | DPB1=DPB1*04:01:01:01/DPB1*04:01:01:02,False,False,1.0,1.0,1.0,1.0,1.0,1.0,1.0,1.0,0.0
SYNTH_0466,Global,success,,146.5,0.27378788,40,3.7164,HLA-A=A*01:01:01:01 | HLA-C=C*07:01:01:01 | HLA-B=B*08:01:01:01 | DRB345=DRB3*01:01:02:01 | DRB1=DRB1*03:01:01:01SG | DQA1=DQA1*05:01:01:02 | DQB1=DQB1*02:01:01 | DPA1=DPA1*01:03:01:02 | DPB1=DPB1*04:01:01:01/DPB1*04:01:01:02,HLA-A=A*30:02:01:01 | HLA-C=C*05:01:01:01 | HLA-B=B*18:01:01:01 | DRB345=DRB3*02:02:01:01 | DRB1=DRB1*03:01:01:01SG | DQA1=DQA1*05:01:01:01 | DQB1=DQB1*02:01:01 | DPA1=DPA1*01:03:01:01 | DPB1=DPB1*02:02,False,False,1.0,1.0,1.0,1.0,1.0,1.0,1.0,1.0,0.0
SYNTH_0467,Global,success,,118.0,1.0,1,0.0,HLA-A=A*01:01:01:01 | HLA-C=C*07:01:01:01 | HLA-B=B*08:01:01:01 | DRB345=DRB3*01:01:02:01 | DRB1=DRB1*03:01:01:01SG | DQA1=DQA1*05:01:01:02 | DQB1=DQB1*02:01:01 | DPA1=DPA1*02:01:02 | DPB1=DPB1*01:01:01,HLA-A=A*02:01:01:01 | HLA-C=C*07:04:01:01 | HLA-B=B*44:02:01:03 | DRB345=DRB3*02:02:01:02 | DRB1=DRB1*11:01:01:01 | DQA1=DQA1*05:05:01:01SG | DQB1=DQB1*03:01:01:03 | DPA1=DPA1*01:03:01:02 | DPB1=DPB1*04:01:01:01/DPB1*04:01:01:02,False,False,1.0,1.0,1.0,1.0,1.0,1.0,1.0,1.0,0.0
SYNTH_0468,Global,success,,310.3,0.26950998,32,3.928,HLA-A=A*29:02:01:01 | HLA-C=C*16:01:01:01 | HLA-B=B*44:03:01:01 | DRB345=DRB4*01:01:01:01 | DRB1=DRB1*07:01:01:01SG | DQA1=DQA1*02:01:01:01SG | DQB1=DQB1*02:02:01:01 | DPA1=DPA1*02:01:01:01 | DPB1=DPB1*11:01:01,HLA-A=A*24:02:01:01 | HLA-C=C*07:02:01:03 | HLA-B=B*07:02:01 | DRB345=DRB5*01:01:01 | DRB1=DRB1*15:01:01:01SG | DQA1=DQA1*01:02:01:01SG | DQB1=DQB1*06:02:01 | DPA1=DPA1*01:03:01:02 | DPB1=DPB1*04:01:01:01/DPB1*04:01:01:02,False,False,1.0,1.0,1.0,1.0,1.0,1.0,1.0,1.0,0.0
SYNTH_0469,Global,success,,350.1,0.44329897,8,2.0662,HLA-A=A*02:01:01:01 | HLA-C=C*07:02:01:03 | HLA-B=B*07:02:01 | DRB345=DRB5*01:01:01 | DRB1=DRB1*15:01:01:01SG | DQA1=DQA1*01:02:01:01SG | DQB1=DQB1*06:02:01 | DPA1=DPA1*01:03:01:04 | DPB1=DPB1*04:01:01:01/DPB1*04:01:01:02,HLA-A=A*02:01:01:01 | HLA-C=C*04:01:01:01 | HLA-B=B*35:01:01:02 | DRB345=DRB4*01:03:01:01/DRB4*01:03:01:01:03 | DRB1=DRB1*04:04:01 | DQA1=DQA1*03:01:01 | DQB1=DQB1*03:02:01 | DPA1=DPA1*01:03:01:02 | DPB1=DPB1*02:01:02/DPB1*02:01:19,False,False,0.0,1.0,1.0,0.0,1.0,1.0,1.0,1.0,0.0
SYNTH_0470,Global,success,,277.1,0.22222222,6,2.5305,HLA-A=A*29:02:01:01 | HLA-C=C*16:01:01:01 | HLA-B=B*44:03:01:01 | DRB345=DRB4*01:01:01:01 | DRB1=DRB1*07:01:01:01SG | DQA1=DQA1*02:01:01:01SG | DQB1=DQB1*02:02:01:01 | DPA1=DPA1*01:03:01:01 | DPB1=DPB1*02:01:02/DPB1*02:01:19,HLA-A=A*68:01:02:02 | HLA-C=C*07:04:01:01 | HLA-B=B*44:02:01:03 | DRB345=DRB3*02:02:01:02 | DRB1=DRB1*11:01:01:01 | DQA1=DQA1*05:05:01:01SG | DQB1=DQB1*03:01:01:03 | DPA1=DPA1*01:03:01:02 | DPB1=DPB1*04:01:01:01/DPB1*04:01:01:02,False,False,0.0,1.0,1.0,1.0,1.0,1.0,1.0,1.0,0.0
SYNTH_0471,Global,success,,251.2,0.70888889,4,1.0475,HLA-A=A*02:01:01:01 | HLA-C=C*05:01:01:02 | HLA-B=B*44:02:01:01 | DRB345=DRB4*01:03:01:01/DRB4*01:03:01:01:03 | DRB1=DRB1*04:01:01:01SG | DQA1=DQA1*03:03:01:01 | DQB1=DQB1*03:01:01:01 | DPA1=DPA1*01:03:01:04 | DPB1=DPB1*04:01:01:01/DPB1*04:01:01:02,HLA-A=A*03:01:01:01 | HLA-C=C*04:01:01:01 | HLA-B=B*35:01:01:02 | DRB345=Abs | DRB1=DRB1*01:01:01 | DQA1=DQA1*01:01:01:02SG | DQB1=DQB1*05:01:01:03 | DPA1=DPA1*01:03:01:02 | DPB1=DPB1*04:01:01:01/DPB1*04:01:01:02,False,False,1.0,1.0,1.0,0.0,1.0,1.0,1.0,1.0,0.0
SYNTH_0472,Global,success,,221.7,0.0,0,0.0,,,False,False,,,,,,,,,
SYNTH_0473,Global,success,,209.6,0.89473684,2,0.4855,HLA-A=A*01:01:01:01 | HLA-C=C*07:01:01:01 | HLA-B=B*08:01:01:01 | DRB345=DRB3*01:01:02:01 | DRB1=DRB1*03:01:01:01SG | DQA1=DQA1*05:01:01:02 | DQB1=DQB1*02:01:01 | DPA1=DPA1*01:03:01:02 | DPB1=DPB1*04:01:01:01/DPB1*04:01:01:02,HLA-A=A*01:01:01:01 | HLA-C=C*07:01:01:01 | HLA-B=B*08:01:01:01 | DRB345=DRB3*01:01:02:01 | DRB1=DRB1*03:01:01:01SG | DQA1=DQA1*05:01:01:02 | DQB1=DQB1*02:01:01 | DPA1=DPA1*01:03:01:04 | DPB1=DPB1*04:01:01:01/DPB1*04:01:01:02,False,False,1.0,1.0,1.0,1.0,1.0,1.0,1.0,1.0,0.0
SYNTH_0474,Global,success,,94.4,1.0,1,0.0,HLA-A=A*02:01:01:01 | HLA-C=C*03:04:01:01 | HLA-B=B*40:01:02 | DRB345=DRB3*03:01:01 | DRB1=DRB1*13:02:01 | DQA1=DQA1*01:02:01:04SG | DQB1=DQB1*06:04:01 | DPA1=DPA1*01:03:01:03 | DPB1=DPB1*03:01:01,HLA-A=A*23:01:01 | HLA-C=C*17:03 | HLA-B=B*41:02:01 | DRB345=DRB3*02:02:01:02 | DRB1=DRB1*11:04:01 | DQA1=DQA1*05:05:01:01SG | DQB1=DQB1*03:01:01:03 | DPA1=DPA1*02:01:01:01 | DPB1=DPB1*13:01:01/DPB1*107:01,False,False,1.0,1.0,1.0,1.0,1.0,1.0,1.0,1.0,0.0
SYNTH_0475,Global,success,,144.3,0.92307692,2,0.3912,HLA-A=A*03:01:01:01 | HLA-C=C*04:01:01:01 | HLA-B=B*35:01:01:02 | DRB345=Abs | DRB1=DRB1*01:01:01 | DQA1=DQA1*01:01:01:02SG | DQB1=DQB1*05:01:01:03 | DPA1=DPA1*01:03:01:05 | DPB1=DPB1*04:02:01:02,HLA-A=A*11:01:01:01 | HLA-C=C*04:01:01:05 | HLA-B=B*35:01:01:02 | DRB345=Abs | DRB1=DRB1*01:01:01 | DQA1=DQA1*01:01:01:02SG | DQB1=DQB1*05:01:01:03 | DPA1=DPA1*02:01:01:02 | DPB1=DPB1*09:01:01,True,False,1.0,1.0,1.0,1.0,1.0,1.0,1.0,1.0,1.0
SYNTH_0476,Global,success,,73.2,1.0,1,0.0,HLA-A=A*32:01:01 | HLA-C=C*02:02:02:01 | HLA-B=B*40:02:01 | DRB345=DRB3*02:02:01:02 | DRB1=DRB1*13:01:01:01SG | DQA1=DQA1*01:03:01:02SG | DQB1=DQB1*06:03:01 | DPA1=DPA1*01:03:01:05 | DPB1=DPB1*04:02:01:02,HLA-A=A*03:01:01:01 | HLA-C=C*03:04:01:01 | HLA-B=B*15:01:01:01 | DRB345=DRB4*01:03:01:01/DRB4*01:03:01:01:03 | DRB1=DRB1*04:01:01:01SG | DQA1=DQA1*03:01:01 | DQB1=DQB1*03:02:01 | DPA1=DPA1*01:03:01:03 | DPB1=DPB1*03:01:01,False,False,1.0,1.0,1.0,0.0,1.0,1.0,1.0,1.0,1.0
SYNTH_0477,Global,success,,165.1,1.0,1,0.0,HLA-A=A*29:02:01:01 | HLA-C=C*16:01:01:01 | HLA-B=B*44:03:01:01 | DRB345=DRB4*01:01:01:01 | DRB1=DRB1*07:01:01:01SG | DQA1=DQA1*02:01:01:01SG | DQB1=DQB1*02:02:01:01 | DPA1=DPA1*02:02:02 | DPB1=DPB1*01:01:01,HLA-A=A*03:01:01:01 | HLA-C=C*03:04:01:01 | HLA-B=B*15:01:01:01 | DRB345=DRB4*01:03:01:01/DRB4*01:03:01:01:03 | DRB1=DRB1*04:01:01:01SG | DQA1=DQA1*03:01:01 | DQB1=DQB1*03:02:01 | DPA1=DPA1*01:03:01:02 | DPB1=DPB1*04:01:01:01/DPB1*04:01:01:02,False,False,1.0,1.0,1.0,0.0,1.0,1.0,1.0,1.0,0.0
SYNTH_0478,Global,success,,202.9,1.0,1,0.0,HLA-A=A*02:01:01:01 | HLA-C=C*06:02:01:01 | HLA-B=B*13:02:01 | DRB345=DRB4*01:03:01:01/DRB4*01:03:01:01:03 | DRB1=DRB1*07:01:01:01SG | DQA1=DQA1*02:01:01:01SG | DQB1=DQB1*02:02:01:01 | DPA1=DPA1*01:03:01:04 | DPB1=DPB1*04:01:01:01/DPB1*04:01:01:02,HLA-A=A*30:02:01:01 | HLA-C=C*05:01:01:01 | HLA-B=B*18:01:01:01 | DRB345=DRB3*02:02:01:01 | DRB1=DRB1*03:01:01:01SG | DQA1=DQA1*05:01:01:01 | DQB1=DQB1*02:01:01 | DPA1=DPA1*01:03:01:02 | DPB1=DPB1*04:01:01:01/DPB1*04:01:01:02,False,False,1.0,1.0,1.0,0.0,1.0,1.0,1.0,1.0,0.0
SYNTH_0479,Global,success,,195.6,0.6,2,0.971,HLA-A=A*26:01:01:01 | HLA-C=C*07:01:01:01 | HLA-B=B*18:01:01:02 | DRB345=DRB3*02:02:01:02 | DRB1=DRB1*13:01:01:01SG | DQA1=DQA1*01:03:01:02SG | DQB1=DQB1*06:03:01 | DPA1=DPA1*01:03:01:05 | DPB1=DPB1*04:02:01:02,HLA-A=A*01:01:01:01 | HLA-C=C*06:02:01:01 | HLA-B=B*57:01:01 | DRB345=DRB5*01:01:01 | DRB1=DRB1*15:01:01:01SG | DQA1=DQA1*01:02:01:01SG | DQB1=DQB1*06:02:01 | DPA1=DPA1*01:03:01:02 | DPB1=DPB1*04:01:01:01/DPB1*04:01:01:02,False,False,1.0,1.0,1.0,1.0,1.0,1.0,1.0,0.0,0.0
SYNTH_0480,Global,success,,201.7,0.18,10,3.0627,HLA-A=A*02:01:01:01 | HLA-C=C*07:02:01:03 | HLA-B=B*07:02:01 | DRB345=Abs | DRB1=DRB1*01:03 | DQA1=DQA1*01:01:01:02SG | DQB1=DQB1*05:01:01:03 | DPA1=DPA1*01:03:01:01 | DPB1=DPB1*02:01:02/DPB1*02:01:19,HLA-A=A*33:01:01 | HLA-C=C*08:02:01:01 | HLA-B=B*14:02:01:01 | DRB345=Abs | DRB1=DRB1*01:02:01 | DQA1=DQA1*01:01:02 | DQB1=DQB1*05:01:01:01 | DPA1=DPA1*01:03:01:04 | DPB1=DPB1*04:01:01:01/DPB1*04:01:01:02,False,False,1.0,1.0,1.0,1.0,1.0,1.0,1.0,0.0,0.0
SYNTH_0481,Global,success,,191.3,0.2502,49,3.6065,HLA-A=A*01:01:01:01 | HLA-C=C*07:01:01:01 | HLA-B=B*08:01:01:01 | DRB345=DRB3*01:01:02:01 | DRB1=DRB1*03:01:01:01SG | DQA1=DQA1*05:01:01:02 | DQB1=DQB1*02:01:01 | DPA1=DPA1*01:03:01:02 | DPB1=DPB1*04:01:01:01/DPB1*04:01:01:02,HLA-A=A*01:01:01:01 | HLA-C=C*07:01:01:01 | HLA-B=B*08:01:01:01 | DRB345=DRB3*01:01:02:01 | DRB1=DRB1*03:01:01:01SG | DQA1=DQA1*05:01:01:02 | DQB1=DQB1*02:01:01 | DPA1=DPA1*02:01:02 | DPB1=DPB1*01:01:01,False,False,1.0,1.0,1.0,1.0,1.0,1.0,1.0,1.0,0.0
SYNTH_0482,Global,success,,185.2,0.77777778,2,0.7642,HLA-A=A*24:02:01:01 | HLA-C=C*04:01:01:06 | HLA-B=B*35:02:01 | DRB345=DRB3*02:02:01:02 | DRB1=DRB1*11:04:01 | DQA1=DQA1*05:05:01:01SG | DQB1=DQB1*03:01:01:02 | DPA1=DPA1*01:03:01:02 | DPB1=DPB1*04:01:01:01/DPB1*04:01:01:02,HLA-A=A*26:01:01:01 | HLA-C=C*14:02:01:01 | HLA-B=B*51:01:01:01 | DRB345=DRB5*01:01:01 | DRB1=DRB1*15:01:01:01SG | DQA1=DQA1*01:02:01:01SG | DQB1=DQB1*06:02:01 | DPA1=DPA1*01:03:01:02 | DPB1=DPB1*04:01:01:01/DPB1*04:01:01:02,False,False,1.0,1.0,1.0,1.0,1.0,1.0,1.0,1.0,0.0
SYNTH_0483,Global,success,,178.6,1.0,1,0.0,HLA-A=A*24:02:01:01 | HLA-C=C*08:01:01 | HLA-B=B*51:02:01 | DRB345=DRB4*01:03:01:01/DRB4*01:03:01:01:03 | DRB1=DRB1*04:03:01 | DQA1=DQA1*03:01:01 | DQB1=DQB1*03:02:01 | DPA1=DPA1*01:03:01:05 | DPB1=DPB1*04:02:01:02,HLA-A=A*29:02:01:02 | HLA-C=C*06:02:01:03 | HLA-B=B*45:01:01 | DRB345=DRB5*01:01:01 | DRB1=DRB1*15:01:01:01SG | DQA1=DQA1*01:02:01:01SG | DQB1=DQB1*06:02:01 | DPA1=DPA1*01:03:01:03 | DPB1=DPB1*03:01:01,False,False,1.0,1.0,1.0,0.0,1.0,1.0,1.0,1.0,1.0
SYNTH_0484,Global,success,,184.6,0.22395833,14,2.8444,HLA-A=A*02:01:01:01 | HLA-C=C*07:02:01:03 | HLA-B=B*07:02:01 | DRB345=DRB5*01:01:01 | DRB1=DRB1*15:01:01:01SG | DQA1=DQA1*01:02:01:01SG | DQB1=DQB1*06:02:01 | DPA1=DPA1*01:03:01:04 | DPB1=DPB1*04:01:01:01/DPB1*04:01:01:02,HLA-A=A*30:02:01:01 | HLA-C=C*05:01:01:01 | HLA-B=B*18:01:01:01 | DRB345=Abs | DRB1=DRB1*01:01:01 | DQA1=DQA1*01:01:01:02SG | DQB1=DQB1*05:01:01:03 | DPA1=DPA1*01:03:01:01 | DPB1=DPB1*02:01:02/DPB1*02:01:19,False,False,1.0,1.0,1.0,1.0,1.0,1.0,1.0,0.0,0.0
SYNTH_0485,Global,success,,152.1,0.16363636,18,3.7222,HLA-A=A*30:01:01 | HLA-C=C*06:02:01:01 | HLA-B=B*13:02:01 | DRB345=DRB4*01:03:01:01/DRB4*01:03:01:01:03 | DRB1=DRB1*07:01:01:01SG | DQA1=DQA1*02:01:01:01SG | DQB1=DQB1*02:02:01:01 | DPA1=DPA1*01:03:01:02 | DPB1=DPB1*04:01:01:01/DPB1*04:01:01:02,HLA-A=A*02:01:01:01 | HLA-C=C*03:04:01:01 | HLA-B=B*40:01:02 | DRB345=DRB4*01:03:01:01/DRB4*01:03:01:01:03 | DRB1=DRB1*04:04:01 | DQA1=DQA1*03:01:01 | DQB1=DQB1*03:02:01 | DPA1=DPA1*01:03:01:03 | DPB1=DPB1*06:01:01,False,False,1.0,1.0,1.0,0.0,1.0,1.0,1.0,1.0,0.0
SYNTH_0486,Global,success,,327.5,0.42307692,4,1.6194,HLA-A=A*29:02:01:01 | HLA-C=C*16:01:01:01 | HLA-B=B*44:03:01:01 | DRB345=DRB4*01:01:01:01 | DRB1=DRB1*07:01:01:01SG | DQA1=DQA1*02:01:01:01SG | DQB1=DQB1*02:02:01:01 | DPA1=DPA1*02:02:02 | DPB1=DPB1*01:01:01,HLA-A=A*24:02:01:01 | HLA-C=C*03:04:01:01 | HLA-B=B*40:01:02 | DRB345=Abs | DRB1=DRB1*08:01:01 | DQA1=DQA1*04:01:01 | DQB1=DQB1*04:02:01 | DPA1=DPA1*01:03:01:02 | DPB1=DPB1*04:01:01:01/DPB1*04:01:01:02,False,False,1.0,1.0,1.0,1.0,1.0,1.0,1.0,1.0,0.0
SYNTH_0487,Global,success,,267.1,1.0,1,0.0,HLA-A=A*01:01:01:01 | HLA-C=C*07:01:01:01 | HLA-B=B*08:01:01:01 | DRB345=DRB3*01:01:02:01 | DRB1=DRB1*03:01:01:01SG | DQA1=DQA1*05:01:01:02 | DQB1=DQB1*02:01:01 | DPA1=DPA1*01:03:01:02 | DPB1=DPB1*04:01:01:01/DPB1*04:01:01:02,HLA-A=A*02:01:01:01 | HLA-C=C*03:03:01:01 | HLA-B=B*15:01:01:01 | DRB345=DRB4*01:03:01:01/DRB4*01:03:01:01:03 | DRB1=DRB1*04:01:01:01SG | DQA1=DQA1*03:01:01 | DQB1=DQB1*03:02:01 | DPA1=DPA1*01:03:01:02 | DPB1=DPB1*04:01:01:01/DPB1*04:01:01:02,False,False,1.0,1.0,1.0,0.0,1.0,1.0,1.0,1.0,0.0
SYNTH_0488,Global,success,,300.8,0.96666667,2,0.2108,HLA-A=A*02:01:01:01 | HLA-C=C*05:01:01:02 | HLA-B=B*44:02:01:01 | DRB345=DRB4*01:03:01:01/DRB4*01:03:01:01:03 | DRB1=DRB1*04:01:01:01SG | DQA1=DQA1*03:03:01:01 | DQB1=DQB1*03:01:01:01 | DPA1=DPA1*01:03:01:04 | DPB1=DPB1*04:01:01:01/DPB1*04:01:01:02,HLA-A=A*02:01:01:01 | HLA-C=C*07:02:01:03 | HLA-B=B*07:02:01 | DRB345=DRB4*01:01:01:01 | DRB1=DRB1*07:01:01:01SG | DQA1=DQA1*02:01:01:01SG | DQB1=DQB1*02:02:01:01 | DPA1=DPA1*01:03:01:02 | DPB1=DPB1*04:01:01:01/DPB1*04:01:01:02,False,False,1.0,1.0,1.0,0.0,1.0,1.0,1.0,1.0,0.0
SYNTH_0489,Global,success,,235.9,0.96428571,2,0.2223,HLA-A=A*01:01:01:01 | HLA-C=C*07:01:01:01 | HLA-B=B*08:01:01:01 | DRB345=DRB3*01:01:02:01 | DRB1=DRB1*03:01:01:01SG | DQA1=DQA1*05:01:01:02 | DQB1=DQB1*02:01:01 | DPA1=DPA1*01:03:01:02 | DPB1=DPB1*04:01:01:01/DPB1*04:01:01:02,HLA-A=A*01:01:01:01 | HLA-C=C*07:01:01:01 | HLA-B=B*08:01:01:01 | DRB345=DRB3*01:01:02:01 | DRB1=DRB1*03:01:01:01SG | DQA1=DQA1*05:01:01:02 | DQB1=DQB1*02:01:01 | DPA1=DPA1*02:01:02 | DPB1=DPB1*01:01:01,False,False,1.0,1.0,1.0,1.0,1.0,1.0,1.0,1.0,0.0
SYNTH_0490,Global,success,,283.1,0.34478809,16,2.8304,HLA-A=A*02:01:01:01 | HLA-C=C*07:02:01:03 | HLA-B=B*07:02:01 | DRB345=DRB5*01:01:01 | DRB1=DRB1*15:01:01:01SG | DQA1=DQA1*01:02:01:01SG | DQB1=DQB1*06:02:01 | DPA1=DPA1*01:03:01:04 | DPB1=DPB1*04:01:01:01/DPB1*04:01:01:02,HLA-A=A*02:05:01 | HLA-C=C*06:02:01:02 | HLA-B=B*50:01:01 | DRB345=DRB4*01:03:01:01/DRB4*01:03:01:01:03 | DRB1=DRB1*07:01:01:01SG | DQA1=DQA1*02:01:01:01SG | DQB1=DQB1*02:02:01:01 | DPA1=DPA1*01:03:01:02 | DPB1=DPB1*104:01,False,False,1.0,1.0,1.0,0.0,1.0,1.0,1.0,1.0,0.0
SYNTH_0491,Global,success,,798.1,0.86,3,0.7222,HLA-A=A*02:01:01:01 | HLA-C=C*07:02:01:03 | HLA-B=B*07:02:01 | DRB345=Abs | DRB1=DRB1*01:03 | DQA1=DQA1*01:01:01:02SG | DQB1=DQB1*05:01:01:03 | DPA1=DPA1*01:03:01:02 | DPB1=DPB1*04:01:01:01/DPB1*04:01:01:02,HLA-A=A*02:01:01:01 | HLA-C=C*07:02:01:03 | HLA-B=B*07:02:01 | DRB345=DRB5*01:01:01 | DRB1=DRB1*15:01:01:01SG | DQA1=DQA1*01:02:01:01SG | DQB1=DQB1*06:02:01 | DPA1=DPA1*01:03:01:04 | DPB1=DPB1*04:01:01:01/DPB1*04:01:01:02,False,False,1.0,1.0,1.0,1.0,1.0,1.0,1.0,1.0,0.0
SYNTH_0492,Global,success,,281.6,0.58333333,8,1.8626,HLA-A=A*03:01:01:01 | HLA-C=C*07:02:01:03 | HLA-B=B*07:02:01 | DRB345=DRB5*01:01:01 | DRB1=DRB1*15:01:01:01SG | DQA1=DQA1*01:02:01:01SG | DQB1=DQB1*06:02:01 | DPA1=DPA1*01:03:01:02 | DPB1=DPB1*04:01:01:01/DPB1*04:01:01:02,HLA-A=A*03:01:01:01 | HLA-C=C*16:01:01:01 | HLA-B=B*44:03:01:01 | DRB345=DRB4*01:03:01:01/DRB4*01:03:01:01:03 | DRB1=DRB1*04:04:01 | DQA1=DQA1*03:01:01 | DQB1=DQB1*03:02:01 | DPA1=DPA1*01:03:01:02 | DPB1=DPB1*04:01:01:01/DPB1*04:01:01:02,False,False,1.0,1.0,1.0,0.0,1.0,1.0,1.0,1.0,0.0
SYNTH_0493,Global,success,,238.1,0.92307692,2,0.3912,HLA-A=A*03:01:01:01 | HLA-C=C*04:01:01:01 | HLA-B=B*35:01:01:02 | DRB345=Abs | DRB1=DRB1*01:01:01 | DQA1=DQA1*01:01:01:02SG | DQB1=DQB1*05:01:01:03 | DPA1=DPA1*01:03:01:05 | DPB1=DPB1*04:02:01:02,HLA-A=A*01:01:01:01 | HLA-C=C*06:02:01:01 | HLA-B=B*57:01:01 | DRB345=DRB4*01:03:01:02N | DRB1=DRB1*07:01:01:01SG | DQA1=DQA1*02:01:01:01SG | DQB1=DQB1*03:03:02:01 | DPA1=DPA1*01:03:01:01 | DPB1=DPB1*02:01:02/DPB1*02:01:19,False,False,1.0,1.0,1.0,1.0,1.0,1.0,1.0,1.0,0.0
SYNTH_0494,Global,success,,120.0,1.0,1,0.0,HLA-A=A*01:01:01:01 | HLA-C=C*07:01:01:01 | HLA-B=B*08:01:01:01 | DRB345=DRB5*01:01:01 | DRB1=DRB1*15:01:01:01SG | DQA1=DQA1*01:02:01:01SG | DQB1=DQB1*06:02:01 | DPA1=DPA1*01:03:01:02 | DPB1=DPB1*04:01:01:01/DPB1*04:01:01:02,HLA-A=A*11:01:01:01 | HLA-C=C*02:02:02:01 | HLA-B=B*27:05:02 | DRB345=DRB3*02:02:01:02 | DRB1=DRB1*13:01:01:01SG | DQA1=DQA1*01:03:01:02SG | DQB1=DQB1*06:03:01 | DPA1=DPA1*01:03:01:05 | DPB1=DPB1*04:02:01:02,False,False,1.0,1.0,1.0,1.0,1.0,1.0,1.0,1.0,0.0
SYNTH_0495,Global,success,,248.4,0.85802469,3,0.707,HLA-A=A*01:01:01:01 | HLA-C=C*07:01:01:01 | HLA-B=B*08:01:01:01 | DRB345=DRB3*01:01:02:01 | DRB1=DRB1*03:01:01:01SG | DQA1=DQA1*05:01:01:02 | DQB1=DQB1*02:01:01 | DPA1=DPA1*01:03:01:02 | DPB1=DPB1*04:01:01:01/DPB1*04:01:01:02,HLA-A=A*02:01:01:01 | HLA-C=C*02:02:02:03 | HLA-B=B*27:02:01 | DRB345=DRB5*02:02 | DRB1=DRB1*16:01:01 | DQA1=DQA1*01:02:02 | DQB1=DQB1*05:02:01 | DPA1=DPA1*01:03:01:05 | DPB1=DPB1*04:02:01:02,False,False,1.0,1.0,1.0,1.0,1.0,1.0,1.0,1.0,0.0
SYNTH_0496,Global,success,,247.4,0.22395833,21,3.3444,HLA-A=A*03:01:01:01 | HLA-C=C*07:02:01:03 | HLA-B=B*07:02:01 | DRB345=DRB3*01:01:02:01 | DRB1=DRB1*13:01:01:01SG | DQA1=DQA1*01:03:01:02SG | DQB1=DQB1*06:03:01 | DPA1=DPA1*01:03:01:02 | DPB1=DPB1*04:01:01:01/DPB1*04:01:01:02,HLA-A=A*02:01:01:01 | HLA-C=C*07:02:01:03 | HLA-B=B*07:02:01 | DRB345=DRB5*01:01:01 | DRB1=DRB1*15:01:01:01SG | DQA1=DQA1*01:02:01:01SG | DQB1=DQB1*06:02:01 | DPA1=DPA1*01:03:01:04 | DPB1=DPB1*04:01:01:01/DPB1*04:01:01:02,False,False,1.0,1.0,1.0,1.0,1.0,1.0,1.0,0.0,0.0
SYNTH_0497,Global,success,,542.9,0.47384615,20,2.6879,HLA-A=A*29:02:01:01 | HLA-C=C*16:01:01:01 | HLA-B=B*44:03:01:01 | DRB345=DRB4*01:01:01:01 | DRB1=DRB1*07:01:01:01SG | DQA1=DQA1*02:01:01:01SG | DQB1=DQB1*02:02:01:01 | DPA1=DPA1*02:02:02 | DPB1=DPB1*01:01:01,HLA-A=A*03:01:01:01 | HLA-C=C*07:02:01:03 | HLA-B=B*07:02:01 | DRB345=DRB5*01:01:01 | DRB1=DRB1*15:01:01:01SG | DQA1=DQA1*01:02:01:01SG | DQB1=DQB1*06:02:01 | DPA1=DPA1*01:03:01:02 | DPB1=DPB1*04:01:01:01/DPB1*04:01:01:02,False,False,1.0,1.0,1.0,1.0,1.0,1.0,1.0,1.0,0.0
SYNTH_0498,Global,success,,392.0,1.0,1,0.0,HLA-A=A*02:01:01:01 | HLA-C=C*07:01:01:01 | HLA-B=B*18:01:01:02 | DRB345=DRB3*02:02:01:02 | DRB1=DRB1*11:04:01 | DQA1=DQA1*05:05:01:01SG | DQB1=DQB1*03:01:01:03 | DPA1=DPA1*01:03:01:02 | DPB1=DPB1*04:01:01:01/DPB1*04:01:01:02,HLA-A=A*32:01:01 | HLA-C=C*07:02:01:01 | HLA-B=B*07:02:01 | DRB345=DRB4*01:03:01:01/DRB4*01:03:01:01:03 | DRB1=DRB1*04:04:01 | DQA1=DQA1*03:01:01 | DQB1=DQB1*03:02:01 | DPA1=DPA1*01:03:01:02 | DPB1=DPB1*04:01:01:01/DPB1*04:01:01:02,False,False,1.0,1.0,1.0,0.0,1.0,1.0,1.0,1.0,0.0
SYNTH_0499,Global,success,,319.7,1.0,1,0.0,HLA-A=A*03:01:01:01 | HLA-C=C*01:02:01 | HLA-B=B*51:01:01:01 | DRB345=Abs | DRB1=DRB1*01:01:01 | DQA1=DQA1*01:01:01:02SG | DQB1=DQB1*05:01:01:03 | DPA1=DPA1*01:03:01:02 | DPB1=DPB1*04:01:01:01/DPB1*04:01:01:02,HLA-A=A*36:01 | HLA-C=C*04:01:01:01 | HLA-B=B*53:01:01 | DRB345=DRB3*01:01:02:01 | DRB1=DRB1*03:01:01:01SG | DQA1=DQA1*04:01:01 | DQB1=DQB1*04:02:01 | DPA1=DPA1*02:01:08 | DPB1=DPB1*01:01:01,False,False,1.0,1.0,1.0,1.0,1.0,1.0,1.0,1.0,0.0
SYNTH_0500,Global,success,,376.0,0.65497076,7,1.5483,HLA-A=A*03:01:01:01 | HLA-C=C*07:02:01:03 | HLA-B=B*07:02:01 | DRB345=DRB5*01:01:01 | DRB1=DRB1*15:01:01:01SG | DQA1=DQA1*01:02:01:01SG | DQB1=DQB1*06:02:01 | DPA1=DPA1*01:03:01:02 | DPB1=DPB1*04:01:01:01/DPB1*04:01:01:02,HLA-A=A*26:01:01:01 | HLA-C=C*12:03:01:01 | HLA-B=B*38:01:01 | DRB345=DRB4*01:03:01:01/DRB4*01:03:01:01:03 | DRB1=DRB1*04:02:01 | DQA1=DQA1*03:01:01 | DQB1=DQB1*03:02:01 | DPA1=DPA1*01:03:01:04 | DPB1=DPB1*04:01:01:01/DPB1*04:01:01:02,False,False,1.0,1.0,1.0,0.0,1.0,1.0,1.0,1.0,0.0
SYNTH_0501,Global,success,,334.4,0.31071429,15,2.5647,HLA-A=A*02:01:01:01 | HLA-C=C*05:01:01:02 | HLA-B=B*44:02:01:01 | DRB345=DRB4*01:03:01:01/DRB4*01:03:01:01:03 | DRB1=DRB1*04:01:01:01SG | DQA1=DQA1*03:03:01:01 | DQB1=DQB1*03:01:01:01 | DPA1=DPA1*01:03:01:04 | DPB1=DPB1*04:01:01:01/DPB1*04:01:01:02,HLA-A=A*01:01:01:01 | HLA-C=C*06:02:01:01 | HLA-B=B*57:01:01 | DRB345=DRB4*01:03:01:02N | DRB1=DRB1*07:01:01:01SG | DQA1=DQA1*02:01:01:01SG | DQB1=DQB1*03:03:02:01 | DPA1=DPA1*01:03:01:02 | DPB1=DPB1*04:01:01:01/DPB1*04:01:01:02,False,False,1.0,1.0,1.0,0.0,1.0,1.0,1.0,1.0,0.0
SYNTH_0502,Global,success,,478.1,0.38888889,16,2.7808,HLA-A=A*03:01:01:01 | HLA-C=C*07:02:01:03 | HLA-B=B*07:02:01 | DRB345=DRB5*01:01:01 | DRB1=DRB1*15:01:01:01SG | DQA1=DQA1*01:02:01:01SG | DQB1=DQB1*06:02:01 | DPA1=DPA1*01:03:01:02 | DPB1=DPB1*04:01:01:01/DPB1*04:01:01:02,HLA-A=A*03:01:01:01 | HLA-C=C*04:01:01:01 | HLA-B=B*35:01:01:02 | DRB345=Abs | DRB1=DRB1*01:01:01 | DQA1=DQA1*01:01:01:02SG | DQB1=DQB1*05:01:01:03 | DPA1=DPA1*01:03:01:03 | DPB1=DPB1*03:01:01,False,False,0.0,1.0,1.0,1.0,1.0,1.0,1.0,1.0,0.0
SYNTH_0503,Global,success,,307.7,0.89010989,3,0.5789,HLA-A=A*01:01:01:01 | HLA-C=C*07:01:01:01 | HLA-B=B*08:01:01:01 | DRB345=DRB3*01:01:02:01 | DRB1=DRB1*03:01:01:01SG | DQA1=DQA1*05:01:01:02 | DQB1=DQB1*02:01:01 | DPA1=DPA1*01:03:01:02 | DPB1=DPB1*04:01:01:01/DPB1*04:01:01:02,HLA-A=A*01:01:01:01 | HLA-C=C*07:01:01:01 | HLA-B=B*08:01:01:01 | DRB345=DRB3*01:01:02:01 | DRB1=DRB1*03:01:01:01SG | DQA1=DQA1*05:01:01:02 | DQB1=DQB1*02:01:01 | DPA1=DPA1*02:01:02 | DPB1=DPB1*01:01:01,False,False,1.0,1.0,1.0,1.0,1.0,1.0,1.0,1.0,0.0
SYNTH_0504,Global,success,,358.0,0.7010989,20,1.853,HLA-A=A*02:01:01:01 | HLA-C=C*05:01:01:02 | HLA-B=B*44:02:01:01 | DRB345=DRB4*01:03:01:01/DRB4*01:03:01:01:03 | DRB1=DRB1*04:01:01:01SG | DQA1=DQA1*03:03:01:01 | DQB1=DQB1*03:01:01:01 | DPA1=DPA1*01:03:01:04 | DPB1=DPB1*04:01:01:01/DPB1*04:01:01:02,HLA-A=A*29:02:01:01 | HLA-C=C*16:01:01:01 | HLA-B=B*44:03:01:01 | DRB345=DRB4*01:01:01:01 | DRB1=DRB1*07:01:01:01SG | DQA1=DQA1*02:01:01:01SG | DQB1=DQB1*02:02:01:01 | DPA1=DPA1*02:01:01:01 | DPB1=DPB1*11:01:01,False,False,0.0,1.0,1.0,0.0,1.0,1.0,1.0,1.0,0.0
SYNTH_0505,Global,success,,176.4,0.27629969,48,3.8133,HLA-A=A*01:01:01:01 | HLA-C=C*07:01:01:01 | HLA-B=B*08:01:01:01 | DRB345=DRB3*01:01:02:01 | DRB1=DRB1*03:01:01:01SG | DQA1=DQA1*05:01:01:02 | DQB1=DQB1*02:01:01 | DPA1=DPA1*01:03:01:02 | DPB1=DPB1*04:01:01:01/DPB1*04:01:01:02,HLA-A=A*01:01:01:01 | HLA-C=C*07:02:01:03 | HLA-B=B*07:02:01 | DRB345=DRB5*01:01:01 | DRB1=DRB1*15:01:01:01SG | DQA1=DQA1*01:02:01:01SG | DQB1=DQB1*06:02:01 | DPA1=DPA1*01:03:01:02 | DPB1=DPB1*04:01:01:01/DPB1*04:01:01:02,False,False,1.0,1.0,1.0,1.0,1.0,1.0,1.0,0.0,0.0
SYNTH_0506,Global,success,,532.9,0.51389714,18,2.4146,HLA-A=A*01:01:01:01 | HLA-C=C*07:01:01:01 | HLA-B=B*08:01:01:01 | DRB345=DRB3*01:01:02:01 | DRB1=DRB1*03:01:01:01SG | DQA1=DQA1*05:01:01:02 | DQB1=DQB1*02:01:01 | DPA1=DPA1*01:03:01:02 | DPB1=DPB1*04:01:01:01/DPB1*04:01:01:02,HLA-A=A*03:01:01:01 | HLA-C=C*07:02:01:03 | HLA-B=B*07:02:01 | DRB345=DRB5*01:01:01 | DRB1=DRB1*15:01:01:01SG | DQA1=DQA1*01:02:01:01SG | DQB1=DQB1*06:02:01 | DPA1=DPA1*01:03:01:02 | DPB1=DPB1*04:01:01:01/DPB1*04:01:01:02,False,False,1.0,1.0,1.0,1.0,1.0,1.0,1.0,1.0,0.0
SYNTH_0507,Global,success,,246.2,1.0,1,0.0,HLA-A=A*01:01:01:01 | HLA-C=C*06:02:01:01 | HLA-B=B*57:01:01 | DRB345=DRB4*01:03:01:02N | DRB1=DRB1*07:01:01:01SG | DQA1=DQA1*02:01:01:01SG | DQB1=DQB1*03:03:02:01 | DPA1=DPA1*01:03:01:04 | DPB1=DPB1*04:01:01:01/DPB1*04:01:01:02,HLA-A=A*01:01:01:01 | HLA-C=C*07:01:01:01 | HLA-B=B*08:01:01:01 | DRB345=DRB3*01:01:02:01 | DRB1=DRB1*03:01:01:01SG | DQA1=DQA1*05:01:01:02 | DQB1=DQB1*02:01:01 | DPA1=DPA1*01:03:01:03 | DPB1=DPB1*03:01:01,False,False,1.0,1.0,1.0,1.0,1.0,1.0,1.0,1.0,0.0
SYNTH_0508,Global,success,,235.2,1.0,1,0.0,HLA-A=A*02:01:01:01 | HLA-C=C*07:02:01:03 | HLA-B=B*07:02:01 | DRB345=DRB5*01:01:01 | DRB1=DRB1*15:01:01:01SG | DQA1=DQA1*01:02:01:01SG | DQB1=DQB1*06:02:01 | DPA1=DPA1*01:03:01:01 | DPB1=DPB1*02:01:02/DPB1*02:01:19,HLA-A=A*02:01:01:01 | HLA-C=C*15:13 | HLA-B=B*51:01:01:01 | DRB345=DRB4*01:03:01:01/DRB4*01:03:01:01:03 | DRB1=DRB1*04:02:01 | DQA1=DQA1*03:01:01 | DQB1=DQB1*03:02:01 | DPA1=DPA1*01:03:01:04 | DPB1=DPB1*04:01:01:01/DPB1*04:01:01:02,False,False,1.0,1.0,1.0,0.0,1.0,1.0,1.0,1.0,0.0
SYNTH_0509,Global,success,,7452.5,0.83505155,5,0.9684,HLA-A=A*01:01:01:01 | HLA-C=C*07:01:01:01 | HLA-B=B*08:01:01:01 | DRB345=DRB3*01:01:02:01 | DRB1=DRB1*03:01:01:01SG | DQA1=DQA1*05:01:01:02 | DQB1=DQB1*02:01:01 | DPA1=DPA1*02:01:02 | DPB1=DPB1*01:01:01,HLA-A=A*26:01:01:01 | HLA-C=C*04:01:01:06 | HLA-B=B*35:01:01:02 | DRB345=DRB4*01:03:01:01/DRB4*01:03:01:01:03 | DRB1=DRB1*04:02:01 | DQA1=DQA1*03:01:01 | DQB1=DQB1*03:02:01 | DPA1=DPA1*01:03:01:02 | DPB1=DPB1*04:01:01:01/DPB1*04:01:01:02,False,False,1.0,1.0,1.0,0.0,1.0,1.0,1.0,1.0,0.0
SYNTH_0510,Global,success,,318.5,0.51851852,4,1.6825,HLA-A=A*33:01:01 | HLA-C=C*08:02:01:01 | HLA-B=B*14:02:01:01 | DRB345=Abs | DRB1=DRB1*01:02:01 | DQA1=DQA1*01:01:02 | DQB1=DQB1*05:01:01:01 | DPA1=DPA1*01:03:01:02 | DPB1=DPB1*04:01:01:01/DPB1*04:01:01:02,HLA-A=A*02:01:01:01 | HLA-C=C*03:04:01:01 | HLA-B=B*40:01:02 | DRB345=DRB4*01:03:01:01/DRB4*01:03:01:01:03 | DRB1=DRB1*04:04:01 | DQA1=DQA1*03:01:01 | DQB1=DQB1*03:02:01 | DPA1=DPA1*01:03:01:03 | DPB1=DPB1*06:01:01,False,False,1.0,1.0,1.0,0.0,1.0,1.0,1.0,1.0,0.0
SYNTH_0511,Global,success,,312.9,1.0,1,0.0,HLA-A=A*01:01:01:01 | HLA-C=C*07:01:01:01 | HLA-B=B*08:01:01:01 | DRB345=DRB3*01:01:02:01 | DRB1=DRB1*03:01:01:01SG | DQA1=DQA1*05:01:01:02 | DQB1=DQB1*02:01:01 | DPA1=DPA1*01:03:01:02 | DPB1=DPB1*04:01:01:01/DPB1*04:01:01:02,HLA-A=A*29:02:01:01 | HLA-C=C*16:01:01:01 | HLA-B=B*44:03:01:01 | DRB345=DRB5*01:01:01 | DRB1=DRB1*15:01:01:01SG | DQA1=DQA1*01:02:01:01SG | DQB1=DQB1*06:02:01 | DPA1=DPA1*01:03:01:02 | DPB1=DPB1*04:01:01:01/DPB1*04:01:01:02,False,False,1.0,1.0,1.0,1.0,1.0,1.0,1.0,1.0,0.0
SYNTH_0512,Global,success,,269.2,0.85810594,4,0.7521,HLA-A=A*01:01:01:01 | HLA-C=C*07:01:01:01 | HLA-B=B*08:01:01:01 | DRB345=DRB3*01:01:02:01 | DRB1=DRB1*03:01:01:01SG | DQA1=DQA1*05:01:01:02 | DQB1=DQB1*02:01:01 | DPA1=DPA1*02:01:02 | DPB1=DPB1*01:01:01,HLA-A=A*03:01:01:01 | HLA-C=C*07:02:01:03 | HLA-B=B*07:02:01 | DRB345=DRB5*01:01:01 | DRB1=DRB1*15:01:01:01SG | DQA1=DQA1*01:02:01:01SG | DQB1=DQB1*06:02:01 | DPA1=DPA1*01:03:01:04 | DPB1=DPB1*04:01:01:01/DPB1*04:01:01:02,False,False,1.0,1.0,1.0,1.0,1.0,1.0,1.0,1.0,0.0
SYNTH_0513,Global,success,,212.8,1.0,1,0.0,HLA-A=A*68:01:01:02 | HLA-C=C*06:02:01:01 | HLA-B=B*58:02:01 | DRB345=DRB3*02:02:01:02 | DRB1=DRB1*12:01:01:03 | DQA1=DQA1*01:05:01 | DQB1=DQB1*05:01:01:02 | DPA1=DPA1*01:03:01:02 | DPB1=DPB1*18:01,HLA-A=A*03:01:01:01 | HLA-C=C*03:04:01:01 | HLA-B=B*15:01:01:01 | DRB345=DRB4*01:03:01:01/DRB4*01:03:01:01:03 | DRB1=DRB1*04:01:01:01SG | DQA1=DQA1*03:01:01 | DQB1=DQB1*03:02:01 | DPA1=DPA1*01:03:01:03 | DPB1=DPB1*03:01:01,False,False,1.0,1.0,1.0,0.0,1.0,1.0,1.0,1.0,1.0
SYNTH_0514,Global,success,,267.7,1.0,1,0.0,HLA-A=A*01:01:01:01 | HLA-C=C*06:02:01:01 | HLA-B=B*37:01:01 | DRB345=Abs | DRB1=DRB1*10:01:01:01 | DQA1=DQA1*01:05:01 | DQB1=DQB1*05:01:01:02 | DPA1=DPA1*01:03:01:02 | DPB1=DPB1*04:01:01:01/DPB1*04:01:01:02,HLA-A=A*01:01:01:01 | HLA-C=C*06:02:01:01 | HLA-B=B*57:01:01 | DRB345=DRB3*02:02:01:02 | DRB1=DRB1*13:05:01 | DQA1=DQA1*05:05:01:01SG | DQB1=DQB1*03:01:01:03 | DPA1=DPA1*01:03:01:02 | DPB1=DPB1*04:01:01:01/DPB1*04:01:01:02,False,False,1.0,1.0,1.0,1.0,1.0,1.0,1.0,1.0,0.0
SYNTH_0515,Global,success,,387.1,0.34033613,15,2.6849,HLA-A=A*01:01:01:01 | HLA-C=C*07:01:01:01 | HLA-B=B*08:01:01:01 | DRB345=DRB3*01:01:02:01 | DRB1=DRB1*03:01:01:01SG | DQA1=DQA1*05:01:01:02 | DQB1=DQB1*02:01:01 | DPA1=DPA1*02:01:02 | DPB1=DPB1*01:01:01,HLA-A=A*11:01:01:01 | HLA-C=C*12:02:02 | HLA-B=B*52:01:01:02 | DRB345=DRB5*01:02 | DRB1=DRB1*15:02:01:01SG | DQA1=DQA1*01:03:01:01 | DQB1=DQB1*06:01:01 | DPA1=DPA1*01:03:01:02 | DPB1=DPB1*04:01:01:01/DPB1*04:01:01:02,False,False,0.0,1.0,1.0,1.0,1.0,1.0,1.0,1.0,0.0
SYNTH_0516,Global,success,,245.0,0.57142857,2,0.9852,HLA-A=A*01:01:01:01 | HLA-C=C*07:01:01:01 | HLA-B=B*08:01:01:01 | DRB345=DRB5*01:01:01 | DRB1=DRB1*15:01:01:01SG | DQA1=DQA1*01:02:01:01SG | DQB1=DQB1*06:02:01 | DPA1=DPA1*01:03:01:04 | DPB1=DPB1*04:01:01:01/DPB1*04:01:01:02,HLA-A=A*02:01:01:01 | HLA-C=C*16:01:01:01 | HLA-B=B*44:03:01:01 | DRB345=DRB4*01:01:01:01 | DRB1=DRB1*07:01:01:01SG | DQA1=DQA1*02:01:01:01SG | DQB1=DQB1*04:02:01 | DPA1=DPA1*02:01:08 | DPB1=DPB1*01:01:01,False,False,1.0,1.0,1.0,1.0,1.0,1.0,1.0,1.0,0.0
SYNTH_0517,Global,success,,841.5,1.0,1,0.0,HLA-A=A*11:01:01:01 | HLA-C=C*05:01:01:02 | HLA-B=B*44:02:01:01 | DRB345=Abs | DRB1=DRB1*01:01:01 | DQA1=DQA1*01:01:01:02SG | DQB1=DQB1*06:03:01 | DPA1=DPA1*01:03:01:03 | DPB1=DPB1*03:01:01,HLA-A=A*03:01:01:01 | HLA-C=C*07:02:01:03 | HLA-B=B*07:02:01 | DRB345=DRB3*02:02:01:02 | DRB1=DRB1*11:01:01:01 | DQA1=DQA1*05:05:01:01SG | DQB1=DQB1*03:01:01:03 | DPA1=DPA1*01:03:01:04 | DPB1=DPB1*04:01:01:01/DPB1*04:01:01:02,False,False,1.0,1.0,1.0,1.0,1.0,1.0,1.0,1.0,0.0
SYNTH_0518,Global,success,,135.5,0.44680851,16,2.3698,HLA-A=A*01:01:01:01 | HLA-C=C*07:01:01:01 | HLA-B=B*08:01:01:01 | DRB345=DRB3*01:01:02:01 | DRB1=DRB1*03:01:01:01SG | DQA1=DQA1*05:01:01:02 | DQB1=DQB1*02:01:01 | DPA1=DPA1*02:01:02 | DPB1=DPB1*01:01:01,HLA-A=A*02:01:01:01 | HLA-C=C*06:02:01:01 | HLA-B=B*13:02:01 | DRB345=DRB4*01:03:01:01/DRB4*01:03:01:01:03 | DRB1=DRB1*07:01:01:01SG | DQA1=DQA1*02:01:01:01SG | DQB1=DQB1*02:02:01:01 | DPA1=DPA1*01:03:01:02 | DPB1=DPB1*04:01:01:01/DPB1*04:01:01:02,False,False,1.0,1.0,1.0,0.0,1.0,1.0,1.0,1.0,0.0
SYNTH_0519,Global,success,,133.7,1.0,1,0.0,HLA-A=A*02:01:01:01 | HLA-C=C*05:01:01:02 | HLA-B=B*44:02:01:01 | DRB345=DRB3*01:01:02:01 | DRB1=DRB1*13:01:01:01SG | DQA1=DQA1*01:03:01:02SG | DQB1=DQB1*06:03:01 | DPA1=DPA1*01:03:01:02 | DPB1=DPB1*04:01:01:01/DPB1*04:01:01:02,HLA-A=A*01:01:01:01 | HLA-C=C*03:04:01:01 | HLA-B=B*15:01:01:01 | DRB345=DRB4*01:03:01:01/DRB4*01:03:01:01:03 | DRB1=DRB1*04:01:01:01SG | DQA1=DQA1*03:01:01 | DQB1=DQB1*03:02:01 | DPA1=DPA1*01:03:01:02 | DPB1=DPB1*04:01:01:01/DPB1*04:01:01:02,False,False,1.0,1.0,1.0,0.0,1.0,1.0,1.0,1.0,0.0
SYNTH_0520,Global,success,,1124.5,0.44,5,2.0867,HLA-A=A*02:01:01:01 | HLA-C=C*03:04:01:01 | HLA-B=B*40:01:02 | DRB345=DRB3*03:01:01 | DRB1=DRB1*13:02:01 | DQA1=DQA1*01:02:01:04SG | DQB1=DQB1*06:04:01 | DPA1=DPA1*01:03:01:01 | DPB1=DPB1*02:01:02/DPB1*02:01:19,HLA-A=A*02:01:01:01 | HLA-C=C*07:02:01:03 | HLA-B=B*07:02:01 | DRB345=Abs | DRB1=DRB1*01:01:01 | DQA1=DQA1*01:01:01:02SG | DQB1=DQB1*05:01:01:03 | DPA1=DPA1*01:03:01:02 | DPB1=DPB1*04:01:01:01/DPB1*04:01:01:02,False,False,1.0,1.0,1.0,1.0,1.0,1.0,1.0,1.0,0.0
SYNTH_0521,Global,success,,145.4,0.375,3,1.5613,HLA-A=A*11:01:01:01 | HLA-C=C*04:01:01:05 | HLA-B=B*35:01:01:02 | DRB345=Abs | DRB1=DRB1*01:01:01 | DQA1=DQA1*01:01:01:02SG | DQB1=DQB1*05:01:01:03 | DPA1=DPA1*01:03:01:02 | DPB1=DPB1*04:01:01:01/DPB1*04:01:01:02,HLA-A=A*02:01:01:01 | HLA-C=C*12:03:01:01 | HLA-B=B*38:01:01 | DRB345=Abs | DRB1=DRB1*10:01:01:01 | DQA1=DQA1*01:05:01 | DQB1=DQB1*05:01:01:02 | DPA1=DPA1*01:03:01:01 | DPB1=DPB1*02:01:02/DPB1*02:01:19,False,False,1.0,1.0,1.0,1.0,1.0,1.0,1.0,1.0,0.0
SYNTH_0522,Global,success,,144.3,1.0,1,0.0,HLA-A=A*01:01:01:01 | HLA-C=C*07:18 | HLA-B=B*58:01:01:01 | DRB345=DRB4*01:01:01:01 | DRB1=DRB1*07:01:01:01SG | DQA1=DQA1*02:01:01:01SG | DQB1=DQB1*02:02:01:01 | DPA1=DPA1*01:03:01:04 | DPB1=DPB1*04:01:01:01/DPB1*04:01:01:02,HLA-A=A*68:03:01 | HLA-C=C*07:02:01:01 | HLA-B=B*39:05:01 | DRB345=DRB4*01:03:02 | DRB1=DRB1*04:07:01 | DQA1=DQA1*03:01:01 | DQB1=DQB1*03:02:01 | DPA1=DPA1*01:03:01:03 | DPB1=DPB1*03:01:01,False,False,1.0,1.0,1.0,1.0,1.0,1.0,1.0,1.0,0.0
SYNTH_0523,Global,success,,396.0,0.94285714,2,0.316,HLA-A=A*29:02:01:01 | HLA-C=C*16:01:01:01 | HLA-B=B*44:03:01:01 | DRB345=DRB4*01:01:01:01 | DRB1=DRB1*07:01:01:01SG | DQA1=DQA1*02:01:01:01SG | DQB1=DQB1*02:02:01:01 | DPA1=DPA1*02:01:01:01 | DPB1=DPB1*11:01:01,HLA-A=A*02:01:01:01 | HLA-C=C*07:02:01:03 | HLA-B=B*07:02:01 | DRB345=DRB5*01:01:01 | DRB1=DRB1*15:01:01:01SG | DQA1=DQA1*01:02:01:01SG | DQB1=DQB1*06:02:01 | DPA1=DPA1*01:03:01:05 | DPB1=DPB1*04:02:01:02,True,True,1.0,1.0,1.0,1.0,1.0,1.0,1.0,1.0,1.0
SYNTH_0524,Global,success,,557.2,0.15151515,45,4.8253,HLA-A=A*02:01:01:01 | HLA-C=C*05:01:01:02 | HLA-B=B*44:02:01:01 | DRB345=DRB3*01:01:02:01 | DRB1=DRB1*13:01:01:01SG | DQA1=DQA1*01:03:01:02SG | DQB1=DQB1*06:03:01 | DPA1=DPA1*01:03:01:02 | DPB1=DPB1*04:01:01:01/DPB1*04:01:01:02,HLA-A=A*02:01:01:01 | HLA-C=C*03:04:01:01 | HLA-B=B*40:01:02 | DRB345=DRB3*03:01:01 | DRB1=DRB1*13:02:01 | DQA1=DQA1*01:02:01:04SG | DQB1=DQB1*06:04:01 | DPA1=DPA1*01:03:01:02 | DPB1=DPB1*04:01:01:01/DPB1*04:01:01:02,False,False,0.0,1.0,1.0,1.0,1.0,1.0,1.0,0.0,0.0
SYNTH_0525,Global,success,,260.5,1.0,1,0.0,HLA-A=A*03:01:01:01 | HLA-C=C*07:02:01:03 | HLA-B=B*07:02:01 | DRB345=DRB5*01:01:01 | DRB1=DRB1*15:01:01:01SG | DQA1=DQA1*01:02:01:01SG | DQB1=DQB1*06:02:01 | DPA1=DPA1*01:03:01:02 | DPB1=DPB1*04:01:01:01/DPB1*04:01:01:02,HLA-A=A*01:01:01:01 | HLA-C=C*05:01:01:02 | HLA-B=B*44:02:01:01 | DRB345=DRB4*01:03:01:01/DRB4*01:03:01:01:03 | DRB1=DRB1*04:01:01:01SG | DQA1=DQA1*03:03:01:01 | DQB1=DQB1*03:01:01:01 | DPA1=DPA1*01:03:01:04 | DPB1=DPB1*04:01:01:01/DPB1*04:01:01:02,False,False,1.0,1.0,1.0,0.0,1.0,1.0,1.0,1.0,0.0
SYNTH_0526,Global,success,,141.7,1.0,1,0.0,HLA-A=A*01:01:01:01 | HLA-C=C*07:18 | HLA-B=B*58:01:01:01 | DRB345=DRB4*01:01:01:01 | DRB1=DRB1*07:01:01:01SG | DQA1=DQA1*02:01:01:01SG | DQB1=DQB1*02:02:01:01 | DPA1=DPA1*01:03:01:04 | DPB1=DPB1*04:01:01:01/DPB1*04:01:01:02,HLA-A=A*01:01:01:01 | HLA-C=C*07:01:01:01 | HLA-B=B*08:01:01:01 | DRB345=DRB3*02:02:01:02 | DRB1=DRB1*11:01:01:01 | DQA1=DQA1*05:05:01:01SG | DQB1=DQB1*06:02:01 | DPA1=DPA1*01:03:01:02 | DPB1=DPB1*04:01:01:01/DPB1*04:01:01:02,False,False,1.0,1.0,1.0,1.0,1.0,1.0,1.0,1.0,0.0
SYNTH_0527,Global,success,,499.5,0.6,2,0.971,HLA-A=A*02:01:01:01 | HLA-C=C*03:04:01:01 | HLA-B=B*40:01:02 | DRB345=Abs | DRB1=DRB1*01:01:01 | DQA1=DQA1*01:01:01:02SG | DQB1=DQB1*05:01:01:03 | DPA1=DPA1*01:03:01:02 | DPB1=DPB1*04:01:01:01/DPB1*04:01:01:02,HLA-A=A*29:02:01:02 | HLA-C=C*18:01 | HLA-B=B*81:01 | DRB345=Abs | DRB1=DRB1*08:04:01 | DQA1=DQA1*04:01:02:02 | DQB1=DQB1*04:02:01 | DPA1=DPA1*01:03:01:02 | DPB1=DPB1*18:01,False,False,1.0,1.0,1.0,1.0,1.0,1.0,1.0,1.0,0.0
SYNTH_0528,Global,success,,504.5,0.21666667,9,2.8211,HLA-A=A*11:01:01:01 | HLA-C=C*04:01:01:01 | HLA-B=B*44:03:01:01 | DRB345=DRB4*01:01:01:01 | DRB1=DRB1*07:01:01:01SG | DQA1=DQA1*02:01:01:01SG | DQB1=DQB1*02:02:01:01 | DPA1=DPA1*01:03:01:01 | DPB1=DPB1*02:01:02/DPB1*02:01:19,HLA-A=A*01:01:01:01 | HLA-C=C*07:02:01:03 | HLA-B=B*07:02:01 | DRB345=DRB5*01:01:01 | DRB1=DRB1*15:01:01:01SG | DQA1=DQA1*01:02:01:01SG | DQB1=DQB1*06:02:01 | DPA1=DPA1*01:03:01:02 | DPB1=DPB1*04:01:01:01/DPB1*04:01:01:02,False,False,1.0,1.0,1.0,1.0,1.0,1.0,1.0,0.0,0.0
SYNTH_0529,Global,success,,470.7,1.0,1,0.0,HLA-A=A*29:02:01:01 | HLA-C=C*16:01:01:01 | HLA-B=B*44:03:01:01 | DRB345=DRB4*01:01:01:01 | DRB1=DRB1*07:01:01:01SG | DQA1=DQA1*02:01:01:01SG | DQB1=DQB1*02:02:01:01 | DPA1=DPA1*01:03:01:04 | DPB1=DPB1*04:01:01:01/DPB1*04:01:01:02,HLA-A=A*29:02:01:01 | HLA-C=C*08:02:01:01 | HLA-B=B*14:02:01:01 | DRB345=DRB4*01:01:01:01 | DRB1=DRB1*07:01:01:01SG | DQA1=DQA1*02:01:01:01SG | DQB1=DQB1*02:02:01:01 | DPA1=DPA1*01:04 | DPB1=DPB1*15:01:01,False,False,1.0,1.0,1.0,1.0,1.0,1.0,1.0,1.0,0.0
SYNTH_0530,Global,success,,506.7,0.90362319,4,0.5587,HLA-A=A*02:01:01:01 | HLA-C=C*05:01:01:02 | HLA-B=B*44:02:01:01 | DRB345=DRB4*01:03:01:01/DRB4*01:03:01:01:03 | DRB1=DRB1*04:01:01:01SG | DQA1=DQA1*03:03:01:01 | DQB1=DQB1*03:01:01:01 | DPA1=DPA1*01:03:01:04 | DPB1=DPB1*04:01:01:01/DPB1*04:01:01:02,HLA-A=A*02:01:01:01 | HLA-C=C*07:02:01:03 | HLA-B=B*07:02:01 | DRB345=DRB5*01:01:01 | DRB1=DRB1*15:01:01:01SG | DQA1=DQA1*01:02:01:01SG | DQB1=DQB1*06:02:01 | DPA1=DPA1*01:03:01:04 | DPB1=DPB1*04:01:01:01/DPB1*04:01:01:02,False,False,1.0,1.0,1.0,0.0,1.0,1.0,1.0,1.0,0.0
SYNTH_0531,Global,success,,383.4,0.96666667,2,0.2108,HLA-A=A*02:01:01:01 | HLA-C=C*05:01:01:02 | HLA-B=B*44:02:01:01 | DRB345=DRB4*01:03:01:01/DRB4*01:03:01:01:03 | DRB1=DRB1*04:01:01:01SG | DQA1=DQA1*03:03:01:01 | DQB1=DQB1*03:01:01:01 | DPA1=DPA1*01:03:01:04 | DPB1=DPB1*04:01:01:01/DPB1*04:01:01:02,HLA-A=A*11:01:01:01 | HLA-C=C*07:02:01:03 | HLA-B=B*07:02:01 | DRB345=DRB5*01:01:01 | DRB1=DRB1*15:01:01:01SG | DQA1=DQA1*01:02:01:01SG | DQB1=DQB1*06:02:01 | DPA1=DPA1*01:03:01:03 | DPB1=DPB1*03:01:01,False,False,1.0,1.0,1.0,0.0,1.0,1.0,1.0,1.0,0.0
SYNTH_0532,Global,success,,288.3,0.32748538,28,3.3266,HLA-A=A*03:01:01:01 | HLA-C=C*07:02:01:03 | HLA-B=B*07:02:01 | DRB345=DRB5*01:01:01 | DRB1=DRB1*15:01:01:01SG | DQA1=DQA1*01:02:01:01SG | DQB1=DQB1*06:02:01 | DPA1=DPA1*01:03:01:02 | DPB1=DPB1*04:01:01:01/DPB1*04:01:01:02,HLA-A=A*02:01:01:01 | HLA-C=C*06:02:01:01 | HLA-B=B*13:02:01 | DRB345=DRB4*01:03:01:01/DRB4*01:03:01:01:03 | DRB1=DRB1*07:01:01:01SG | DQA1=DQA1*02:01:01:01SG | DQB1=DQB1*02:02:01:01 | DPA1=DPA1*01:03:01:02 | DPB1=DPB1*04:01:01:01/DPB1*04:01:01:02,False,False,1.0,1.0,1.0,0.0,1.0,1.0,1.0,0.0,0.0
SYNTH_0533,Global,success,,500.4,0.59893048,6,1.7076,HLA-A=A*03:01:01:01 | HLA-C=C*07:02:01:03 | HLA-B=B*07:02:01 | DRB345=DRB5*01:01:01 | DRB1=DRB1*15:01:01:01SG | DQA1=DQA1*01:02:01:01SG | DQB1=DQB1*06:02:01 | DPA1=DPA1*01:03:01:02 | DPB1=DPB1*04:01:01:01/DPB1*04:01:01:02,HLA-A=A*02:01:01:01 | HLA-C=C*03:04:01:01 | HLA-B=B*40:01:02 | DRB345=DRB3*03:01:01 | DRB1=DRB1*13:02:01 | DQA1=DQA1*01:02:01:04SG | DQB1=DQB1*06:04:01 | DPA1=DPA1*01:03:01:03 | DPB1=DPB1*03:01:01,False,False,1.0,1.0,1.0,1.0,1.0,1.0,1.0,1.0,0.0
SYNTH_0534,Global,success,,315.2,0.60493827,4,1.5284,HLA-A=A*02:05:01 | HLA-C=C*06:02:01:02 | HLA-B=B*50:01:01 | DRB345=DRB4*01:03:01:01/DRB4*01:03:01:01:03 | DRB1=DRB1*07:01:01:01SG | DQA1=DQA1*02:01:01:01SG | DQB1=DQB1*02:02:01:01 | DPA1=DPA1*01:03:01:02 | DPB1=DPB1*104:01,HLA-A=A*24:02:01:01 | HLA-C=C*04:01:01:06 | HLA-B=B*35:02:01 | DRB345=DRB3*02:02:01:02 | DRB1=DRB1*11:04:01 | DQA1=DQA1*05:05:01:01SG | DQB1=DQB1*03:01:01:02 | DPA1=DPA1*01:03:01:01 | DPB1=DPB1*02:01:02/DPB1*02:01:19,False,False,0.0,1.0,1.0,0.0,1.0,1.0,1.0,1.0,0.0
SYNTH_0535,Global,success,,293.7,0.93478261,2,0.3478,HLA-A=A*29:02:01:01 | HLA-C=C*16:01:01:01 | HLA-B=B*44:03:01:01 | DRB345=DRB4*01:01:01:01 | DRB1=DRB1*07:01:01:01SG | DQA1=DQA1*02:01:01:01SG | DQB1=DQB1*02:02:01:01 | DPA1=DPA1*01:03:01:04 | DPB1=DPB1*04:01:01:01/DPB1*04:01:01:02,HLA-A=A*02:01:01:01 | HLA-C=C*07:02:01:03 | HLA-B=B*07:02:01 | DRB345=DRB5*01:01:01 | DRB1=DRB1*15:01:01:01SG | DQA1=DQA1*01:02:01:01SG | DQB1=DQB1*06:02:01 | DPA1=DPA1*01:03:01:04 | DPB1=DPB1*04:01:01:01/DPB1*04:01:01:02,False,False,1.0,1.0,1.0,1.0,1.0,1.0,1.0,1.0,0.0
SYNTH_0536,Global,success,,292.5,1.0,1,0.0,HLA-A=A*11:01:01:01 | HLA-C=C*02:02:02:01 | HLA-B=B*27:05:02 | DRB345=DRB3*02:02:01:02 | DRB1=DRB1*13:01:01:01SG | DQA1=DQA1*01:03:01:02SG | DQB1=DQB1*06:03:01 | DPA1=DPA1*01:03:01:05 | DPB1=DPB1*04:02:01:02,HLA-A=A*33:01:01 | HLA-C=C*08:02:01:01 | HLA-B=B*14:02:01:01 | DRB345=DRB3*02:02:01:02 | DRB1=DRB1*13:01:01:01SG | DQA1=DQA1*01:03:01:02SG | DQB1=DQB1*06:03:01 | DPA1=DPA1*01:03:01:02 | DPB1=DPB1*04:01:01:01/DPB1*04:01:01:02,False,False,1.0,1.0,1.0,1.0,1.0,1.0,1.0,1.0,0.0
SYNTH_0537,Global,success,,424.0,0.1155914,96,5.178,HLA-A=A*02:01:01:01 | HLA-C=C*07:02:01:03 | HLA-B=B*07:02:01 | DRB345=DRB5*01:01:01 | DRB1=DRB1*15:01:01:01SG | DQA1=DQA1*01:02:01:01SG | DQB1=DQB1*06:02:01 | DPA1=DPA1*01:03:01:04 | DPB1=DPB1*04:01:01:01/DPB1*04:01:01:02,HLA-A=A*33:01:01 | HLA-C=C*08:02:01:01 | HLA-B=B*14:02:01:01 | DRB345=Abs | DRB1=DRB1*01:02:01 | DQA1=DQA1*01:01:02 | DQB1=DQB1*05:01:01:01 | DPA1=DPA1*01:03:01:04 | DPB1=DPB1*04:01:01:01/DPB1*04:01:01:02,False,False,1.0,1.0,1.0,1.0,1.0,1.0,1.0,0.0,0.0
SYNTH_0538,Global,success,,413.3,0.25568182,6,2.4836,HLA-A=A*01:01:01:01 | HLA-C=C*07:01:01:01 | HLA-B=B*08:01:01:01 | DRB345=DRB3*01:01:02:01 | DRB1=DRB1*03:01:01:01SG | DQA1=DQA1*05:01:01:01 | DQB1=DQB1*02:01:01 | DPA1=DPA1*01:03:01:01 | DPB1=DPB1*04:01:01:01/DPB1*04:01:01:02,HLA-A=A*02:01:01:01 | HLA-C=C*05:01:01:02 | HLA-B=B*44:02:01:01 | DRB345=DRB4*01:03:01:01/DRB4*01:03:01:01:03 | DRB1=DRB1*04:01:01:01SG | DQA1=DQA1*03:03:01:01 | DQB1=DQB1*03:01:01:01 | DPA1=DPA1*01:03:01:01 | DPB1=DPB1*02:01:02/DPB1*02:01:19,False,False,0.0,1.0,1.0,0.0,1.0,1.0,1.0,1.0,0.0
SYNTH_0539,Global,success,,406.9,0.26666667,6,2.5014,HLA-A=A*68:01:02:02 | HLA-C=C*07:04:01:01 | HLA-B=B*44:02:01:03 | DRB345=DRB3*02:02:01:02 | DRB1=DRB1*11:01:01:01 | DQA1=DQA1*05:05:01:01SG | DQB1=DQB1*03:01:01:03 | DPA1=DPA1*01:03:01:02 | DPB1=DPB1*04:01:01:01/DPB1*04:01:01:02,HLA-A=A*02:01:01:01 | HLA-C=C*07:02:01:03 | HLA-B=B*07:02:01 | DRB345=Abs | DRB1=DRB1*01:01:01 | DQA1=DQA1*01:01:01:02SG | DQB1=DQB1*05:01:01:03 | DPA1=DPA1*01:03:01:01 | DPB1=DPB1*02:01:02/DPB1*02:01:19,False,False,0.0,1.0,1.0,1.0,1.0,1.0,1.0,1.0,0.0
SYNTH_0540,Global,success,,348.3,0.2,14,3.5734,HLA-A=A*36:01 | HLA-C=C*17:01:01:02 | HLA-B=B*42:01:01 | DRB345=DRB3*01:01:02:01 | DRB1=DRB1*03:02:01 | DQA1=DQA1*04:01:01 | DQB1=DQB1*04:02:01 | DPA1=DPA1*02:02:02 | DPB1=DPB1*01:01:01,HLA-A=A*02:01:01:01 | HLA-C=C*07:02:01:03 | HLA-B=B*07:02:01 | DRB345=Abs | DRB1=DRB1*01:01:01 | DQA1=DQA1*01:01:01:02SG | DQB1=DQB1*05:01:01:03 | DPA1=DPA1*01:03:01:02 | DPB1=DPB1*04:01:01:01/DPB1*04:01:01:02,False,False,1.0,0.0,0.0,1.0,1.0,1.0,1.0,1.0,0.0
SYNTH_0541,Global,success,,197.2,0.09806763,156,5.9225,HLA-A=A*02:01:01:01 | HLA-C=C*05:01:01:02 | HLA-B=B*44:02:01:01 | DRB345=DRB4*01:03:01:01/DRB4*01:03:01:01:03 | DRB1=DRB1*04:01:01:01SG | DQA1=DQA1*03:03:01:01 | DQB1=DQB1*03:01:01:01 | DPA1=DPA1*01:03:01:04 | DPB1=DPB1*04:01:01:01/DPB1*04:01:01:02,HLA-A=A*02:01:01:01 | HLA-C=C*06:02:01:01 | HLA-B=B*13:02:01 | DRB345=DRB4*01:03:01:01/DRB4*01:03:01:01:03 | DRB1=DRB1*07:01:01:01SG | DQA1=DQA1*02:01:01:01SG | DQB1=DQB1*02:02:01:01 | DPA1=DPA1*01:03:01:02 | DPB1=DPB1*04:01:01:01/DPB1*04:01:01:02,False,False,1.0,1.0,1.0,0.0,1.0,1.0,1.0,0.0,0.0
SYNTH_0542,Global,success,,212.9,0.5,2,1.0,HLA-A=A*29:02:01:01 | HLA-C=C*06:02:01:03 | HLA-B=B*45:01:01 | DRB345=DRB4*01:03:01:01/DRB4*01:03:01:01:03 | DRB1=DRB1*04:01:01:01SG | DQA1=DQA1*03:03:01:01 | DQB1=DQB1*03:01:01:01 | DPA1=DPA1*01:03:01:02 | DPB1=DPB1*04:01:01:01/DPB1*04:01:01:02,HLA-A=A*02:01:01:01 | HLA-C=C*02:02:02:01 | HLA-B=B*27:05:02 | DRB345=DRB4*01:03:01:01/DRB4*01:03:01:01:03 | DRB1=DRB1*04:01:01:01SG | DQA1=DQA1*03:01:01 | DQB1=DQB1*03:02:01 | DPA1=DPA1*01:03:01:04 | DPB1=DPB1*04:01:01:01/DPB1*04:01:01:02,False,False,1.0,1.0,1.0,0.0,1.0,1.0,1.0,1.0,0.0
SYNTH_0543,Global,success,,206.3,1.0,1,0.0,HLA-A=A*29:02:01:01 | HLA-C=C*16:01:01:01 | HLA-B=B*44:03:01:01 | DRB345=DRB4*01:01:01:01 | DRB1=DRB1*07:01:01:01SG | DQA1=DQA1*02:01:01:01SG | DQB1=DQB1*02:02:01:01 | DPA1=DPA1*01:03:01:04 | DPB1=DPB1*04:01:01:01/DPB1*04:01:01:02,HLA-A=A*24:02:01:01 | HLA-C=C*07:02:01:01 | HLA-B=B*08:01:01:01 | DRB345=DRB3*02:02:01:01 | DRB1=DRB1*03:01:01:01SG | DQA1=DQA1*05:01:01:03 | DQB1=DQB1*02:01:01 | DPA1=DPA1*01:03:01:04 | DPB1=DPB1*04:01:01:01/DPB1*04:01:01:02,False,False,1.0,1.0,1.0,1.0,1.0,1.0,1.0,1.0,0.0
SYNTH_0544,Global,success,,197.6,0.93478261,2,0.3478,HLA-A=A*02:01:01:01 | HLA-C=C*07:02:01:03 | HLA-B=B*07:02:01 | DRB345=DRB5*01:01:01 | DRB1=DRB1*15:01:01:01SG | DQA1=DQA1*01:02:01:01SG | DQB1=DQB1*06:02:01 | DPA1=DPA1*01:03:01:04 | DPB1=DPB1*04:01:01:01/DPB1*04:01:01:02,HLA-A=A*02:01:01:01 | HLA-C=C*06:02:01:01 | HLA-B=B*13:02:01 | DRB345=DRB4*01:03:01:01/DRB4*01:03:01:01:03 | DRB1=DRB1*07:01:01:01SG | DQA1=DQA1*02:01:01:01SG | DQB1=DQB1*02:02:01:01 | DPA1=DPA1*01:03:01:02 | DPB1=DPB1*04:01:01:01/DPB1*04:01:01:02,False,False,1.0,1.0,1.0,0.0,1.0,1.0,1.0,1.0,0.0
SYNTH_0545,Global,success,,174.9,1.0,1,0.0,HLA-A=A*02:01:01:01 | HLA-C=C*15:02:01:01 | HLA-B=B*51:01:01:01 | DRB345=DRB4*01:03:01:01/DRB4*01:03:01:01:03 | DRB1=DRB1*04:07:01 | DQA1=DQA1*03:03:01:01 | DQB1=DQB1*03:01:01:01 | DPA1=DPA1*01:03:01:03 | DPB1=DPB1*03:01:01,HLA-A=A*02:01:01:01 | HLA-C=C*07:02:01:03 | HLA-B=B*07:02:01 | DRB345=DRB5*01:01:01 | DRB1=DRB1*15:01:01:01SG | DQA1=DQA1*01:02:01:01SG | DQB1=DQB1*06:02:01 | DPA1=DPA1*02:06 | DPB1=DPB1*05:01:01,False,False,1.0,1.0,1.0,0.0,1.0,1.0,1.0,1.0,1.0
SYNTH_0546,Global,success,,164.2,0.875,2,0.5436,HLA-A=A*03:01:01:01 | HLA-C=C*04:01:01:01 | HLA-B=B*35:01:01:02 | DRB345=DRB3*02:02:01:02 | DRB1=DRB1*13:01:01:01SG | DQA1=DQA1*01:03:01:02SG | DQB1=DQB1*06:03:01 | DPA1=DPA1*01:03:01:02 | DPB1=DPB1*04:01:01:01/DPB1*04:01:01:02,HLA-A=A*03:01:01:01 | HLA-C=C*07:02:01:03 | HLA-B=B*07:02:01 | DRB345=DRB5*01:01:01 | DRB1=DRB1*15:01:01:01SG | DQA1=DQA1*01:02:01:01SG | DQB1=DQB1*06:02:01 | DPA1=DPA1*01:03:01:03 | DPB1=DPB1*03:01:01,False,False,1.0,1.0,1.0,1.0,1.0,1.0,1.0,1.0,0.0
SYNTH_0547,Global,success,,304.3,0.2011976,54,4.4193,HLA-A=A*03:01:01:01 | HLA-C=C*07:02:01:03 | HLA-B=B*07:02:01 | DRB345=DRB5*01:01:01 | DRB1=DRB1*15:01:01:01SG | DQA1=DQA1*01:02:01:01SG | DQB1=DQB1*06:02:01 | DPA1=DPA1*01:03:01:02 | DPB1=DPB1*04:01:01:01/DPB1*04:01:01:02,HLA-A=A*31:01:02:01 | HLA-C=C*04:01:01:06 | HLA-B=B*35:02:01 | DRB345=DRB4*01:03:01:01/DRB4*01:03:01:01:03 | DRB1=DRB1*04:03:01 | DQA1=DQA1*03:01:01 | DQB1=DQB1*03:05:01 | DPA1=DPA1*01:03:01:04 | DPB1=DPB1*04:01:01:01/DPB1*04:01:01:02,False,False,0.0,1.0,1.0,0.0,1.0,1.0,1.0,1.0,0.0
SYNTH_0548,Global,success,,322.2,0.18522856,77,4.5357,HLA-A=A*01:01:01:01 | HLA-C=C*07:01:01:01 | HLA-B=B*08:01:01:01 | DRB345=DRB3*01:01:02:01 | DRB1=DRB1*03:01:01:01SG | DQA1=DQA1*05:01:01:02 | DQB1=DQB1*02:01:01 | DPA1=DPA1*01:03:01:02 | DPB1=DPB1*04:01:01:01/DPB1*04:01:01:02,HLA-A=A*29:02:01:01 | HLA-C=C*16:01:01:01 | HLA-B=B*44:03:01:01 | DRB345=DRB4*01:01:01:01 | DRB1=DRB1*07:01:01:01SG | DQA1=DQA1*02:01:01:01SG | DQB1=DQB1*02:02:01:01 | DPA1=DPA1*02:01:01:01 | DPB1=DPB1*11:01:01,False,False,1.0,1.0,1.0,1.0,1.0,1.0,1.0,0.0,0.0
SYNTH_0549,Global,success,,266.6,0.96666667,2,0.2108,HLA-A=A*01:01:01:01 | HLA-C=C*07:01:01:01 | HLA-B=B*08:01:01:01 | DRB345=DRB3*01:01:02:01 | DRB1=DRB1*03:01:01:01SG | DQA1=DQA1*05:01:01:02 | DQB1=DQB1*02:01:01 | DPA1=DPA1*01:03:01:02 | DPB1=DPB1*04:01:01:01/DPB1*04:01:01:02,HLA-A=A*02:01:01:01 | HLA-C=C*05:01:01:02 | HLA-B=B*44:02:01:01 | DRB345=DRB4*01:03:01:01/DRB4*01:03:01:01:03 | DRB1=DRB1*04:01:01:01SG | DQA1=DQA1*03:03:01:01 | DQB1=DQB1*03:01:01:01 | DPA1=DPA1*01:03:01:04 | DPB1=DPB1*04:01:01:01/DPB1*04:01:01:02,False,False,1.0,1.0,1.0,0.0,1.0,1.0,1.0,1.0,0.0
SYNTH_0550,Global,success,,268.3,1.0,1,0.0,HLA-A=A*03:01:01:01 | HLA-C=C*07:01:01:01 | HLA-B=B*08:01:01:01 | DRB345=DRB3*01:01:02:01 | DRB1=DRB1*03:01:01:01SG | DQA1=DQA1*05:01:01:02 | DQB1=DQB1*02:01:01 | DPA1=DPA1*02:01:02 | DPB1=DPB1*01:01:01,HLA-A=A*32:01:01 | HLA-C=C*02:02:02:01 | HLA-B=B*40:02:01 | DRB345=DRB4*01:03:02 | DRB1=DRB1*09:01:02 | DQA1=DQA1*03:02 | DQB1=DQB1*03:03:02:02/DQB1*03:03:02:03 | DPA1=DPA1*01:03:01:02 | DPB1=DPB1*23:01:01,False,False,1.0,1.0,1.0,1.0,1.0,1.0,0.0,1.0,1.0
SYNTH_0551,Global,success,,251.1,0.20895522,11,3.1407,HLA-A=A*01:01:01:01 | HLA-C=C*06:02:01:01 | HLA-B=B*57:01:01 | DRB345=DRB4*01:03:01:02N | DRB1=DRB1*07:01:01:01SG | DQA1=DQA1*02:01:01:01SG | DQB1=DQB1*03:03:02:01 | DPA1=DPA1*01:03:01:04 | DPB1=DPB1*04:01:01:01/DPB1*04:01:01:02,HLA-A=A*02:01:01:01 | HLA-C=C*07:02:01:03 | HLA-B=B*07:02:01 | DRB345=DRB3*02:02:01:01 | DRB1=DRB1*14:54:01 | DQA1=DQA1*01:04:01:01SG | DQB1=DQB1*05:03:01:01/DQB1*05:03:01:02 | DPA1=DPA1*01:03:01:01 | DPB1=DPB1*02:01:02/DPB1*02:01:19,False,False,1.0,1.0,1.0,1.0,1.0,1.0,0.0,0.0,0.0
SYNTH_0552,Global,success,,289.0,0.72602089,12,1.5702,HLA-A=A*01:01:01:01 | HLA-C=C*07:01:01:01 | HLA-B=B*08:01:01:01 | DRB345=DRB3*01:01:02:01 | DRB1=DRB1*03:01:01:01SG | DQA1=DQA1*05:01:01:02 | DQB1=DQB1*02:01:01 | DPA1=DPA1*01:03:01:02 | DPB1=DPB1*04:01:01:01/DPB1*04:01:01:02,HLA-A=A*29:02:01:01 | HLA-C=C*16:01:01:01 | HLA-B=B*44:03:01:01 | DRB345=DRB4*01:01:01:01 | DRB1=DRB1*07:01:01:01SG | DQA1=DQA1*02:01:01:01SG | DQB1=DQB1*02:02:01:01 | DPA1=DPA1*02:01:01:01 | DPB1=DPB1*11:01:01,False,False,1.0,1.0,1.0,1.0,1.0,1.0,1.0,1.0,0.0
SYNTH_0553,Global,success,,195.8,1.0,1,0.0,HLA-A=A*03:01:01:01 | HLA-C=C*07:02:01:03 | HLA-B=B*07:02:01 | DRB345=DRB5*01:01:01 | DRB1=DRB1*15:01:01:01SG | DQA1=DQA1*01:02:01:01SG | DQB1=DQB1*06:02:01 | DPA1=DPA1*01:03:01:02 | DPB1=DPB1*04:01:01:01/DPB1*04:01:01:02,HLA-A=A*03:01:01:01 | HLA-C=C*04:01:01:01 | HLA-B=B*35:01:01:02 | DRB345=Abs | DRB1=DRB1*01:01:01 | DQA1=DQA1*01:01:01:02SG | DQB1=DQB1*05:01:01:03 | DPA1=DPA1*01:03:01:02 | DPB1=DPB1*04:01:01:01/DPB1*04:01:01:02,False,False,1.0,1.0,1.0,1.0,1.0,1.0,1.0,1.0,0.0
SYNTH_0554,Global,success,,174.5,1.0,1,0.0,HLA-A=A*23:01:01 | HLA-C=C*04:01:01:01 | HLA-B=B*44:03:01:01 | DRB345=DRB4*01:01:01:01 | DRB1=DRB1*07:01:01:01SG | DQA1=DQA1*02:01:01:01SG | DQB1=DQB1*02:02:01:01 | DPA1=DPA1*01:03:01:02 | DPB1=DPB1*04:01:01:01/DPB1*04:01:01:02,HLA-A=A*11:01:01:01 | HLA-C=C*04:01:01:05 | HLA-B=B*35:01:01:02 | DRB345=DRB4*01:03:01:01/DRB4*01:03:01:01:03 | DRB1=DRB1*04:01:01:01SG | DQA1=DQA1*03:03:01:01 | DQB1=DQB1*03:01:01:01 | DPA1=DPA1*01:03:01:02 | DPB1=DPB1*04:01:01:01/DPB1*04:01:01:02,False,False,1.0,1.0,1.0,0.0,1.0,1.0,1.0,1.0,0.0
SYNTH_0555,Global,success,,149.2,1.0,1,0.0,HLA-A=A*26:01:01:01 | HLA-C=C*07:01:01:01 | HLA-B=B*18:01:01:02 | DRB345=DRB3*02:02:01:02 | DRB1=DRB1*13:01:01:01SG | DQA1=DQA1*01:03:01:02SG | DQB1=DQB1*06:03:01 | DPA1=DPA1*01:03:01:05 | DPB1=DPB1*04:02:01:02,HLA-A=A*02:01:01:01 | HLA-C=C*05:01:01:02 | HLA-B=B*44:02:01:01 | DRB345=DRB4*01:03:01:01/DRB4*01:03:01:01:03 | DRB1=DRB1*04:01:01:01SG | DQA1=DQA1*03:03:01:01 | DQB1=DQB1*03:01:01:01 | DPA1=DPA1*01:03:01:03 | DPB1=DPB1*03:01:01,False,False,1.0,1.0,1.0,0.0,1.0,1.0,1.0,1.0,1.0
SYNTH_0556,Global,success,,59.0,1.0,1,0.0,HLA-A=A*02:01:01:01 | HLA-C=C*04:01:01:01 | HLA-B=B*35:01:01:02 | DRB345=DRB3*02:02:01:02 | DRB1=DRB1*13:01:01:01SG | DQA1=DQA1*01:03:01:02SG | DQB1=DQB1*06:03:01 | DPA1=DPA1*01:03:01:02 | DPB1=DPB1*04:01:01:01/DPB1*04:01:01:02,HLA-A=A*01:01:01:01 | HLA-C=C*07:01:01:01 | HLA-B=B*08:01:01:01 | DRB345=DRB3*01:01:02:01 | DRB1=DRB1*03:01:01:01SG | DQA1=DQA1*05:01:01:02 | DQB1=DQB1*02:01:01 | DPA1=DPA1*01:03:01:03 | DPB1=DPB1*03:01:01,False,False,1.0,1.0,1.0,1.0,1.0,1.0,1.0,1.0,0.0
SYNTH_0557,Global,success,,53.7,1.0,1,0.0,HLA-A=A*26:01:01:01 | HLA-C=C*12:03:01:01 | HLA-B=B*38:01:01 | DRB345=DRB4*01:03:01:01/DRB4*01:03:01:01:03 | DRB1=DRB1*04:02:01 | DQA1=DQA1*03:01:01 | DQB1=DQB1*03:02:01 | DPA1=DPA1*01:03:01:04 | DPB1=DPB1*04:01:01:01/DPB1*04:01:01:02,HLA-A=A*01:01:01:01 | HLA-C=C*07:01:01:01 | HLA-B=B*08:01:01:01 | DRB345=DRB3*01:01:02:01 | DRB1=DRB1*03:01:01:01SG | DQA1=DQA1*05:01:01:01 | DQB1=DQB1*02:01:01 | DPA1=DPA1*02:01:02 | DPB1=DPB1*01:01:01,False,False,1.0,1.0,1.0,0.0,1.0,1.0,1.0,1.0,0.0
SYNTH_0558,Global,success,,223.3,0.48351648,8,1.8485,HLA-A=A*29:02:01:01 | HLA-C=C*16:01:01:01 | HLA-B=B*44:03:01:01 | DRB345=DRB4*01:01:01:01 | DRB1=DRB1*07:01:01:01SG | DQA1=DQA1*02:01:01:01SG | DQB1=DQB1*02:02:01:01 | DPA1=DPA1*02:01:01:01 | DPB1=DPB1*11:01:01,HLA-A=A*02:01:01:01 | HLA-C=C*06:02:01:01 | HLA-B=B*13:02:01 | DRB345=DRB4*01:03:01:01/DRB4*01:03:01:01:03 | DRB1=DRB1*07:01:01:01SG | DQA1=DQA1*02:01:01:01SG | DQB1=DQB1*02:02:01:01 | DPA1=DPA1*01:03:01:01 | DPB1=DPB1*02:01:02/DPB1*02:01:19,False,False,0.0,0.0,1.0,0.0,1.0,1.0,1.0,1.0,0.0
SYNTH_0559,Global,success,,177.0,0.88897959,4,0.632,HLA-A=A*03:01:01:01 | HLA-C=C*07:02:01:03 | HLA-B=B*07:02:01 | DRB345=DRB5*01:01:01 | DRB1=DRB1*15:01:01:01SG | DQA1=DQA1*01:02:01:01SG | DQB1=DQB1*06:02:01 | DPA1=DPA1*01:03:01:04 | DPB1=DPB1*04:01:01:01/DPB1*04:01:01:02,HLA-A=A*29:02:01:01 | HLA-C=C*16:01:01:01 | HLA-B=B*44:03:01:01 | DRB345=DRB4*01:01:01:01 | DRB1=DRB1*07:01:01:01SG | DQA1=DQA1*02:01:01:01SG | DQB1=DQB1*02:02:01:01 | DPA1=DPA1*02:01:01:01 | DPB1=DPB1*11:01:01,False,False,1.0,1.0,1.0,1.0,1.0,1.0,1.0,1.0,0.0
SYNTH_0560,Global,success,,209.1,0.25666667,15,3.3699,HLA-A=A*11:01:01:01 | HLA-C=C*04:01:01:01 | HLA-B=B*35:01:01:02 | DRB345=Abs | DRB1=DRB1*01:01:01 | DQA1=DQA1*01:01:01:02SG | DQB1=DQB1*05:01:01:03 | DPA1=DPA1*01:03:01:02 | DPB1=DPB1*04:01:01:01/DPB1*04:01:01:02,HLA-A=A*02:01:01:01 | HLA-C=C*06:02:01:01 | HLA-B=B*57:01:01 | DRB345=DRB4*01:03:01:02N | DRB1=DRB1*07:01:01:01SG | DQA1=DQA1*02:01:01:01SG | DQB1=DQB1*03:03:02:01 | DPA1=DPA1*01:03:01:02 | DPB1=DPB1*04:01:01:01/DPB1*04:01:01:02,False,False,1.0,1.0,1.0,1.0,1.0,1.0,1.0,1.0,0.0
SYNTH_0561,Global,success,,164.8,1.0,1,0.0,HLA-A=A*02:01:01:01 | HLA-C=C*03:04:01:01 | HLA-B=B*15:01:01:01 | DRB345=DRB4*01:03:01:01/DRB4*01:03:01:01:03 | DRB1=DRB1*04:01:01:01SG | DQA1=DQA1*03:01:01 | DQB1=DQB1*03:02:01 | DPA1=DPA1*01:03:01:02 | DPB1=DPB1*04:01:01:01/DPB1*04:01:01:02,HLA-A=A*02:01:01:01 | HLA-C=C*03:04:01:01 | HLA-B=B*40:01:02 | DRB345=Abs | DRB1=DRB1*01:01:01 | DQA1=DQA1*01:01:01:02SG | DQB1=DQB1*05:01:01:03 | DPA1=DPA1*01:03:01:02 | DPB1=DPB1*04:01:01:01/DPB1*04:01:01:02,False,False,1.0,1.0,1.0,0.0,1.0,1.0,1.0,1.0,0.0
SYNTH_0562,Global,success,,540.3,0.44329897,8,2.0662,HLA-A=A*02:01:01:01 | HLA-C=C*07:02:01:03 | HLA-B=B*07:02:01 | DRB345=DRB5*01:01:01 | DRB1=DRB1*15:01:01:01SG | DQA1=DQA1*01:02:01:01SG | DQB1=DQB1*06:02:01 | DPA1=DPA1*01:03:01:04 | DPB1=DPB1*04:01:01:01/DPB1*04:01:01:02,HLA-A=A*01:01:01:01 | HLA-C=C*07:01:01:01 | HLA-B=B*08:01:01:01 | DRB345=DRB3*01:01:02:01 | DRB1=DRB1*03:01:01:01SG | DQA1=DQA1*05:01:01:02 | DQB1=DQB1*02:01:01 | DPA1=DPA1*01:03:01:03 | DPB1=DPB1*03:01:01,False,False,0.0,1.0,1.0,1.0,1.0,1.0,1.0,1.0,0.0
SYNTH_0563,Global,success,,164.6,0.0,0,0.0,,,False,False,,,,,,,,,
SYNTH_0564,Global,success,,170.0,0.64,9,1.6929,HLA-A=A*03:01:01:01 | HLA-C=C*07:02:01:03 | HLA-B=B*07:02:01 | DRB345=DRB5*01:01:01 | DRB1=DRB1*15:01:01:01SG | DQA1=DQA1*01:02:01:01SG | DQB1=DQB1*06:02:01 | DPA1=DPA1*01:03:01:02 | DPB1=DPB1*04:01:01:01/DPB1*04:01:01:02,HLA-A=A*24:02:01:01 | HLA-C=C*04:01:01:01 | HLA-B=B*35:14:01 | DRB345=DRB5*02:02 | DRB1=DRB1*16:02:01:02 | DQA1=DQA1*05:05:01:05SG | DQB1=DQB1*03:01:01:01 | DPA1=DPA1*01:03:01:05 | DPB1=DPB1*04:02:01:02,False,False,1.0,1.0,1.0,1.0,1.0,1.0,1.0,0.0,0.0
SYNTH_0565,Global,success,,132.2,1.0,1,0.0,HLA-A=A*24:02:01:01 | HLA-C=C*04:01:01:06 | HLA-B=B*35:02:01 | DRB345=DRB3*02:02:01:02 | DRB1=DRB1*11:04:01 | DQA1=DQA1*05:05:01:01SG | DQB1=DQB1*03:01:01:02 | DPA1=DPA1*01:03:01:01 | DPB1=DPB1*02:01:02/DPB1*02:01:19,HLA-A=A*02:01:01:01 | HLA-C=C*03:03:01:01 | HLA-B=B*15:01:01:01 | DRB345=DRB4*01:03:01:01/DRB4*01:03:01:01:03 | DRB1=DRB1*04:01:01:01SG | DQA1=DQA1*03:01:01 | DQB1=DQB1*03:02:01 | DPA1=DPA1*01:03:01:05 | DPB1=DPB1*04:02:01:02,False,False,1.0,1.0,1.0,0.0,1.0,1.0,1.0,1.0,0.0
SYNTH_0566,Global,success,,143.7,1.0,1,0.0,HLA-A=A*03:01:01:01 | HLA-C=C*07:02:01:03 | HLA-B=B*07:02:01 | DRB345=Abs | DRB1=DRB1*08:01:01 | DQA1=DQA1*04:01:01 | DQB1=DQB1*04:02:01 | DPA1=DPA1*01:03:01:02 | DPB1=DPB1*04:01:01:01/DPB1*04:01:01:02,HLA-A=A*02:01:01:01 | HLA-C=C*06:02:01:01 | HLA-B=B*13:02:01 | DRB345=DRB4*01:03:01:01/DRB4*01:03:01:01:03 | DRB1=DRB1*07:01:01:01SG | DQA1=DQA1*02:01:01:01SG | DQB1=DQB1*02:02:01:01 | DPA1=DPA1*01:03:01:01 | DPB1=DPB1*02:01:02/DPB1*02:01:19,False,False,1.0,1.0,1.0,0.0,1.0,1.0,1.0,1.0,0.0
SYNTH_0567,Global,success,,370.9,0.06644631,377,6.9646,HLA-A=A*03:01:01:01 | HLA-C=C*07:02:01:03 | HLA-B=B*07:02:01 | DRB345=DRB5*01:01:01 | DRB1=DRB1*15:01:01:01SG | DQA1=DQA1*01:02:01:01SG | DQB1=DQB1*06:02:01 | DPA1=DPA1*01:03:01:02 | DPB1=DPB1*04:01:01:01/DPB1*04:01:01:02,HLA-A=A*02:01:01:01 | HLA-C=C*06:02:01:01 | HLA-B=B*13:02:01 | DRB345=DRB4*01:03:01:01/DRB4*01:03:01:01:03 | DRB1=DRB1*07:01:01:01SG | DQA1=DQA1*02:01:01:01SG | DQB1=DQB1*02:02:01:01 | DPA1=DPA1*01:03:01:02 | DPB1=DPB1*04:01:01:01/DPB1*04:01:01:02,False,False,0.0,1.0,1.0,0.0,1.0,1.0,1.0,0.0,0.0
SYNTH_0568,Global,success,,371.1,0.94117647,4,0.4143,HLA-A=A*03:01:01:01 | HLA-C=C*07:02:01:03 | HLA-B=B*07:02:01 | DRB345=DRB5*01:01:01 | DRB1=DRB1*15:01:01:01SG | DQA1=DQA1*01:02:01:01SG | DQB1=DQB1*06:02:01 | DPA1=DPA1*01:03:01:02 | DPB1=DPB1*04:01:01:01/DPB1*04:01:01:02,HLA-A=A*24:02:01:01 | HLA-C=C*06:02:01:01 | HLA-B=B*57:01:01 | DRB345=DRB4*01:03:01:02N | DRB1=DRB1*07:01:01:01SG | DQA1=DQA1*02:01:01:01SG | DQB1=DQB1*03:03:02:01 | DPA1=DPA1*01:03:01:04 | DPB1=DPB1*04:01:01:01/DPB1*04:01:01:02,False,False,1.0,0.0,0.0,1.0,1.0,1.0,1.0,1.0,0.0
SYNTH_0569,Global,success,,302.4,0.56006914,4,1.3973,HLA-A=A*01:01:01:01 | HLA-C=C*07:01:01:01 | HLA-B=B*08:01:01:01 | DRB345=DRB3*01:01:02:01 | DRB1=DRB1*03:01:01:01SG | DQA1=DQA1*05:01:01:02 | DQB1=DQB1*02:01:01 | DPA1=DPA1*02:01:02 | DPB1=DPB1*01:01:01,HLA-A=A*68:03:01 | HLA-C=C*07:02:01:01 | HLA-B=B*39:05:01 | DRB345=DRB4*01:03:01:01/DRB4*01:03:01:01:03 | DRB1=DRB1*04:07:01 | DQA1=DQA1*03:01:01 | DQB1=DQB1*03:02:01 | DPA1=DPA1*01:03:01:05 | DPB1=DPB1*04:02:01:02,False,False,1.0,1.0,1.0,0.0,1.0,1.0,1.0,1.0,1.0
SYNTH_0570,Global,success,,139.3,0.77777778,2,0.7642,HLA-A=A*31:01:02:01 | HLA-C=C*03:04:01:01 | HLA-B=B*40:01:02 | DRB345=DRB4*01:03:01:01/DRB4*01:03:01:01:03 | DRB1=DRB1*04:04:01 | DQA1=DQA1*03:01:01 | DQB1=DQB1*03:02:01 | DPA1=DPA1*01:03:01:02 | DPB1=DPB1*04:01:01:01/DPB1*04:01:01:02,HLA-A=A*11:01:01:01 | HLA-C=C*12:02:02 | HLA-B=B*52:01:01:02 | DRB345=DRB3*03:01:01 | DRB1=DRB1*13:02:01 | DQA1=DQA1*01:02:01:04SG | DQB1=DQB1*06:09:01 | DPA1=DPA1*01:03:01:04 | DPB1=DPB1*04:01:01:01/DPB1*04:01:01:02,False,False,1.0,1.0,1.0,0.0,1.0,1.0,1.0,1.0,0.0
SYNTH_0571,Global,success,,271.7,0.4,4,1.8169,HLA-A=A*11:01:01:01 | HLA-C=C*04:01:01:01 | HLA-B=B*35:01:01:02 | DRB345=DRB3*02:02:01:01 | DRB1=DRB1*14:54:01 | DQA1=DQA1*01:04:01:01SG | DQB1=DQB1*05:03:01:01/DQB1*05:03:01:02 | DPA1=DPA1*01:03:01:02 | DPB1=DPB1*04:01:01:01/DPB1*04:01:01:02,HLA-A=A*01:01:01:01 | HLA-C=C*06:02:01:01 | HLA-B=B*57:01:01 | DRB345=DRB4*01:03:01:02N | DRB1=DRB1*07:01:01:01SG | DQA1=DQA1*02:01:01:01SG | DQB1=DQB1*03:03:02:01 | DPA1=DPA1*01:03:01:04 | DPB1=DPB1*04:01:01:01/DPB1*04:01:01:02,False,False,1.0,1.0,1.0,1.0,1.0,1.0,0.0,1.0,0.0
SYNTH_0572,Global,success,,341.5,0.0,0,0.0,,,False,False,,,,,,,,,
SYNTH_0573,Global,success,,321.7,1.0,1,0.0,HLA-A=A*02:01:01:01 | HLA-C=C*01:02:01 | HLA-B=B*15:15 | DRB345=DRB4*01:03:02 | DRB1=DRB1*04:10:01 | DQA1=DQA1*03:01:01 | DQB1=DQB1*03:02:01 | DPA1=DPA1*01:03:01:05 | DPB1=DPB1*04:02:01:02,HLA-A=A*68:01:02:02 | HLA-C=C*03:04:01:02 | HLA-B=B*40:01:02 | DRB345=DRB4*01:03:01:01/DRB4*01:03:01:01:03 | DRB1=DRB1*04:01:01:01SG | DQA1=DQA1*03:03:01:01 | DQB1=DQB1*03:01:01:01 | DPA1=DPA1*01:03:01:03 | DPB1=DPB1*03:01:01,False,False,1.0,1.0,1.0,0.0,1.0,1.0,1.0,1.0,1.0
SYNTH_0574,Global,success,,265.7,0.31818182,5,2.1762,HLA-A=A*01:01:01:01 | HLA-C=C*06:02:01:01 | HLA-B=B*57:01:01 | DRB345=DRB4*01:03:01:02N | DRB1=DRB1*07:01:01:01SG | DQA1=DQA1*02:01:01:01SG | DQB1=DQB1*03:03:02:01 | DPA1=DPA1*01:03:01:04 | DPB1=DPB1*04:01:01:01/DPB1*04:01:01:02,HLA-A=A*01:01:01:01 | HLA-C=C*02:02:02:01 | HLA-B=B*27:05:02 | DRB345=DRB4*01:03:01:01/DRB4*01:03:01:01:03 | DRB1=DRB1*04:01:01:01SG | DQA1=DQA1*03:03:01:01 | DQB1=DQB1*03:02:01 | DPA1=DPA1*01:03:01:05 | DPB1=DPB1*04:02:01:02,False,False,1.0,0.0,1.0,0.0,1.0,1.0,1.0,0.0,0.0
SYNTH_0575,Global,success,,191.1,0.32692308,6,2.2737,HLA-A=A*02:01:01:01 | HLA-C=C*07:02:01:03 | HLA-B=B*07:02:01 | DRB345=Abs | DRB1=DRB1*01:03 | DQA1=DQA1*01:01:01:02SG | DQB1=DQB1*05:01:01:03 | DPA1=DPA1*01:03:01:01 | DPB1=DPB1*02:01:02/DPB1*02:01:19,HLA-A=A*02:01:01:01 | HLA-C=C*07:01:01:01 | HLA-B=B*08:01:01:01 | DRB345=DRB3*01:01:02:01 | DRB1=DRB1*03:01:01:01SG | DQA1=DQA1*05:01:01:02 | DQB1=DQB1*02:01:01 | DPA1=DPA1*01:03:01:02 | DPB1=DPB1*04:01:01:01/DPB1*04:01:01:02,False,False,1.0,1.0,1.0,1.0,1.0,1.0,1.0,1.0,0.0
SYNTH_0576,Global,success,,199.5,0.20531674,24,3.8868,HLA-A=A*29:02:01:01 | HLA-C=C*16:01:01:01 | HLA-B=B*44:03:01:01 | DRB345=DRB4*01:01:01:01 | DRB1=DRB1*07:01:01:01SG | DQA1=DQA1*02:01:01:01SG | DQB1=DQB1*02:02:01:01 | DPA1=DPA1*02:01:01:01 | DPB1=DPB1*11:01:01,HLA-A=A*02:01:01:01 | HLA-C=C*07:02:01:03 | HLA-B=B*07:02:01 | DRB345=Abs | DRB1=DRB1*01:01:01 | DQA1=DQA1*01:01:01:02SG | DQB1=DQB1*05:01:01:03 | DPA1=DPA1*01:03:01:02 | DPB1=DPB1*04:01:01:01/DPB1*04:01:01:02,False,False,1.0,1.0,1.0,1.0,1.0,1.0,1.0,1.0,0.0
SYNTH_0577,Global,success,,189.3,1.0,1,0.0,HLA-A=A*01:01:01:01 | HLA-C=C*07:01:01:01 | HLA-B=B*08:01:01:01 | DRB345=DRB3*01:01:02:01 | DRB1=DRB1*03:01:01:01SG | DQA1=DQA1*05:01:01:02 | DQB1=DQB1*02:01:01 | DPA1=DPA1*01:03:01:02 | DPB1=DPB1*04:01:01:01/DPB1*04:01:01:02,HLA-A=A*01:01:01:01 | HLA-C=C*07:01:01:01 | HLA-B=B*08:01:01:01 | DRB345=DRB3*01:01:02:01 | DRB1=DRB1*03:01:01:01SG | DQA1=DQA1*05:01:01:02 | DQB1=DQB1*02:01:01 | DPA1=DPA1*01:03:01:02 | DPB1=DPB1*04:01:01:01/DPB1*04:01:01:02,False,False,1.0,1.0,1.0,1.0,1.0,1.0,1.0,1.0,0.0
SYNTH_0578,Global,success,,205.1,0.94285714,2,0.316,HLA-A=A*29:02:01:01 | HLA-C=C*16:01:01:01 | HLA-B=B*44:03:01:01 | DRB345=DRB4*01:01:01:01 | DRB1=DRB1*07:01:01:01SG | DQA1=DQA1*02:01:01:01SG | DQB1=DQB1*02:02:01:01 | DPA1=DPA1*02:01:01:01 | DPB1=DPB1*11:01:01,HLA-A=A*11:01:01:01 | HLA-C=C*04:01:01:01 | HLA-B=B*35:03:01 | DRB345=DRB3*02:02:01:02 | DRB1=DRB1*11:01:01:01 | DQA1=DQA1*05:05:01:01SG | DQB1=DQB1*03:01:01:03 | DPA1=DPA1*01:03:01:02 | DPB1=DPB1*04:01:01:01/DPB1*04:01:01:02,False,False,1.0,1.0,1.0,1.0,1.0,1.0,1.0,1.0,0.0
SYNTH_0579,Global,success,,213.3,0.53846154,3,1.4196,HLA-A=A*68:02:01:01 | HLA-C=C*08:02:01:01 | HLA-B=B*14:02:01:01 | DRB345=DRB3*01:01:02:01 | DRB1=DRB1*13:03:01 | DQA1=DQA1*05:05:01:01SG | DQB1=DQB1*03:01:01:03 | DPA1=DPA1*01:03:01:01 | DPB1=DPB1*02:01:02/DPB1*02:01:19,HLA-A=A*02:01:01:01 | HLA-C=C*03:03:01:01 | HLA-B=B*15:01:01:01 | DRB345=DRB3*02:02:01:02 | DRB1=DRB1*13:01:01:01SG | DQA1=DQA1*01:03:01:02SG | DQB1=DQB1*06:03:01 | DPA1=DPA1*01:03:01:02 | DPB1=DPB1*04:01:01:01/DPB1*04:01:01:02,False,False,1.0,1.0,1.0,1.0,1.0,1.0,1.0,1.0,0.0
SYNTH_0580,Global,success,,188.8,0.92631579,4,0.4434,HLA-A=A*03:01:01:01 | HLA-C=C*07:02:01:03 | HLA-B=B*07:02:01 | DRB345=DRB5*01:01:01 | DRB1=DRB1*15:01:01:01SG | DQA1=DQA1*01:02:01:01SG | DQB1=DQB1*06:02:01 | DPA1=DPA1*01:03:01:02 | DPB1=DPB1*04:01:01:01/DPB1*04:01:01:02,HLA-A=A*29:02:01:01 | HLA-C=C*16:01:01:01 | HLA-B=B*44:03:01:01 | DRB345=DRB4*01:01:01:01 | DRB1=DRB1*07:01:01:01SG | DQA1=DQA1*02:01:01:01SG | DQB1=DQB1*02:02:01:01 | DPA1=DPA1*02:01:01:01 | DPB1=DPB1*11:01:01,False,False,1.0,1.0,1.0,1.0,1.0,1.0,1.0,1.0,0.0
SYNTH_0581,Global,success,,342.4,1.0,1,0.0,HLA-A=A*24:02:01:01 | HLA-C=C*12:02:02 | HLA-B=B*52:01:01:01 | DRB345=DRB5*01:02 | DRB1=DRB1*15:02:01:01SG | DQA1=DQA1*01:03:01:01 | DQB1=DQB1*06:01:01 | DPA1=DPA1*02:02:02 | DPB1=DPB1*05:01:01,HLA-A=A*02:01:01:01 | HLA-C=C*01:02:01 | HLA-B=B*27:05:02 | DRB345=Abs | DRB1=DRB1*01:01:01 | DQA1=DQA1*01:01:01:02SG | DQB1=DQB1*05:01:01:03 | DPA1=DPA1*01:03:01:03 | DPB1=DPB1*20:01:01,True,True,1.0,1.0,1.0,1.0,1.0,1.0,1.0,1.0,1.0
SYNTH_0582,Global,success,,190.2,1.0,1,0.0,HLA-A=A*02:01:01:01 | HLA-C=C*02:02:02:01 | HLA-B=B*27:05:02 | DRB345=Abs | DRB1=DRB1*01:01:01 | DQA1=DQA1*01:01:01:02SG | DQB1=DQB1*05:01:01:03 | DPA1=DPA1*01:03:01:02 | DPB1=DPB1*04:01:01:01/DPB1*04:01:01:02,HLA-A=A*03:01:01:05 | HLA-C=C*06:02:01:01 | HLA-B=B*47:01:01:03 | DRB345=DRB4*01:01:01:01 | DRB1=DRB1*07:01:01:01SG | DQA1=DQA1*02:01:01:01SG | DQB1=DQB1*02:02:01:01 | DPA1=DPA1*01:03:01:03 | DPB1=DPB1*06:01:01,False,False,1.0,1.0,1.0,1.0,1.0,1.0,1.0,1.0,0.0
SYNTH_0583,Global,success,,332.0,0.91142857,4,0.5268,HLA-A=A*02:01:01:01 | HLA-C=C*05:01:01:02 | HLA-B=B*44:02:01:01 | DRB345=DRB4*01:03:01:01/DRB4*01:03:01:01:03 | DRB1=DRB1*04:01:01:01SG | DQA1=DQA1*03:03:01:01 | DQB1=DQB1*03:01:01:01 | DPA1=DPA1*01:03:01:04 | DPB1=DPB1*04:01:01:01/DPB1*04:01:01:02,HLA-A=A*03:01:01:01 | HLA-C=C*07:02:01:03 | HLA-B=B*07:02:01 | DRB345=DRB5*01:01:01 | DRB1=DRB1*15:01:01:01SG | DQA1=DQA1*01:02:01:01SG | DQB1=DQB1*06:02:01 | DPA1=DPA1*01:03:01:04 | DPB1=DPB1*04:01:01:01/DPB1*04:01:01:02,False,False,1.0,1.0,1.0,0.0,1.0,1.0,1.0,1.0,0.0
SYNTH_0584,Global,success,,138.5,0.92307692,2,0.3912,HLA-A=A*01:01:01:01 | HLA-C=C*07:01:01:01 | HLA-B=B*08:01:01:01 | DRB345=DRB3*01:01:02:01 | DRB1=DRB1*03:01:01:01SG | DQA1=DQA1*05:01:01:02 | DQB1=DQB1*02:01:01 | DPA1=DPA1*01:03:01:02 | DPB1=DPB1*04:01:01:01/DPB1*04:01:01:02,HLA-A=A*03:01:01:01 | HLA-C=C*04:01:01:01 | HLA-B=B*35:01:01:02 | DRB345=Abs | DRB1=DRB1*01:01:01 | DQA1=DQA1*01:01:01:02SG | DQB1=DQB1*05:01:01:03 | DPA1=DPA1*01:03:01:05 | DPB1=DPB1*04:02:01:02,False,False,1.0,1.0,1.0,1.0,1.0,1.0,1.0,1.0,0.0
SYNTH_0585,Global,success,,404.5,1.0,1,0.0,HLA-A=A*01:01:01:01 | HLA-C=C*07:01:01:01 | HLA-B=B*08:01:01:01 | DRB345=DRB3*01:01:02:01 | DRB1=DRB1*03:01:01:01SG | DQA1=DQA1*05:01:01:01 | DQB1=DQB1*02:01:01 | DPA1=DPA1*02:01:02 | DPB1=DPB1*01:01:01,HLA-A=A*02:01:01:01 | HLA-C=C*07:02:01:03 | HLA-B=B*07:02:01 | DRB345=DRB5*01:01:01 | DRB1=DRB1*15:01:01:01SG | DQA1=DQA1*01:02:01:01SG | DQB1=DQB1*06:02:01 | DPA1=DPA1*01:03:01:02 | DPB1=DPB1*04:01:01:01/DPB1*04:01:01:02,False,False,1.0,1.0,1.0,1.0,1.0,1.0,1.0,1.0,0.0
SYNTH_0586,Global,success,,267.1,0.3125,4,1.9798,HLA-A=A*01:01:01:01 | HLA-C=C*07:01:01:01 | HLA-B=B*08:01:01:01 | DRB345=DRB3*01:01:02:01 | DRB1=DRB1*03:01:01:01SG | DQA1=DQA1*05:01:01:01 | DQB1=DQB1*02:01:01 | DPA1=DPA1*01:03:01:01 | DPB1=DPB1*04:01:01:01/DPB1*04:01:01:02,HLA-A=A*02:01:01:01 | HLA-C=C*05:01:01:02 | HLA-B=B*44:02:01:01 | DRB345=DRB4*01:03:01:01/DRB4*01:03:01:01:03 | DRB1=DRB1*04:01:01:01SG | DQA1=DQA1*03:03:01:01 | DQB1=DQB1*03:01:01:01 | DPA1=DPA1*01:03:01:01 | DPB1=DPB1*02:01:02/DPB1*02:01:19,False,False,1.0,1.0,1.0,0.0,1.0,0.0,1.0,1.0,0.0
SYNTH_0587,Global,success,,250.2,0.93478261,2,0.3478,HLA-A=A*01:01:01:01 | HLA-C=C*07:01:01:01 | HLA-B=B*08:01:01:01 | DRB345=DRB3*01:01:02:02 | DRB1=DRB1*03:01:01:01SG | DQA1=DQA1*05:01:01:02 | DQB1=DQB1*02:01:01 | DPA1=DPA1*02:01:02 | DPB1=DPB1*01:01:01,HLA-A=A*02:01:01:01 | HLA-C=C*07:02:01:03 | HLA-B=B*07:02:01 | DRB345=DRB5*01:01:01 | DRB1=DRB1*15:01:01:01SG | DQA1=DQA1*01:02:01:01SG | DQB1=DQB1*06:02:01 | DPA1=DPA1*01:03:01:04 | DPB1=DPB1*04:01:01:01/DPB1*04:01:01:02,False,False,1.0,1.0,1.0,1.0,1.0,1.0,1.0,1.0,0.0
SYNTH_0588,Global,success,,267.7,0.59893048,6,1.7076,HLA-A=A*03:01:01:01 | HLA-C=C*07:02:01:03 | HLA-B=B*07:02:01 | DRB345=DRB5*01:01:01 | DRB1=DRB1*15:01:01:01SG | DQA1=DQA1*01:02:01:01SG | DQB1=DQB1*06:02:01 | DPA1=DPA1*01:03:01:02 | DPB1=DPB1*04:01:01:01/DPB1*04:01:01:02,HLA-A=A*02:01:01:01 | HLA-C=C*01:02:01 | HLA-B=B*15:15 | DRB345=DRB4*01:03:02 | DRB1=DRB1*04:10:01 | DQA1=DQA1*03:01:01 | DQB1=DQB1*03:02:01 | DPA1=DPA1*01:03:01:05 | DPB1=DPB1*04:02:01:02,False,False,1.0,1.0,1.0,1.0,1.0,1.0,1.0,1.0,0.0
SYNTH_0589,Global,success,,243.8,0.0,0,0.0,,,False,False,,,,,,,,,
SYNTH_0590,Global,success,,236.9,0.45454545,4,1.6751,HLA-A=A*30:01:01 | HLA-C=C*06:02:01:01 | HLA-B=B*13:02:01 | DRB345=DRB4*01:03:01:01/DRB4*01:03:01:01:03 | DRB1=DRB1*07:01:01:01SG | DQA1=DQA1*02:01:01:01SG | DQB1=DQB1*02:02:01:01 | DPA1=DPA1*01:03:01:02 | DPB1=DPB1*04:01:01:01/DPB1*04:01:01:02,HLA-A=A*02:01:01:01 | HLA-C=C*05:01:01:02 | HLA-B=B*44:02:01:01 | DRB345=DRB4*01:03:01:01/DRB4*01:03:01:01:03 | DRB1=DRB1*04:01:01:01SG | DQA1=DQA1*03:03:01:01 | DQB1=DQB1*03:01:01:01 | DPA1=DPA1*01:03:01:01 | DPB1=DPB1*02:01:02/DPB1*02:01:19,False,False,1.0,1.0,1.0,0.0,1.0,1.0,1.0,1.0,0.0
SYNTH_0591,Global,success,,225.2,0.92307692,2,0.3912,HLA-A=A*03:01:01:01 | HLA-C=C*04:01:01:01 | HLA-B=B*35:01:01:02 | DRB345=Abs | DRB1=DRB1*01:01:01 | DQA1=DQA1*01:01:01:02SG | DQB1=DQB1*05:01:01:03 | DPA1=DPA1*01:03:01:05 | DPB1=DPB1*04:02:01:02,HLA-A=A*03:01:01:01 | HLA-C=C*04:01:01:01 | HLA-B=B*35:01:01:02 | DRB345=Abs | DRB1=DRB1*01:01:01 | DQA1=DQA1*01:01:01:02SG | DQB1=DQB1*05:01:01:03 | DPA1=DPA1*01:03:01:03 | DPB1=DPB1*03:01:01,True,True,1.0,1.0,1.0,1.0,1.0,1.0,1.0,1.0,1.0
SYNTH_0592,Global,success,,198.7,1.0,1,0.0,HLA-A=A*01:01:01:01 | HLA-C=C*07:01:01:01 | HLA-B=B*08:01:01:01 | DRB345=DRB3*01:01:02:01 | DRB1=DRB1*03:01:01:01SG | DQA1=DQA1*05:01:01:02 | DQB1=DQB1*02:01:01 | DPA1=DPA1*01:03:01:02 | DPB1=DPB1*04:01:01:01/DPB1*04:01:01:02,HLA-A=A*02:01:01:01 | HLA-C=C*01:02:01 | HLA-B=B*27:05:02 | DRB345=Abs | DRB1=DRB1*01:01:01 | DQA1=DQA1*01:01:01:02SG | DQB1=DQB1*05:01:01:03 | DPA1=DPA1*01:03:01:03 | DPB1=DPB1*20:01:01,False,False,1.0,1.0,1.0,1.0,1.0,1.0,1.0,1.0,0.0
SYNTH_0593,Global,success,,254.3,1.0,1,0.0,HLA-A=A*03:01:01:01 | HLA-C=C*07:02:01:03 | HLA-B=B*07:02:01 | DRB345=Abs | DRB1=DRB1*08:01:01 | DQA1=DQA1*04:01:01 | DQB1=DQB1*04:02:01 | DPA1=DPA1*01:03:01:02 | DPB1=DPB1*04:01:01:01/DPB1*04:01:01:02,HLA-A=A*29:01:01:01 | HLA-C=C*15:05:02 | HLA-B=B*07:05:01:01 | DRB345=Abs | DRB1=DRB1*10:01:01:01 | DQA1=DQA1*01:05:01 | DQB1=DQB1*05:01:01:02 | DPA1=DPA1*01:03:01:01 | DPB1=DPB1*02:01:02/DPB1*02:01:19,False,False,1.0,1.0,1.0,1.0,1.0,1.0,1.0,1.0,0.0
SYNTH_0594,Global,success,,204.6,0.66666667,2,0.9183,HLA-A=A*68:01:01:02 | HLA-C=C*02:10:01:01 | HLA-B=B*15:03:01:02 | DRB345=DRB4*01:01:01:01 | DRB1=DRB1*09:01:02 | DQA1=DQA1*03:03:01:01 | DQB1=DQB1*02:02:01:02 | DPA1=DPA1*02:01:08 | DPB1=DPB1*01:01:01,HLA-A=A*02:01:01:01 | HLA-C=C*07:02:01:01 | HLA-B=B*39:02:02 | DRB345=DRB5*02:02 | DRB1=DRB1*16:02:01:02 | DQA1=DQA1*05:05:01:05SG | DQB1=DQB1*03:01:01:01 | DPA1=DPA1*01:03:01:05 | DPB1=DPB1*04:02:01:02,False,False,1.0,1.0,1.0,1.0,1.0,1.0,1.0,0.0,0.0
SYNTH_0595,Global,success,,7334.9,0.50224215,12,2.4681,HLA-A=A*03:01:01:01 | HLA-C=C*07:02:01:03 | HLA-B=B*07:02:01 | DRB345=DRB5*01:01:01 | DRB1=DRB1*15:01:01:01SG | DQA1=DQA1*01:02:01:01SG | DQB1=DQB1*06:02:01 | DPA1=DPA1*01:03:01:02 | DPB1=DPB1*04:01:01:01/DPB1*04:01:01:02,HLA-A=A*03:01:01:01 | HLA-C=C*07:02:01:03 | HLA-B=B*07:02:01 | DRB345=DRB5*01:01:01 | DRB1=DRB1*15:01:01:01SG | DQA1=DQA1*01:02:01:01SG | DQB1=DQB1*06:02:01 | DPA1=DPA1*01:03:01:03 | DPB1=DPB1*03:01:01,False,False,0.0,0.0,0.0,1.0,1.0,1.0,1.0,1.0,0.0
SYNTH_0596,Global,success,,226.0,0.30305233,36,3.5756,HLA-A=A*01:01:01:01 | HLA-C=C*07:01:01:01 | HLA-B=B*08:01:01:01 | DRB345=DRB3*01:01:02:01 | DRB1=DRB1*03:01:01:01SG | DQA1=DQA1*05:01:01:02 | DQB1=DQB1*02:01:01 | DPA1=DPA1*01:03:01:02 | DPB1=DPB1*04:01:01:01/DPB1*04:01:01:02,HLA-A=A*01:01:01:01 | HLA-C=C*07:01:01:01 | HLA-B=B*08:01:01:01 | DRB345=DRB3*01:01:02:01 | DRB1=DRB1*03:01:01:01SG | DQA1=DQA1*05:01:01:01 | DQB1=DQB1*02:01:01 | DPA1=DPA1*01:03:01:01 | DPB1=DPB1*04:01:01:01/DPB1*04:01:01:02,False,False,1.0,1.0,1.0,1.0,1.0,1.0,1.0,0.0,0.0
SYNTH_0597,Global,success,,126.9,1.0,1,0.0,HLA-A=A*01:01:01:01 | HLA-C=C*07:01:01:01 | HLA-B=B*08:01:01:01 | DRB345=DRB3*01:01:02:01 | DRB1=DRB1*03:01:01:01SG | DQA1=DQA1*05:01:01:02 | DQB1=DQB1*02:01:01 | DPA1=DPA1*01:03:01:02 | DPB1=DPB1*04:01:01:01/DPB1*04:01:01:02,HLA-A=A*11:01:01:01 | HLA-C=C*07:02:01:03 | HLA-B=B*07:02:01 | DRB345=DRB5*01:01:01 | DRB1=DRB1*15:01:01:01SG | DQA1=DQA1*01:02:01:01SG | DQB1=DQB1*06:02:01 | DPA1=DPA1*01:03:01:02 | DPB1=DPB1*04:01:01:01/DPB1*04:01:01:02,False,False,1.0,1.0,1.0,1.0,1.0,1.0,1.0,1.0,0.0
SYNTH_0598,Global,success,,213.8,0.57142857,2,0.9852,HLA-A=A*02:01:01:01 | HLA-C=C*07:01:01:01 | HLA-B=B*18:01:01:02 | DRB345=DRB3*02:02:01:02 | DRB1=DRB1*11:04:01 | DQA1=DQA1*05:05:01:01SG | DQB1=DQB1*03:01:01:02 | DPA1=DPA1*01:03:01:05 | DPB1=DPB1*04:02:01:01,HLA-A=A*01:01:01:01 | HLA-C=C*06:02:01:01 | HLA-B=B*57:01:01 | DRB345=DRB4*01:03:01:02N | DRB1=DRB1*07:01:01:01SG | DQA1=DQA1*02:01:01:01SG | DQB1=DQB1*03:03:02:01 | DPA1=DPA1*01:03:01:02 | DPB1=DPB1*04:01:01:01/DPB1*04:01:01:02,False,False,1.0,1.0,1.0,1.0,1.0,1.0,1.0,1.0,0.0
SYNTH_0599,Global,success,,153.1,0.6,2,0.971,HLA-A=A*31:01:02:01 | HLA-C=C*04:01:01:06 | HLA-B=B*35:02:01 | DRB345=DRB4*01:03:01:01/DRB4*01:03:01:01:03 | DRB1=DRB1*04:03:01 | DQA1=DQA1*03:01:01 | DQB1=DQB1*03:05:01 | DPA1=DPA1*01:03:01:04 | DPB1=DPB1*04:01:01:01/DPB1*04:01:01:02,HLA-A=A*26:01:01:01 | HLA-C=C*12:03:01:01 | HLA-B=B*38:01:01 | DRB345=DRB4*01:03:01:01/DRB4*01:03:01:01:03 | DRB1=DRB1*04:02:01 | DQA1=DQA1*03:01:01 | DQB1=DQB1*03:02:01 | DPA1=DPA1*01:03:01:04 | DPB1=DPB1*04:01:01:01/DPB1*04:01:01:02,False,False,0.0,1.0,1.0,0.0,1.0,1.0,1.0,1.0,0.0
SYNTH_0600,Global,success,,361.2,0.76923077,2,0.7793,HLA-A=A*02:01:01:01 | HLA-C=C*05:01:01:02 | HLA-B=B*44:02:01:01 | DRB345=DRB3*01:01:02:01 | DRB1=DRB1*13:01:01:01SG | DQA1=DQA1*01:03:01:02SG | DQB1=DQB1*06:03:01 | DPA1=DPA1*01:03:01:02 | DPB1=DPB1*04:01:01:01/DPB1*04:01:01:02,HLA-A=A*29:02:01:02 | HLA-C=C*18:01 | HLA-B=B*81:01 | DRB345=Abs | DRB1=DRB1*08:04:01 | DQA1=DQA1*04:01:02:02 | DQB1=DQB1*04:02:01 | DPA1=DPA1*01:03:01:02 | DPB1=DPB1*18:01,False,False,1.0,0.0,0.0,1.0,1.0,1.0,1.0,1.0,0.0
SYNTH_0601,Global,success,,371.9,1.0,1,0.0,HLA-A=A*11:01:01:01 | HLA-C=C*04:01:01:05 | HLA-B=B*35:01:01:02 | DRB345=Abs | DRB1=DRB1*01:03 | DQA1=DQA1*01:01:01:02SG | DQB1=DQB1*05:01:01:03 | DPA1=DPA1*01:03:01:05 | DPB1=DPB1*04:02:01:02,HLA-A=A*26:01:01:01 | HLA-C=C*12:03:01:01 | HLA-B=B*38:01:01 | DRB345=DRB3*03:01:01 | DRB1=DRB1*13:02:01 | DQA1=DQA1*01:02:01:04SG | DQB1=DQB1*06:09:01 | DPA1=DPA1*01:03:01:04 | DPB1=DPB1*04:01:01:01/DPB1*04:01:01:02,False,False,1.0,1.0,1.0,1.0,1.0,1.0,1.0,1.0,0.0
SYNTH_0602,Global,success,,510.1,1.0,1,0.0,HLA-A=A*30:01:01 | HLA-C=C*17:01:01:02 | HLA-B=B*42:01:01 | DRB345=DRB5*01:01:01 | DRB1=DRB1*15:03:01:01SG | DQA1=DQA1*01:02:01:01SG | DQB1=DQB1*06:02:01 | DPA1=DPA1*01:03:01:01 | DPB1=DPB1*02:01:02/DPB1*02:01:19,HLA-A=A*03:01:01:01 | HLA-C=C*07:02:01:03 | HLA-B=B*07:02:01 | DRB345=Abs | DRB1=DRB1*01:01:01 | DQA1=DQA1*01:01:01:02SG | DQB1=DQB1*05:01:01:03 | DPA1=DPA1*01:03:01:05 | DPB1=DPB1*04:02:01:02,False,False,1.0,1.0,1.0,1.0,1.0,1.0,1.0,1.0,0.0
SYNTH_0603,Global,success,,471.7,0.84615385,3,0.7607,HLA-A=A*29:02:01:01 | HLA-C=C*16:01:01:01 | HLA-B=B*44:03:01:01 | DRB345=DRB4*01:01:01:01 | DRB1=DRB1*07:01:01:01SG | DQA1=DQA1*02:01:01:01SG | DQB1=DQB1*02:02:01:01 | DPA1=DPA1*02:01:01:01 | DPB1=DPB1*11:01:01,HLA-A=A*02:01:01:01 | HLA-C=C*05:01:01:02 | HLA-B=B*44:02:01:01 | DRB345=DRB4*01:03:01:01/DRB4*01:03:01:01:03 | DRB1=DRB1*04:01:01:01SG | DQA1=DQA1*03:03:01:01 | DQB1=DQB1*03:01:01:01 | DPA1=DPA1*01:03:01:02 | DPB1=DPB1*04:01:01:01/DPB1*04:01:01:02,False,False,1.0,1.0,1.0,0.0,1.0,1.0,1.0,1.0,0.0
SYNTH_0604,Global,success,,470.9,1.0,1,0.0,HLA-A=A*68:02:01:01 | HLA-C=C*04:01:01:01 | HLA-B=B*53:01:01 | DRB345=DRB3*03:01:01 | DRB1=DRB1*13:02:01 | DQA1=DQA1*01:02:01:04SG | DQB1=DQB1*06:04:01 | DPA1=DPA1*01:03:01:04 | DPB1=DPB1*04:01:01:01/DPB1*04:01:01:02,HLA-A=A*24:02:01:01 | HLA-C=C*04:01:01:01 | HLA-B=B*35:01:01:02 | DRB345=DRB4*01:03:01:02N | DRB1=DRB1*07:01:01:01SG | DQA1=DQA1*02:01:01:01SG | DQB1=DQB1*03:03:02:01 | DPA1=DPA1*01:03:01:01 | DPB1=DPB1*02:01:02/DPB1*02:01:19,False,False,1.0,1.0,1.0,1.0,1.0,1.0,1.0,1.0,0.0
SYNTH_0605,Global,success,,454.2,0.52941176,10,2.0466,HLA-A=A*01:01:01:01 | HLA-C=C*07:01:01:01 | HLA-B=B*08:01:01:01 | DRB345=DRB3*01:01:02:01 | DRB1=DRB1*03:01:01:01SG | DQA1=DQA1*05:01:01:02 | DQB1=DQB1*02:01:01 | DPA1=DPA1*02:01:02 | DPB1=DPB1*01:01:01,HLA-A=A*02:01:01:01 | HLA-C=C*07:02:01:01 | HLA-B=B*39:02:02 | DRB345=DRB5*02:02 | DRB1=DRB1*16:02:01:02 | DQA1=DQA1*05:05:01:05SG | DQB1=DQB1*03:01:01:01 | DPA1=DPA1*01:03:01:05 | DPB1=DPB1*04:02:01:02,True,False,1.0,1.0,1.0,1.0,1.0,1.0,1.0,1.0,1.0
SYNTH_0606,Global,success,,407.3,0.71428571,2,0.8631,HLA-A=A*30:01:01 | HLA-C=C*17:01:01:02 | HLA-B=B*42:01:01 | DRB345=DRB3*01:01:02:01 | DRB1=DRB1*03:02:01 | DQA1=DQA1*04:01:01 | DQB1=DQB1*04:02:01 | DPA1=DPA1*02:02:02 | DPB1=DPB1*01:01:01,HLA-A=A*68:02:01:01 | HLA-C=C*08:02:01:01 | HLA-B=B*14:02:01:01 | DRB345=DRB3*01:01:02:01 | DRB1=DRB1*13:03:01 | DQA1=DQA1*05:05:01:01SG | DQB1=DQB1*03:01:01:03 | DPA1=DPA1*01:03:01:01 | DPB1=DPB1*02:01:02/DPB1*02:01:19,False,False,1.0,1.0,1.0,1.0,1.0,1.0,1.0,1.0,0.0
SYNTH_0607,Global,success,,290.6,1.0,1,0.0,HLA-A=A*01:01:01:01 | HLA-C=C*07:02:01:03 | HLA-B=B*07:02:01 | DRB345=DRB5*01:01:01 | DRB1=DRB1*15:01:01:01SG | DQA1=DQA1*01:02:01:01SG | DQB1=DQB1*06:02:01 | DPA1=DPA1*01:03:01:04 | DPB1=DPB1*04:01:01:01/DPB1*04:01:01:02,HLA-A=A*03:01:01:01 | HLA-C=C*03:04:01:01 | HLA-B=B*40:01:02 | DRB345=DRB4*01:03:01:01/DRB4*01:03:01:01:03 | DRB1=DRB1*04:01:01:01SG | DQA1=DQA1*03:01:01 | DQB1=DQB1*03:02:01 | DPA1=DPA1*01:03:01:02 | DPB1=DPB1*04:01:01:01/DPB1*04:01:01:02,False,False,1.0,1.0,1.0,0.0,1.0,1.0,1.0,1.0,0.0
SYNTH_0608,Global,success,,207.4,0.5,2,1.0,HLA-A=A*03:01:01:01 | HLA-C=C*04:01:01:01 | HLA-B=B*35:01:01:02 | DRB345=DRB3*02:02:01:02 | DRB1=DRB1*13:01:01:01SG | DQA1=DQA1*01:03:01:02SG | DQB1=DQB1*06:03:01 | DPA1=DPA1*01:03:01:02 | DPB1=DPB1*04:01:01:01/DPB1*04:01:01:02,HLA-A=A*26:01:01:01 | HLA-C=C*03:04:01:02 | HLA-B=B*40:02:01 | DRB345=DRB4*01:03:02 | DRB1=DRB1*09:01:02 | DQA1=DQA1*03:02 | DQB1=DQB1*03:03:02:02/DQB1*03:03:02:03 | DPA1=DPA1*02:01:01:02 | DPB1=DPB1*09:01:01,False,False,1.0,1.0,1.0,1.0,1.0,1.0,0.0,1.0,0.0
SYNTH_0609,Global,success,,196.1,1.0,1,0.0,HLA-A=A*01:01:01:01 | HLA-C=C*06:02:01:01 | HLA-B=B*57:01:01 | DRB345=DRB4*01:03:01:02N | DRB1=DRB1*07:01:01:01SG | DQA1=DQA1*02:01:01:01SG | DQB1=DQB1*03:03:02:01 | DPA1=DPA1*02:01:01:01 | DPB1=DPB1*13:01:01/DPB1*107:01,HLA-A=A*30:02:01:01 | HLA-C=C*05:01:01:01 | HLA-B=B*18:01:01:01 | DRB345=DRB3*02:02:01:01 | DRB1=DRB1*03:01:01:01SG | DQA1=DQA1*05:01:01:01 | DQB1=DQB1*02:01:01 | DPA1=DPA1*01:03:01:01 | DPB1=DPB1*02:02,False,False,1.0,1.0,1.0,1.0,1.0,1.0,1.0,1.0,0.0
SYNTH_0610,Global,success,,311.9,1.0,1,0.0,HLA-A=A*02:01:01:01 | HLA-C=C*03:04:01:01 | HLA-B=B*40:01:02 | DRB345=DRB4*01:03:01:01/DRB4*01:03:01:01:03 | DRB1=DRB1*04:04:01 | DQA1=DQA1*03:01:01 | DQB1=DQB1*03:02:01 | DPA1=DPA1*01:03:01:02 | DPB1=DPB1*04:01:01:01/DPB1*04:01:01:02,HLA-A=A*29:02:01:01 | HLA-C=C*08:02:01:01 | HLA-B=B*14:02:01:01 | DRB345=DRB4*01:01:01:01 | DRB1=DRB1*07:01:01:01SG | DQA1=DQA1*02:01:01:01SG | DQB1=DQB1*02:02:01:01 | DPA1=DPA1*01:04 | DPB1=DPB1*15:01:01,False,False,1.0,1.0,1.0,0.0,1.0,1.0,1.0,1.0,0.0
SYNTH_0611,Global,success,,362.6,1.0,1,0.0,HLA-A=A*01:01:01:01 | HLA-C=C*07:01:01:01 | HLA-B=B*08:01:01:01 | DRB345=DRB3*01:01:02:01 | DRB1=DRB1*03:01:01:01SG | DQA1=DQA1*05:01:01:02 | DQB1=DQB1*02:01:01 | DPA1=DPA1*01:03:01:03 | DPB1=DPB1*03:01:01,HLA-A=A*02:01:01:01 | HLA-C=C*05:01:01:02 | HLA-B=B*44:02:01:01 | DRB345=DRB3*02:02:01:02 | DRB1=DRB1*11:03:01 | DQA1=DQA1*05:05:01:01SG | DQB1=DQB1*03:01:01:02 | DPA1=DPA1*01:03:01:02 | DPB1=DPB1*04:01:01:01/DPB1*04:01:01:02,False,False,1.0,1.0,1.0,1.0,1.0,1.0,1.0,1.0,0.0
SYNTH_0612,Global,success,,198.0,0.98245614,2,0.1274,HLA-A=A*32:01:01 | HLA-C=C*07:02:01:01 | HLA-B=B*08:01:01:02 | DRB345=DRB3*02:02:01:01 | DRB1=DRB1*03:01:01:01SG | DQA1=DQA1*05:01:01:03 | DQB1=DQB1*02:01:01 | DPA1=DPA1*01:03:01:04 | DPB1=DPB1*04:01:01:01/DPB1*04:01:01:02,HLA-A=A*03:01:01:01 | HLA-C=C*07:02:01:03 | HLA-B=B*07:02:01 | DRB345=DRB5*01:01:01 | DRB1=DRB1*15:01:01:01SG | DQA1=DQA1*01:02:01:01SG | DQB1=DQB1*06:02:01 | DPA1=DPA1*01:03:01:02 | DPB1=DPB1*04:01:01:01/DPB1*04:01:01:02,False,False,1.0,1.0,1.0,1.0,1.0,1.0,1.0,1.0,0.0
SYNTH_0613,Global,success,,197.1,0.5,4,1.75,HLA-A=A*03:01:01:01 | HLA-C=C*03:04:01:01 | HLA-B=B*40:01:02 | DRB345=DRB3*03:01:01 | DRB1=DRB1*13:02:01 | DQA1=DQA1*01:02:01:04SG | DQB1=DQB1*06:04:01 | DPA1=DPA1*01:03:01:04 | DPB1=DPB1*04:01:01:01/DPB1*04:01:01:02,HLA-A=A*25:01:01 | HLA-C=C*12:03:01:01 | HLA-B=B*18:01:01:02 | DRB345=DRB5*01:01:01 | DRB1=DRB1*15:01:01:01SG | DQA1=DQA1*01:02:01:01SG | DQB1=DQB1*06:02:01 | DPA1=DPA1*01:03:01:02 | DPB1=DPB1*04:01:01:01/DPB1*04:01:01:02,False,False,1.0,1.0,1.0,1.0,1.0,1.0,1.0,1.0,0.0
SYNTH_0614,Global,success,,202.9,0.91011236,2,0.4361,HLA-A=A*01:01:01:01 | HLA-C=C*07:01:01:01 | HLA-B=B*08:01:01:01 | DRB345=DRB3*01:01:02:01 | DRB1=DRB1*03:01:01:01SG | DQA1=DQA1*05:01:01:02 | DQB1=DQB1*02:01:01 | DPA1=DPA1*01:03:01:02 | DPB1=DPB1*04:01:01:01/DPB1*04:01:01:02,HLA-A=A*01:01:01:01 | HLA-C=C*07:01:01:01 | HLA-B=B*08:01:01:01 | DRB345=DRB3*01:01:02:01 | DRB1=DRB1*03:01:01:01SG | DQA1=DQA1*05:01:01:02 | DQB1=DQB1*02:01:01 | DPA1=DPA1*02:01:02 | DPB1=DPB1*01:01:01,False,False,1.0,1.0,1.0,1.0,1.0,1.0,1.0,1.0,0.0
SYNTH_0615,Global,success,,180.1,0.39759036,13,2.8456,HLA-A=A*74:01:01 | HLA-C=C*07:18 | HLA-B=B*35:01:01:02 | DRB345=DRB3*03:01:01 | DRB1=DRB1*13:02:01 | DQA1=DQA1*01:02:01:04SG | DQB1=DQB1*03:19:01 | DPA1=DPA1*02:02:02 | DPB1=DPB1*01:01:01,HLA-A=A*29:02:01:01 | HLA-C=C*16:01:01:01 | HLA-B=B*44:03:01:01 | DRB345=DRB4*01:01:01:01 | DRB1=DRB1*07:01:01:01SG | DQA1=DQA1*02:01:01:01SG | DQB1=DQB1*02:02:01:01 | DPA1=DPA1*02:01:01:01 | DPB1=DPB1*11:01:01,False,False,0.0,1.0,1.0,1.0,1.0,1.0,1.0,0.0,0.0
SYNTH_0616,Global,success,,300.9,0.3125,4,1.9772,HLA-A=A*11:01:01:01 | HLA-C=C*03:03:01:01 | HLA-B=B*15:01:01:01 | DRB345=DRB4*01:03:01:01/DRB4*01:03:01:01:03 | DRB1=DRB1*04:01:01:01SG | DQA1=DQA1*03:01:01 | DQB1=DQB1*03:02:01 | DPA1=DPA1*01:03:01:02 | DPB1=DPB1*04:01:01:01/DPB1*04:01:01:02,HLA-A=A*03:01:01:01 | HLA-C=C*04:01:01:01 | HLA-B=B*35:03:01 | DRB345=Abs | DRB1=DRB1*01:01:01 | DQA1=DQA1*01:01:01:02SG | DQB1=DQB1*05:01:01:03 | DPA1=DPA1*01:03:01:02 | DPB1=DPB1*04:01:01:01/DPB1*04:01:01:02,False,False,1.0,1.0,1.0,0.0,1.0,1.0,1.0,1.0,0.0
SYNTH_0617,Global,success,,470.5,0.85802469,3,0.707,HLA-A=A*01:01:01:01 | HLA-C=C*07:01:01:01 | HLA-B=B*08:01:01:01 | DRB345=DRB3*01:01:02:01 | DRB1=DRB1*03:01:01:01SG | DQA1=DQA1*05:01:01:02 | DQB1=DQB1*02:01:01 | DPA1=DPA1*01:03:01:02 | DPB1=DPB1*04:01:01:01/DPB1*04:01:01:02,HLA-A=A*02:01:01:01 | HLA-C=C*07:04:01:01 | HLA-B=B*44:27:01 | DRB345=DRB5*02:02 | DRB1=DRB1*16:01:01 | DQA1=DQA1*01:02:02 | DQB1=DQB1*05:02:01 | DPA1=DPA1*01:03:01:04 | DPB1=DPB1*04:01:01:01/DPB1*04:01:01:02,False,False,1.0,1.0,1.0,1.0,1.0,1.0,1.0,1.0,0.0
SYNTH_0618,Global,success,,404.1,1.0,1,0.0,HLA-A=A*01:01:01:01 | HLA-C=C*07:01:01:01 | HLA-B=B*08:01:01:01 | DRB345=DRB3*01:01:02:01 | DRB1=DRB1*03:01:01:01SG | DQA1=DQA1*05:01:01:02 | DQB1=DQB1*02:01:01 | DPA1=DPA1*01:03:01:02 | DPB1=DPB1*04:01:01:01/DPB1*04:01:01:02,HLA-A=A*29:02:01:01 | HLA-C=C*16:01:01:01 | HLA-B=B*44:03:01:01 | DRB345=DRB5*01:01:01 | DRB1=DRB1*15:01:01:01SG | DQA1=DQA1*01:02:01:01SG | DQB1=DQB1*06:02:01 | DPA1=DPA1*01:03:01:02 | DPB1=DPB1*04:01:01:01/DPB1*04:01:01:02,False,False,1.0,1.0,1.0,1.0,1.0,1.0,1.0,1.0,0.0
SYNTH_0619,Global,success,,397.9,1.0,1,0.0,HLA-A=A*02:01:01:01 | HLA-C=C*03:04:01:01 | HLA-B=B*15:01:01:01 | DRB345=DRB4*01:03:01:01/DRB4*01:03:01:01:03 | DRB1=DRB1*04:01:01:01SG | DQA1=DQA1*03:01:01 | DQB1=DQB1*03:02:01 | DPA1=DPA1*01:03:01:02 | DPB1=DPB1*04:01:01:01/DPB1*04:01:01:02,HLA-A=A*02:01:01:01 | HLA-C=C*07:02:01:03 | HLA-B=B*07:02:01 | DRB345=DRB3*03:01:01 | DRB1=DRB1*13:02:01 | DQA1=DQA1*01:02:01:04SG | DQB1=DQB1*06:04:01 | DPA1=DPA1*01:04 | DPB1=DPB1*15:01:01,False,False,1.0,1.0,1.0,0.0,1.0,1.0,1.0,1.0,0.0
SYNTH_0620,Global,success,,397.3,0.81818182,2,0.684,HLA-A=A*26:01:01:01 | HLA-C=C*12:03:01:01 | HLA-B=B*38:01:01 | DRB345=DRB4*01:03:01:01/DRB4*01:03:01:01:03 | DRB1=DRB1*04:02:01 | DQA1=DQA1*03:01:01 | DQB1=DQB1*03:02:01 | DPA1=DPA1*01:03:01:04 | DPB1=DPB1*04:01:01:01/DPB1*04:01:01:02,HLA-A=A*30:01:01 | HLA-C=C*06:02:01:01 | HLA-B=B*13:02:01 | DRB345=DRB4*01:03:01:01/DRB4*01:03:01:01:03 | DRB1=DRB1*07:01:01:01SG | DQA1=DQA1*02:01:01:01SG | DQB1=DQB1*02:02:01:01 | DPA1=DPA1*01:03:01:02 | DPB1=DPB1*04:01:01:01/DPB1*04:01:01:02,False,False,1.0,1.0,1.0,0.0,1.0,1.0,1.0,1.0,0.0
SYNTH_0621,Global,success,,447.7,0.6,2,0.971,HLA-A=A*02:01:01:01 | HLA-C=C*05:01:01:02 | HLA-B=B*44:02:01:01 | DRB345=DRB3*01:01:02:01 | DRB1=DRB1*13:01:01:01SG | DQA1=DQA1*01:03:01:02SG | DQB1=DQB1*06:03:01 | DPA1=DPA1*01:03:01:01 | DPB1=DPB1*02:01:02/DPB1*02:01:19,HLA-A=A*02:01:01:01 | HLA-C=C*07:02:01:03 | HLA-B=B*07:02:01 | DRB345=DRB4*01:01:01:01 | DRB1=DRB1*07:01:01:01SG | DQA1=DQA1*02:01:01:01SG | DQB1=DQB1*02:02:01:01 | DPA1=DPA1*01:03:01:04 | DPB1=DPB1*23:01:01,False,False,1.0,1.0,1.0,1.0,1.0,1.0,1.0,1.0,0.0
SYNTH_0622,Global,success,,390.6,1.0,1,0.0,HLA-A=A*01:01:01:01 | HLA-C=C*07:02:01:03 | HLA-B=B*07:02:01 | DRB345=DRB5*01:01:01 | DRB1=DRB1*15:01:01:01SG | DQA1=DQA1*01:02:01:01SG | DQB1=DQB1*06:02:01 | DPA1=DPA1*01:03:01:02 | DPB1=DPB1*04:01:01:01/DPB1*04:01:01:02,HLA-A=A*02:01:01:01 | HLA-C=C*03:04:01:01 | HLA-B=B*40:01:02 | DRB345=DRB3*03:01:01 | DRB1=DRB1*13:02:01 | DQA1=DQA1*01:02:01:04SG | DQB1=DQB1*06:04:01 | DPA1=DPA1*01:03:01:03 | DPB1=DPB1*03:01:01,False,False,1.0,1.0,1.0,1.0,1.0,1.0,1.0,1.0,0.0
SYNTH_0623,Global,success,,368.1,1.0,1,0.0,HLA-A=A*25:01:01 | HLA-C=C*12:03:01:01 | HLA-B=B*18:01:01:02 | DRB345=DRB5*01:01:01 | DRB1=DRB1*15:01:01:01SG | DQA1=DQA1*01:02:01:01SG | DQB1=DQB1*06:02:01 | DPA1=DPA1*01:03:01:01 | DPB1=DPB1*02:01:02/DPB1*02:01:19,HLA-A=A*02:01:01:01 | HLA-C=C*07:02:01:03 | HLA-B=B*07:02:01 | DRB345=DRB5*01:01:01 | DRB1=DRB1*15:01:01:01SG | DQA1=DQA1*01:02:01:01SG | DQB1=DQB1*06:02:01 | DPA1=DPA1*01:03:01:02 | DPB1=DPB1*04:01:01:01/DPB1*04:01:01:02,False,False,1.0,1.0,1.0,1.0,1.0,1.0,1.0,1.0,0.0
SYNTH_0624,Global,success,,373.6,0.81818182,2,0.684,HLA-A=A*29:02:01:01 | HLA-C=C*16:01:01:01 | HLA-B=B*44:04 | DRB345=DRB3*02:02:01:02 | DRB1=DRB1*11:01:01:01 | DQA1=DQA1*05:05:01:01SG | DQB1=DQB1*03:01:01:03 | DPA1=DPA1*01:03:01:03 | DPB1=DPB1*03:01:01,HLA-A=A*33:01:01 | HLA-C=C*08:02:01:01 | HLA-B=B*14:02:01:01 | DRB345=Abs | DRB1=DRB1*01:02:01 | DQA1=DQA1*01:01:02 | DQB1=DQB1*05:01:01:01 | DPA1=DPA1*01:03:01:04 | DPB1=DPB1*04:01:01:01/DPB1*04:01:01:02,False,False,1.0,1.0,1.0,1.0,1.0,1.0,1.0,1.0,0.0
SYNTH_0625,Global,success,,197.6,1.0,1,0.0,HLA-A=A*01:01:01:01 | HLA-C=C*07:01:01:01 | HLA-B=B*57:01:01 | DRB345=DRB4*01:03:01:02N | DRB1=DRB1*07:01:01:01SG | DQA1=DQA1*02:01:01:01SG | DQB1=DQB1*03:03:02:01 | DPA1=DPA1*01:03:01:02 | DPB1=DPB1*04:01:01:01/DPB1*04:01:01:02,HLA-A=A*29:02:01:02 | HLA-C=C*18:01 | HLA-B=B*81:01 | DRB345=Abs | DRB1=DRB1*08:04:01 | DQA1=DQA1*04:01:02:02 | DQB1=DQB1*04:02:01 | DPA1=DPA1*01:03:01:02 | DPB1=DPB1*18:01,False,False,1.0,1.0,1.0,1.0,1.0,1.0,1.0,1.0,0.0
SYNTH_0626,Global,success,,258.1,1.0,1,0.0,HLA-A=A*01:01:01:01 | HLA-C=C*07:01:01:01 | HLA-B=B*08:01:01:01 | DRB345=DRB3*01:01:02:01 | DRB1=DRB1*03:01:01:01SG | DQA1=DQA1*05:01:01:02 | DQB1=DQB1*02:01:01 | DPA1=DPA1*01:03:01:02 | DPB1=DPB1*04:01:01:01/DPB1*04:01:01:02,HLA-A=A*02:01:01:01 | HLA-C=C*03:03:01:01 | HLA-B=B*15:01:01:01 | DRB345=DRB3*02:02:01:02 | DRB1=DRB1*13:01:01:01SG | DQA1=DQA1*01:03:01:02SG | DQB1=DQB1*06:03:01 | DPA1=DPA1*01:03:01:04 | DPB1=DPB1*04:01:01:01/DPB1*04:01:01:02,False,False,1.0,1.0,1.0,1.0,1.0,1.0,1.0,1.0,0.0
SYNTH_0627,Global,success,,274.6,0.21710526,32,4.1534,HLA-A=A*29:02:01:01 | HLA-C=C*16:01:01:01 | HLA-B=B*44:03:01:01 | DRB345=DRB4*01:01:01:01 | DRB1=DRB1*07:01:01:01SG | DQA1=DQA1*02:01:01:01SG | DQB1=DQB1*02:02:01:01 | DPA1=DPA1*02:01:01:01 | DPB1=DPB1*11:01:01,HLA-A=A*25:01:01 | HLA-C=C*12:03:01:01 | HLA-B=B*18:01:01:02 | DRB345=DRB5*01:01:01 | DRB1=DRB1*15:01:01:01SG | DQA1=DQA1*01:02:01:01SG | DQB1=DQB1*06:02:01 | DPA1=DPA1*01:03:01:02 | DPB1=DPB1*04:01:01:01/DPB1*04:01:01:02,False,False,1.0,1.0,1.0,1.0,1.0,1.0,1.0,0.0,0.0
SYNTH_0628,Global,success,,171.4,1.0,1,0.0,HLA-A=A*68:05 | HLA-C=C*04:01:01:01 | HLA-B=B*40:05 | DRB345=DRB4*01:03:01:01/DRB4*01:03:01:01:03 | DRB1=DRB1*04:04:01 | DQA1=DQA1*04:01:01 | DQB1=DQB1*03:02:01 | DPA1=DPA1*01:03:01:05 | DPB1=DPB1*04:02:01:02,HLA-A=A*02:01:01:01 | HLA-C=C*07:02:01:01 | HLA-B=B*07:02:01 | DRB345=DRB5*01:01:01 | DRB1=DRB1*15:01:01:01SG | DQA1=DQA1*01:02:01:01SG | DQB1=DQB1*06:02:01 | DPA1=DPA1*01:03:01:02 | DPB1=DPB1*04:01:01:01/DPB1*04:01:01:02,False,False,1.0,1.0,1.0,0.0,1.0,1.0,1.0,1.0,0.0
SYNTH_0629,Global,success,,165.3,1.0,1,0.0,HLA-A=A*01:01:01:01 | HLA-C=C*07:01:01:01 | HLA-B=B*08:01:01:01 | DRB345=DRB3*01:01:02:01 | DRB1=DRB1*03:01:01:01SG | DQA1=DQA1*05:01:01:02 | DQB1=DQB1*02:01:01 | DPA1=DPA1*01:03:01:02 | DPB1=DPB1*04:01:01:01/DPB1*04:01:01:02,HLA-A=A*03:01:01:01 | HLA-C=C*01:02:01 | HLA-B=B*51:01:01:01 | DRB345=Abs | DRB1=DRB1*01:01:01 | DQA1=DQA1*01:01:01:02SG | DQB1=DQB1*05:01:01:03 | DPA1=DPA1*01:03:01:02 | DPB1=DPB1*04:01:01:01/DPB1*04:01:01:02,False,False,1.0,1.0,1.0,1.0,1.0,1.0,1.0,1.0,0.0
SYNTH_0630,Global,success,,126.6,0.93478261,2,0.3478,HLA-A=A*02:01:01:01 | HLA-C=C*07:02:01:03 | HLA-B=B*07:02:01 | DRB345=DRB5*01:01:01 | DRB1=DRB1*15:01:01:01SG | DQA1=DQA1*01:02:01:01SG | DQB1=DQB1*06:02:01 | DPA1=DPA1*01:03:01:04 | DPB1=DPB1*04:01:01:01/DPB1*04:01:01:02,HLA-A=A*01:01:01:01 | HLA-C=C*06:02:01:01 | HLA-B=B*37:01:01 | DRB345=DRB5*01:01:01 | DRB1=DRB1*15:01:01:01SG | DQA1=DQA1*01:02:01:01SG | DQB1=DQB1*06:02:01 | DPA1=DPA1*01:03:01:04 | DPB1=DPB1*04:01:01:01/DPB1*04:01:01:02,False,False,1.0,1.0,1.0,1.0,1.0,1.0,1.0,1.0,0.0
SYNTH_0631,Global,success,,138.3,0.94285714,2,0.316,HLA-A=A*29:02:01:01 | HLA-C=C*16:01:01:01 | HLA-B=B*44:03:01:01 | DRB345=DRB4*01:01:01:01 | DRB1=DRB1*07:01:01:01SG | DQA1=DQA1*02:01:01:01SG | DQB1=DQB1*02:02:01:01 | DPA1=DPA1*02:01:01:01 | DPB1=DPB1*11:01:01,HLA-A=A*02:01:01:01 | HLA-C=C*05:01:01:02 | HLA-B=B*44:02:01:01 | DRB345=DRB4*01:03:01:01/DRB4*01:03:01:01:03 | DRB1=DRB1*04:01:01:01SG | DQA1=DQA1*03:03:01:01 | DQB1=DQB1*03:01:01:01 | DPA1=DPA1*01:03:01:03 | DPB1=DPB1*03:01:01,False,False,1.0,1.0,1.0,0.0,1.0,1.0,1.0,1.0,1.0
SYNTH_0632,Global,success,,406.9,1.0,1,0.0,HLA-A=A*01:01:01:01 | HLA-C=C*07:01:01:01 | HLA-B=B*08:01:01:01 | DRB345=DRB3*01:01:02:01 | DRB1=DRB1*03:01:01:01SG | DQA1=DQA1*05:01:01:02 | DQB1=DQB1*02:01:01 | DPA1=DPA1*02:01:02 | DPB1=DPB1*01:01:01,HLA-A=A*02:01:01:01 | HLA-C=C*06:02:01:01 | HLA-B=B*57:01:01 | DRB345=DRB4*01:03:01:02N | DRB1=DRB1*07:01:01:01SG | DQA1=DQA1*02:01:01:01SG | DQB1=DQB1*03:03:02:01 | DPA1=DPA1*01:03:01:02 | DPB1=DPB1*04:01:01:01/DPB1*04:01:01:02,False,False,1.0,1.0,1.0,1.0,1.0,1.0,1.0,1.0,0.0
SYNTH_0633,Global,success,,180.3,1.0,1,0.0,HLA-A=A*26:01:01:01 | HLA-C=C*12:03:01:01 | HLA-B=B*38:01:01 | DRB345=DRB4*01:03:01:01/DRB4*01:03:01:01:03 | DRB1=DRB1*04:02:01 | DQA1=DQA1*03:01:01 | DQB1=DQB1*03:02:01 | DPA1=DPA1*01:03:01:04 | DPB1=DPB1*04:01:01:01/DPB1*04:01:01:02,HLA-A=A*01:01:01:01 | HLA-C=C*16:01:01:01 | HLA-B=B*44:03:01:01 | DRB345=DRB4*01:01:01:01 | DRB1=DRB1*07:01:01:01SG | DQA1=DQA1*02:01:01:01SG | DQB1=DQB1*02:02:01:01 | DPA1=DPA1*02:01:01:01 | DPB1=DPB1*11:01:01,False,False,1.0,1.0,1.0,0.0,1.0,1.0,1.0,1.0,0.0
SYNTH_0634,Global,success,,103.8,1.0,1,0.0,HLA-A=A*01:01:01:01 | HLA-C=C*07:01:01:01 | HLA-B=B*08:01:01:01 | DRB345=DRB3*01:01:02:01 | DRB1=DRB1*03:01:01:01SG | DQA1=DQA1*05:01:01:02 | DQB1=DQB1*02:01:01 | DPA1=DPA1*01:03:01:02 | DPB1=DPB1*04:01:01:01/DPB1*04:01:01:02,HLA-A=A*01:01:01:01 | HLA-C=C*02:02:02:01 | HLA-B=B*27:05:02 | DRB345=DRB5*01:01:01 | DRB1=DRB1*15:01:01:01SG | DQA1=DQA1*01:02:01:01SG | DQB1=DQB1*06:02:01 | DPA1=DPA1*01:03:01:02 | DPB1=DPB1*04:01:01:01/DPB1*04:01:01:02,False,False,1.0,1.0,1.0,1.0,1.0,1.0,1.0,1.0,0.0
SYNTH_0635,Global,success,,355.0,1.0,1,0.0,HLA-A=A*01:01:01:01 | HLA-C=C*06:02:01:01 | HLA-B=B*57:01:01 | DRB345=DRB3*02:02:01:02 | DRB1=DRB1*13:05:01 | DQA1=DQA1*05:05:01:01SG | DQB1=DQB1*03:01:01:03 | DPA1=DPA1*01:03:01:02 | DPB1=DPB1*04:01:01:01/DPB1*04:01:01:02,HLA-A=A*01:01:01:01 | HLA-C=C*07:01:01:01 | HLA-B=B*08:01:01:01 | DRB345=DRB4*01:03:01:01/DRB4*01:03:01:01:03 | DRB1=DRB1*04:01:01:01SG | DQA1=DQA1*03:03:01:01 | DQB1=DQB1*03:01:01:01 | DPA1=DPA1*01:03:01:04 | DPB1=DPB1*04:01:01:01/DPB1*04:01:01:02,False,False,1.0,1.0,1.0,0.0,1.0,1.0,1.0,1.0,0.0
SYNTH_0636,Global,success,,366.5,0.18533333,30,3.675,HLA-A=A*01:01:01:01 | HLA-C=C*07:01:01:01 | HLA-B=B*08:01:01:01 | DRB345=DRB3*01:01:02:01 | DRB1=DRB1*03:01:01:01SG | DQA1=DQA1*05:01:01:02 | DQB1=DQB1*02:01:01 | DPA1=DPA1*01:03:01:02 | DPB1=DPB1*04:01:01:01/DPB1*04:01:01:02,HLA-A=A*02:01:01:01 | HLA-C=C*03:04:01:01 | HLA-B=B*40:01:02 | DRB345=DRB5*01:01:01 | DRB1=DRB1*15:01:01:01SG | DQA1=DQA1*01:02:01:01SG | DQB1=DQB1*06:02:01 | DPA1=DPA1*01:03:01:02 | DPB1=DPB1*04:01:01:01/DPB1*04:01:01:02,False,False,1.0,1.0,1.0,1.0,1.0,1.0,1.0,0.0,0.0
SYNTH_0637,Global,success,,326.5,1.0,1,0.0,HLA-A=A*01:01:01:01 | HLA-C=C*07:01:01:01 | HLA-B=B*08:01:01:01 | DRB345=DRB3*01:01:02:02 | DRB1=DRB1*03:01:01:01SG | DQA1=DQA1*05:01:01:02 | DQB1=DQB1*02:01:01 | DPA1=DPA1*01:03:01:04 | DPB1=DPB1*04:01:01:01/DPB1*04:01:01:02,HLA-A=A*26:01:01:01 | HLA-C=C*12:03:01:01 | HLA-B=B*38:01:01 | DRB345=DRB4*01:03:01:01/DRB4*01:03:01:01:03 | DRB1=DRB1*04:02:01 | DQA1=DQA1*03:01:01 | DQB1=DQB1*03:02:01 | DPA1=DPA1*01:03:01:04 | DPB1=DPB1*04:01:01:01/DPB1*04:01:01:02,False,False,1.0,1.0,1.0,0.0,1.0,1.0,1.0,1.0,0.0
SYNTH_0638,Global,success,,388.2,1.0,1,0.0,HLA-A=A*11:01:01:01 | HLA-C=C*12:02:02 | HLA-B=B*52:01:01:02 | DRB345=DRB5*01:02 | DRB1=DRB1*15:02:01:01SG | DQA1=DQA1*01:03:01:01 | DQB1=DQB1*06:01:01 | DPA1=DPA1*02:02:01 | DPB1=DPB1*04:01:01:01/DPB1*04:01:01:02,HLA-A=A*68:01:02:02 | HLA-C=C*03:04:01:02 | HLA-B=B*40:01:02 | DRB345=DRB4*01:03:01:01/DRB4*01:03:01:01:03 | DRB1=DRB1*04:01:01:01SG | DQA1=DQA1*03:03:01:01 | DQB1=DQB1*03:01:01:01 | DPA1=DPA1*01:03:01:03 | DPB1=DPB1*03:01:01,False,False,1.0,1.0,1.0,0.0,1.0,1.0,1.0,1.0,0.0
SYNTH_0639,Global,success,,330.7,1.0,1,0.0,HLA-A=A*02:01:01:01 | HLA-C=C*05:01:01:02 | HLA-B=B*44:02:01:01 | DRB345=DRB4*01:03:01:01/DRB4*01:03:01:01:03 | DRB1=DRB1*04:01:01:01SG | DQA1=DQA1*03:03:01:01 | DQB1=DQB1*03:01:01:01 | DPA1=DPA1*01:03:01:03 | DPB1=DPB1*03:01:01,HLA-A=A*02:01:01:01 | HLA-C=C*03:04:01:01 | HLA-B=B*40:01:02 | DRB345=DRB3*03:01:01 | DRB1=DRB1*13:02:01 | DQA1=DQA1*01:02:01:04SG | DQB1=DQB1*06:04:01 | DPA1=DPA1*01:03:01:03 | DPB1=DPB1*03:01:01,False,False,1.0,1.0,1.0,0.0,1.0,1.0,1.0,1.0,1.0
SYNTH_0640,Global,success,,336.3,1.0,1,0.0,HLA-A=A*01:01:01:01 | HLA-C=C*07:01:01:01 | HLA-B=B*08:01:01:01 | DRB345=DRB3*01:01:02:01 | DRB1=DRB1*03:01:01:01SG | DQA1=DQA1*05:01:01:02 | DQB1=DQB1*02:01:01 | DPA1=DPA1*01:03:01:02 | DPB1=DPB1*04:01:01:01/DPB1*04:01:01:02,HLA-A=A*29:02:01:01 | HLA-C=C*08:02:01:01 | HLA-B=B*14:02:01:01 | DRB345=DRB4*01:01:01:01 | DRB1=DRB1*07:01:01:01SG | DQA1=DQA1*02:01:01:01SG | DQB1=DQB1*02:02:01:01 | DPA1=DPA1*01:04 | DPB1=DPB1*15:01:01,False,False,1.0,1.0,1.0,1.0,1.0,1.0,1.0,1.0,0.0
SYNTH_0641,Global,success,,305.2,0.91011236,2,0.4361,HLA-A=A*01:01:01:01 | HLA-C=C*07:01:01:01 | HLA-B=B*08:01:01:01 | DRB345=DRB3*01:01:02:01 | DRB1=DRB1*03:01:01:01SG | DQA1=DQA1*05:01:01:02 | DQB1=DQB1*02:01:01 | DPA1=DPA1*02:01:02 | DPB1=DPB1*01:01:01,HLA-A=A*02:01:01:01 | HLA-C=C*07:02:01:03 | HLA-B=B*07:02:01 | DRB345=DRB3*02:02:01:01 | DRB1=DRB1*14:54:01 | DQA1=DQA1*01:04:01:01SG | DQB1=DQB1*05:03:01:01/DQB1*05:03:01:02 | DPA1=DPA1*01:03:01:01 | DPB1=DPB1*02:01:02/DPB1*02:01:19,False,False,1.0,1.0,1.0,1.0,1.0,1.0,0.0,1.0,0.0
SYNTH_0642,Global,success,,233.0,0.96428571,2,0.2223,HLA-A=A*03:01:01:01 | HLA-C=C*07:02:01:03 | HLA-B=B*07:02:01 | DRB345=DRB5*01:01:01 | DRB1=DRB1*15:01:01:01SG | DQA1=DQA1*01:02:01:01SG | DQB1=DQB1*06:02:01 | DPA1=DPA1*01:03:01:02 | DPB1=DPB1*04:01:01:01/DPB1*04:01:01:02,HLA-A=A*01:01:01:01 | HLA-C=C*07:01:01:01 | HLA-B=B*08:01:01:01 | DRB345=DRB3*01:01:02:01 | DRB1=DRB1*03:01:01:01SG | DQA1=DQA1*05:01:01:02 | DQB1=DQB1*02:01:01 | DPA1=DPA1*02:01:02 | DPB1=DPB1*01:01:01,False,False,1.0,1.0,1.0,1.0,1.0,1.0,1.0,1.0,0.0
SYNTH_0643,Global,success,,215.6,0.28717949,8,2.719,HLA-A=A*01:01:01:01 | HLA-C=C*07:01:01:01 | HLA-B=B*08:01:01:01 | DRB345=DRB3*01:01:02:02 | DRB1=DRB1*03:01:01:01SG | DQA1=DQA1*05:01:01:02 | DQB1=DQB1*02:01:01 | DPA1=DPA1*02:01:02 | DPB1=DPB1*01:01:01,HLA-A=A*03:01:01:01 | HLA-C=C*03:04:01:01 | HLA-B=B*15:01:01:01 | DRB345=DRB4*01:03:01:01/DRB4*01:03:01:01:03 | DRB1=DRB1*04:01:01:01SG | DQA1=DQA1*03:01:01 | DQB1=DQB1*03:02:01 | DPA1=DPA1*01:03:01:03 | DPB1=DPB1*03:01:01,False,False,1.0,1.0,1.0,0.0,1.0,1.0,1.0,0.0,0.0
SYNTH_0644,Global,success,,151.8,0.59510204,21,2.1735,HLA-A=A*01:01:01:01 | HLA-C=C*07:01:01:01 | HLA-B=B*08:01:01:01 | DRB345=DRB3*01:01:02:01 | DRB1=DRB1*03:01:01:01SG | DQA1=DQA1*05:01:01:02 | DQB1=DQB1*02:01:01 | DPA1=DPA1*02:01:02 | DPB1=DPB1*01:01:01,HLA-A=A*01:01:01:01 | HLA-C=C*07:01:01:01 | HLA-B=B*08:01:01:01 | DRB345=DRB3*01:01:02:01 | DRB1=DRB1*03:01:01:01SG | DQA1=DQA1*05:01:01:02 | DQB1=DQB1*02:01:01 | DPA1=DPA1*02:01:02 | DPB1=DPB1*01:01:01,False,False,1.0,1.0,1.0,1.0,1.0,0.0,1.0,1.0,1.0
SYNTH_0645,Global,success,,448.0,0.0,0,0.0,,,False,False,,,,,,,,,
SYNTH_0646,Global,success,,395.3,1.0,1,0.0,HLA-A=A*23:01:01 | HLA-C=C*04:01:01:01 | HLA-B=B*44:03:01:01 | DRB345=DRB4*01:01:01:01 | DRB1=DRB1*07:01:01:01SG | DQA1=DQA1*02:01:01:01SG | DQB1=DQB1*02:02:01:01 | DPA1=DPA1*01:03:01:05 | DPB1=DPB1*04:02:01:02,HLA-A=A*02:01:01:01 | HLA-C=C*07:02:01:01 | HLA-B=B*39:02:02 | DRB345=DRB5*02:02 | DRB1=DRB1*16:02:01:02 | DQA1=DQA1*05:05:01:05SG | DQB1=DQB1*03:01:01:01 | DPA1=DPA1*01:03:01:05 | DPB1=DPB1*04:02:01:02,True,False,1.0,1.0,1.0,1.0,1.0,1.0,1.0,1.0,1.0
SYNTH_0647,Global,success,,364.7,0.94285714,2,0.316,HLA-A=A*29:02:01:01 | HLA-C=C*16:01:01:01 | HLA-B=B*44:03:01:01 | DRB345=DRB4*01:01:01:01 | DRB1=DRB1*07:01:01:01SG | DQA1=DQA1*02:01:01:01SG | DQB1=DQB1*02:02:01:01 | DPA1=DPA1*01:03:01:04 | DPB1=DPB1*04:01:01:01/DPB1*04:01:01:02,HLA-A=A*29:02:01:01 | HLA-C=C*16:01:01:01 | HLA-B=B*44:03:01:01 | DRB345=DRB4*01:01:01:01 | DRB1=DRB1*07:01:01:01SG | DQA1=DQA1*02:01:01:01SG | DQB1=DQB1*02:02:01:01 | DPA1=DPA1*02:01:01:01 | DPB1=DPB1*11:01:01,False,False,1.0,1.0,1.0,1.0,1.0,1.0,1.0,1.0,0.0
SYNTH_0648,Global,success,,384.1,0.86170213,4,0.7939,HLA-A=A*01:01:01:01 | HLA-C=C*07:01:01:01 | HLA-B=B*08:01:01:01 | DRB345=DRB3*01:01:02:01 | DRB1=DRB1*03:01:01:01SG | DQA1=DQA1*05:01:01:02 | DQB1=DQB1*02:01:01 | DPA1=DPA1*02:01:02 | DPB1=DPB1*01:01:01,HLA-A=A*02:01:01:01 | HLA-C=C*03:04:01:02 | HLA-B=B*40:01:02 | DRB345=DRB3*02:02:01:02 | DRB1=DRB1*11:01:01:01 | DQA1=DQA1*05:05:01:01SG | DQB1=DQB1*03:01:01:03 | DPA1=DPA1*01:03:01:02 | DPB1=DPB1*04:01:01:01/DPB1*04:01:01:02,False,False,1.0,1.0,1.0,1.0,1.0,1.0,1.0,1.0,0.0
SYNTH_0649,Global,success,,307.3,0.84615385,3,0.7607,HLA-A=A*02:01:01:01 | HLA-C=C*08:02:01:01 | HLA-B=B*14:02:01:01 | DRB345=DRB4*01:03:01:01/DRB4*01:03:01:01:03 | DRB1=DRB1*07:01:01:01SG | DQA1=DQA1*02:01:01:01SG | DQB1=DQB1*02:02:01:01 | DPA1=DPA1*01:03:01:03 | DPB1=DPB1*03:01:01,HLA-A=A*29:02:01:01 | HLA-C=C*16:01:01:01 | HLA-B=B*44:03:01:01 | DRB345=DRB4*01:01:01:01 | DRB1=DRB1*07:01:01:01SG | DQA1=DQA1*02:01:01:01SG | DQB1=DQB1*02:02:01:01 | DPA1=DPA1*02:01:01:01 | DPB1=DPB1*11:01:01,False,False,1.0,1.0,1.0,0.0,1.0,1.0,1.0,1.0,1.0
SYNTH_0650,Global,success,,262.9,0.48529412,6,2.0259,HLA-A=A*29:02:01:01 | HLA-C=C*16:01:01:01 | HLA-B=B*44:03:01:01 | DRB345=DRB4*01:01:01:01 | DRB1=DRB1*07:01:01:01SG | DQA1=DQA1*02:01:01:01SG | DQB1=DQB1*02:02:01:01 | DPA1=DPA1*02:01:01:01 | DPB1=DPB1*11:01:01,HLA-A=A*02:01:01:01 | HLA-C=C*07:02:01:01 | HLA-B=B*39:05:01 | DRB345=DRB4*01:03:01:01/DRB4*01:03:01:01:03 | DRB1=DRB1*04:07:01 | DQA1=DQA1*03:01:01 | DQB1=DQB1*03:02:01 | DPA1=DPA1*01:03:01:05 | DPB1=DPB1*04:02:01:02,False,False,1.0,1.0,1.0,0.0,1.0,1.0,1.0,1.0,1.0
SYNTH_0651,Global,success,,461.9,0.3119302,36,3.3987,HLA-A=A*02:01:01:01 | HLA-C=C*07:02:01:03 | HLA-B=B*07:02:01 | DRB345=DRB5*01:01:01 | DRB1=DRB1*15:01:01:01SG | DQA1=DQA1*01:02:01:01SG | DQB1=DQB1*06:02:01 | DPA1=DPA1*01:03:01:04 | DPB1=DPB1*04:01:01:01/DPB1*04:01:01:02,HLA-A=A*02:01:01:01 | HLA-C=C*07:02:01:03 | HLA-B=B*07:02:01 | DRB345=DRB5*01:01:01 | DRB1=DRB1*15:01:01:01SG | DQA1=DQA1*01:02:01:01SG | DQB1=DQB1*06:02:01 | DPA1=DPA1*01:03:01:02 | DPB1=DPB1*04:01:01:01/DPB1*04:01:01:02,False,False,1.0,1.0,1.0,1.0,1.0,1.0,1.0,1.0,0.0
SYNTH_0652,Global,success,,223.8,0.39928699,24,3.0431,HLA-A=A*03:01:01:01 | HLA-C=C*07:02:01:03 | HLA-B=B*07:02:01 | DRB345=DRB5*01:01:01 | DRB1=DRB1*15:01:01:01SG | DQA1=DQA1*01:02:01:01SG | DQB1=DQB1*06:02:01 | DPA1=DPA1*01:03:01:02 | DPB1=DPB1*04:01:01:01/DPB1*04:01:01:02,HLA-A=A*03:01:01:01 | HLA-C=C*04:01:01:01 | HLA-B=B*35:01:01:02 | DRB345=Abs | DRB1=DRB1*01:01:01 | DQA1=DQA1*01:01:01:02SG | DQB1=DQB1*05:01:01:03 | DPA1=DPA1*01:03:01:05 | DPB1=DPB1*04:02:01:02,False,False,1.0,1.0,1.0,1.0,1.0,1.0,1.0,1.0,0.0
SYNTH_0653,Global,success,,347.7,0.96666667,2,0.2108,HLA-A=A*01:01:01:01 | HLA-C=C*16:01:01:01 | HLA-B=B*44:03:01:01 | DRB345=DRB4*01:01:01:01 | DRB1=DRB1*07:01:01:01SG | DQA1=DQA1*02:01:01:01SG | DQB1=DQB1*02:02:01:01 | DPA1=DPA1*02:01:01:01 | DPB1=DPB1*11:01:01,HLA-A=A*02:01:01:01 | HLA-C=C*05:01:01:02 | HLA-B=B*44:02:01:01 | DRB345=DRB4*01:03:01:01/DRB4*01:03:01:01:03 | DRB1=DRB1*04:01:01:01SG | DQA1=DQA1*03:03:01:01 | DQB1=DQB1*03:01:01:01 | DPA1=DPA1*01:03:01:04 | DPB1=DPB1*04:01:01:01/DPB1*04:01:01:02,False,False,1.0,1.0,1.0,0.0,1.0,1.0,1.0,1.0,0.0
SYNTH_0654,Global,success,,381.5,0.96666667,2,0.2108,HLA-A=A*02:01:01:01 | HLA-C=C*05:01:01:02 | HLA-B=B*44:02:01:01 | DRB345=DRB4*01:03:01:01/DRB4*01:03:01:01:03 | DRB1=DRB1*04:01:01:01SG | DQA1=DQA1*03:03:01:01 | DQB1=DQB1*03:01:01:01 | DPA1=DPA1*01:03:01:04 | DPB1=DPB1*04:01:01:01/DPB1*04:01:01:02,HLA-A=A*01:01:01:01 | HLA-C=C*07:01:01:01 | HLA-B=B*08:01:01:01 | DRB345=DRB3*01:01:02:01 | DRB1=DRB1*03:01:01:01SG | DQA1=DQA1*05:01:01:02 | DQB1=DQB1*02:01:01 | DPA1=DPA1*02:01:01:02 | DPB1=DPB1*09:01:01,False,False,1.0,1.0,1.0,0.0,1.0,1.0,1.0,1.0,0.0
SYNTH_0655,Global,success,,364.0,0.56006914,4,1.3973,HLA-A=A*01:01:01:01 | HLA-C=C*07:01:01:01 | HLA-B=B*08:01:01:01 | DRB345=DRB3*01:01:02:01 | DRB1=DRB1*03:01:01:01SG | DQA1=DQA1*05:01:01:02 | DQB1=DQB1*02:01:01 | DPA1=DPA1*02:01:02 | DPB1=DPB1*01:01:01,HLA-A=A*68:03:01 | HLA-C=C*07:02:01:01 | HLA-B=B*39:05:01 | DRB345=DRB4*01:03:01:01/DRB4*01:03:01:01:03 | DRB1=DRB1*04:07:01 | DQA1=DQA1*03:01:01 | DQB1=DQB1*03:02:01 | DPA1=DPA1*01:03:01:05 | DPB1=DPB1*04:02:01:02,False,False,1.0,1.0,1.0,0.0,1.0,1.0,1.0,1.0,1.0
SYNTH_0656,Global,success,,404.8,0.93478261,2,0.3478,HLA-A=A*01:01:01:01 | HLA-C=C*07:01:01:01 | HLA-B=B*08:01:01:01 | DRB345=DRB3*01:01:02:01 | DRB1=DRB1*03:01:01:01SG | DQA1=DQA1*05:01:01:02 | DQB1=DQB1*02:01:01 | DPA1=DPA1*02:01:02 | DPB1=DPB1*01:01:01,HLA-A=A*02:01:01:01 | HLA-C=C*07:02:01:03 | HLA-B=B*07:02:01 | DRB345=DRB5*01:01:01 | DRB1=DRB1*15:01:01:01SG | DQA1=DQA1*01:02:01:01SG | DQB1=DQB1*06:02:01 | DPA1=DPA1*01:03:01:04 | DPB1=DPB1*04:01:01:01/DPB1*04:01:01:02,False,False,1.0,1.0,1.0,1.0,1.0,1.0,1.0,1.0,0.0
SYNTH_0657,Global,success,,406.4,0.27777778,8,2.8062,HLA-A=A*24:02:01:01 | HLA-C=C*05:01:01:02 | HLA-B=B*44:02:01:01 | DRB345=DRB3*02:02:01:02 | DRB1=DRB1*11:01:01:01 | DQA1=DQA1*05:05:01:01SG | DQB1=DQB1*03:01:01:03 | DPA1=DPA1*01:03:01:02 | DPB1=DPB1*04:01:01:01/DPB1*04:01:01:02,HLA-A=A*24:02:01:01 | HLA-C=C*07:02:01:03 | HLA-B=B*07:02:01 | DRB345=DRB5*01:01:01 | DRB1=DRB1*15:01:01:01SG | DQA1=DQA1*01:02:01:01SG | DQB1=DQB1*06:02:01 | DPA1=DPA1*01:03:01:01 | DPB1=DPB1*02:01:02/DPB1*02:01:19,False,False,1.0,1.0,1.0,1.0,1.0,1.0,1.0,1.0,0.0
SYNTH_0658,Global,success,,417.3,1.0,1,0.0,HLA-A=A*33:01:01 | HLA-C=C*08:02:01:01 | HLA-B=B*14:02:01:01 | DRB345=Abs | DRB1=DRB1*01:02:01 | DQA1=DQA1*01:01:02 | DQB1=DQB1*05:01:01:01 | DPA1=DPA1*01:03:01:03 | DPB1=DPB1*03:01:01,HLA-A=A*03:01:01:01 | HLA-C=C*07:02:01:03 | HLA-B=B*07:02:01 | DRB345=DRB5*01:01:01 | DRB1=DRB1*15:01:01:01SG | DQA1=DQA1*01:02:01:01SG | DQB1=DQB1*06:03:01 | DPA1=DPA1*01:03:01:02 | DPB1=DPB1*04:01:01:01/DPB1*04:01:01:02,False,False,1.0,1.0,1.0,1.0,1.0,1.0,1.0,1.0,0.0
SYNTH_0659,Global,success,,350.8,1.0,1,0.0,HLA-A=A*01:01:01:01 | HLA-C=C*07:01:01:01 | HLA-B=B*08:01:01:01 | DRB345=DRB3*01:01:02:01 | DRB1=DRB1*03:01:01:01SG | DQA1=DQA1*05:01:01:02 | DQB1=DQB1*02:01:01 | DPA1=DPA1*02:01:02 | DPB1=DPB1*01:01:01,HLA-A=A*29:02:01:01 | HLA-C=C*08:02:01:01 | HLA-B=B*14:02:01:01 | DRB345=DRB4*01:01:01:01 | DRB1=DRB1*07:01:01:01SG | DQA1=DQA1*02:01:01:01SG | DQB1=DQB1*02:02:01:01 | DPA1=DPA1*01:04 | DPB1=DPB1*15:01:01,True,False,1.0,1.0,1.0,1.0,1.0,1.0,1.0,1.0,1.0
SYNTH_0660,Global,success,,220.5,0.5,3,1.4772,HLA-A=A*01:01:01:01 | HLA-C=C*06:02:01:01 | HLA-B=B*57:01:01 | DRB345=DRB4*01:03:01:02N | DRB1=DRB1*07:01:01:01SG | DQA1=DQA1*02:01:01:01SG | DQB1=DQB1*03:03:02:01 | DPA1=DPA1*01:03:01:01 | DPB1=DPB1*02:01:02/DPB1*02:01:19,HLA-A=A*68:03:01 | HLA-C=C*07:02:01:01 | HLA-B=B*39:05:01 | DRB345=DRB4*01:03:01:01/DRB4*01:03:01:01:03 | DRB1=DRB1*04:07:01 | DQA1=DQA1*03:01:01 | DQB1=DQB1*03:02:01 | DPA1=DPA1*01:03:01:05 | DPB1=DPB1*04:02:01:02,False,False,1.0,1.0,1.0,0.0,1.0,1.0,1.0,1.0,0.0
SYNTH_0661,Global,success,,372.0,0.46333333,10,2.1531,HLA-A=A*01:01:01:01 | HLA-C=C*07:01:01:01 | HLA-B=B*08:01:01:01 | DRB345=DRB3*01:01:02:01 | DRB1=DRB1*03:01:01:01SG | DQA1=DQA1*05:01:01:02 | DQB1=DQB1*02:01:01 | DPA1=DPA1*01:03:01:02 | DPB1=DPB1*04:01:01:01/DPB1*04:01:01:02,HLA-A=A*68:02:01:01 | HLA-C=C*07:18 | HLA-B=B*58:01:01:01 | DRB345=DRB5*01:01:01 | DRB1=DRB1*15:03:01:01SG | DQA1=DQA1*01:02:01:01SG | DQB1=DQB1*06:02:01 | DPA1=DPA1*01:03:01:01 | DPB1=DPB1*02:01:02/DPB1*02:01:19,False,False,1.0,1.0,1.0,1.0,1.0,1.0,1.0,1.0,0.0
SYNTH_0662,Global,success,,372.7,1.0,1,0.0,HLA-A=A*02:01:01:01 | HLA-C=C*16:02:01 | HLA-B=B*51:01:01:01 | DRB345=DRB3*02:02:01:01 | DRB1=DRB1*03:01:01:01SG | DQA1=DQA1*05:01:01:03 | DQB1=DQB1*02:01:01 | DPA1=DPA1*01:03:01:03 | DPB1=DPB1*03:01:01,HLA-A=A*01:01:01:01 | HLA-C=C*07:01:01:01 | HLA-B=B*08:01:01:01 | DRB345=DRB4*01:03:01:01/DRB4*01:03:01:01:03 | DRB1=DRB1*04:04:01 | DQA1=DQA1*03:01:01 | DQB1=DQB1*03:02:01 | DPA1=DPA1*01:03:01:03 | DPB1=DPB1*06:01:01,False,False,1.0,1.0,1.0,0.0,1.0,1.0,1.0,1.0,1.0
SYNTH_0663,Global,success,,373.1,1.0,1,0.0,HLA-A=A*02:01:01:01 | HLA-C=C*06:02:01:01 | HLA-B=B*37:01:01 | DRB345=DRB3*02:02:01:02 | DRB1=DRB1*11:01:01:01 | DQA1=DQA1*05:05:01:01SG | DQB1=DQB1*03:01:01:03 | DPA1=DPA1*01:03:01:02 | DPB1=DPB1*04:01:01:01/DPB1*04:01:01:02,HLA-A=A*03:01:01:01 | HLA-C=C*08:02:01:01 | HLA-B=B*14:02:01:01 | DRB345=Abs | DRB1=DRB1*01:02:01 | DQA1=DQA1*01:01:02 | DQB1=DQB1*05:01:01:01 | DPA1=DPA1*01:03:01:01 | DPB1=DPB1*02:01:02/DPB1*02:01:19,False,False,1.0,1.0,1.0,1.0,1.0,1.0,1.0,1.0,0.0
SYNTH_0664,Global,success,,548.8,0.36457143,25,3.0307,HLA-A=A*02:01:01:01 | HLA-C=C*05:01:01:02 | HLA-B=B*44:02:01:01 | DRB345=DRB4*01:03:01:01/DRB4*01:03:01:01:03 | DRB1=DRB1*04:01:01:01SG | DQA1=DQA1*03:03:01:01 | DQB1=DQB1*03:01:01:01 | DPA1=DPA1*01:03:01:04 | DPB1=DPB1*04:01:01:01/DPB1*04:01:01:02,HLA-A=A*02:01:01:01 | HLA-C=C*07:02:01:03 | HLA-B=B*07:02:01 | DRB345=Abs | DRB1=DRB1*01:01:01 | DQA1=DQA1*01:01:01:02SG | DQB1=DQB1*05:01:01:03 | DPA1=DPA1*01:03:01:02 | DPB1=DPB1*04:01:01:01/DPB1*04:01:01:02,False,False,1.0,1.0,1.0,0.0,0.0,1.0,1.0,1.0,0.0
SYNTH_0665,Global,success,,329.7,0.93478261,2,0.3478,HLA-A=A*01:01:01:01 | HLA-C=C*07:01:01:01 | HLA-B=B*08:01:01:01 | DRB345=DRB3*01:01:02:02 | DRB1=DRB1*03:01:01:01SG | DQA1=DQA1*05:01:01:02 | DQB1=DQB1*02:01:01 | DPA1=DPA1*02:01:02 | DPB1=DPB1*01:01:01,HLA-A=A*02:01:01:01 | HLA-C=C*07:02:01:03 | HLA-B=B*07:02:01 | DRB345=DRB5*01:01:01 | DRB1=DRB1*15:01:01:01SG | DQA1=DQA1*01:02:01:01SG | DQB1=DQB1*06:02:01 | DPA1=DPA1*01:03:01:04 | DPB1=DPB1*04:01:01:01/DPB1*04:01:01:02,False,False,1.0,1.0,1.0,1.0,1.0,1.0,1.0,1.0,0.0
SYNTH_0666,Global,success,,305.1,1.0,1,0.0,HLA-A=A*01:01:01:01 | HLA-C=C*07:01:01:01 | HLA-B=B*08:01:01:01 | DRB345=DRB3*01:01:02:01 | DRB1=DRB1*03:01:01:01SG | DQA1=DQA1*05:01:01:02 | DQB1=DQB1*02:01:01 | DPA1=DPA1*02:01:02 | DPB1=DPB1*01:01:01,HLA-A=A*33:01:01 | HLA-C=C*08:02:01:01 | HLA-B=B*14:02:01:01 | DRB345=Abs | DRB1=DRB1*01:02:01 | DQA1=DQA1*01:01:02 | DQB1=DQB1*05:01:01:01 | DPA1=DPA1*01:03:01:03 | DPB1=DPB1*03:01:01,True,False,1.0,1.0,1.0,1.0,1.0,1.0,1.0,1.0,1.0
SYNTH_0667,Global,success,,294.7,0.93478261,2,0.3478,HLA-A=A*02:01:01:01 | HLA-C=C*05:01:01:02 | HLA-B=B*44:02:01:01 | DRB345=DRB3*01:01:02:01 | DRB1=DRB1*13:01:01:01SG | DQA1=DQA1*01:03:01:02SG | DQB1=DQB1*06:03:01 | DPA1=DPA1*02:01:01:02 | DPB1=DPB1*10:01:01,HLA-A=A*02:01:01:01 | HLA-C=C*07:02:01:03 | HLA-B=B*07:02:01 | DRB345=DRB5*01:01:01 | DRB1=DRB1*15:01:01:01SG | DQA1=DQA1*01:02:01:01SG | DQB1=DQB1*06:02:01 | DPA1=DPA1*01:03:01:04 | DPB1=DPB1*04:01:01:01/DPB1*04:01:01:02,False,False,1.0,1.0,1.0,1.0,1.0,1.0,1.0,1.0,0.0
SYNTH_0668,Global,success,,361.8,1.0,1,0.0,HLA-A=A*01:01:01:01 | HLA-C=C*06:02:01:01 | HLA-B=B*57:01:01 | DRB345=DRB5*01:01:01 | DRB1=DRB1*15:01:01:01SG | DQA1=DQA1*01:02:01:01SG | DQB1=DQB1*06:02:01 | DPA1=DPA1*01:03:01:04 | DPB1=DPB1*04:01:01:01/DPB1*04:01:01:02,HLA-A=A*24:02:01:01 | HLA-C=C*04:01:01:05 | HLA-B=B*35:01:01:02 | DRB345=Abs | DRB1=DRB1*01:03 | DQA1=DQA1*01:01:01:02SG | DQB1=DQB1*05:01:01:03 | DPA1=DPA1*01:03:01:01 | DPB1=DPB1*02:01:02/DPB1*02:01:19,False,False,1.0,1.0,1.0,1.0,1.0,1.0,1.0,1.0,0.0
SYNTH_0669,Global,success,,273.7,0.875,2,0.5436,HLA-A=A*29:02:01:01 | HLA-C=C*07:01:01:01 | HLA-B=B*49:01:01 | DRB345=DRB5*01:01:01 | DRB1=DRB1*15:03:01:01SG | DQA1=DQA1*01:02:01:01SG | DQB1=DQB1*06:02:01 | DPA1=DPA1*03:01 | DPB1=DPB1*105:01,HLA-A=A*03:01:01:01 | HLA-C=C*07:02:01:03 | HLA-B=B*07:02:01 | DRB345=DRB5*01:01:01 | DRB1=DRB1*15:01:01:01SG | DQA1=DQA1*01:02:01:01SG | DQB1=DQB1*06:02:01 | DPA1=DPA1*01:03:01:03 | DPB1=DPB1*03:01:01,True,False,1.0,1.0,1.0,1.0,1.0,1.0,1.0,1.0,1.0
SYNTH_0670,Global,success,,462.8,1.0,1,0.0,HLA-A=A*02:01:01:01 | HLA-C=C*03:04:01:01 | HLA-B=B*40:01:02 | DRB345=DRB3*03:01:01 | DRB1=DRB1*13:02:01 | DQA1=DQA1*01:02:01:04SG | DQB1=DQB1*06:04:01 | DPA1=DPA1*01:03:01:03 | DPB1=DPB1*03:01:01,HLA-A=A*68:01:01:02 | HLA-C=C*07:02:01:01 | HLA-B=B*08:01:01:02 | DRB345=DRB3*02:02:01:01 | DRB1=DRB1*03:01:01:01SG | DQA1=DQA1*05:01:01:03 | DQB1=DQB1*02:01:01 | DPA1=DPA1*01:03:01:04 | DPB1=DPB1*04:01:01:01/DPB1*04:01:01:02,False,False,1.0,1.0,1.0,1.0,1.0,1.0,1.0,1.0,0.0
SYNTH_0671,Global,success,,422.4,0.71111111,4,1.2529,HLA-A=A*30:01:01 | HLA-C=C*17:01:01:02 | HLA-B=B*42:01:01 | DRB345=Abs | DRB1=DRB1*01:02:01 | DQA1=DQA1*01:01:02 | DQB1=DQB1*05:01:01:01 | DPA1=DPA1*02:01:08 | DPB1=DPB1*01:01:01,HLA-A=A*02:01:01:01 | HLA-C=C*03:04:01:01 | HLA-B=B*15:01:01:01 | DRB345=DRB4*01:03:01:01/DRB4*01:03:01:01:03 | DRB1=DRB1*04:01:01:01SG | DQA1=DQA1*03:01:01 | DQB1=DQB1*03:02:01 | DPA1=DPA1*01:03:01:02 | DPB1=DPB1*04:01:01:01/DPB1*04:01:01:02,False,False,1.0,1.0,1.0,0.0,1.0,1.0,1.0,1.0,0.0
SYNTH_0672,Global,success,,422.8,0.46428571,8,2.3129,HLA-A=A*30:02:01:01 | HLA-C=C*05:01:01:01 | HLA-B=B*18:01:01:01 | DRB345=DRB3*02:02:01:01 | DRB1=DRB1*03:01:01:01SG | DQA1=DQA1*05:01:01:01 | DQB1=DQB1*02:01:01 | DPA1=DPA1*01:03:01:01 | DPB1=DPB1*02:02,HLA-A=A*02:01:01:01 | HLA-C=C*07:02:01:03 | HLA-B=B*07:02:01 | DRB345=Abs | DRB1=DRB1*01:01:01 | DQA1=DQA1*01:01:01:02SG | DQB1=DQB1*05:01:01:03 | DPA1=DPA1*01:03:01:02 | DPB1=DPB1*04:01:01:01/DPB1*04:01:01:02,False,False,1.0,1.0,1.0,1.0,1.0,1.0,1.0,1.0,0.0
SYNTH_0673,Global,success,,568.0,0.51481481,6,1.6779,HLA-A=A*01:01:01:01 | HLA-C=C*07:01:01:01 | HLA-B=B*08:01:01:01 | DRB345=DRB3*01:01:02:01 | DRB1=DRB1*03:01:01:01SG | DQA1=DQA1*05:01:01:02 | DQB1=DQB1*02:01:01 | DPA1=DPA1*01:03:01:02 | DPB1=DPB1*04:01:01:01/DPB1*04:01:01:02,HLA-A=A*03:01:01:01 | HLA-C=C*08:02:01:01 | HLA-B=B*14:02:01:01 | DRB345=Abs | DRB1=DRB1*01:02:01 | DQA1=DQA1*01:01:02 | DQB1=DQB1*05:01:01:01 | DPA1=DPA1*01:03:01:01 | DPB1=DPB1*02:01:02/DPB1*02:01:19,False,False,1.0,1.0,1.0,1.0,1.0,1.0,1.0,1.0,0.0
SYNTH_0674,Global,success,,349.8,0.98245614,2,0.1274,HLA-A=A*03:01:01:01 | HLA-C=C*07:02:01:03 | HLA-B=B*07:02:01 | DRB345=DRB5*01:01:01 | DRB1=DRB1*15:01:01:01SG | DQA1=DQA1*01:02:01:01SG | DQB1=DQB1*06:02:01 | DPA1=DPA1*01:03:01:02 | DPB1=DPB1*04:01:01:01/DPB1*04:01:01:02,HLA-A=A*11:01:01:01 | HLA-C=C*04:01:01:05 | HLA-B=B*35:01:01:02 | DRB345=Abs | DRB1=DRB1*01:01:01 | DQA1=DQA1*01:01:01:02SG | DQB1=DQB1*05:01:01:03 | DPA1=DPA1*01:03:01:02 | DPB1=DPB1*04:01:01:01/DPB1*04:01:01:02,False,False,1.0,1.0,1.0,1.0,1.0,1.0,1.0,1.0,0.0
SYNTH_0675,Global,success,,332.0,0.66666667,4,1.3355,HLA-A=A*03:01:01:01 | HLA-C=C*04:01:01:01 | HLA-B=B*35:01:01:02 | DRB345=Abs | DRB1=DRB1*01:01:01 | DQA1=DQA1*01:01:01:02SG | DQB1=DQB1*05:01:01:03 | DPA1=DPA1*01:03:01:05 | DPB1=DPB1*04:02:01:02,HLA-A=A*36:01 | HLA-C=C*04:01:01:01 | HLA-B=B*53:01:01 | DRB345=DRB3*02:02:01:02 | DRB1=DRB1*11:01:02 | DQA1=DQA1*01:02:01:01SG | DQB1=DQB1*06:02:01 | DPA1=DPA1*01:03:01:01 | DPB1=DPB1*02:01:02/DPB1*02:01:19,False,False,0.0,1.0,1.0,1.0,1.0,1.0,1.0,1.0,0.0
SYNTH_0676,Global,success,,386.2,0.6,2,0.971,HLA-A=A*02:01:01:01 | HLA-C=C*03:04:01:01 | HLA-B=B*40:01:02 | DRB345=DRB4*01:03:01:01/DRB4*01:03:01:01:03 | DRB1=DRB1*04:01:01:01SG | DQA1=DQA1*03:01:01 | DQB1=DQB1*03:02:01 | DPA1=DPA1*02:01:01:02 | DPB1=DPB1*10:01:01,HLA-A=A*03:01:01:01 | HLA-C=C*07:02:01:03 | HLA-B=B*07:02:01 | DRB345=DRB4*01:03:01:01/DRB4*01:03:01:01:03 | DRB1=DRB1*04:01:01:01SG | DQA1=DQA1*03:01:01 | DQB1=DQB1*03:02:01 | DPA1=DPA1*01:03:01:02 | DPB1=DPB1*04:01:01:01/DPB1*04:01:01:02,False,False,1.0,1.0,1.0,0.0,1.0,1.0,1.0,1.0,0.0
SYNTH_0677,Global,success,,376.8,0.5,2,1.0,HLA-A=A*23:01:01 | HLA-C=C*07:01:01:01 | HLA-B=B*49:01:01 | DRB345=DRB5*01:01:01 | DRB1=DRB1*15:01:01:01SG | DQA1=DQA1*01:02:01:01SG | DQB1=DQB1*06:02:01 | DPA1=DPA1*01:03:01:04 | DPB1=DPB1*02:01:02/DPB1*02:01:19,HLA-A=A*02:01:01:01 | HLA-C=C*02:02:02:01 | HLA-B=B*51:01:01:01 | DRB345=DRB3*02:02:01:02 | DRB1=DRB1*11:01:01:01 | DQA1=DQA1*05:05:01:01SG | DQB1=DQB1*03:01:01:03 | DPA1=DPA1*01:03:01:01 | DPB1=DPB1*02:01:02/DPB1*02:01:19,False,False,1.0,1.0,1.0,1.0,1.0,1.0,1.0,0.0,0.0
SYNTH_0678,Global,success,,337.5,0.46333333,10,2.1531,HLA-A=A*01:01:01:01 | HLA-C=C*07:01:01:01 | HLA-B=B*08:01:01:01 | DRB345=DRB3*01:01:02:01 | DRB1=DRB1*03:01:01:01SG | DQA1=DQA1*05:01:01:02 | DQB1=DQB1*02:01:01 | DPA1=DPA1*01:03:01:02 | DPB1=DPB1*04:01:01:01/DPB1*04:01:01:02,HLA-A=A*31:01:02:01 | HLA-C=C*04:01:01:06 | HLA-B=B*35:02:01 | DRB345=DRB4*01:03:01:01/DRB4*01:03:01:01:03 | DRB1=DRB1*04:03:01 | DQA1=DQA1*03:01:01 | DQB1=DQB1*03:05:01 | DPA1=DPA1*01:03:01:04 | DPB1=DPB1*04:01:01:01/DPB1*04:01:01:02,False,False,1.0,1.0,1.0,0.0,1.0,1.0,1.0,0.0,0.0
SYNTH_0679,Global,success,,412.1,0.7978022,6,1.0767,HLA-A=A*03:01:01:01 | HLA-C=C*07:02:01:03 | HLA-B=B*07:02:01 | DRB345=DRB5*01:01:01 | DRB1=DRB1*15:01:01:01SG | DQA1=DQA1*01:02:01:01SG | DQB1=DQB1*06:02:01 | DPA1=DPA1*01:03:01:04 | DPB1=DPB1*04:01:01:01/DPB1*04:01:01:02,HLA-A=A*29:02:01:01 | HLA-C=C*16:01:01:01 | HLA-B=B*44:03:01:01 | DRB345=DRB4*01:01:01:01 | DRB1=DRB1*07:01:01:01SG | DQA1=DQA1*02:01:01:01SG | DQB1=DQB1*02:02:01:01 | DPA1=DPA1*02:01:01:01 | DPB1=DPB1*11:01:01,False,False,1.0,1.0,1.0,1.0,1.0,1.0,1.0,1.0,0.0
SYNTH_0680,Global,success,,354.4,1.0,1,0.0,HLA-A=A*02:01:01:01 | HLA-C=C*05:01:01:02 | HLA-B=B*44:02:01:01 | DRB345=DRB4*01:03:01:01/DRB4*01:03:01:01:03 | DRB1=DRB1*04:01:01:01SG | DQA1=DQA1*03:03:01:01 | DQB1=DQB1*03:01:01:01 | DPA1=DPA1*01:03:01:02 | DPB1=DPB1*04:01:01:01/DPB1*04:01:01:02,HLA-A=A*02:01:01:01 | HLA-C=C*07:02:01:03 | HLA-B=B*07:02:01 | DRB345=DRB3*03:01:01 | DRB1=DRB1*13:02:01 | DQA1=DQA1*01:02:01:04SG | DQB1=DQB1*06:04:01 | DPA1=DPA1*01:03:01:03 | DPB1=DPB1*03:01:01,False,False,1.0,1.0,1.0,0.0,1.0,1.0,1.0,1.0,0.0
SYNTH_0681,Global,success,,416.9,0.62962963,5,1.6628,HLA-A=A*01:01:01:01 | HLA-C=C*07:01:01:01 | HLA-B=B*08:01:01:01 | DRB345=DRB3*01:01:02:01 | DRB1=DRB1*03:01:01:01SG | DQA1=DQA1*05:01:01:02 | DQB1=DQB1*02:01:01 | DPA1=DPA1*01:03:01:04 | DPB1=DPB1*04:01:01:01/DPB1*04:01:01:02,HLA-A=A*24:02:01:01 | HLA-C=C*04:01:01:06 | HLA-B=B*35:01:01:01 | DRB345=DRB3*02:02:01:02 | DRB1=DRB1*13:01:01:01SG | DQA1=DQA1*01:03:01:02SG | DQB1=DQB1*06:03:01 | DPA1=DPA1*01:03:01:01 | DPB1=DPB1*02:01:02/DPB1*02:01:19,False,False,0.0,1.0,1.0,1.0,1.0,1.0,1.0,1.0,0.0
SYNTH_0682,Global,success,,309.9,0.22,12,3.2271,HLA-A=A*26:01:01:01 | HLA-C=C*03:04:01:02 | HLA-B=B*40:02:01 | DRB345=DRB4*01:03:02 | DRB1=DRB1*09:01:02 | DQA1=DQA1*03:02 | DQB1=DQB1*03:03:02:02/DQB1*03:03:02:03 | DPA1=DPA1*02:01:01:02 | DPB1=DPB1*09:01:01,HLA-A=A*02:01:01:01 | HLA-C=C*07:01:01:01 | HLA-B=B*18:01:01:02 | DRB345=DRB3*02:02:01:02 | DRB1=DRB1*11:04:01 | DQA1=DQA1*05:05:01:01SG | DQB1=DQB1*03:01:01:03 | DPA1=DPA1*01:03:01:05 | DPB1=DPB1*04:02:01:01,False,False,0.0,0.0,1.0,1.0,1.0,1.0,0.0,1.0,1.0
SYNTH_0683,Global,success,,196.8,0.84615385,4,0.8632,HLA-A=A*33:01:01 | HLA-C=C*08:02:01:01 | HLA-B=B*14:02:01:01 | DRB345=Abs | DRB1=DRB1*01:02:01 | DQA1=DQA1*01:01:02 | DQB1=DQB1*05:01:01:01 | DPA1=DPA1*02:02:02 | DPB1=DPB1*01:01:01,HLA-A=A*29:02:01:01 | HLA-C=C*16:01:01:01 | HLA-B=B*44:03:01:01 | DRB345=DRB4*01:01:01:01 | DRB1=DRB1*07:01:01:01SG | DQA1=DQA1*02:01:01:01SG | DQB1=DQB1*02:02:01:01 | DPA1=DPA1*02:01:01:01 | DPB1=DPB1*11:01:01,True,False,1.0,1.0,1.0,1.0,1.0,1.0,1.0,1.0,1.0
SYNTH_0684,Global,success,,246.8,1.0,1,0.0,HLA-A=A*01:01:01:01 | HLA-C=C*07:02:01:03 | HLA-B=B*07:02:01 | DRB345=DRB5*01:01:01 | DRB1=DRB1*15:01:01:01SG | DQA1=DQA1*01:02:01:01SG | DQB1=DQB1*06:02:01 | DPA1=DPA1*01:03:01:04 | DPB1=DPB1*04:01:01:01/DPB1*04:01:01:02,HLA-A=A*11:01:01:01 | HLA-C=C*16:01:01:01 | HLA-B=B*44:03:01:01 | DRB345=DRB4*01:01:01:01 | DRB1=DRB1*07:01:01:01SG | DQA1=DQA1*02:01:01:01SG | DQB1=DQB1*02:02:01:01 | DPA1=DPA1*02:01:01:01 | DPB1=DPB1*11:01:01,False,False,1.0,1.0,1.0,1.0,1.0,1.0,1.0,1.0,0.0
SYNTH_0685,Global,success,,229.6,1.0,1,0.0,HLA-A=A*02:01:01:01 | HLA-C=C*05:01:01:02 | HLA-B=B*44:02:01:01 | DRB345=DRB3*01:01:02:01 | DRB1=DRB1*13:01:01:01SG | DQA1=DQA1*01:03:01:02SG | DQB1=DQB1*06:03:01 | DPA1=DPA1*01:03:01:02 | DPB1=DPB1*04:01:01:01/DPB1*04:01:01:02,HLA-A=A*31:01:02:01 | HLA-C=C*03:04:01:01 | HLA-B=B*40:01:02 | DRB345=DRB4*01:03:01:01/DRB4*01:03:01:01:03 | DRB1=DRB1*04:04:01 | DQA1=DQA1*03:01:01 | DQB1=DQB1*03:02:01 | DPA1=DPA1*01:03:01:02 | DPB1=DPB1*04:01:01:01/DPB1*04:01:01:02,False,False,1.0,1.0,1.0,0.0,1.0,1.0,1.0,1.0,0.0
SYNTH_0686,Global,success,,331.6,1.0,1,0.0,HLA-A=A*01:01:01:01 | HLA-C=C*07:01:01:01 | HLA-B=B*08:01:01:01 | DRB345=DRB3*01:01:02:01 | DRB1=DRB1*03:01:01:01SG | DQA1=DQA1*05:01:01:02 | DQB1=DQB1*02:01:01 | DPA1=DPA1*02:01:02 | DPB1=DPB1*01:01:01,HLA-A=A*02:01:01:01 | HLA-C=C*05:01:01:02 | HLA-B=B*44:02:01:01 | DRB345=DRB4*01:01:01:01 | DRB1=DRB1*07:01:01:01SG | DQA1=DQA1*02:01:01:01SG | DQB1=DQB1*02:02:01:01 | DPA1=DPA1*01:03:01:02 | DPB1=DPB1*04:01:01:01/DPB1*04:01:01:02,False,False,1.0,1.0,1.0,1.0,1.0,1.0,1.0,1.0,0.0
SYNTH_0687,Global,success,,631.6,0.84615385,4,0.8632,HLA-A=A*03:01:01:01 | HLA-C=C*07:02:01:03 | HLA-B=B*07:02:01 | DRB345=Abs | DRB1=DRB1*01:02:01 | DQA1=DQA1*01:01:02 | DQB1=DQB1*05:01:01:01 | DPA1=DPA1*01:03:01:05 | DPB1=DPB1*04:02:01:02,HLA-A=A*29:02:01:01 | HLA-C=C*16:01:01:01 | HLA-B=B*44:03:01:01 | DRB345=DRB4*01:01:01:01 | DRB1=DRB1*07:01:01:01SG | DQA1=DQA1*02:01:01:01SG | DQB1=DQB1*02:02:01:01 | DPA1=DPA1*02:01:01:01 | DPB1=DPB1*11:01:01,True,True,1.0,1.0,1.0,1.0,1.0,1.0,1.0,1.0,1.0
SYNTH_0688,Global,success,,138.3,0.55555556,2,0.9911,HLA-A=A*02:01:01:01 | HLA-C=C*05:01:01:02 | HLA-B=B*44:02:01:01 | DRB345=DRB4*01:03:01:01/DRB4*01:03:01:01:03 | DRB1=DRB1*04:01:01:01SG | DQA1=DQA1*03:03:01:01 | DQB1=DQB1*03:01:01:01 | DPA1=DPA1*01:03:01:01 | DPB1=DPB1*02:01:02/DPB1*02:01:19,HLA-A=A*02:01:01:01 | HLA-C=C*03:03:01:01 | HLA-B=B*15:01:01:01 | DRB345=DRB4*01:03:01:01/DRB4*01:03:01:01:03 | DRB1=DRB1*07:01:01:01SG | DQA1=DQA1*02:01:01:01SG | DQB1=DQB1*03:03:02:01 | DPA1=DPA1*01:03:01:02 | DPB1=DPB1*04:01:01:01/DPB1*04:01:01:02,False,False,1.0,1.0,1.0,0.0,1.0,1.0,1.0,1.0,0.0
SYNTH_0689,Global,success,,137.3,0.5,2,1.0,HLA-A=A*02:01:01:01 | HLA-C=C*02:02:02:01 | HLA-B=B*27:05:02 | DRB345=DRB4*01:03:01:01/DRB4*01:03:01:01:03 | DRB1=DRB1*04:01:01:01SG | DQA1=DQA1*03:03:01:01 | DQB1=DQB1*03:01:01:01 | DPA1=DPA1*01:03:01:02 | DPB1=DPB1*04:01:01:01/DPB1*04:01:01:02,HLA-A=A*02:01:01:01 | HLA-C=C*03:04:01:01 | HLA-B=B*40:01:02 | DRB345=DRB4*01:03:01:01/DRB4*01:03:01:01:03 | DRB1=DRB1*04:01:01:01SG | DQA1=DQA1*03:01:01 | DQB1=DQB1*03:02:01 | DPA1=DPA1*02:01:01:02 | DPB1=DPB1*10:01:01,False,False,0.0,1.0,1.0,0.0,1.0,1.0,1.0,1.0,0.0
SYNTH_0690,Global,success,,366.4,1.0,1,0.0,HLA-A=A*01:01:01:01 | HLA-C=C*07:18 | HLA-B=B*58:01:01:01 | DRB345=DRB4*01:01:01:01 | DRB1=DRB1*07:01:01:01SG | DQA1=DQA1*02:01:01:01SG | DQB1=DQB1*02:02:01:01 | DPA1=DPA1*01:03:01:04 | DPB1=DPB1*04:01:01:01/DPB1*04:01:01:02,HLA-A=A*01:01:01:01 | HLA-C=C*07:01:01:01 | HLA-B=B*08:01:01:01 | DRB345=DRB3*01:01:02:01 | DRB1=DRB1*03:01:01:01SG | DQA1=DQA1*05:01:01:02 | DQB1=DQB1*02:01:01 | DPA1=DPA1*02:01:02 | DPB1=DPB1*01:01:01,False,False,1.0,1.0,1.0,1.0,1.0,1.0,1.0,1.0,0.0
SYNTH_0691,Global,success,,239.6,0.65497076,7,1.5483,HLA-A=A*30:01:01 | HLA-C=C*03:04:02 | HLA-B=B*15:10:01 | DRB345=DRB3*02:02:01:01 | DRB1=DRB1*03:01:01:01SG | DQA1=DQA1*05:01:01:01 | DQB1=DQB1*02:01:01 | DPA1=DPA1*01:03:01:01 | DPB1=DPB1*02:01:02/DPB1*02:01:19,HLA-A=A*03:01:01:01 | HLA-C=C*07:02:01:03 | HLA-B=B*07:02:01 | DRB345=DRB5*01:01:01 | DRB1=DRB1*15:01:01:01SG | DQA1=DQA1*01:02:01:01SG | DQB1=DQB1*06:02:01 | DPA1=DPA1*01:03:01:02 | DPB1=DPB1*04:01:01:01/DPB1*04:01:01:02,False,False,1.0,1.0,1.0,1.0,1.0,1.0,1.0,0.0,0.0
SYNTH_0692,Global,success,,1443.8,0.44,5,2.0867,HLA-A=A*02:01:01:01 | HLA-C=C*07:02:01:03 | HLA-B=B*07:02:01 | DRB345=Abs | DRB1=DRB1*01:01:01 | DQA1=DQA1*01:01:01:02SG | DQB1=DQB1*05:01:01:03 | DPA1=DPA1*01:03:01:02 | DPB1=DPB1*04:01:01:01/DPB1*04:01:01:02,HLA-A=A*01:01:01:01 | HLA-C=C*07:01:01:01 | HLA-B=B*08:01:01:01 | DRB345=DRB3*01:01:02:02 | DRB1=DRB1*03:01:01:01SG | DQA1=DQA1*05:01:01:02 | DQB1=DQB1*02:01:01 | DPA1=DPA1*01:03:01:03 | DPB1=DPB1*03:01:01,False,False,1.0,1.0,1.0,1.0,1.0,1.0,1.0,1.0,0.0
SYNTH_0693,Global,success,,234.2,1.0,1,0.0,HLA-A=A*01:01:01:01 | HLA-C=C*03:04:01:01 | HLA-B=B*15:01:01:01 | DRB345=DRB4*01:03:01:01/DRB4*01:03:01:01:03 | DRB1=DRB1*04:01:01:01SG | DQA1=DQA1*03:01:01 | DQB1=DQB1*03:02:01 | DPA1=DPA1*01:03:01:02 | DPB1=DPB1*04:01:01:01/DPB1*04:01:01:02,HLA-A=A*02:01:01:01 | HLA-C=C*01:02:01 | HLA-B=B*27:05:02 | DRB345=Abs | DRB1=DRB1*01:01:01 | DQA1=DQA1*01:01:01:02SG | DQB1=DQB1*05:01:01:03 | DPA1=DPA1*01:03:01:02 | DPB1=DPB1*04:01:01:01/DPB1*04:01:01:02,False,False,1.0,1.0,1.0,0.0,1.0,1.0,1.0,1.0,0.0
SYNTH_0694,Global,success,,671.9,0.86170213,4,0.7939,HLA-A=A*01:01:01:01 | HLA-C=C*07:01:01:01 | HLA-B=B*08:01:01:01 | DRB345=DRB3*01:01:02:01 | DRB1=DRB1*03:01:01:01SG | DQA1=DQA1*05:01:01:02 | DQB1=DQB1*02:01:01 | DPA1=DPA1*02:01:02 | DPB1=DPB1*01:01:01,HLA-A=A*02:01:01:01 | HLA-C=C*04:01:01:01 | HLA-B=B*35:01:01:02 | DRB345=DRB4*01:03:01:01/DRB4*01:03:01:01:03 | DRB1=DRB1*04:04:01 | DQA1=DQA1*03:01:01 | DQB1=DQB1*03:02:01 | DPA1=DPA1*01:03:01:02 | DPB1=DPB1*02:01:02/DPB1*02:01:19,False,False,1.0,1.0,1.0,0.0,1.0,1.0,1.0,1.0,0.0
SYNTH_0695,Global,success,,273.6,0.91666667,2,0.4138,HLA-A=A*02:01:01:01 | HLA-C=C*05:01:01:02 | HLA-B=B*44:02:01:01 | DRB345=DRB4*01:03:01:01/DRB4*01:03:01:01:03 | DRB1=DRB1*04:01:01:01SG | DQA1=DQA1*03:03:01:01 | DQB1=DQB1*03:01:01:01 | DPA1=DPA1*01:04 | DPB1=DPB1*15:01:01,HLA-A=A*01:01:01:01 | HLA-C=C*07:01:01:01 | HLA-B=B*08:01:01:01 | DRB345=DRB3*01:01:02:01 | DRB1=DRB1*03:01:01:01SG | DQA1=DQA1*05:01:01:02 | DQB1=DQB1*02:01:01 | DPA1=DPA1*01:03:01:03 | DPB1=DPB1*03:01:01,False,False,1.0,1.0,1.0,0.0,1.0,1.0,1.0,1.0,1.0
SYNTH_0696,Global,success,,508.6,1.0,1,0.0,HLA-A=A*30:01:01 | HLA-C=C*06:02:01:01 | HLA-B=B*13:02:01 | DRB345=DRB4*01:03:01:01/DRB4*01:03:01:01:03 | DRB1=DRB1*07:01:01:01SG | DQA1=DQA1*02:01:01:01SG | DQB1=DQB1*02:02:01:01 | DPA1=DPA1*01:03:01:05 | DPB1=DPB1*04:02:01:02,HLA-A=A*26:01:01:01 | HLA-C=C*04:01:01:06 | HLA-B=B*35:01:01:02 | DRB345=DRB4*01:03:01:01/DRB4*01:03:01:01:03 | DRB1=DRB1*04:02:01 | DQA1=DQA1*03:01:01 | DQB1=DQB1*03:02:01 | DPA1=DPA1*01:03:01:02 | DPB1=DPB1*04:01:01:01/DPB1*04:01:01:02,False,False,1.0,1.0,1.0,0.0,1.0,1.0,1.0,1.0,0.0
SYNTH_0697,Global,success,,507.3,0.84360902,4,0.8015,HLA-A=A*01:01:01:01 | HLA-C=C*07:01:01:01 | HLA-B=B*08:01:01:01 | DRB345=DRB3*01:01:02:01 | DRB1=DRB1*03:01:01:01SG | DQA1=DQA1*05:01:01:02 | DQB1=DQB1*02:01:01 | DPA1=DPA1*01:03:01:04 | DPB1=DPB1*04:01:01:01/DPB1*04:01:01:02,HLA-A=A*03:01:01:01 | HLA-C=C*07:02:01:03 | HLA-B=B*07:02:01 | DRB345=DRB5*01:01:01 | DRB1=DRB1*15:01:01:01SG | DQA1=DQA1*01:02:01:01SG | DQB1=DQB1*06:02:01 | DPA1=DPA1*01:03:01:04 | DPB1=DPB1*04:01:01:01/DPB1*04:01:01:02,False,False,1.0,1.0,1.0,1.0,1.0,1.0,1.0,1.0,0.0
SYNTH_0698,Global,success,,354.2,1.0,1,0.0,HLA-A=A*31:01:02:01 | HLA-C=C*01:02:01 | HLA-B=B*27:05:02 | DRB345=DRB4*01:03:01:01/DRB4*01:03:01:01:03 | DRB1=DRB1*04:04:01 | DQA1=DQA1*03:01:01 | DQB1=DQB1*03:02:01 | DPA1=DPA1*01:03:01:04 | DPB1=DPB1*04:01:01:01/DPB1*04:01:01:02,HLA-A=A*01:01:01:01 | HLA-C=C*07:01:01:01 | HLA-B=B*08:01:01:01 | DRB345=DRB3*01:01:02:01 | DRB1=DRB1*03:01:01:01SG | DQA1=DQA1*05:01:01:02 | DQB1=DQB1*02:01:01 | DPA1=DPA1*02:01:02 | DPB1=DPB1*01:01:01,False,False,1.0,1.0,1.0,0.0,1.0,1.0,1.0,1.0,0.0
SYNTH_0699,Global,success,,509.4,0.77777778,2,0.7642,HLA-A=A*02:01:01:01 | HLA-C=C*03:04:01:01 | HLA-B=B*40:01:02 | DRB345=DRB4*01:03:01:01/DRB4*01:03:01:01:03 | DRB1=DRB1*04:04:01 | DQA1=DQA1*03:01:01 | DQB1=DQB1*03:02:01 | DPA1=DPA1*01:03:01:03 | DPB1=DPB1*06:01:01,HLA-A=A*02:01:01:01 | HLA-C=C*06:02:01:01 | HLA-B=B*13:02:01 | DRB345=DRB4*01:03:01:01/DRB4*01:03:01:01:03 | DRB1=DRB1*07:01:01:01SG | DQA1=DQA1*02:01:01:01SG | DQB1=DQB1*02:02:01:01 | DPA1=DPA1*01:03:01:01 | DPB1=DPB1*02:01:02/DPB1*02:01:19,False,False,1.0,1.0,1.0,0.0,1.0,1.0,1.0,1.0,0.0
SYNTH_0700,Global,success,,618.2,1.0,1,0.0,HLA-A=A*01:01:01:01 | HLA-C=C*07:01:01:01 | HLA-B=B*08:01:01:01 | DRB345=DRB3*01:01:02:01 | DRB1=DRB1*03:01:01:01SG | DQA1=DQA1*05:01:01:02 | DQB1=DQB1*02:01:01 | DPA1=DPA1*01:03:01:02 | DPB1=DPB1*04:01:01:01/DPB1*04:01:01:02,HLA-A=A*02:01:01:01 | HLA-C=C*07:02:01:03 | HLA-B=B*07:02:01 | DRB345=DRB5*01:01:01 | DRB1=DRB1*15:01:01:01SG | DQA1=DQA1*01:02:01:01SG | DQB1=DQB1*06:02:01 | DPA1=DPA1*01:03:01:02 | DPB1=DPB1*04:01:01:01/DPB1*04:01:01:02,False,False,1.0,1.0,1.0,1.0,1.0,1.0,1.0,1.0,0.0
SYNTH_0701,Global,success,,302.0,0.94285714,2,0.316,HLA-A=A*29:02:01:01 | HLA-C=C*16:01:01:01 | HLA-B=B*44:03:01:01 | DRB345=DRB4*01:01:01:01 | DRB1=DRB1*07:01:01:01SG | DQA1=DQA1*02:01:01:01SG | DQB1=DQB1*02:02:01:01 | DPA1=DPA1*02:01:01:01 | DPB1=DPB1*11:01:01,HLA-A=A*02:01:01:01 | HLA-C=C*06:02:01:01 | HLA-B=B*13:02:01 | DRB345=DRB4*01:03:01:01/DRB4*01:03:01:01:03 | DRB1=DRB1*07:01:01:01SG | DQA1=DQA1*02:01:01:01SG | DQB1=DQB1*02:02:01:01 | DPA1=DPA1*01:03:01:01 | DPB1=DPB1*02:01:02/DPB1*02:01:19,False,False,1.0,1.0,1.0,0.0,1.0,1.0,1.0,1.0,0.0
SYNTH_0702,Global,success,,368.3,0.63636364,5,1.6729,HLA-A=A*01:01:01:01 | HLA-C=C*06:02:01:01 | HLA-B=B*57:01:01 | DRB345=DRB5*01:01:01 | DRB1=DRB1*15:01:01:01SG | DQA1=DQA1*01:02:01:01SG | DQB1=DQB1*06:02:01 | DPA1=DPA1*01:03:01:04 | DPB1=DPB1*04:01:01:01/DPB1*04:01:01:02,HLA-A=A*03:01:01:01 | HLA-C=C*07:02:01:03 | HLA-B=B*07:02:01 | DRB345=DRB5*01:01:01 | DRB1=DRB1*15:01:01:01SG | DQA1=DQA1*01:02:01:01SG | DQB1=DQB1*06:02:01 | DPA1=DPA1*01:03:01:03 | DPB1=DPB1*03:01:01,False,False,1.0,1.0,1.0,1.0,1.0,1.0,1.0,1.0,0.0
SYNTH_0703,Global,success,,225.6,0.53846154,3,1.448,HLA-A=A*02:01:01:01 | HLA-C=C*02:02:02:03 | HLA-B=B*27:02:01 | DRB345=DRB5*02:02 | DRB1=DRB1*16:01:01 | DQA1=DQA1*01:02:02 | DQB1=DQB1*05:02:01 | DPA1=DPA1*01:03:01:05 | DPB1=DPB1*04:02:01:02,HLA-A=A*01:01:01:01 | HLA-C=C*06:02:01:01 | HLA-B=B*57:01:01 | DRB345=DRB4*01:03:01:02N | DRB1=DRB1*07:01:01:01SG | DQA1=DQA1*02:01:01:01SG | DQB1=DQB1*03:03:02:01 | DPA1=DPA1*01:03:01:04 | DPB1=DPB1*04:01:01:01/DPB1*04:01:01:02,False,False,1.0,1.0,1.0,1.0,1.0,1.0,1.0,1.0,0.0
SYNTH_0704,Global,success,,288.9,0.64367816,8,1.6472,HLA-A=A*03:01:01:01 | HLA-C=C*07:02:01:03 | HLA-B=B*07:02:01 | DRB345=DRB5*01:01:01 | DRB1=DRB1*15:01:01:01SG | DQA1=DQA1*01:02:01:01SG | DQB1=DQB1*06:02:01 | DPA1=DPA1*01:03:01:02 | DPB1=DPB1*04:01:01:01/DPB1*04:01:01:02,HLA-A=A*02:01:01:01 | HLA-C=C*05:01:01:02 | HLA-B=B*44:02:01:01 | DRB345=DRB3*01:01:02:01 | DRB1=DRB1*03:01:01:01SG | DQA1=DQA1*05:01:01:02 | DQB1=DQB1*02:01:01 | DPA1=DPA1*01:03:01:01 | DPB1=DPB1*02:01:02/DPB1*02:01:19,False,False,1.0,1.0,1.0,1.0,1.0,1.0,1.0,1.0,0.0
SYNTH_0705,Global,success,,219.5,1.0,1,0.0,HLA-A=A*26:01:01:01 | HLA-C=C*12:03:01:01 | HLA-B=B*38:01:01 | DRB345=DRB3*01:01:02:01 | DRB1=DRB1*13:01:01:01SG | DQA1=DQA1*01:03:01:02SG | DQB1=DQB1*06:03:01 | DPA1=DPA1*02:01:02 | DPB1=DPB1*01:01:01,HLA-A=A*03:01:01:01 | HLA-C=C*03:03:01:01 | HLA-B=B*15:01:01:01 | DRB345=DRB5*01:01:01 | DRB1=DRB1*15:01:01:01SG | DQA1=DQA1*01:02:01:01SG | DQB1=DQB1*06:02:01 | DPA1=DPA1*01:03:01:02 | DPB1=DPB1*04:01:01:01/DPB1*04:01:01:02,False,False,1.0,1.0,1.0,1.0,1.0,1.0,1.0,1.0,0.0
SYNTH_0706,Global,success,,172.3,0.23015873,24,3.6091,HLA-A=A*02:01:01:01 | HLA-C=C*05:01:01:02 | HLA-B=B*44:02:01:01 | DRB345=DRB4*01:03:01:01/DRB4*01:03:01:01:03 | DRB1=DRB1*04:01:01:01SG | DQA1=DQA1*03:03:01:01 | DQB1=DQB1*03:01:01:01 | DPA1=DPA1*01:03:01:04 | DPB1=DPB1*04:01:01:01/DPB1*04:01:01:02,HLA-A=A*03:01:01:01 | HLA-C=C*16:01:01:01 | HLA-B=B*44:03:01:01 | DRB345=DRB4*01:01:01:01 | DRB1=DRB1*07:01:01:01SG | DQA1=DQA1*02:01:01:01SG | DQB1=DQB1*02:02:01:01 | DPA1=DPA1*01:03:01:01 | DPB1=DPB1*02:01:02/DPB1*02:01:19,False,False,1.0,1.0,1.0,0.0,1.0,1.0,1.0,0.0,0.0
SYNTH_0707,Global,success,,177.2,0.96428571,2,0.2223,HLA-A=A*01:01:01:01 | HLA-C=C*07:01:01:01 | HLA-B=B*08:01:01:01 | DRB345=DRB3*01:01:02:01 | DRB1=DRB1*03:01:01:01SG | DQA1=DQA1*05:01:01:02 | DQB1=DQB1*02:01:01 | DPA1=DPA1*02:01:02 | DPB1=DPB1*01:01:01,HLA-A=A*29:02:01:01 | HLA-C=C*08:02:01:01 | HLA-B=B*14:02:01:01 | DRB345=DRB4*01:01:01:01 | DRB1=DRB1*07:01:01:01SG | DQA1=DQA1*02:01:01:01SG | DQB1=DQB1*02:02:01:01 | DPA1=DPA1*01:04 | DPB1=DPB1*15:01:01,True,True,1.0,1.0,1.0,1.0,1.0,1.0,1.0,1.0,1.0
SYNTH_0708,Global,success,,170.9,0.54545455,3,1.4354,HLA-A=A*02:01:01:01 | HLA-C=C*02:02:02:01 | HLA-B=B*27:02:01 | DRB345=DRB3*02:02:01:02 | DRB1=DRB1*11:01:01:01 | DQA1=DQA1*05:05:01:01SG | DQB1=DQB1*03:01:01:03 | DPA1=DPA1*01:03:01:04 | DPB1=DPB1*04:01:01:01/DPB1*04:01:01:02,HLA-A=A*03:01:01:01 | HLA-C=C*07:02:01:03 | HLA-B=B*07:02:01 | DRB345=Abs | DRB1=DRB1*01:01:01 | DQA1=DQA1*01:01:01:02SG | DQB1=DQB1*05:01:01:03 | DPA1=DPA1*01:03:01:05 | DPB1=DPB1*04:02:01:02,False,False,1.0,1.0,1.0,1.0,1.0,1.0,1.0,1.0,0.0
SYNTH_0709,Global,success,,431.9,0.30346979,61,3.6918,HLA-A=A*01:01:01:01 | HLA-C=C*07:01:01:01 | HLA-B=B*08:01:01:01 | DRB345=DRB3*01:01:02:01 | DRB1=DRB1*03:01:01:01SG | DQA1=DQA1*05:01:01:02 | DQB1=DQB1*02:01:01 | DPA1=DPA1*01:03:01:02 | DPB1=DPB1*04:01:01:01/DPB1*04:01:01:02,HLA-A=A*03:01:01:01 | HLA-C=C*07:02:01:03 | HLA-B=B*07:02:01 | DRB345=DRB5*01:01:01 | DRB1=DRB1*15:01:01:01SG | DQA1=DQA1*01:02:01:01SG | DQB1=DQB1*06:02:01 | DPA1=DPA1*01:03:01:02 | DPB1=DPB1*04:01:01:01/DPB1*04:01:01:02,False,False,1.0,1.0,1.0,1.0,1.0,1.0,1.0,1.0,0.0
SYNTH_0710,Global,success,,477.8,0.46333333,10,2.1531,HLA-A=A*01:01:01:01 | HLA-C=C*07:01:01:01 | HLA-B=B*08:01:01:01 | DRB345=DRB3*01:01:02:01 | DRB1=DRB1*03:01:01:01SG | DQA1=DQA1*05:01:01:02 | DQB1=DQB1*02:01:01 | DPA1=DPA1*01:03:01:02 | DPB1=DPB1*04:01:01:01/DPB1*04:01:01:02,HLA-A=A*03:01:01:01 | HLA-C=C*04:01:01:01 | HLA-B=B*35:01:01:02 | DRB345=DRB3*02:02:01:02 | DRB1=DRB1*13:01:01:01SG | DQA1=DQA1*01:03:01:02SG | DQB1=DQB1*06:03:01 | DPA1=DPA1*01:03:01:02 | DPB1=DPB1*04:01:01:01/DPB1*04:01:01:02,False,False,1.0,1.0,1.0,1.0,1.0,1.0,1.0,0.0,0.0
SYNTH_0711,Global,success,,276.3,0.91011236,2,0.4361,HLA-A=A*01:01:01:01 | HLA-C=C*07:01:01:01 | HLA-B=B*08:01:01:01 | DRB345=DRB3*01:01:02:01 | DRB1=DRB1*03:01:01:01SG | DQA1=DQA1*05:01:01:02 | DQB1=DQB1*02:01:01 | DPA1=DPA1*02:01:02 | DPB1=DPB1*01:01:01,HLA-A=A*01:01:01:01 | HLA-C=C*07:01:01:01 | HLA-B=B*08:01:01:01 | DRB345=DRB5*01:01:01 | DRB1=DRB1*15:01:01:01SG | DQA1=DQA1*01:02:01:01SG | DQB1=DQB1*06:02:01 | DPA1=DPA1*01:03:01:02 | DPB1=DPB1*04:01:01:01/DPB1*04:01:01:02,False,False,1.0,1.0,1.0,1.0,1.0,1.0,1.0,1.0,0.0
SYNTH_0712,Global,success,,418.9,0.34907407,24,3.2886,HLA-A=A*02:01:01:01 | HLA-C=C*05:01:01:02 | HLA-B=B*44:02:01:01 | DRB345=DRB4*01:03:01:01/DRB4*01:03:01:01:03 | DRB1=DRB1*04:01:01:01SG | DQA1=DQA1*03:03:01:01 | DQB1=DQB1*03:01:01:01 | DPA1=DPA1*01:03:01:04 | DPB1=DPB1*04:01:01:01/DPB1*04:01:01:02,HLA-A=A*01:01:01:01 | HLA-C=C*07:02:01:03 | HLA-B=B*07:02:01 | DRB345=DRB5*01:01:01 | DRB1=DRB1*15:01:01:01SG | DQA1=DQA1*01:02:01:01SG | DQB1=DQB1*06:02:01 | DPA1=DPA1*01:03:01:02 | DPB1=DPB1*04:01:01:01/DPB1*04:01:01:02,False,False,1.0,1.0,1.0,0.0,1.0,1.0,1.0,1.0,0.0
SYNTH_0713,Global,success,,409.4,1.0,1,0.0,HLA-A=A*02:06:01:01 | HLA-C=C*07:02:01:01 | HLA-B=B*39:05:01 | DRB345=DRB4*01:03:01:01/DRB4*01:03:01:01:03 | DRB1=DRB1*04:07:01 | DQA1=DQA1*03:01:01 | DQB1=DQB1*03:02:01 | DPA1=DPA1*01:03:01:05 | DPB1=DPB1*04:02:01:02,HLA-A=A*02:01:01:01 | HLA-C=C*06:02:01:01 | HLA-B=B*57:01:01 | DRB345=DRB4*01:03:01:02N | DRB1=DRB1*07:01:01:01SG | DQA1=DQA1*02:01:01:01SG | DQB1=DQB1*03:03:02:01 | DPA1=DPA1*01:03:01:04 | DPB1=DPB1*04:01:01:01/DPB1*04:01:01:02,False,False,1.0,1.0,1.0,0.0,1.0,1.0,1.0,1.0,0.0
SYNTH_0714,Global,success,,392.0,0.46333333,10,2.1531,HLA-A=A*01:01:01:01 | HLA-C=C*07:01:01:01 | HLA-B=B*08:01:01:01 | DRB345=DRB3*01:01:02:01 | DRB1=DRB1*03:01:01:01SG | DQA1=DQA1*05:01:01:02 | DQB1=DQB1*02:01:01 | DPA1=DPA1*01:03:01:02 | DPB1=DPB1*04:01:01:01/DPB1*04:01:01:02,HLA-A=A*29:01:01:01 | HLA-C=C*15:05:02 | HLA-B=B*07:05:01:01 | DRB345=Abs | DRB1=DRB1*10:01:01:01 | DQA1=DQA1*01:05:01 | DQB1=DQB1*05:01:01:02 | DPA1=DPA1*01:03:01:01 | DPB1=DPB1*02:01:02/DPB1*02:01:19,False,False,1.0,1.0,1.0,1.0,1.0,1.0,1.0,0.0,0.0
SYNTH_0715,Global,success,,426.5,0.64864865,5,1.5796,HLA-A=A*24:02:01:01 | HLA-C=C*03:04:01:01 | HLA-B=B*15:01:01:01 | DRB345=DRB4*01:03:01:01/DRB4*01:03:01:01:03 | DRB1=DRB1*04:01:01:01SG | DQA1=DQA1*03:01:01 | DQB1=DQB1*03:02:01 | DPA1=DPA1*01:03:01:01 | DPB1=DPB1*02:01:02/DPB1*02:01:19,HLA-A=A*03:01:01:01 | HLA-C=C*04:01:01:01 | HLA-B=B*35:01:01:02 | DRB345=Abs | DRB1=DRB1*01:01:01 | DQA1=DQA1*01:01:01:02SG | DQB1=DQB1*05:01:01:03 | DPA1=DPA1*01:03:01:05 | DPB1=DPB1*04:02:01:02,False,False,1.0,1.0,1.0,0.0,1.0,1.0,1.0,1.0,0.0
SYNTH_0716,Global,success,,415.0,1.0,1,0.0,HLA-A=A*02:01:01:01 | HLA-C=C*16:01:01:01 | HLA-B=B*44:03:01:01 | DRB345=DRB4*01:01:01:01 | DRB1=DRB1*07:01:01:01SG | DQA1=DQA1*02:01:01:01SG | DQB1=DQB1*03:01:01:03 | DPA1=DPA1*01:03:01:02 | DPB1=DPB1*04:01:01:01/DPB1*04:01:01:02,HLA-A=A*03:01:01:01 | HLA-C=C*07:02:01:03 | HLA-B=B*07:02:01 | DRB345=DRB3*01:01:02:01 | DRB1=DRB1*13:01:01:01SG | DQA1=DQA1*01:03:01:02SG | DQB1=DQB1*06:03:01 | DPA1=DPA1*01:03:01:03 | DPB1=DPB1*03:01:01,False,False,1.0,1.0,1.0,1.0,1.0,1.0,1.0,1.0,0.0
SYNTH_0717,Global,success,,319.8,1.0,1,0.0,HLA-A=A*02:01:01:01 | HLA-C=C*02:02:02:01 | HLA-B=B*27:05:02 | DRB345=Abs | DRB1=DRB1*01:01:01 | DQA1=DQA1*01:01:01:02SG | DQB1=DQB1*05:01:01:03 | DPA1=DPA1*01:03:01:02 | DPB1=DPB1*04:01:01:01/DPB1*04:01:01:02,HLA-A=A*01:01:01:01 | HLA-C=C*06:02:01:01 | HLA-B=B*37:01:01 | DRB345=DRB5*01:01:01 | DRB1=DRB1*15:01:01:01SG | DQA1=DQA1*01:02:01:01SG | DQB1=DQB1*06:03:01 | DPA1=DPA1*01:03:01:05 | DPB1=DPB1*04:02:01:02,False,False,1.0,1.0,1.0,1.0,1.0,1.0,1.0,1.0,0.0
SYNTH_0718,Global,success,,278.0,1.0,1,0.0,HLA-A=A*01:01:01:01 | HLA-C=C*07:02:01:03 | HLA-B=B*07:02:01 | DRB345=DRB5*01:01:01 | DRB1=DRB1*15:01:01:01SG | DQA1=DQA1*01:02:01:01SG | DQB1=DQB1*06:02:01 | DPA1=DPA1*01:03:01:02 | DPB1=DPB1*04:01:01:01/DPB1*04:01:01:02,HLA-A=A*02:01:01:01 | HLA-C=C*03:04:01:01 | HLA-B=B*40:01:02 | DRB345=DRB3*03:01:01 | DRB1=DRB1*13:02:01 | DQA1=DQA1*01:02:01:04SG | DQB1=DQB1*06:04:01 | DPA1=DPA1*01:03:01:02 | DPB1=DPB1*04:01:01:01/DPB1*04:01:01:02,False,False,1.0,1.0,1.0,1.0,1.0,1.0,1.0,1.0,0.0
SYNTH_0719,Global,success,,212.2,0.24269841,40,3.8588,HLA-A=A*01:01:01:01 | HLA-C=C*07:01:01:01 | HLA-B=B*08:01:01:01 | DRB345=DRB3*01:01:02:01 | DRB1=DRB1*03:01:01:01SG | DQA1=DQA1*05:01:01:02 | DQB1=DQB1*02:01:01 | DPA1=DPA1*01:03:01:02 | DPB1=DPB1*04:01:01:01/DPB1*04:01:01:02,HLA-A=A*02:01:01:01 | HLA-C=C*07:01:01:01 | HLA-B=B*18:01:01:02 | DRB345=DRB3*02:02:01:02 | DRB1=DRB1*11:04:01 | DQA1=DQA1*05:05:01:01SG | DQB1=DQB1*03:01:01:03 | DPA1=DPA1*01:03:01:05 | DPB1=DPB1*04:02:01:01,False,False,1.0,1.0,1.0,1.0,1.0,1.0,1.0,1.0,0.0
SYNTH_0720,Global,success,,200.2,0.0,0,0.0,,,False,False,,,,,,,,,
SYNTH_0721,Global,success,,175.9,0.55555556,2,0.9911,HLA-A=A*02:01:01:01 | HLA-C=C*05:01:01:02 | HLA-B=B*44:02:01:01 | DRB345=DRB4*01:03:01:01/DRB4*01:03:01:01:03 | DRB1=DRB1*04:01:01:01SG | DQA1=DQA1*03:03:01:01 | DQB1=DQB1*03:01:01:01 | DPA1=DPA1*01:03:01:01 | DPB1=DPB1*02:01:02/DPB1*02:01:19,HLA-A=A*02:01:01:01 | HLA-C=C*04:01:01:01 | HLA-B=B*35:01:01:02 | DRB345=DRB3*02:02:01:02 | DRB1=DRB1*13:01:01:01SG | DQA1=DQA1*01:03:01:02SG | DQB1=DQB1*06:03:01 | DPA1=DPA1*01:03:01:02 | DPB1=DPB1*04:01:01:01/DPB1*04:01:01:02,False,False,1.0,1.0,1.0,0.0,1.0,1.0,1.0,1.0,0.0
SYNTH_0722,Global,success,,189.6,1.0,1,0.0,HLA-A=A*01:01:01:01 | HLA-C=C*06:02:01:01 | HLA-B=B*57:01:01 | DRB345=DRB4*01:03:01:02N | DRB1=DRB1*07:01:01:01SG | DQA1=DQA1*02:01:01:01SG | DQB1=DQB1*03:03:02:01 | DPA1=DPA1*01:03:01:04 | DPB1=DPB1*04:01:01:01/DPB1*04:01:01:02,HLA-A=A*02:01:01:01 | HLA-C=C*04:01:01:01 | HLA-B=B*53:01:01 | DRB345=Abs | DRB1=DRB1*08:04:01 | DQA1=DQA1*04:01:02:02 | DQB1=DQB1*03:19:01 | DPA1=DPA1*02:02:02 | DPB1=DPB1*01:01:01,False,False,1.0,1.0,1.0,1.0,1.0,1.0,1.0,1.0,0.0
SYNTH_0723,Global,success,,190.4,1.0,1,0.0,HLA-A=A*02:01:01:01 | HLA-C=C*03:04:01:01 | HLA-B=B*15:01:01:01 | DRB345=DRB5*01:01:01 | DRB1=DRB1*15:01:01:01SG | DQA1=DQA1*01:02:01:01SG | DQB1=DQB1*06:02:01 | DPA1=DPA1*01:03:01:02 | DPB1=DPB1*04:01:01:01/DPB1*04:01:01:02,HLA-A=A*11:01:01:01 | HLA-C=C*04:01:01:01 | HLA-B=B*35:01:01:01 | DRB345=DRB3*01:01:02:02 | DRB1=DRB1*13:01:01:01SG | DQA1=DQA1*01:03:01:02SG | DQB1=DQB1*06:03:01 | DPA1=DPA1*01:03:01:02 | DPB1=DPB1*04:01:01:01/DPB1*04:01:01:02,False,False,1.0,1.0,1.0,1.0,1.0,1.0,1.0,1.0,0.0
SYNTH_0724,Global,success,,177.5,1.0,1,0.0,HLA-A=A*02:01:01:01 | HLA-C=C*07:02:01:03 | HLA-B=B*07:02:01 | DRB345=DRB5*01:01:01 | DRB1=DRB1*15:01:01:01SG | DQA1=DQA1*01:02:01:01SG | DQB1=DQB1*06:02:01 | DPA1=DPA1*01:03:01:05 | DPB1=DPB1*04:02:01:02,HLA-A=A*02:01:01:01 | HLA-C=C*07:01:01:01 | HLA-B=B*18:01:01:02 | DRB345=DRB3*02:02:01:02 | DRB1=DRB1*11:04:01 | DQA1=DQA1*05:05:01:01SG | DQB1=DQB1*03:01:01:03 | DPA1=DPA1*01:03:01:05 | DPB1=DPB1*04:02:01:01,True,True,1.0,1.0,1.0,1.0,1.0,1.0,1.0,1.0,1.0
SYNTH_0725,Global,success,,153.6,1.0,1,0.0,HLA-A=A*01:01:01:01 | HLA-C=C*12:02:02 | HLA-B=B*52:01:01:02 | DRB345=DRB5*01:02 | DRB1=DRB1*15:02:01:01SG | DQA1=DQA1*01:03:01:01 | DQB1=DQB1*06:01:01 | DPA1=DPA1*01:03:01:02 | DPB1=DPB1*04:01:01:01/DPB1*04:01:01:02,HLA-A=A*26:01:01:01 | HLA-C=C*12:03:01:01 | HLA-B=B*38:01:01 | DRB345=DRB4*01:03:01:01/DRB4*01:03:01:01:03 | DRB1=DRB1*04:02:01 | DQA1=DQA1*03:01:01 | DQB1=DQB1*03:02:01 | DPA1=DPA1*01:03:01:04 | DPB1=DPB1*04:01:01:01/DPB1*04:01:01:02,False,False,1.0,1.0,1.0,0.0,1.0,1.0,1.0,1.0,0.0
SYNTH_0726,Global,success,,369.3,0.375,3,1.5613,HLA-A=A*03:01:01:01 | HLA-C=C*04:01:01:01 | HLA-B=B*35:01:01:02 | DRB345=Abs | DRB1=DRB1*01:01:01 | DQA1=DQA1*01:01:01:02SG | DQB1=DQB1*05:01:01:03 | DPA1=DPA1*01:03:01:04 | DPB1=DPB1*04:01:01:01/DPB1*04:01:01:02,HLA-A=A*24:02:01:01 | HLA-C=C*04:01:01:06 | HLA-B=B*35:02:01 | DRB345=DRB3*02:02:01:02 | DRB1=DRB1*11:04:01 | DQA1=DQA1*05:05:01:01SG | DQB1=DQB1*03:01:01:02 | DPA1=DPA1*01:03:01:04 | DPB1=DPB1*04:01:01:01/DPB1*04:01:01:02,False,False,1.0,0.0,0.0,1.0,1.0,1.0,1.0,1.0,0.0
SYNTH_0727,Global,success,,449.6,0.53703704,8,2.0524,HLA-A=A*02:01:01:01 | HLA-C=C*05:01:01:02 | HLA-B=B*44:02:01:01 | DRB345=DRB4*01:03:01:01/DRB4*01:03:01:01:03 | DRB1=DRB1*04:01:01:01SG | DQA1=DQA1*03:03:01:01 | DQB1=DQB1*03:01:01:01 | DPA1=DPA1*01:03:01:04 | DPB1=DPB1*04:01:01:01/DPB1*04:01:01:02,HLA-A=A*31:01:02:01 | HLA-C=C*05:01:01:02 | HLA-B=B*44:02:01:01 | DRB345=DRB4*01:03:01:01/DRB4*01:03:01:01:03 | DRB1=DRB1*04:01:01:01SG | DQA1=DQA1*03:03:01:01 | DQB1=DQB1*03:01:01:01 | DPA1=DPA1*01:03:01:04 | DPB1=DPB1*04:01:01:01/DPB1*04:01:01:02,False,False,1.0,1.0,1.0,0.0,1.0,1.0,1.0,0.0,0.0
SYNTH_0728,Global,success,,511.3,0.82857143,5,0.9898,HLA-A=A*11:01:01:01 | HLA-C=C*01:02:01 | HLA-B=B*56:01:01:03 | DRB345=Abs | DRB1=DRB1*01:01:01 | DQA1=DQA1*01:01:01:02SG | DQB1=DQB1*05:01:01:03 | DPA1=DPA1*01:03:01:03 | DPB1=DPB1*06:01:01,HLA-A=A*02:01:01:01 | HLA-C=C*05:01:01:02 | HLA-B=B*44:02:01:01 | DRB345=DRB4*01:03:01:01/DRB4*01:03:01:01:03 | DRB1=DRB1*04:01:01:01SG | DQA1=DQA1*03:03:01:01 | DQB1=DQB1*03:01:01:01 | DPA1=DPA1*01:03:01:04 | DPB1=DPB1*04:01:01:01/DPB1*04:01:01:02,False,False,1.0,1.0,1.0,0.0,1.0,1.0,1.0,1.0,0.0
SYNTH_0729,Global,success,,330.3,0.26597938,16,3.0372,HLA-A=A*02:01:01:01 | HLA-C=C*07:02:01:03 | HLA-B=B*07:02:01 | DRB345=DRB5*01:01:01 | DRB1=DRB1*15:01:01:01SG | DQA1=DQA1*01:02:01:01SG | DQB1=DQB1*06:02:01 | DPA1=DPA1*01:03:01:04 | DPB1=DPB1*04:01:01:01/DPB1*04:01:01:02,HLA-A=A*31:01:02:01 | HLA-C=C*04:01:01:06 | HLA-B=B*35:02:01 | DRB345=DRB4*01:03:01:01/DRB4*01:03:01:01:03 | DRB1=DRB1*04:03:01 | DQA1=DQA1*03:01:01 | DQB1=DQB1*03:05:01 | DPA1=DPA1*01:03:01:04 | DPB1=DPB1*04:01:01:01/DPB1*04:01:01:02,False,False,1.0,1.0,1.0,0.0,1.0,1.0,1.0,1.0,0.0
SYNTH_0730,Global,success,,437.4,0.66666667,2,0.9183,HLA-A=A*02:01:01:01 | HLA-C=C*05:01:01:02 | HLA-B=B*44:02:01:01 | DRB345=DRB3*02:02:01:02 | DRB1=DRB1*11:04:01 | DQA1=DQA1*05:05:01:01SG | DQB1=DQB1*03:01:01:03 | DPA1=DPA1*01:03:01:05 | DPB1=DPB1*04:02:01:02,HLA-A=A*68:02:01:01 | HLA-C=C*08:02:01:01 | HLA-B=B*14:02:01:01 | DRB345=Abs | DRB1=DRB1*01:02:01 | DQA1=DQA1*01:01:02 | DQB1=DQB1*05:01:01:01 | DPA1=DPA1*01:03:01:05 | DPB1=DPB1*04:02:01:02,True,True,1.0,1.0,1.0,1.0,1.0,1.0,1.0,1.0,1.0
SYNTH_0731,Global,success,,442.5,1.0,1,0.0,HLA-A=A*03:01:01:01 | HLA-C=C*07:02:01:03 | HLA-B=B*07:02:01 | DRB345=DRB5*01:01:01 | DRB1=DRB1*15:01:01:01SG | DQA1=DQA1*01:02:01:01SG | DQB1=DQB1*06:02:01 | DPA1=DPA1*01:03:01:02 | DPB1=DPB1*04:01:01:01/DPB1*04:01:01:02,HLA-A=A*02:01:01:01 | HLA-C=C*03:04:01:01 | HLA-B=B*40:01:02 | DRB345=DRB3*03:01:01 | DRB1=DRB1*13:02:01 | DQA1=DQA1*01:02:01:04SG | DQB1=DQB1*06:04:01 | DPA1=DPA1*01:03:01:05 | DPB1=DPB1*04:02:01:02,False,False,1.0,1.0,1.0,1.0,1.0,1.0,1.0,1.0,0.0
SYNTH_0732,Global,success,,430.5,0.96666667,2,0.2108,HLA-A=A*68:03:01 | HLA-C=C*03:05 | HLA-B=B*35:01:01:02 | DRB345=DRB4*01:03:01:01/DRB4*01:03:01:01:03 | DRB1=DRB1*04:07:01 | DQA1=DQA1*03:01:01 | DQB1=DQB1*03:02:01 | DPA1=DPA1*01:03:01:05 | DPB1=DPB1*04:02:01:02,HLA-A=A*02:01:01:01 | HLA-C=C*05:01:01:02 | HLA-B=B*44:02:01:01 | DRB345=DRB4*01:03:01:01/DRB4*01:03:01:01:03 | DRB1=DRB1*04:01:01:01SG | DQA1=DQA1*03:03:01:01 | DQB1=DQB1*03:01:01:01 | DPA1=DPA1*01:03:01:04 | DPB1=DPB1*04:01:01:01/DPB1*04:01:01:02,False,False,1.0,1.0,1.0,0.0,1.0,1.0,1.0,1.0,0.0
SYNTH_0733,Global,success,,464.8,0.24244186,36,3.7353,HLA-A=A*01:01:01:01 | HLA-C=C*07:01:01:01 | HLA-B=B*08:01:01:01 | DRB345=DRB3*01:01:02:01 | DRB1=DRB1*03:01:01:01SG | DQA1=DQA1*05:01:01:02 | DQB1=DQB1*02:01:01 | DPA1=DPA1*01:03:01:02 | DPB1=DPB1*04:01:01:01/DPB1*04:01:01:02,HLA-A=A*03:01:01:01 | HLA-C=C*07:02:01:03 | HLA-B=B*07:02:01 | DRB345=DRB3*02:02:01:02 | DRB1=DRB1*11:04:01 | DQA1=DQA1*05:05:01:01SG | DQB1=DQB1*03:01:01:03 | DPA1=DPA1*01:04 | DPB1=DPB1*15:01:01,False,False,1.0,1.0,1.0,1.0,1.0,1.0,1.0,0.0,0.0
SYNTH_0734,Global,success,,259.1,1.0,1,0.0,HLA-A=A*02:01:01:01 | HLA-C=C*07:02:01:03 | HLA-B=B*07:02:01 | DRB345=Abs | DRB1=DRB1*01:03 | DQA1=DQA1*01:01:01:02SG | DQB1=DQB1*05:01:01:03 | DPA1=DPA1*01:03:01:01 | DPB1=DPB1*02:01:02/DPB1*02:01:19,HLA-A=A*31:01:02:01 | HLA-C=C*03:03:01:01 | HLA-B=B*15:01:01:01 | DRB345=DRB3*02:02:01:02 | DRB1=DRB1*12:01:01:01 | DQA1=DQA1*05:05:01:03 | DQB1=DQB1*03:01:01:01 | DPA1=DPA1*01:03:01:04 | DPB1=DPB1*04:01:01:01/DPB1*04:01:01:02,False,False,1.0,1.0,1.0,1.0,1.0,1.0,1.0,1.0,0.0
SYNTH_0735,Global,success,,247.5,0.22,10,2.9855,HLA-A=A*02:01:01:01 | HLA-C=C*05:01:01:02 | HLA-B=B*44:02:01:01 | DRB345=Abs | DRB1=DRB1*08:01:01 | DQA1=DQA1*04:01:01 | DQB1=DQB1*04:02:01 | DPA1=DPA1*01:03:01:02 | DPB1=DPB1*04:01:01:01/DPB1*04:01:01:02,HLA-A=A*02:01:01:01 | HLA-C=C*06:02:01:01 | HLA-B=B*57:01:01 | DRB345=DRB4*01:03:01:02N | DRB1=DRB1*07:01:01:01SG | DQA1=DQA1*02:01:01:01SG | DQB1=DQB1*03:03:02:01 | DPA1=DPA1*01:03:01:02 | DPB1=DPB1*04:01:01:01/DPB1*04:01:01:02,False,False,1.0,1.0,1.0,1.0,1.0,1.0,1.0,1.0,0.0
SYNTH_0736,Global,success,,349.6,0.59893048,6,1.7076,HLA-A=A*03:01:01:01 | HLA-C=C*07:02:01:03 | HLA-B=B*07:02:01 | DRB345=DRB5*01:01:01 | DRB1=DRB1*15:01:01:01SG | DQA1=DQA1*01:02:01:01SG | DQB1=DQB1*06:02:01 | DPA1=DPA1*01:03:01:02 | DPB1=DPB1*04:01:01:01/DPB1*04:01:01:02,HLA-A=A*26:01:01:01 | HLA-C=C*04:01:01:06 | HLA-B=B*35:01:01:02 | DRB345=DRB4*01:03:01:01/DRB4*01:03:01:01:03 | DRB1=DRB1*04:02:01 | DQA1=DQA1*03:01:01 | DQB1=DQB1*03:02:01 | DPA1=DPA1*01:03:01:02 | DPB1=DPB1*04:01:01:01/DPB1*04:01:01:02,False,False,0.0,1.0,1.0,0.0,1.0,1.0,1.0,1.0,0.0
SYNTH_0737,Global,success,,124.2,1.0,1,0.0,HLA-A=A*01:01:01:01 | HLA-C=C*07:01:01:01 | HLA-B=B*08:01:01:01 | DRB345=DRB3*01:01:02:01 | DRB1=DRB1*03:01:01:01SG | DQA1=DQA1*05:01:01:02 | DQB1=DQB1*02:01:01 | DPA1=DPA1*01:03:01:02 | DPB1=DPB1*04:01:01:01/DPB1*04:01:01:02,HLA-A=A*26:01:01:01 | HLA-C=C*12:03:01:01 | HLA-B=B*38:01:01 | DRB345=DRB3*02:02:01:02 | DRB1=DRB1*11:01:01:01 | DQA1=DQA1*05:05:01:01SG | DQB1=DQB1*03:01:01:03 | DPA1=DPA1*01:03:01:01 | DPB1=DPB1*02:01:02/DPB1*02:01:19,False,False,1.0,1.0,1.0,1.0,1.0,1.0,1.0,1.0,0.0
SYNTH_0738,Global,success,,118.3,0.81818182,2,0.684,HLA-A=A*30:01:01 | HLA-C=C*06:02:01:01 | HLA-B=B*13:02:01 | DRB345=DRB4*01:03:01:01/DRB4*01:03:01:01:03 | DRB1=DRB1*07:01:01:01SG | DQA1=DQA1*02:01:01:01SG | DQB1=DQB1*02:02:01:01 | DPA1=DPA1*01:03:01:02 | DPB1=DPB1*04:01:01:01/DPB1*04:01:01:02,HLA-A=A*25:01:01 | HLA-C=C*12:03:01:01 | HLA-B=B*18:01:01:02 | DRB345=Abs | DRB1=DRB1*01:01:01 | DQA1=DQA1*01:01:01:02SG | DQB1=DQB1*05:01:01:03 | DPA1=DPA1*01:03:01:05 | DPB1=DPB1*04:02:01:02,False,False,1.0,1.0,1.0,0.0,1.0,1.0,1.0,1.0,0.0
SYNTH_0739,Global,success,,105.2,0.6,2,0.971,HLA-A=A*29:02:01:01 | HLA-C=C*08:02:01:01 | HLA-B=B*14:02:01:01 | DRB345=DRB4*01:01:01:01 | DRB1=DRB1*07:01:01:01SG | DQA1=DQA1*02:01:01:01SG | DQB1=DQB1*02:02:01:01 | DPA1=DPA1*01:04 | DPB1=DPB1*15:01:01,HLA-A=A*03:01:01:01 | HLA-C=C*07:02:01:03 | HLA-B=B*07:02:01 | DRB345=DRB4*01:03:01:01/DRB4*01:03:01:01:03 | DRB1=DRB1*04:01:01:01SG | DQA1=DQA1*03:01:01 | DQB1=DQB1*03:02:01 | DPA1=DPA1*01:03:01:02 | DPB1=DPB1*04:01:01:01/DPB1*04:01:01:02,False,False,1.0,1.0,1.0,0.0,1.0,1.0,1.0,1.0,0.0
SYNTH_0740,Global,success,,122.7,0.46333333,10,2.1531,HLA-A=A*01:01:01:01 | HLA-C=C*07:01:01:01 | HLA-B=B*08:01:01:01 | DRB345=DRB3*01:01:02:01 | DRB1=DRB1*03:01:01:01SG | DQA1=DQA1*05:01:01:02 | DQB1=DQB1*02:01:01 | DPA1=DPA1*01:03:01:02 | DPB1=DPB1*04:01:01:01/DPB1*04:01:01:02,HLA-A=A*30:02:01:02 | HLA-C=C*03:04:02 | HLA-B=B*15:10:01 | DRB345=DRB3*02:02:01:01 | DRB1=DRB1*03:01:01:01SG | DQA1=DQA1*05:01:01:01 | DQB1=DQB1*02:01:01 | DPA1=DPA1*02:01:08 | DPB1=DPB1*01:01:01,False,False,1.0,1.0,1.0,1.0,1.0,1.0,1.0,1.0,0.0
SYNTH_0741,Global,success,,70.2,1.0,1,0.0,HLA-A=A*02:01:01:01 | HLA-C=C*15:02:01:01 | HLA-B=B*51:01:01:01 | DRB345=DRB4*01:03:01:01/DRB4*01:03:01:01:03 | DRB1=DRB1*04:07:01 | DQA1=DQA1*03:03:01:01 | DQB1=DQB1*03:01:01:01 | DPA1=DPA1*01:03:01:03 | DPB1=DPB1*03:01:01,HLA-A=A*02:01:01:01 | HLA-C=C*07:01:01:01 | HLA-B=B*08:01:01:01 | DRB345=DRB3*01:01:02:01 | DRB1=DRB1*03:01:01:01SG | DQA1=DQA1*05:01:01:02 | DQB1=DQB1*02:01:01 | DPA1=DPA1*01:03:01:04 | DPB1=DPB1*04:01:01:01/DPB1*04:01:01:02,False,False,1.0,1.0,1.0,0.0,1.0,1.0,1.0,1.0,0.0
SYNTH_0742,Global,success,,174.5,1.0,1,0.0,HLA-A=A*02:01:01:01 | HLA-C=C*03:04:01:01 | HLA-B=B*40:01:02 | DRB345=DRB3*03:01:01 | DRB1=DRB1*13:02:01 | DQA1=DQA1*01:02:01:04SG | DQB1=DQB1*06:04:01 | DPA1=DPA1*01:03:01:02 | DPB1=DPB1*04:01:01:01/DPB1*04:01:01:02,HLA-A=A*02:01:01:01 | HLA-C=C*03:03:01:01 | HLA-B=B*15:01:01:01 | DRB345=DRB4*01:03:01:01/DRB4*01:03:01:01:03 | DRB1=DRB1*07:01:01:01SG | DQA1=DQA1*02:01:01:01SG | DQB1=DQB1*03:03:02:01 | DPA1=DPA1*01:03:01:02 | DPB1=DPB1*04:01:01:01/DPB1*04:01:01:02,False,False,1.0,1.0,1.0,0.0,1.0,1.0,1.0,1.0,0.0
SYNTH_0743,Global,success,,385.4,0.46583482,12,2.4718,HLA-A=A*03:01:01:01 | HLA-C=C*07:02:01:03 | HLA-B=B*07:02:01 | DRB345=DRB5*01:01:01 | DRB1=DRB1*15:01:01:01SG | DQA1=DQA1*01:02:01:01SG | DQB1=DQB1*06:02:01 | DPA1=DPA1*01:03:01:02 | DPB1=DPB1*04:01:01:01/DPB1*04:01:01:02,HLA-A=A*03:01:01:01 | HLA-C=C*08:02:01:01 | HLA-B=B*14:02:01:01 | DRB345=DRB3*03:01:01 | DRB1=DRB1*13:02:01 | DQA1=DQA1*01:02:01:04SG | DQB1=DQB1*06:09:01 | DPA1=DPA1*02:01:01:01 | DPB1=DPB1*05:01:01,False,False,0.0,1.0,1.0,1.0,1.0,1.0,1.0,1.0,0.0
SYNTH_0744,Global,success,,337.4,1.0,1,0.0,HLA-A=A*02:01:01:01 | HLA-C=C*05:01:01:02 | HLA-B=B*44:02:01:01 | DRB345=DRB4*01:03:01:01/DRB4*01:03:01:01:03 | DRB1=DRB1*04:01:01:01SG | DQA1=DQA1*03:03:01:01 | DQB1=DQB1*03:01:01:01 | DPA1=DPA1*01:03:01:02 | DPB1=DPB1*04:01:01:01/DPB1*04:01:01:02,HLA-A=A*30:02:01:01 | HLA-C=C*05:01:01:01 | HLA-B=B*18:01:01:01 | DRB345=DRB3*02:02:01:01 | DRB1=DRB1*03:01:01:01SG | DQA1=DQA1*05:01:01:01 | DQB1=DQB1*02:01:01 | DPA1=DPA1*01:03:01:01 | DPB1=DPB1*02:02,False,False,1.0,1.0,1.0,0.0,1.0,1.0,1.0,1.0,0.0
SYNTH_0745,Global,success,,291.9,1.0,1,0.0,HLA-A=A*03:01:01:01 | HLA-C=C*07:02:01:03 | HLA-B=B*07:02:01 | DRB345=DRB5*01:01:01 | DRB1=DRB1*15:01:01:01SG | DQA1=DQA1*01:02:01:01SG | DQB1=DQB1*06:02:01 | DPA1=DPA1*01:03:01:02 | DPB1=DPB1*04:01:01:01/DPB1*04:01:01:02,HLA-A=A*25:01:01 | HLA-C=C*12:03:01:01 | HLA-B=B*18:01:01:02 | DRB345=DRB5*01:01:01 | DRB1=DRB1*15:01:01:01SG | DQA1=DQA1*01:02:01:01SG | DQB1=DQB1*06:02:01 | DPA1=DPA1*01:03:01:02 | DPB1=DPB1*04:01:01:01/DPB1*04:01:01:02,False,False,1.0,1.0,1.0,1.0,1.0,1.0,1.0,1.0,0.0
SYNTH_0746,Global,success,,346.3,0.11277778,96,5.3048,HLA-A=A*02:01:01:01 | HLA-C=C*05:01:01:02 | HLA-B=B*44:02:01:01 | DRB345=DRB4*01:03:01:01/DRB4*01:03:01:01:03 | DRB1=DRB1*04:01:01:01SG | DQA1=DQA1*03:03:01:01 | DQB1=DQB1*03:01:01:01 | DPA1=DPA1*01:03:01:04 | DPB1=DPB1*04:01:01:01/DPB1*04:01:01:02,HLA-A=A*02:01:01:01 | HLA-C=C*03:04:01:01 | HLA-B=B*40:01:02 | DRB345=DRB4*01:03:01:01/DRB4*01:03:01:01:03 | DRB1=DRB1*04:04:01 | DQA1=DQA1*03:01:01 | DQB1=DQB1*03:02:01 | DPA1=DPA1*01:03:01:03 | DPB1=DPB1*06:01:01,False,False,1.0,1.0,1.0,0.0,1.0,1.0,1.0,1.0,0.0
SYNTH_0747,Global,success,,326.0,1.0,1,0.0,HLA-A=A*01:01:01:01 | HLA-C=C*07:01:01:01 | HLA-B=B*08:01:01:01 | DRB345=DRB3*01:01:02:01 | DRB1=DRB1*03:01:01:01SG | DQA1=DQA1*05:01:01:01 | DQB1=DQB1*02:01:01 | DPA1=DPA1*01:03:01:01 | DPB1=DPB1*04:01:01:01/DPB1*04:01:01:02,HLA-A=A*30:01:01 | HLA-C=C*06:02:01:01 | HLA-B=B*13:02:01 | DRB345=DRB4*01:03:01:01/DRB4*01:03:01:01:03 | DRB1=DRB1*07:01:01:01SG | DQA1=DQA1*02:01:01:01SG | DQB1=DQB1*02:02:01:01 | DPA1=DPA1*02:01:01:01 | DPB1=DPB1*17:01,False,False,1.0,1.0,1.0,0.0,1.0,1.0,1.0,1.0,0.0
SYNTH_0748,Global,success,,325.7,0.5203252,6,1.8791,HLA-A=A*03:01:01:01 | HLA-C=C*07:02:01:03 | HLA-B=B*07:02:01 | DRB345=DRB3*01:01:02:01 | DRB1=DRB1*13:01:01:01SG | DQA1=DQA1*01:03:01:02SG | DQB1=DQB1*06:03:01 | DPA1=DPA1*01:03:01:02 | DPB1=DPB1*04:01:01:01/DPB1*04:01:01:02,HLA-A=A*02:01:01:01 | HLA-C=C*03:04:01:01 | HLA-B=B*15:01:01:01 | DRB345=DRB4*01:03:01:01/DRB4*01:03:01:01:03 | DRB1=DRB1*04:01:01:01SG | DQA1=DQA1*03:01:01 | DQB1=DQB1*03:02:01 | DPA1=DPA1*01:03:01:02 | DPB1=DPB1*04:01:01:01/DPB1*04:01:01:02,False,False,1.0,1.0,1.0,0.0,1.0,1.0,1.0,1.0,0.0
SYNTH_0749,Global,success,,325.1,0.91011236,2,0.4361,HLA-A=A*01:01:01:01 | HLA-C=C*07:01:01:01 | HLA-B=B*08:01:01:01 | DRB345=DRB3*01:01:02:01 | DRB1=DRB1*03:01:01:01SG | DQA1=DQA1*05:01:01:02 | DQB1=DQB1*02:01:01 | DPA1=DPA1*02:01:02 | DPB1=DPB1*01:01:01,HLA-A=A*02:01:01:01 | HLA-C=C*07:02:01:03 | HLA-B=B*07:02:01 | DRB345=DRB5*01:01:01 | DRB1=DRB1*15:01:01:01SG | DQA1=DQA1*01:02:01:01SG | DQB1=DQB1*06:02:01 | DPA1=DPA1*01:03:01:02 | DPB1=DPB1*04:01:01:01/DPB1*04:01:01:02,False,False,1.0,1.0,1.0,1.0,1.0,1.0,1.0,1.0,0.0
SYNTH_0750,Global,success,,183.2,1.0,1,0.0,HLA-A=A*01:01:01:01 | HLA-C=C*06:02:01:01 | HLA-B=B*37:01:01 | DRB345=DRB5*01:01:01 | DRB1=DRB1*15:01:01:01SG | DQA1=DQA1*01:02:01:01SG | DQB1=DQB1*06:02:01 | DPA1=DPA1*01:03:01:04 | DPB1=DPB1*04:01:01:01/DPB1*04:01:01:02,HLA-A=A*29:02:01:01 | HLA-C=C*16:01:01:01 | HLA-B=B*44:03:01:01 | DRB345=DRB4*01:01:01:01 | DRB1=DRB1*07:01:01:01SG | DQA1=DQA1*02:01:01:01SG | DQB1=DQB1*02:02:01:01 | DPA1=DPA1*01:03:01:01 | DPB1=DPB1*02:01:02/DPB1*02:01:19,False,False,1.0,1.0,1.0,1.0,1.0,1.0,1.0,1.0,0.0
SYNTH_0751,Global,success,,210.2,0.85802469,3,0.707,HLA-A=A*01:01:01:01 | HLA-C=C*07:01:01:01 | HLA-B=B*08:01:01:01 | DRB345=DRB3*01:01:02:01 | DRB1=DRB1*03:01:01:01SG | DQA1=DQA1*05:01:01:02 | DQB1=DQB1*02:01:01 | DPA1=DPA1*01:03:01:02 | DPB1=DPB1*04:01:01:01/DPB1*04:01:01:02,HLA-A=A*23:01:01 | HLA-C=C*07:01:01:01 | HLA-B=B*49:01:01 | DRB345=DRB5*01:01:01 | DRB1=DRB1*15:01:01:01SG | DQA1=DQA1*01:02:01:01SG | DQB1=DQB1*06:02:01 | DPA1=DPA1*02:01:01:02 | DPB1=DPB1*14:01:01,False,False,1.0,1.0,1.0,1.0,1.0,1.0,1.0,1.0,0.0
SYNTH_0752,Global,success,,197.7,0.216,10,3.0336,HLA-A=A*33:01:01 | HLA-C=C*08:02:01:01 | HLA-B=B*14:02:01:01 | DRB345=Abs | DRB1=DRB1*01:02:01 | DQA1=DQA1*01:01:02 | DQB1=DQB1*05:01:01:01 | DPA1=DPA1*01:03:01:04 | DPB1=DPB1*04:01:01:01/DPB1*04:01:01:02,HLA-A=A*03:01:01:01 | HLA-C=C*07:02:01:03 | HLA-B=B*07:02:01 | DRB345=DRB3*02:02:01:02 | DRB1=DRB1*11:04:01 | DQA1=DQA1*05:05:01:01SG | DQB1=DQB1*03:01:01:03 | DPA1=DPA1*01:04 | DPB1=DPB1*15:01:01,False,False,1.0,1.0,1.0,1.0,1.0,1.0,1.0,0.0,0.0
SYNTH_0753,Global,success,,323.2,0.81818182,2,0.684,HLA-A=A*01:01:01:01 | HLA-C=C*07:01:01:01 | HLA-B=B*08:01:01:01 | DRB345=DRB3*01:01:02:01 | DRB1=DRB1*03:01:01:01SG | DQA1=DQA1*05:01:01:02 | DQB1=DQB1*02:01:01 | DPA1=DPA1*01:03:01:02 | DPB1=DPB1*04:01:01:01/DPB1*04:01:01:02,HLA-A=A*30:01:01 | HLA-C=C*06:02:01:01 | HLA-B=B*13:02:01 | DRB345=DRB4*01:03:01:01/DRB4*01:03:01:01:03 | DRB1=DRB1*07:01:01:01SG | DQA1=DQA1*02:01:01:01SG | DQB1=DQB1*02:02:01:01 | DPA1=DPA1*01:03:01:02 | DPB1=DPB1*04:01:01:01/DPB1*04:01:01:02,False,False,1.0,1.0,1.0,0.0,1.0,1.0,1.0,1.0,0.0
SYNTH_0754,Global,success,,327.7,0.43421053,8,2.4034,HLA-A=A*01:01:01:01 | HLA-C=C*06:02:01:01 | HLA-B=B*37:01:01 | DRB345=Abs | DRB1=DRB1*10:01:01:01 | DQA1=DQA1*01:05:01 | DQB1=DQB1*05:01:01:02 | DPA1=DPA1*01:03:01:02 | DPB1=DPB1*04:01:01:01/DPB1*04:01:01:02,HLA-A=A*29:02:01:01 | HLA-C=C*16:01:01:01 | HLA-B=B*44:03:01:01 | DRB345=DRB4*01:01:01:01 | DRB1=DRB1*07:01:01:01SG | DQA1=DQA1*02:01:01:01SG | DQB1=DQB1*02:02:01:01 | DPA1=DPA1*02:01:01:01 | DPB1=DPB1*11:01:01,False,False,1.0,1.0,1.0,1.0,1.0,1.0,1.0,1.0,0.0
SYNTH_0755,Global,success,,246.7,1.0,1,0.0,HLA-A=A*02:01:01:01 | HLA-C=C*06:02:01:01 | HLA-B=B*13:02:01 | DRB345=DRB4*01:03:01:01/DRB4*01:03:01:01:03 | DRB1=DRB1*07:01:01:01SG | DQA1=DQA1*02:01:01:01SG | DQB1=DQB1*02:02:01:01 | DPA1=DPA1*01:03:01:01 | DPB1=DPB1*02:01:02/DPB1*02:01:19,HLA-A=A*02:01:01:01 | HLA-C=C*07:02:01:01 | HLA-B=B*39:02:02 | DRB345=DRB5*02:02 | DRB1=DRB1*16:02:01:02 | DQA1=DQA1*05:05:01:05SG | DQB1=DQB1*03:01:01:01 | DPA1=DPA1*01:03:01:05 | DPB1=DPB1*04:02:01:02,False,False,1.0,1.0,1.0,0.0,1.0,1.0,1.0,1.0,0.0
SYNTH_0756,Global,success,,234.4,1.0,1,0.0,HLA-A=A*02:01:01:01 | HLA-C=C*03:04:01:01 | HLA-B=B*40:01:02 | DRB345=DRB3*03:01:01 | DRB1=DRB1*13:02:01 | DQA1=DQA1*01:02:01:04SG | DQB1=DQB1*06:04:01 | DPA1=DPA1*01:03:01:02 | DPB1=DPB1*04:01:01:01/DPB1*04:01:01:02,HLA-A=A*02:01:01:01 | HLA-C=C*01:02:01 | HLA-B=B*27:05:02 | DRB345=Abs | DRB1=DRB1*01:01:01 | DQA1=DQA1*01:01:01:02SG | DQB1=DQB1*05:01:01:03 | DPA1=DPA1*01:03:01:03 | DPB1=DPB1*20:01:01,False,False,1.0,1.0,1.0,1.0,1.0,1.0,1.0,1.0,0.0
SYNTH_0757,Global,success,,258.9,0.59893048,6,1.7076,HLA-A=A*03:01:01:01 | HLA-C=C*07:02:01:03 | HLA-B=B*07:02:01 | DRB345=DRB5*01:01:01 | DRB1=DRB1*15:01:01:01SG | DQA1=DQA1*01:02:01:01SG | DQB1=DQB1*06:02:01 | DPA1=DPA1*01:03:01:02 | DPB1=DPB1*04:01:01:01/DPB1*04:01:01:02,HLA-A=A*02:01:01:01 | HLA-C=C*04:01:01:01 | HLA-B=B*35:03:01 | DRB345=DRB3*02:02:01:02 | DRB1=DRB1*12:01:01:03 | DQA1=DQA1*05:05:01:05SG | DQB1=DQB1*03:01:01:01 | DPA1=DPA1*02:01:01:02 | DPB1=DPB1*04:01:01:01/DPB1*04:01:01:02,False,False,1.0,1.0,1.0,1.0,1.0,1.0,1.0,1.0,0.0
SYNTH_0758,Global,success,,241.8,1.0,1,0.0,HLA-A=A*02:01:01:01 | HLA-C=C*05:01:01:02 | HLA-B=B*44:02:01:01 | DRB345=DRB4*01:03:01:01/DRB4*01:03:01:01:03 | DRB1=DRB1*04:01:01:01SG | DQA1=DQA1*03:03:01:01 | DQB1=DQB1*03:01:01:01 | DPA1=DPA1*01:03:01:02 | DPB1=DPB1*04:01:01:01/DPB1*04:01:01:02,HLA-A=A*03:01:01:01 | HLA-C=C*08:02:01:01 | HLA-B=B*14:02:01:01 | DRB345=DRB3*03:01:01 | DRB1=DRB1*13:02:01 | DQA1=DQA1*01:02:01:04SG | DQB1=DQB1*06:09:01 | DPA1=DPA1*02:01:01:01 | DPB1=DPB1*05:01:01,False,False,1.0,1.0,1.0,0.0,1.0,1.0,1.0,1.0,0.0
SYNTH_0759,Global,success,,322.0,0.44329897,8,2.0662,HLA-A=A*02:01:01:01 | HLA-C=C*07:02:01:03 | HLA-B=B*07:02:01 | DRB345=DRB5*01:01:01 | DRB1=DRB1*15:01:01:01SG | DQA1=DQA1*01:02:01:01SG | DQB1=DQB1*06:02:01 | DPA1=DPA1*01:03:01:04 | DPB1=DPB1*04:01:01:01/DPB1*04:01:01:02,HLA-A=A*02:01:01:01 | HLA-C=C*12:03:01:01 | HLA-B=B*38:01:01 | DRB345=DRB3*01:01:02:01 | DRB1=DRB1*13:01:01:01SG | DQA1=DQA1*01:03:01:02SG | DQB1=DQB1*06:03:01 | DPA1=DPA1*01:03:01:04 | DPB1=DPB1*04:01:01:01/DPB1*04:01:01:02,False,False,0.0,1.0,1.0,1.0,1.0,1.0,1.0,1.0,0.0
SYNTH_0760,Global,success,,297.0,0.53571429,4,1.2134,HLA-A=A*01:01:01:01 | HLA-C=C*07:01:01:01 | HLA-B=B*08:01:01:01 | DRB345=DRB3*01:01:02:01 | DRB1=DRB1*03:01:01:01SG | DQA1=DQA1*05:01:01:02 | DQB1=DQB1*02:01:01 | DPA1=DPA1*02:01:02 | DPB1=DPB1*01:01:01,HLA-A=A*02:01:01:01 | HLA-C=C*05:01:01:02 | HLA-B=B*44:02:01:01 | DRB345=DRB4*01:03:01:01/DRB4*01:03:01:01:03 | DRB1=DRB1*04:01:01:01SG | DQA1=DQA1*03:03:01:01 | DQB1=DQB1*03:01:01:01 | DPA1=DPA1*01:03:01:01 | DPB1=DPB1*02:01:02/DPB1*02:01:19,False,False,1.0,1.0,1.0,0.0,1.0,1.0,1.0,1.0,0.0
SYNTH_0761,Global,success,,214.9,0.44,5,2.0409,HLA-A=A*26:01:01:01 | HLA-C=C*12:03:01:01 | HLA-B=B*38:01:01 | DRB345=DRB3*03:01:01 | DRB1=DRB1*13:02:01 | DQA1=DQA1*01:02:01:04SG | DQB1=DQB1*06:09:01 | DPA1=DPA1*01:03:01:04 | DPB1=DPB1*04:01:01:01/DPB1*04:01:01:02,HLA-A=A*02:01:01:01 | HLA-C=C*07:02:01:03 | HLA-B=B*07:02:01 | DRB345=Abs | DRB1=DRB1*01:01:01 | DQA1=DQA1*01:01:01:02SG | DQB1=DQB1*05:01:01:03 | DPA1=DPA1*01:03:01:02 | DPB1=DPB1*04:01:01:01/DPB1*04:01:01:02,False,False,1.0,1.0,1.0,1.0,1.0,1.0,1.0,1.0,0.0
SYNTH_0762,Global,success,,219.0,0.41432157,36,2.7531,HLA-A=A*03:01:01:01 | HLA-C=C*07:02:01:03 | HLA-B=B*07:02:01 | DRB345=DRB5*01:01:01 | DRB1=DRB1*15:01:01:01SG | DQA1=DQA1*01:02:01:01SG | DQB1=DQB1*06:02:01 | DPA1=DPA1*01:03:01:02 | DPB1=DPB1*04:01:01:01/DPB1*04:01:01:02,HLA-A=A*03:01:01:01 | HLA-C=C*07:02:01:03 | HLA-B=B*07:02:01 | DRB345=DRB5*01:01:01 | DRB1=DRB1*15:01:01:01SG | DQA1=DQA1*01:02:01:01SG | DQB1=DQB1*06:02:01 | DPA1=DPA1*01:03:01:02 | DPB1=DPB1*04:01:01:01/DPB1*04:01:01:02,False,False,1.0,1.0,1.0,1.0,1.0,1.0,1.0,0.0,0.0
SYNTH_0763,Global,success,,194.1,0.55555556,2,0.9911,HLA-A=A*68:05 | HLA-C=C*04:01:01:01 | HLA-B=B*40:05 | DRB345=DRB4*01:03:01:01/DRB4*01:03:01:01:03 | DRB1=DRB1*04:04:01 | DQA1=DQA1*04:01:01 | DQB1=DQB1*03:02:01 | DPA1=DPA1*01:03:01:05 | DPB1=DPB1*04:02:01:02,HLA-A=A*02:01:01:01 | HLA-C=C*05:01:01:02 | HLA-B=B*44:02:01:01 | DRB345=DRB4*01:03:01:01/DRB4*01:03:01:01:03 | DRB1=DRB1*04:01:01:01SG | DQA1=DQA1*03:03:01:01 | DQB1=DQB1*03:01:01:01 | DPA1=DPA1*01:03:01:01 | DPB1=DPB1*02:01:02/DPB1*02:01:19,False,False,1.0,1.0,1.0,0.0,1.0,1.0,1.0,1.0,0.0
SYNTH_0764,Global,success,,191.9,0.82352941,2,0.6723,HLA-A=A*02:01:01:01 | HLA-C=C*17:01:01:05 | HLA-B=B*41:01:01 | DRB345=DRB3*02:02:01:01 | DRB1=DRB1*03:01:01:01SG | DQA1=DQA1*05:01:01:01 | DQB1=DQB1*02:01:01 | DPA1=DPA1*01:03:01:01 | DPB1=DPB1*02:01:02/DPB1*02:01:19,HLA-A=A*01:01:01:01 | HLA-C=C*07:01:01:01 | HLA-B=B*08:01:01:01 | DRB345=DRB3*01:01:02:01 | DRB1=DRB1*03:01:01:01SG | DQA1=DQA1*05:01:01:02 | DQB1=DQB1*02:01:01 | DPA1=DPA1*01:03:01:05 | DPB1=DPB1*04:02:01:02,False,False,1.0,1.0,1.0,1.0,1.0,1.0,1.0,1.0,0.0
SYNTH_0765,Global,success,,200.1,1.0,1,0.0,HLA-A=A*02:01:01:01 | HLA-C=C*05:01:01:02 | HLA-B=B*44:02:01:01 | DRB345=DRB3*01:01:02:01 | DRB1=DRB1*13:01:01:01SG | DQA1=DQA1*01:03:01:02SG | DQB1=DQB1*06:03:01 | DPA1=DPA1*01:03:01:02 | DPB1=DPB1*04:01:01:01/DPB1*04:01:01:02,HLA-A=A*02:01:01:01 | HLA-C=C*06:02:01:01 | HLA-B=B*57:01:01 | DRB345=DRB4*01:03:01:02N | DRB1=DRB1*07:01:01:01SG | DQA1=DQA1*02:01:01:01SG | DQB1=DQB1*03:03:02:01 | DPA1=DPA1*01:03:01:04 | DPB1=DPB1*04:01:01:01/DPB1*04:01:01:02,False,False,1.0,1.0,1.0,1.0,1.0,1.0,1.0,1.0,0.0
SYNTH_0766,Global,success,,125.8,0.57142857,2,0.9852,HLA-A=A*01:01:01:01 | HLA-C=C*06:02:01:01 | HLA-B=B*57:01:01 | DRB345=DRB4*01:03:01:02N | DRB1=DRB1*07:01:01:01SG | DQA1=DQA1*02:01:01:01SG | DQB1=DQB1*03:03:02:01 | DPA1=DPA1*01:03:01:02 | DPB1=DPB1*04:01:01:01/DPB1*04:01:01:02,HLA-A=A*02:01:01:01 | HLA-C=C*04:01:01:01 | HLA-B=B*35:01:01:02 | DRB345=DRB4*01:03:01:01/DRB4*01:03:01:01:03 | DRB1=DRB1*04:04:01 | DQA1=DQA1*03:01:01 | DQB1=DQB1*03:02:01 | DPA1=DPA1*01:03:01:02 | DPB1=DPB1*02:01:02/DPB1*02:01:19,False,False,1.0,1.0,1.0,0.0,1.0,1.0,1.0,1.0,0.0
SYNTH_0767,Global,success,,167.1,1.0,1,0.0,HLA-A=A*01:01:01:01 | HLA-C=C*07:02:01:03 | HLA-B=B*07:02:01 | DRB345=DRB5*01:01:01 | DRB1=DRB1*15:01:01:01SG | DQA1=DQA1*01:02:01:01SG | DQB1=DQB1*06:02:01 | DPA1=DPA1*01:03:01:05 | DPB1=DPB1*04:02:01:02,HLA-A=A*68:03:01 | HLA-C=C*07:02:01:01 | HLA-B=B*39:05:01 | DRB345=DRB4*01:03:01:01/DRB4*01:03:01:01:03 | DRB1=DRB1*04:07:01 | DQA1=DQA1*03:01:01 | DQB1=DQB1*03:02:01 | DPA1=DPA1*01:03:01:05 | DPB1=DPB1*04:02:01:02,False,False,1.0,1.0,1.0,0.0,1.0,1.0,1.0,1.0,1.0
SYNTH_0768,Global,success,,288.6,0.46333333,10,2.1531,HLA-A=A*01:01:01:01 | HLA-C=C*07:01:01:01 | HLA-B=B*08:01:01:01 | DRB345=DRB3*01:01:02:01 | DRB1=DRB1*03:01:01:01SG | DQA1=DQA1*05:01:01:02 | DQB1=DQB1*02:01:01 | DPA1=DPA1*01:03:01:02 | DPB1=DPB1*04:01:01:01/DPB1*04:01:01:02,HLA-A=A*03:01:01:01 | HLA-C=C*07:02:01:03 | HLA-B=B*07:02:01 | DRB345=DRB3*02:02:01:02 | DRB1=DRB1*11:01:01:01 | DQA1=DQA1*05:05:01:01SG | DQB1=DQB1*03:01:01:03 | DPA1=DPA1*01:03:01:04 | DPB1=DPB1*04:01:01:01/DPB1*04:01:01:02,False,False,1.0,1.0,1.0,1.0,1.0,1.0,1.0,0.0,0.0
SYNTH_0769,Global,success,,166.9,0.82352941,2,0.6723,HLA-A=A*01:01:01:01 | HLA-C=C*07:01:01:01 | HLA-B=B*08:01:01:01 | DRB345=DRB3*01:01:02:01 | DRB1=DRB1*03:01:01:01SG | DQA1=DQA1*05:01:01:02 | DQB1=DQB1*02:01:01 | DPA1=DPA1*01:03:01:05 | DPB1=DPB1*04:02:01:02,HLA-A=A*31:01:02:01 | HLA-C=C*04:01:01:06 | HLA-B=B*35:02:01 | DRB345=DRB4*01:03:01:01/DRB4*01:03:01:01:03 | DRB1=DRB1*04:03:01 | DQA1=DQA1*03:01:01 | DQB1=DQB1*03:05:01 | DPA1=DPA1*01:03:01:04 | DPB1=DPB1*04:01:01:01/DPB1*04:01:01:02,False,False,1.0,1.0,1.0,0.0,1.0,1.0,1.0,1.0,0.0
SYNTH_0770,Global,success,,235.4,0.93478261,2,0.3478,HLA-A=A*02:01:01:01 | HLA-C=C*07:02:01:03 | HLA-B=B*07:02:01 | DRB345=DRB5*01:01:01 | DRB1=DRB1*15:01:01:01SG | DQA1=DQA1*01:02:01:01SG | DQB1=DQB1*06:02:01 | DPA1=DPA1*01:03:01:04 | DPB1=DPB1*04:01:01:01/DPB1*04:01:01:02,HLA-A=A*24:02:01:01 | HLA-C=C*04:01:01:06 | HLA-B=B*35:02:01 | DRB345=DRB3*02:02:01:02 | DRB1=DRB1*11:04:01 | DQA1=DQA1*05:05:01:01SG | DQB1=DQB1*03:01:01:02 | DPA1=DPA1*01:03:01:02 | DPB1=DPB1*04:01:01:01/DPB1*04:01:01:02,False,False,1.0,1.0,1.0,1.0,1.0,1.0,1.0,1.0,0.0
SYNTH_0771,Global,success,,186.9,1.0,1,0.0,HLA-A=A*29:02:01:01 | HLA-C=C*08:02:01:01 | HLA-B=B*14:02:01:01 | DRB345=DRB4*01:01:01:01 | DRB1=DRB1*07:01:01:01SG | DQA1=DQA1*02:01:01:01SG | DQB1=DQB1*02:02:01:01 | DPA1=DPA1*01:04 | DPB1=DPB1*15:01:01,HLA-A=A*29:02:01:01 | HLA-C=C*08:02:01:01 | HLA-B=B*14:02:01:01 | DRB345=DRB4*01:01:01:01 | DRB1=DRB1*07:01:01:01SG | DQA1=DQA1*02:01:01:01SG | DQB1=DQB1*02:02:01:01 | DPA1=DPA1*01:04 | DPB1=DPB1*15:01:01,True,True,1.0,1.0,1.0,1.0,1.0,1.0,1.0,1.0,1.0
SYNTH_0772,Global,success,,192.3,1.0,1,0.0,HLA-A=A*01:01:01:01 | HLA-C=C*06:02:01:01 | HLA-B=B*57:01:01 | DRB345=DRB4*01:03:01:02N | DRB1=DRB1*07:01:01:01SG | DQA1=DQA1*02:01:01:01SG | DQB1=DQB1*03:03:02:01 | DPA1=DPA1*01:03:01:04 | DPB1=DPB1*04:01:01:01/DPB1*04:01:01:02,HLA-A=A*01:01:01:01 | HLA-C=C*07:01:01:01 | HLA-B=B*08:01:01:01 | DRB345=DRB3*01:01:02:01 | DRB1=DRB1*03:01:01:01SG | DQA1=DQA1*05:01:01:02 | DQB1=DQB1*02:01:01 | DPA1=DPA1*02:01:02 | DPB1=DPB1*01:01:01,False,False,1.0,1.0,1.0,1.0,1.0,1.0,1.0,1.0,0.0
SYNTH_0773,Global,success,,169.5,0.94285714,2,0.316,HLA-A=A*02:06:01:01 | HLA-C=C*07:02:01:01 | HLA-B=B*39:02:02 | DRB345=Abs | DRB1=DRB1*08:02:01 | DQA1=DQA1*04:01:01 | DQB1=DQB1*04:02:01 | DPA1=DPA1*01:03:01:05 | DPB1=DPB1*04:02:01:02,HLA-A=A*03:01:01:01 | HLA-C=C*07:02:01:03 | HLA-B=B*07:02:01 | DRB345=DRB5*01:01:01 | DRB1=DRB1*15:01:01:01SG | DQA1=DQA1*01:02:01:01SG | DQB1=DQB1*06:02:01 | DPA1=DPA1*01:03:01:04 | DPB1=DPB1*04:01:01:01/DPB1*04:01:01:02,False,False,1.0,1.0,1.0,1.0,1.0,1.0,1.0,1.0,0.0
SYNTH_0774,Global,success,,240.5,1.0,1,0.0,HLA-A=A*29:01:01:01 | HLA-C=C*16:02:01 | HLA-B=B*51:08:01 | DRB345=DRB3*01:01:02:01 | DRB1=DRB1*13:03:01 | DQA1=DQA1*05:05:01:01SG | DQB1=DQB1*03:01:01:03 | DPA1=DPA1*01:03:01:02 | DPB1=DPB1*104:01,HLA-A=A*02:01:01:01 | HLA-C=C*07:01:01:01 | HLA-B=B*08:01:01:01 | DRB345=DRB3*01:01:02:01 | DRB1=DRB1*03:01:01:01SG | DQA1=DQA1*05:01:01:02 | DQB1=DQB1*02:01:01 | DPA1=DPA1*01:03:01:04 | DPB1=DPB1*04:01:01:01/DPB1*04:01:01:02,False,False,1.0,1.0,1.0,1.0,1.0,1.0,1.0,1.0,0.0
SYNTH_0775,Global,success,,252.0,0.6,2,0.971,HLA-A=A*26:01:01:01 | HLA-C=C*12:03:01:01 | HLA-B=B*38:01:01 | DRB345=DRB3*01:01:02:01 | DRB1=DRB1*13:01:01:01SG | DQA1=DQA1*01:03:01:02SG | DQB1=DQB1*06:03:01 | DPA1=DPA1*01:03:01:01 | DPB1=DPB1*02:01:02/DPB1*02:01:19,HLA-A=A*68:02:01:01 | HLA-C=C*04:01:01:01 | HLA-B=B*53:01:01 | DRB345=DRB3*02:02:01:02 | DRB1=DRB1*11:01:02 | DQA1=DQA1*05:05:01:01SG | DQB1=DQB1*03:19:01 | DPA1=DPA1*02:01:08 | DPB1=DPB1*01:01:01,False,False,1.0,1.0,1.0,1.0,1.0,1.0,1.0,1.0,0.0
SYNTH_0776,Global,success,,262.9,1.0,1,0.0,HLA-A=A*25:01:01 | HLA-C=C*12:03:01:01 | HLA-B=B*39:01:01:03 | DRB345=DRB4*01:01:01:01 | DRB1=DRB1*07:01:01:01SG | DQA1=DQA1*02:01:01:01SG | DQB1=DQB1*02:02:01:01 | DPA1=DPA1*02:02:02 | DPB1=DPB1*04:02:01:02,HLA-A=A*02:01:01:01 | HLA-C=C*06:02:01:01 | HLA-B=B*57:01:01 | DRB345=DRB4*01:03:01:02N | DRB1=DRB1*07:01:01:01SG | DQA1=DQA1*02:01:01:01SG | DQB1=DQB1*03:03:02:01 | DPA1=DPA1*01:03:01:04 | DPB1=DPB1*04:01:01:01/DPB1*04:01:01:02,False,False,1.0,1.0,1.0,1.0,1.0,1.0,1.0,1.0,0.0
SYNTH_0777,Global,success,,209.1,0.33333333,32,3.577,HLA-A=A*02:01:01:01 | HLA-C=C*05:01:01:02 | HLA-B=B*44:02:01:01 | DRB345=DRB4*01:03:01:01/DRB4*01:03:01:01:03 | DRB1=DRB1*04:01:01:01SG | DQA1=DQA1*03:03:01:01 | DQB1=DQB1*03:01:01:01 | DPA1=DPA1*01:03:01:04 | DPB1=DPB1*04:01:01:01/DPB1*04:01:01:02,HLA-A=A*24:02:01:01 | HLA-C=C*07:02:01:03 | HLA-B=B*07:02:01 | DRB345=DRB5*01:01:01 | DRB1=DRB1*15:01:01:01SG | DQA1=DQA1*01:02:01:01SG | DQB1=DQB1*06:02:01 | DPA1=DPA1*01:03:01:02 | DPB1=DPB1*04:01:01:01/DPB1*04:01:01:02,False,False,1.0,1.0,1.0,0.0,1.0,1.0,1.0,1.0,0.0
SYNTH_0778,Global,success,,218.3,0.94285714,2,0.316,HLA-A=A*02:01:01:01 | HLA-C=C*03:03:01:01 | HLA-B=B*15:01:01:01 | DRB345=DRB4*01:03:01:01/DRB4*01:03:01:01:03 | DRB1=DRB1*04:01:01:01SG | DQA1=DQA1*03:01:01 | DQB1=DQB1*03:02:01 | DPA1=DPA1*01:03:01:05 | DPB1=DPB1*04:02:01:02,HLA-A=A*03:01:01:01 | HLA-C=C*07:02:01:03 | HLA-B=B*07:02:01 | DRB345=DRB5*01:01:01 | DRB1=DRB1*15:01:01:01SG | DQA1=DQA1*01:02:01:01SG | DQB1=DQB1*06:02:01 | DPA1=DPA1*01:03:01:04 | DPB1=DPB1*04:01:01:01/DPB1*04:01:01:02,False,False,1.0,1.0,1.0,0.0,1.0,1.0,1.0,1.0,0.0
SYNTH_0779,Global,success,,363.5,1.0,1,0.0,HLA-A=A*25:01:01 | HLA-C=C*12:03:01:01 | HLA-B=B*18:01:01:02 | DRB345=DRB5*01:01:01 | DRB1=DRB1*15:01:01:01SG | DQA1=DQA1*01:02:01:01SG | DQB1=DQB1*06:02:01 | DPA1=DPA1*01:03:01:04 | DPB1=DPB1*23:01:01,HLA-A=A*02:01:01:01 | HLA-C=C*07:02:01:03 | HLA-B=B*07:02:01 | DRB345=DRB3*02:02:01:01 | DRB1=DRB1*14:54:01 | DQA1=DQA1*01:04:01:01SG | DQB1=DQB1*05:03:01:01/DQB1*05:03:01:02 | DPA1=DPA1*01:03:01:01 | DPB1=DPB1*02:01:02/DPB1*02:01:19,False,False,1.0,1.0,1.0,1.0,1.0,1.0,0.0,1.0,0.0
SYNTH_0780,Global,success,,223.8,0.79411765,5,1.1283,HLA-A=A*01:01:01:01 | HLA-C=C*07:01:01:01 | HLA-B=B*08:01:01:01 | DRB345=DRB3*01:01:02:01 | DRB1=DRB1*03:01:01:01SG | DQA1=DQA1*05:01:01:02 | DQB1=DQB1*02:01:01 | DPA1=DPA1*02:01:02 | DPB1=DPB1*01:01:01,HLA-A=A*02:01:01:01 | HLA-C=C*06:02:01:01 | HLA-B=B*37:01:01 | DRB345=DRB3*02:02:01:02 | DRB1=DRB1*11:01:01:01 | DQA1=DQA1*05:05:01:01SG | DQB1=DQB1*03:01:01:03 | DPA1=DPA1*01:03:01:02 | DPB1=DPB1*04:01:01:01/DPB1*04:01:01:02,False,False,1.0,1.0,1.0,1.0,1.0,1.0,1.0,1.0,0.0
SYNTH_0781,Global,success,,206.8,0.45751634,4,1.6634,HLA-A=A*01:01:01:01 | HLA-C=C*07:01:01:01 | HLA-B=B*08:01:01:01 | DRB345=DRB3*01:01:02:01 | DRB1=DRB1*03:01:01:01SG | DQA1=DQA1*05:01:01:02 | DQB1=DQB1*02:01:01 | DPA1=DPA1*01:03:01:05 | DPB1=DPB1*04:02:01:02,HLA-A=A*02:01:01:01 | HLA-C=C*05:01:01:02 | HLA-B=B*44:02:01:01 | DRB345=DRB4*01:03:01:01/DRB4*01:03:01:01:03 | DRB1=DRB1*04:01:01:01SG | DQA1=DQA1*03:03:01:01 | DQB1=DQB1*03:01:01:01 | DPA1=DPA1*01:03:01:01 | DPB1=DPB1*02:01:02/DPB1*02:01:19,False,False,1.0,1.0,1.0,0.0,1.0,1.0,1.0,1.0,0.0
SYNTH_0782,Global,success,,275.9,0.94285714,2,0.316,HLA-A=A*03:01:01:01 | HLA-C=C*07:02:01:03 | HLA-B=B*07:02:01 | DRB345=DRB5*01:01:01 | DRB1=DRB1*15:01:01:01SG | DQA1=DQA1*01:02:01:01SG | DQB1=DQB1*06:02:01 | DPA1=DPA1*01:03:01:05 | DPB1=DPB1*04:02:01:02,HLA-A=A*29:02:01:01 | HLA-C=C*16:01:01:01 | HLA-B=B*44:03:01:01 | DRB345=DRB4*01:01:01:01 | DRB1=DRB1*07:01:01:01SG | DQA1=DQA1*02:01:01:01SG | DQB1=DQB1*02:02:01:01 | DPA1=DPA1*02:01:01:01 | DPB1=DPB1*11:01:01,True,True,1.0,1.0,1.0,1.0,1.0,1.0,1.0,1.0,1.0
SYNTH_0783,Global,success,,203.2,1.0,1,0.0,HLA-A=A*30:01:01 | HLA-C=C*04:01:01:06 | HLA-B=B*35:02:01 | DRB345=DRB3*02:02:01:02 | DRB1=DRB1*11:04:01 | DQA1=DQA1*05:05:01:01SG | DQB1=DQB1*03:01:01:02 | DPA1=DPA1*01:03:01:02 | DPB1=DPB1*104:01,HLA-A=A*30:02:01:01 | HLA-C=C*05:01:01:01 | HLA-B=B*18:01:01:01 | DRB345=DRB3*02:02:01:01 | DRB1=DRB1*03:01:01:01SG | DQA1=DQA1*05:01:01:01 | DQB1=DQB1*02:01:01 | DPA1=DPA1*01:03:01:02 | DPB1=DPB1*04:01:01:01/DPB1*04:01:01:02,False,False,1.0,1.0,1.0,1.0,1.0,1.0,1.0,1.0,0.0
SYNTH_0784,Global,success,,263.5,0.16363636,54,4.1311,HLA-A=A*03:01:01:01 | HLA-C=C*07:02:01:03 | HLA-B=B*07:02:01 | DRB345=DRB5*01:01:01 | DRB1=DRB1*15:01:01:01SG | DQA1=DQA1*01:02:01:01SG | DQB1=DQB1*06:02:01 | DPA1=DPA1*01:03:01:02 | DPB1=DPB1*04:01:01:01/DPB1*04:01:01:02,HLA-A=A*30:01:01 | HLA-C=C*06:02:01:01 | HLA-B=B*13:02:01 | DRB345=DRB4*01:03:01:01/DRB4*01:03:01:01:03 | DRB1=DRB1*07:01:01:01SG | DQA1=DQA1*02:01:01:01SG | DQB1=DQB1*02:02:01:01 | DPA1=DPA1*01:03:01:02 | DPB1=DPB1*04:01:01:01/DPB1*04:01:01:02,False,False,1.0,1.0,1.0,0.0,1.0,1.0,1.0,0.0,0.0
SYNTH_0785,Global,success,,251.0,0.18998527,24,3.515,HLA-A=A*02:01:01:01 | HLA-C=C*07:02:01:03 | HLA-B=B*07:02:01 | DRB345=DRB5*01:01:01 | DRB1=DRB1*15:01:01:01SG | DQA1=DQA1*01:02:01:01SG | DQB1=DQB1*06:02:01 | DPA1=DPA1*01:03:01:05 | DPB1=DPB1*04:02:01:02,HLA-A=A*02:01:01:01 | HLA-C=C*07:02:01:03 | HLA-B=B*07:02:01 | DRB345=DRB5*01:01:01 | DRB1=DRB1*15:01:01:01SG | DQA1=DQA1*01:02:01:01SG | DQB1=DQB1*06:02:01 | DPA1=DPA1*01:03:01:04 | DPB1=DPB1*04:01:01:01/DPB1*04:01:01:02,False,False,0.0,1.0,1.0,1.0,1.0,1.0,1.0,1.0,0.0
SYNTH_0786,Global,success,,223.0,1.0,1,0.0,HLA-A=A*03:01:01:01 | HLA-C=C*07:02:01:03 | HLA-B=B*07:02:01 | DRB345=DRB5*01:01:01 | DRB1=DRB1*15:01:01:01SG | DQA1=DQA1*01:02:01:01SG | DQB1=DQB1*06:02:01 | DPA1=DPA1*01:03:01:02 | DPB1=DPB1*04:01:01:01/DPB1*04:01:01:02,HLA-A=A*23:01:01 | HLA-C=C*07:01:01:01 | HLA-B=B*49:01:01 | DRB345=DRB3*02:02:01:02 | DRB1=DRB1*11:04:01 | DQA1=DQA1*05:05:01:01SG | DQB1=DQB1*03:01:01:03 | DPA1=DPA1*01:03:01:04 | DPB1=DPB1*04:01:01:01/DPB1*04:01:01:02,False,False,1.0,1.0,1.0,1.0,1.0,1.0,1.0,1.0,0.0
SYNTH_0787,Global,success,,179.3,0.91011236,2,0.4361,HLA-A=A*01:01:01:01 | HLA-C=C*07:01:01:01 | HLA-B=B*08:01:01:01 | DRB345=DRB3*01:01:02:01 | DRB1=DRB1*03:01:01:01SG | DQA1=DQA1*05:01:01:02 | DQB1=DQB1*02:01:01 | DPA1=DPA1*02:01:02 | DPB1=DPB1*01:01:01,HLA-A=A*02:01:01:01 | HLA-C=C*07:01:01:01 | HLA-B=B*08:01:01:01 | DRB345=DRB3*01:01:02:01 | DRB1=DRB1*03:01:01:01SG | DQA1=DQA1*05:01:01:02 | DQB1=DQB1*02:01:01 | DPA1=DPA1*01:03:01:02 | DPB1=DPB1*04:01:01:01/DPB1*04:01:01:02,False,False,1.0,1.0,1.0,1.0,1.0,1.0,1.0,1.0,0.0
SYNTH_0788,Global,success,,176.1,0.81818182,2,0.684,HLA-A=A*68:02:01:01 | HLA-C=C*04:01:01:01 | HLA-B=B*53:01:01 | DRB345=DRB3*02:02:01:02 | DRB1=DRB1*11:01:02 | DQA1=DQA1*05:05:01:01SG | DQB1=DQB1*03:19:01 | DPA1=DPA1*02:01:08 | DPB1=DPB1*01:01:01,HLA-A=A*30:01:01 | HLA-C=C*06:02:01:01 | HLA-B=B*13:02:01 | DRB345=DRB4*01:03:01:01/DRB4*01:03:01:01:03 | DRB1=DRB1*07:01:01:01SG | DQA1=DQA1*02:01:01:01SG | DQB1=DQB1*02:02:01:01 | DPA1=DPA1*01:03:01:02 | DPB1=DPB1*04:01:01:01/DPB1*04:01:01:02,False,False,1.0,1.0,1.0,0.0,1.0,1.0,1.0,1.0,0.0
SYNTH_0789,Global,success,,169.7,0.29166667,24,3.348,HLA-A=A*03:01:01:01 | HLA-C=C*07:02:01:03 | HLA-B=B*07:02:01 | DRB345=DRB5*01:01:01 | DRB1=DRB1*15:01:01:01SG | DQA1=DQA1*01:02:01:01SG | DQB1=DQB1*06:02:01 | DPA1=DPA1*01:03:01:02 | DPB1=DPB1*04:01:01:01/DPB1*04:01:01:02,HLA-A=A*01:01:01:01 | HLA-C=C*06:02:01:01 | HLA-B=B*57:01:01 | DRB345=DRB4*01:03:01:02N | DRB1=DRB1*07:01:01:01SG | DQA1=DQA1*02:01:01:01SG | DQB1=DQB1*03:03:02:01 | DPA1=DPA1*01:03:01:01 | DPB1=DPB1*02:01:02/DPB1*02:01:19,False,False,0.0,1.0,1.0,1.0,1.0,1.0,1.0,1.0,0.0
SYNTH_0790,Global,success,,139.3,0.36,5,2.0627,HLA-A=A*33:01:01 | HLA-C=C*08:02:01:01 | HLA-B=B*14:02:01:01 | DRB345=Abs | DRB1=DRB1*01:02:01 | DQA1=DQA1*01:01:02 | DQB1=DQB1*05:01:01:01 | DPA1=DPA1*01:03:01:04 | DPB1=DPB1*04:01:01:01/DPB1*04:01:01:02,HLA-A=A*01:01:01:01 | HLA-C=C*04:01:01:06 | HLA-B=B*35:02:01 | DRB345=DRB3*02:02:01:02 | DRB1=DRB1*11:04:01 | DQA1=DQA1*01:03:01:02SG | DQB1=DQB1*06:03:01 | DPA1=DPA1*02:01:01:02 | DPB1=DPB1*02:01:02/DPB1*02:01:19,False,False,1.0,1.0,1.0,1.0,1.0,1.0,1.0,0.0,0.0
SYNTH_0791,Global,success,,132.6,0.875,2,0.5436,HLA-A=A*03:01:01:01 | HLA-C=C*07:02:01:03 | HLA-B=B*07:02:01 | DRB345=DRB5*01:01:01 | DRB1=DRB1*15:01:01:01SG | DQA1=DQA1*01:02:01:01SG | DQB1=DQB1*06:02:01 | DPA1=DPA1*01:03:01:03 | DPB1=DPB1*03:01:01,HLA-A=A*02:01:01:01 | HLA-C=C*04:01:01:06 | HLA-B=B*35:02:01 | DRB345=DRB3*02:02:01:02 | DRB1=DRB1*11:04:01 | DQA1=DQA1*05:05:01:01SG | DQB1=DQB1*03:01:01:02 | DPA1=DPA1*01:03:01:05 | DPB1=DPB1*04:02:01:02,True,True,1.0,1.0,1.0,1.0,1.0,1.0,1.0,1.0,1.0
SYNTH_0792,Global,success,,110.8,0.4787234,8,1.785,HLA-A=A*01:01:01:01 | HLA-C=C*07:01:01:01 | HLA-B=B*08:01:01:01 | DRB345=DRB3*01:01:02:01 | DRB1=DRB1*03:01:01:01SG | DQA1=DQA1*05:01:01:02 | DQB1=DQB1*02:01:01 | DPA1=DPA1*02:01:02 | DPB1=DPB1*01:01:01,HLA-A=A*11:01:01:01 | HLA-C=C*03:03:01:01 | HLA-B=B*15:01:01:01 | DRB345=DRB4*01:03:01:01/DRB4*01:03:01:01:03 | DRB1=DRB1*04:01:01:01SG | DQA1=DQA1*03:01:01 | DQB1=DQB1*03:02:01 | DPA1=DPA1*01:03:01:02 | DPB1=DPB1*04:01:01:01/DPB1*04:01:01:02,False,False,1.0,1.0,1.0,0.0,1.0,1.0,1.0,1.0,0.0
SYNTH_0793,Global,success,,110.0,1.0,1,0.0,HLA-A=A*02:01:01:01 | HLA-C=C*03:04:01:01 | HLA-B=B*40:01:02 | DRB345=DRB3*03:01:01 | DRB1=DRB1*13:02:01 | DQA1=DQA1*01:02:01:04SG | DQB1=DQB1*06:04:01 | DPA1=DPA1*01:03:01:02 | DPB1=DPB1*04:01:01:01/DPB1*04:01:01:02,HLA-A=A*02:05:01 | HLA-C=C*06:02:01:02 | HLA-B=B*50:01:01 | DRB345=DRB4*01:03:01:01/DRB4*01:03:01:01:03 | DRB1=DRB1*07:01:01:01SG | DQA1=DQA1*02:01:01:01SG | DQB1=DQB1*02:02:01:01 | DPA1=DPA1*01:03:01:02 | DPB1=DPB1*104:01,False,False,1.0,1.0,1.0,0.0,1.0,1.0,1.0,1.0,0.0
SYNTH_0794,Global,success,,79.2,1.0,1,0.0,HLA-A=A*11:01:01:01 | HLA-C=C*03:03:01:01 | HLA-B=B*15:01:01:01 | DRB345=DRB4*01:03:01:01/DRB4*01:03:01:01:03 | DRB1=DRB1*04:01:01:01SG | DQA1=DQA1*03:01:01 | DQB1=DQB1*03:02:01 | DPA1=DPA1*01:03:01:02 | DPB1=DPB1*04:01:01:01/DPB1*04:01:01:02,HLA-A=A*26:01:01:01 | HLA-C=C*12:03:01:01 | HLA-B=B*38:01:01 | DRB345=DRB4*01:03:01:01/DRB4*01:03:01:01:03 | DRB1=DRB1*04:02:01 | DQA1=DQA1*03:01:01 | DQB1=DQB1*03:02:01 | DPA1=DPA1*01:03:01:04 | DPB1=DPB1*04:01:01:01/DPB1*04:01:01:02,False,False,1.0,1.0,1.0,0.0,1.0,1.0,1.0,1.0,0.0
SYNTH_0795,Global,success,,77.1,1.0,1,0.0,HLA-A=A*68:02:01:01 | HLA-C=C*04:01:01:01 | HLA-B=B*53:01:01 | DRB345=DRB3*02:02:01:02 | DRB1=DRB1*11:01:02 | DQA1=DQA1*05:05:01:01SG | DQB1=DQB1*03:19:01 | DPA1=DPA1*02:01:08 | DPB1=DPB1*01:01:01,HLA-A=A*02:01:01:01 | HLA-C=C*07:02:01:03 | HLA-B=B*07:02:01 | DRB345=Abs | DRB1=DRB1*01:03 | DQA1=DQA1*01:01:01:02SG | DQB1=DQB1*05:01:01:03 | DPA1=DPA1*01:03:01:02 | DPB1=DPB1*04:01:01:01/DPB1*04:01:01:02,False,False,1.0,1.0,1.0,1.0,1.0,1.0,1.0,1.0,0.0
SYNTH_0796,Global,success,,75.2,1.0,1,0.0,HLA-A=A*01:01:01:01 | HLA-C=C*07:01:01:01 | HLA-B=B*08:01:01:01 | DRB345=DRB3*01:01:02:01 | DRB1=DRB1*03:01:01:01SG | DQA1=DQA1*05:01:01:01 | DQB1=DQB1*02:01:01 | DPA1=DPA1*02:01:02 | DPB1=DPB1*01:01:01,HLA-A=A*24:02:01:05 | HLA-C=C*03:03:01:01 | HLA-B=B*15:01:01:01 | DRB345=DRB3*02:02:01:02 | DRB1=DRB1*11:03:01 | DQA1=DQA1*05:05:01:01SG | DQB1=DQB1*03:01:01:03 | DPA1=DPA1*01:03:01:05 | DPB1=DPB1*04:02:01:02,True,True,1.0,1.0,1.0,1.0,1.0,1.0,1.0,1.0,1.0
SYNTH_0797,Global,success,,165.8,0.32222222,16,3.0233,HLA-A=A*02:01:01:01 | HLA-C=C*05:01:01:02 | HLA-B=B*44:02:01:01 | DRB345=DRB4*01:03:01:01/DRB4*01:03:01:01:03 | DRB1=DRB1*04:01:01:01SG | DQA1=DQA1*03:03:01:01 | DQB1=DQB1*03:01:01:01 | DPA1=DPA1*01:03:01:04 | DPB1=DPB1*04:01:01:01/DPB1*04:01:01:02,HLA-A=A*26:01:01:01 | HLA-C=C*12:03:01:01 | HLA-B=B*38:01:01 | DRB345=DRB3*01:01:02:01 | DRB1=DRB1*13:01:01:01SG | DQA1=DQA1*01:03:01:02SG | DQB1=DQB1*06:03:01 | DPA1=DPA1*01:03:01:01 | DPB1=DPB1*02:01:02/DPB1*02:01:19,False,False,1.0,1.0,1.0,0.0,1.0,1.0,1.0,1.0,0.0
SYNTH_0798,Global,success,,66.8,0.43434343,8,1.9844,HLA-A=A*02:01:01:01 | HLA-C=C*07:02:01:03 | HLA-B=B*07:02:01 | DRB345=DRB5*01:01:01 | DRB1=DRB1*15:01:01:01SG | DQA1=DQA1*01:02:01:01SG | DQB1=DQB1*06:02:01 | DPA1=DPA1*01:03:01:04 | DPB1=DPB1*04:01:01:01/DPB1*04:01:01:02,HLA-A=A*02:01:01:01 | HLA-C=C*03:03:01:01 | HLA-B=B*55:01:01 | DRB345=DRB4*01:03:01:01/DRB4*01:03:01:01:03 | DRB1=DRB1*04:07:01 | DQA1=DQA1*03:03:01:01 | DQB1=DQB1*03:01:01:01 | DPA1=DPA1*01:03:01:04 | DPB1=DPB1*04:01:01:01/DPB1*04:01:01:02,False,False,1.0,1.0,1.0,0.0,1.0,1.0,1.0,1.0,0.0
SYNTH_0799,Global,success,,184.1,1.0,1,0.0,HLA-A=A*02:01:01:01 | HLA-C=C*05:01:01:02 | HLA-B=B*44:02:01:01 | DRB345=DRB4*01:03:01:01/DRB4*01:03:01:01:03 | DRB1=DRB1*04:01:01:01SG | DQA1=DQA1*03:03:01:01 | DQB1=DQB1*03:01:01:01 | DPA1=DPA1*01:03:01:03 | DPB1=DPB1*03:01:01,HLA-A=A*02:01:01:01 | HLA-C=C*07:02:01:03 | HLA-B=B*07:02:01 | DRB345=DRB5*01:01:01 | DRB1=DRB1*15:01:01:01SG | DQA1=DQA1*01:02:01:01SG | DQB1=DQB1*06:02:01 | DPA1=DPA1*01:03:01:05 | DPB1=DPB1*04:02:01:02,False,False,1.0,1.0,1.0,0.0,1.0,1.0,1.0,1.0,1.0
SYNTH_0800,Global,success,,150.8,0.6,2,0.971,HLA-A=A*11:01:01:01 | HLA-C=C*04:01:01:05 | HLA-B=B*35:01:01:02 | DRB345=Abs | DRB1=DRB1*01:01:01 | DQA1=DQA1*01:01:01:02SG | DQB1=DQB1*05:01:01:03 | DPA1=DPA1*01:03:01:02 | DPB1=DPB1*04:01:01:01/DPB1*04:01:01:02,HLA-A=A*02:01:01:01 | HLA-C=C*16:01:01:01 | HLA-B=B*44:03:01:01 | DRB345=DRB3*02:02:01:02 | DRB1=DRB1*11:01:02 | DQA1=DQA1*01:02:01:01SG | DQB1=DQB1*06:02:01 | DPA1=DPA1*01:03:01:02 | DPB1=DPB1*18:01,False,False,1.0,1.0,1.0,1.0,1.0,1.0,1.0,1.0,0.0
SYNTH_0801,Global,success,,129.6,0.94285714,2,0.316,HLA-A=A*29:02:01:01 | HLA-C=C*16:01:01:01 | HLA-B=B*44:03:01:01 | DRB345=DRB4*01:01:01:01 | DRB1=DRB1*07:01:01:01SG | DQA1=DQA1*02:01:01:01SG | DQB1=DQB1*02:02:01:01 | DPA1=DPA1*02:01:01:01 | DPB1=DPB1*11:01:01,HLA-A=A*25:01:01 | HLA-C=C*12:03:01:01 | HLA-B=B*18:01:01:02 | DRB345=DRB5*01:01:01 | DRB1=DRB1*15:01:01:01SG | DQA1=DQA1*01:02:01:01SG | DQB1=DQB1*06:02:01 | DPA1=DPA1*01:03:01:01 | DPB1=DPB1*02:01:02/DPB1*02:01:19,False,False,1.0,1.0,1.0,1.0,1.0,1.0,1.0,1.0,0.0
SYNTH_0802,Global,success,,138.2,0.77777778,3,0.9864,HLA-A=A*24:02:01:01 | HLA-C=C*04:01:01:01 | HLA-B=B*35:03:01 | DRB345=DRB4*01:03:01:02N | DRB1=DRB1*07:01:01:01SG | DQA1=DQA1*02:01:01:01SG | DQB1=DQB1*03:03:02:01 | DPA1=DPA1*01:03:01:02 | DPB1=DPB1*04:01:01:01/DPB1*04:01:01:02,HLA-A=A*29:02:01:01 | HLA-C=C*16:01:01:01 | HLA-B=B*44:03:01:01 | DRB345=DRB4*01:01:01:01 | DRB1=DRB1*07:01:01:01SG | DQA1=DQA1*02:01:01:01SG | DQB1=DQB1*02:02:01:01 | DPA1=DPA1*01:03:01:02 | DPB1=DPB1*04:01:01:01/DPB1*04:01:01:02,False,False,1.0,1.0,1.0,1.0,1.0,1.0,1.0,1.0,0.0
SYNTH_0803,Global,success,,190.4,1.0,1,0.0,HLA-A=A*03:01:01:01 | HLA-C=C*07:04:01:01 | HLA-B=B*44:02:01:03 | DRB345=DRB3*02:02:01:02 | DRB1=DRB1*11:01:01:01 | DQA1=DQA1*05:05:01:01SG | DQB1=DQB1*03:01:01:03 | DPA1=DPA1*01:03:01:02 | DPB1=DPB1*04:01:01:01/DPB1*04:01:01:02,HLA-A=A*24:02:01:05 | HLA-C=C*03:03:01:01 | HLA-B=B*15:01:01:01 | DRB345=DRB3*02:02:01:02 | DRB1=DRB1*11:03:01 | DQA1=DQA1*05:05:01:01SG | DQB1=DQB1*03:01:01:03 | DPA1=DPA1*01:03:01:05 | DPB1=DPB1*04:02:01:02,False,False,1.0,1.0,1.0,1.0,1.0,1.0,1.0,1.0,0.0
SYNTH_0804,Global,success,,215.9,0.3377193,32,3.5019,HLA-A=A*03:01:01:01 | HLA-C=C*07:02:01:03 | HLA-B=B*07:02:01 | DRB345=DRB5*01:01:01 | DRB1=DRB1*15:01:01:01SG | DQA1=DQA1*01:02:01:01SG | DQB1=DQB1*06:02:01 | DPA1=DPA1*01:03:01:02 | DPB1=DPB1*04:01:01:01/DPB1*04:01:01:02,HLA-A=A*02:01:01:01 | HLA-C=C*07:02:01:03 | HLA-B=B*07:02:01 | DRB345=Abs | DRB1=DRB1*01:01:01 | DQA1=DQA1*01:01:01:02SG | DQB1=DQB1*05:01:01:03 | DPA1=DPA1*01:03:01:02 | DPB1=DPB1*04:01:01:01/DPB1*04:01:01:02,False,False,1.0,1.0,1.0,1.0,1.0,1.0,1.0,1.0,0.0
SYNTH_0805,Global,success,,221.5,1.0,1,0.0,HLA-A=A*02:01:01:01 | HLA-C=C*07:02:01:03 | HLA-B=B*07:02:01 | DRB345=DRB5*01:01:01 | DRB1=DRB1*15:01:01:01SG | DQA1=DQA1*01:02:01:01SG | DQB1=DQB1*05:02:01 | DPA1=DPA1*01:03:01:02 | DPB1=DPB1*104:01,HLA-A=A*23:01:01 | HLA-C=C*07:01:01:01 | HLA-B=B*49:01:01 | DRB345=DRB5*01:01:01 | DRB1=DRB1*15:01:01:01SG | DQA1=DQA1*01:02:01:01SG | DQB1=DQB1*06:02:01 | DPA1=DPA1*01:03:01:04 | DPB1=DPB1*02:01:02/DPB1*02:01:19,False,False,1.0,1.0,1.0,1.0,1.0,1.0,1.0,1.0,0.0
SYNTH_0806,Global,success,,197.5,1.0,1,0.0,HLA-A=A*01:01:01:01 | HLA-C=C*07:01:01:01 | HLA-B=B*08:01:01:01 | DRB345=DRB3*01:01:02:01 | DRB1=DRB1*03:01:01:01SG | DQA1=DQA1*05:01:01:02 | DQB1=DQB1*02:01:01 | DPA1=DPA1*01:03:01:03 | DPB1=DPB1*03:01:01,HLA-A=A*01:01:01:01 | HLA-C=C*07:01:01:01 | HLA-B=B*08:01:01:01 | DRB345=DRB3*01:01:02:02 | DRB1=DRB1*03:01:01:01SG | DQA1=DQA1*05:01:01:02 | DQB1=DQB1*02:01:01 | DPA1=DPA1*01:03:01:04 | DPB1=DPB1*04:01:01:01/DPB1*04:01:01:02,False,False,1.0,1.0,1.0,1.0,1.0,1.0,1.0,1.0,0.0
SYNTH_0807,Global,success,,203.1,0.4620133,9,2.1549,HLA-A=A*01:01:01:01 | HLA-C=C*07:01:01:01 | HLA-B=B*08:01:01:01 | DRB345=DRB3*01:01:02:01 | DRB1=DRB1*03:01:01:01SG | DQA1=DQA1*05:01:01:02 | DQB1=DQB1*02:01:01 | DPA1=DPA1*01:03:01:02 | DPB1=DPB1*04:01:01:01/DPB1*04:01:01:02,HLA-A=A*01:01:01:01 | HLA-C=C*06:02:01:01 | HLA-B=B*57:01:01 | DRB345=DRB4*01:03:01:02N | DRB1=DRB1*07:01:01:01SG | DQA1=DQA1*02:01:01:01SG | DQB1=DQB1*03:03:02:01 | DPA1=DPA1*01:03:01:04 | DPB1=DPB1*04:01:01:01/DPB1*04:01:01:02,False,False,0.0,1.0,1.0,1.0,1.0,1.0,1.0,1.0,0.0
SYNTH_0808,Global,success,,307.2,0.85802469,3,0.707,HLA-A=A*01:01:01:01 | HLA-C=C*07:01:01:01 | HLA-B=B*08:01:01:01 | DRB345=DRB3*01:01:02:01 | DRB1=DRB1*03:01:01:01SG | DQA1=DQA1*05:01:01:02 | DQB1=DQB1*02:01:01 | DPA1=DPA1*01:03:01:02 | DPB1=DPB1*04:01:01:01/DPB1*04:01:01:02,HLA-A=A*01:01:01:01 | HLA-C=C*12:03:01:01 | HLA-B=B*38:01:01 | DRB345=DRB3*01:01:02:01 | DRB1=DRB1*13:01:01:01SG | DQA1=DQA1*01:03:01:02SG | DQB1=DQB1*06:03:01 | DPA1=DPA1*01:03:01:03 | DPB1=DPB1*03:01:01,False,False,1.0,1.0,1.0,1.0,1.0,1.0,1.0,1.0,0.0
SYNTH_0809,Global,success,,198.5,1.0,1,0.0,HLA-A=A*11:01:01:01 | HLA-C=C*01:02:01 | HLA-B=B*27:05:02 | DRB345=Abs | DRB1=DRB1*01:01:01 | DQA1=DQA1*01:01:01:02SG | DQB1=DQB1*05:01:01:03 | DPA1=DPA1*01:03:01:04 | DPB1=DPB1*04:01:01:01/DPB1*04:01:01:02,HLA-A=A*02:01:01:01 | HLA-C=C*07:02:01:03 | HLA-B=B*07:02:01 | DRB345=DRB5*01:01:01 | DRB1=DRB1*15:01:01:01SG | DQA1=DQA1*01:02:01:01SG | DQB1=DQB1*06:02:01 | DPA1=DPA1*01:03:01:02 | DPB1=DPB1*04:01:01:01/DPB1*04:01:01:02,False,False,1.0,1.0,1.0,1.0,1.0,1.0,1.0,1.0,0.0
SYNTH_0810,Global,success,,132.5,1.0,1,0.0,HLA-A=A*02:01:01:01 | HLA-C=C*06:02:01:01 | HLA-B=B*57:01:01 | DRB345=DRB4*01:03:01:02N | DRB1=DRB1*07:01:01:01SG | DQA1=DQA1*02:01:01:01SG | DQB1=DQB1*03:03:02:01 | DPA1=DPA1*01:03:01:02 | DPB1=DPB1*04:01:01:01/DPB1*04:01:01:02,HLA-A=A*02:01:01:01 | HLA-C=C*02:02:02:01 | HLA-B=B*51:01:01:01 | DRB345=DRB3*02:02:01:02 | DRB1=DRB1*11:01:01:01 | DQA1=DQA1*05:05:01:01SG | DQB1=DQB1*03:01:01:03 | DPA1=DPA1*01:03:01:01 | DPB1=DPB1*02:01:02/DPB1*02:01:19,False,False,1.0,1.0,1.0,1.0,1.0,1.0,1.0,1.0,0.0
SYNTH_0811,Global,success,,180.7,0.15909091,10,3.1762,HLA-A=A*01:01:01:01 | HLA-C=C*06:02:01:01 | HLA-B=B*57:01:01 | DRB345=DRB4*01:03:01:02N | DRB1=DRB1*07:01:01:01SG | DQA1=DQA1*02:01:01:01SG | DQB1=DQB1*03:03:02:01 | DPA1=DPA1*01:03:01:04 | DPB1=DPB1*04:01:01:01/DPB1*04:01:01:02,HLA-A=A*32:01:01 | HLA-C=C*02:02:02:01 | HLA-B=B*27:05:02 | DRB345=DRB4*01:03:02 | DRB1=DRB1*09:01:02 | DQA1=DQA1*03:02 | DQB1=DQB1*03:03:02:02/DQB1*03:03:02:03 | DPA1=DPA1*01:03:01:05 | DPB1=DPB1*04:02:01:02,False,False,1.0,1.0,1.0,1.0,1.0,1.0,0.0,0.0,0.0
SYNTH_0812,Global,success,,366.0,1.0,1,0.0,HLA-A=A*02:01:01:01 | HLA-C=C*07:02:01:03 | HLA-B=B*07:02:01 | DRB345=Abs | DRB1=DRB1*01:03 | DQA1=DQA1*01:01:01:02SG | DQB1=DQB1*05:01:01:03 | DPA1=DPA1*01:03:01:01 | DPB1=DPB1*02:01:02/DPB1*02:01:19,HLA-A=A*29:02:01:01 | HLA-C=C*08:02:01:01 | HLA-B=B*14:02:01:01 | DRB345=DRB4*01:01:01:01 | DRB1=DRB1*07:01:01:01SG | DQA1=DQA1*02:01:01:01SG | DQB1=DQB1*02:02:01:01 | DPA1=DPA1*01:04 | DPB1=DPB1*15:01:01,False,False,1.0,1.0,1.0,1.0,1.0,1.0,1.0,1.0,0.0
SYNTH_0813,Global,success,,214.1,1.0,1,0.0,HLA-A=A*02:01:01:01 | HLA-C=C*05:01:01:02 | HLA-B=B*44:02:01:01 | DRB345=DRB4*01:03:01:01/DRB4*01:03:01:01:03 | DRB1=DRB1*04:01:01:01SG | DQA1=DQA1*03:03:01:01 | DQB1=DQB1*03:01:01:01 | DPA1=DPA1*01:03:01:03 | DPB1=DPB1*03:01:01,HLA-A=A*24:02:01:01 | HLA-C=C*04:01:01:06 | HLA-B=B*35:08:01 | DRB345=DRB4*01:03:01:01/DRB4*01:03:01:01:03 | DRB1=DRB1*04:03:01 | DQA1=DQA1*03:01:01 | DQB1=DQB1*03:02:01 | DPA1=DPA1*01:03:01:04 | DPB1=DPB1*04:01:01:01/DPB1*04:01:01:02,False,False,1.0,1.0,1.0,0.0,1.0,1.0,1.0,1.0,0.0
SYNTH_0814,Global,success,,313.9,0.0,0,0.0,,,False,False,,,,,,,,,
SYNTH_0815,Global,success,,180.8,0.93478261,2,0.3478,HLA-A=A*02:01:01:01 | HLA-C=C*03:04:01:01 | HLA-B=B*40:01:02 | DRB345=DRB3*03:01:01 | DRB1=DRB1*13:02:01 | DQA1=DQA1*01:02:01:04SG | DQB1=DQB1*06:04:01 | DPA1=DPA1*01:03:01:02 | DPB1=DPB1*04:01:01:01/DPB1*04:01:01:02,HLA-A=A*02:01:01:01 | HLA-C=C*07:02:01:03 | HLA-B=B*07:02:01 | DRB345=DRB5*01:01:01 | DRB1=DRB1*15:01:01:01SG | DQA1=DQA1*01:02:01:01SG | DQB1=DQB1*06:02:01 | DPA1=DPA1*01:03:01:04 | DPB1=DPB1*04:01:01:01/DPB1*04:01:01:02,False,False,1.0,1.0,1.0,1.0,1.0,1.0,1.0,1.0,0.0
SYNTH_0816,Global,success,,191.3,0.96666667,2,0.2108,HLA-A=A*02:01:01:01 | HLA-C=C*03:04:01:01 | HLA-B=B*40:01:02 | DRB345=DRB5*01:01:01 | DRB1=DRB1*15:01:01:01SG | DQA1=DQA1*01:02:01:01SG | DQB1=DQB1*06:02:01 | DPA1=DPA1*02:06 | DPB1=DPB1*05:01:01,HLA-A=A*02:01:01:01 | HLA-C=C*05:01:01:02 | HLA-B=B*44:02:01:01 | DRB345=DRB4*01:03:01:01/DRB4*01:03:01:01:03 | DRB1=DRB1*04:01:01:01SG | DQA1=DQA1*03:03:01:01 | DQB1=DQB1*03:01:01:01 | DPA1=DPA1*01:03:01:04 | DPB1=DPB1*04:01:01:01/DPB1*04:01:01:02,False,False,1.0,1.0,1.0,0.0,1.0,1.0,1.0,1.0,0.0
SYNTH_0817,Global,success,,64.7,0.93478261,2,0.3478,HLA-A=A*02:01:01:01 | HLA-C=C*02:02:02:01 | HLA-B=B*40:02:01 | DRB345=Abs | DRB1=DRB1*01:01:01 | DQA1=DQA1*01:01:01:02SG | DQB1=DQB1*05:01:01:03 | DPA1=DPA1*01:03:01:05 | DPB1=DPB1*04:02:01:02,HLA-A=A*02:01:01:01 | HLA-C=C*07:02:01:03 | HLA-B=B*07:02:01 | DRB345=DRB5*01:01:01 | DRB1=DRB1*15:01:01:01SG | DQA1=DQA1*01:02:01:01SG | DQB1=DQB1*06:02:01 | DPA1=DPA1*01:03:01:04 | DPB1=DPB1*04:01:01:01/DPB1*04:01:01:02,False,False,1.0,1.0,1.0,1.0,1.0,1.0,1.0,1.0,0.0
SYNTH_0818,Global,success,,210.5,0.6,3,1.3383,HLA-A=A*30:01:01 | HLA-C=C*06:02:01:01 | HLA-B=B*13:02:01 | DRB345=DRB4*01:03:01:01/DRB4*01:03:01:01:03 | DRB1=DRB1*07:01:01:01SG | DQA1=DQA1*02:01:01:01SG | DQB1=DQB1*02:02:01:01 | DPA1=DPA1*02:01:01:01 | DPB1=DPB1*17:01,HLA-A=A*29:02:01:01 | HLA-C=C*08:02:01:01 | HLA-B=B*14:02:01:01 | DRB345=DRB4*01:01:01:01 | DRB1=DRB1*07:01:01:01SG | DQA1=DQA1*02:01:01:01SG | DQB1=DQB1*02:02:01:01 | DPA1=DPA1*01:04 | DPB1=DPB1*15:01:01,False,False,1.0,1.0,1.0,0.0,1.0,1.0,1.0,1.0,1.0
SYNTH_0819,Global,success,,197.7,0.7308642,6,1.3481,HLA-A=A*02:01:01:01 | HLA-C=C*07:02:01:03 | HLA-B=B*07:02:01 | DRB345=DRB5*01:01:01 | DRB1=DRB1*15:01:01:01SG | DQA1=DQA1*01:02:01:01SG | DQB1=DQB1*06:02:01 | DPA1=DPA1*01:03:01:02 | DPB1=DPB1*04:01:01:01/DPB1*04:01:01:02,HLA-A=A*02:01:01:01 | HLA-C=C*03:04:01:01 | HLA-B=B*15:01:01:01 | DRB345=DRB4*01:03:01:01/DRB4*01:03:01:01:03 | DRB1=DRB1*04:01:01:01SG | DQA1=DQA1*03:01:01 | DQB1=DQB1*03:02:01 | DPA1=DPA1*01:03:01:02 | DPB1=DPB1*04:01:01:01/DPB1*04:01:01:02,False,False,1.0,1.0,1.0,0.0,1.0,1.0,1.0,1.0,0.0
SYNTH_0820,Global,success,,184.7,0.4,4,1.8169,HLA-A=A*01:01:01:01 | HLA-C=C*06:02:01:01 | HLA-B=B*57:01:01 | DRB345=DRB4*01:03:01:02N | DRB1=DRB1*07:01:01:01SG | DQA1=DQA1*02:01:01:01SG | DQB1=DQB1*03:03:02:01 | DPA1=DPA1*01:03:01:04 | DPB1=DPB1*04:01:01:01/DPB1*04:01:01:02,HLA-A=A*02:01:01:01 | HLA-C=C*05:01:01:02 | HLA-B=B*44:02:01:01 | DRB345=Abs | DRB1=DRB1*01:01:01 | DQA1=DQA1*01:01:01:02SG | DQB1=DQB1*05:01:01:03 | DPA1=DPA1*01:03:01:02 | DPB1=DPB1*04:01:01:01/DPB1*04:01:01:02,False,False,1.0,1.0,1.0,1.0,1.0,1.0,1.0,1.0,0.0
SYNTH_0821,Global,success,,150.9,0.46153846,5,2.0066,HLA-A=A*02:01:01:01 | HLA-C=C*05:01:01:02 | HLA-B=B*44:02:01:01 | DRB345=DRB4*01:01:01:01 | DRB1=DRB1*07:01:01:01SG | DQA1=DQA1*02:01:01:01SG | DQB1=DQB1*02:02:01:01 | DPA1=DPA1*01:03:01:02 | DPB1=DPB1*04:01:01:01/DPB1*04:01:01:02,HLA-A=A*25:01:01 | HLA-C=C*12:03:01:01 | HLA-B=B*18:01:01:02 | DRB345=DRB5*01:01:01 | DRB1=DRB1*15:01:01:01SG | DQA1=DQA1*01:02:01:01SG | DQB1=DQB1*06:02:01 | DPA1=DPA1*01:03:01:02 | DPB1=DPB1*04:01:01:01/DPB1*04:01:01:02,False,False,1.0,1.0,1.0,1.0,1.0,1.0,1.0,1.0,0.0
SYNTH_0822,Global,success,,96.9,1.0,1,0.0,HLA-A=A*01:01:01:01 | HLA-C=C*07:01:01:01 | HLA-B=B*08:01:01:01 | DRB345=DRB3*01:01:02:01 | DRB1=DRB1*03:01:01:01SG | DQA1=DQA1*05:01:01:02 | DQB1=DQB1*02:01:01 | DPA1=DPA1*01:03:01:02 | DPB1=DPB1*04:01:01:01/DPB1*04:01:01:02,HLA-A=A*01:01:01:01 | HLA-C=C*07:01:01:01 | HLA-B=B*08:01:01:01 | DRB345=DRB3*01:01:02:01 | DRB1=DRB1*03:01:01:01SG | DQA1=DQA1*05:01:01:02 | DQB1=DQB1*02:01:01 | DPA1=DPA1*01:03:01:01 | DPB1=DPB1*02:01:02/DPB1*02:01:19,False,False,1.0,1.0,1.0,1.0,1.0,1.0,1.0,1.0,0.0
SYNTH_0823,Global,success,,125.8,0.41666667,4,1.8879,HLA-A=A*33:03:01 | HLA-C=C*03:02:02:01 | HLA-B=B*58:01:01:01 | DRB345=DRB3*03:01:01 | DRB1=DRB1*13:02:01 | DQA1=DQA1*01:02:01:04SG | DQB1=DQB1*06:09:01 | DPA1=DPA1*01:03:01:01 | DPB1=DPB1*02:01:02/DPB1*02:01:19,HLA-A=A*24:02:01:01 | HLA-C=C*07:02:01:03 | HLA-B=B*07:02:01 | DRB345=DRB5*01:01:01 | DRB1=DRB1*15:01:01:01SG | DQA1=DQA1*01:02:01:01SG | DQB1=DQB1*06:02:01 | DPA1=DPA1*01:03:01:01 | DPB1=DPB1*02:01:02/DPB1*02:01:19,False,False,1.0,1.0,1.0,1.0,1.0,1.0,1.0,1.0,0.0
SYNTH_0824,Global,success,,137.1,1.0,1,0.0,HLA-A=A*01:01:01:01 | HLA-C=C*07:01:01:01 | HLA-B=B*08:01:01:01 | DRB345=DRB3*01:01:02:01 | DRB1=DRB1*03:01:01:01SG | DQA1=DQA1*05:01:01:02 | DQB1=DQB1*02:01:01 | DPA1=DPA1*01:03:01:02 | DPB1=DPB1*04:01:01:01/DPB1*04:01:01:02,HLA-A=A*02:01:01:01 | HLA-C=C*06:02:01:01 | HLA-B=B*13:02:01 | DRB345=DRB4*01:03:01:01/DRB4*01:03:01:01:03 | DRB1=DRB1*07:01:01:01SG | DQA1=DQA1*02:01:01:01SG | DQB1=DQB1*02:02:01:01 | DPA1=DPA1*01:03:01:04 | DPB1=DPB1*04:01:01:01/DPB1*04:01:01:02,False,False,1.0,1.0,1.0,0.0,1.0,1.0,1.0,1.0,0.0
SYNTH_0825,Global,success,,95.2,0.25547201,42,3.7926,HLA-A=A*01:01:01:01 | HLA-C=C*07:01:01:01 | HLA-B=B*08:01:01:01 | DRB345=DRB3*01:01:02:01 | DRB1=DRB1*03:01:01:01SG | DQA1=DQA1*05:01:01:02 | DQB1=DQB1*02:01:01 | DPA1=DPA1*01:03:01:02 | DPB1=DPB1*04:01:01:01/DPB1*04:01:01:02,HLA-A=A*02:01:01:01 | HLA-C=C*07:01:01:01 | HLA-B=B*18:01:01:02 | DRB345=DRB3*02:02:01:02 | DRB1=DRB1*11:04:01 | DQA1=DQA1*05:05:01:01SG | DQB1=DQB1*03:01:01:03 | DPA1=DPA1*01:03:01:05 | DPB1=DPB1*04:02:01:01,False,False,1.0,1.0,1.0,1.0,1.0,1.0,1.0,1.0,0.0
SYNTH_0826,Global,success,,87.1,1.0,1,0.0,HLA-A=A*11:01:01:01 | HLA-C=C*07:02:01:03 | HLA-B=B*07:02:01 | DRB345=DRB5*01:01:01 | DRB1=DRB1*15:01:01:01SG | DQA1=DQA1*01:02:01:01SG | DQB1=DQB1*06:02:01 | DPA1=DPA1*01:03:01:03 | DPB1=DPB1*03:01:01,HLA-A=A*25:01:01 | HLA-C=C*12:03:01:01 | HLA-B=B*18:01:01:02 | DRB345=DRB5*01:01:01 | DRB1=DRB1*15:01:01:01SG | DQA1=DQA1*01:02:01:01SG | DQB1=DQB1*06:02:01 | DPA1=DPA1*01:03:01:02 | DPB1=DPB1*04:01:01:01/DPB1*04:01:01:02,False,False,1.0,1.0,1.0,1.0,1.0,1.0,1.0,1.0,0.0
SYNTH_0827,Global,success,,81.0,1.0,1,0.0,HLA-A=A*24:02:01:01 | HLA-C=C*04:01:01:06 | HLA-B=B*35:08:01 | DRB345=DRB4*01:03:01:01/DRB4*01:03:01:01:03 | DRB1=DRB1*04:03:01 | DQA1=DQA1*03:01:01 | DQB1=DQB1*03:02:01 | DPA1=DPA1*01:03:01:01 | DPB1=DPB1*02:01:02/DPB1*02:01:19,HLA-A=A*29:02:01:01 | HLA-C=C*16:01:01:01 | HLA-B=B*44:03:01:01 | DRB345=DRB4*01:03:01:01/DRB4*01:03:01:01:03 | DRB1=DRB1*07:01:01:01SG | DQA1=DQA1*02:01:01:01SG | DQB1=DQB1*02:02:01:01 | DPA1=DPA1*01:03:01:02 | DPB1=DPB1*04:01:01:01/DPB1*04:01:01:02,False,False,1.0,1.0,1.0,0.0,1.0,1.0,1.0,1.0,0.0
SYNTH_0828,Global,success,,145.1,1.0,1,0.0,HLA-A=A*24:02:01:01 | HLA-C=C*04:01:01:06 | HLA-B=B*35:01:01:01 | DRB345=DRB3*02:02:01:02 | DRB1=DRB1*13:01:01:01SG | DQA1=DQA1*01:03:01:02SG | DQB1=DQB1*06:03:01 | DPA1=DPA1*01:03:01:01 | DPB1=DPB1*02:01:02/DPB1*02:01:19,HLA-A=A*31:01:02:01 | HLA-C=C*04:04:01 | HLA-B=B*51:01:01:01 | DRB345=DRB4*01:03:01:01/DRB4*01:03:01:01:03 | DRB1=DRB1*04:07:01 | DQA1=DQA1*03:01:01 | DQB1=DQB1*03:02:01 | DPA1=DPA1*01:03:01:05 | DPB1=DPB1*04:02:01:02,False,False,1.0,1.0,1.0,0.0,1.0,1.0,1.0,1.0,0.0
SYNTH_0829,Global,success,,144.2,0.59649123,4,1.4038,HLA-A=A*03:01:01:01 | HLA-C=C*03:04:01:01 | HLA-B=B*15:01:01:01 | DRB345=DRB4*01:03:01:01/DRB4*01:03:01:01:03 | DRB1=DRB1*04:01:01:01SG | DQA1=DQA1*03:01:01 | DQB1=DQB1*03:02:01 | DPA1=DPA1*01:03:01:02 | DPB1=DPB1*04:01:01:01/DPB1*04:01:01:02,HLA-A=A*01:01:01:01 | HLA-C=C*07:01:01:01 | HLA-B=B*08:01:01:01 | DRB345=DRB3*01:01:02:01 | DRB1=DRB1*03:01:01:01SG | DQA1=DQA1*05:01:01:02 | DQB1=DQB1*02:01:01 | DPA1=DPA1*01:03:01:04 | DPB1=DPB1*04:01:01:01/DPB1*04:01:01:02,False,False,1.0,1.0,0.0,0.0,1.0,1.0,1.0,1.0,0.0
SYNTH_0830,Global,success,,143.9,1.0,1,0.0,HLA-A=A*02:01:01:01 | HLA-C=C*04:01:01:01 | HLA-B=B*35:03:01 | DRB345=DRB3*02:02:01:02 | DRB1=DRB1*12:01:01:03 | DQA1=DQA1*05:05:01:05SG | DQB1=DQB1*03:01:01:01 | DPA1=DPA1*02:01:01:02 | DPB1=DPB1*04:01:01:01/DPB1*04:01:01:02,HLA-A=A*02:01:01:01 | HLA-C=C*03:04:01:01 | HLA-B=B*40:01:02 | DRB345=DRB4*01:03:01:01/DRB4*01:03:01:01:03 | DRB1=DRB1*04:01:01:01SG | DQA1=DQA1*03:01:01 | DQB1=DQB1*03:02:01 | DPA1=DPA1*02:01:01:02 | DPB1=DPB1*10:01:01,False,False,1.0,1.0,1.0,0.0,1.0,1.0,1.0,1.0,0.0
SYNTH_0831,Global,success,,126.4,0.36571429,10,2.6316,HLA-A=A*02:01:01:01 | HLA-C=C*03:04:01:01 | HLA-B=B*15:01:01:01 | DRB345=DRB4*01:03:01:01/DRB4*01:03:01:01:03 | DRB1=DRB1*04:01:01:01SG | DQA1=DQA1*03:01:01 | DQB1=DQB1*03:02:01 | DPA1=DPA1*01:03:01:02 | DPB1=DPB1*04:01:01:01/DPB1*04:01:01:02,HLA-A=A*02:01:01:01 | HLA-C=C*03:03:01:01 | HLA-B=B*15:01:01:01 | DRB345=DRB4*01:03:01:01/DRB4*01:03:01:01:03 | DRB1=DRB1*04:01:01:01SG | DQA1=DQA1*03:01:01 | DQB1=DQB1*03:02:01 | DPA1=DPA1*01:03:01:05 | DPB1=DPB1*04:02:01:02,False,False,0.0,1.0,1.0,0.0,1.0,1.0,1.0,1.0,0.0
SYNTH_0832,Global,success,,122.4,1.0,1,0.0,HLA-A=A*02:01:01:01 | HLA-C=C*03:04:01:01 | HLA-B=B*40:01:02 | DRB345=DRB5*01:01:01 | DRB1=DRB1*15:01:01:01SG | DQA1=DQA1*01:02:01:01SG | DQB1=DQB1*06:02:01 | DPA1=DPA1*01:03:01:02 | DPB1=DPB1*04:01:01:01/DPB1*04:01:01:02,HLA-A=A*01:01:01:01 | HLA-C=C*07:01:01:01 | HLA-B=B*08:01:01:01 | DRB345=DRB3*01:01:02:02 | DRB1=DRB1*03:01:01:01SG | DQA1=DQA1*05:01:01:02 | DQB1=DQB1*02:01:01 | DPA1=DPA1*01:03:01:03 | DPB1=DPB1*03:01:01,False,False,1.0,1.0,1.0,1.0,1.0,1.0,1.0,1.0,0.0
SYNTH_0833,Global,success,,104.2,1.0,1,0.0,HLA-A=A*02:01:01:01 | HLA-C=C*04:01:01:01 | HLA-B=B*44:03:01:01 | DRB345=DRB4*01:01:01:01 | DRB1=DRB1*07:01:01:01SG | DQA1=DQA1*02:01:01:01SG | DQB1=DQB1*02:02:01:01 | DPA1=DPA1*01:03:01:03 | DPB1=DPB1*03:01:01,HLA-A=A*68:01:01:02 | HLA-C=C*06:02:01:01 | HLA-B=B*58:02:01 | DRB345=DRB3*02:02:01:02 | DRB1=DRB1*12:01:01:03 | DQA1=DQA1*01:05:01 | DQB1=DQB1*05:01:01:02 | DPA1=DPA1*01:03:01:02 | DPB1=DPB1*18:01,True,True,1.0,1.0,1.0,1.0,1.0,1.0,1.0,1.0,1.0
SYNTH_0834,Global,success,,102.7,0.94285714,2,0.316,HLA-A=A*01:01:01:01 | HLA-C=C*07:01:01:01 | HLA-B=B*08:01:01:01 | DRB345=DRB3*01:01:02:02 | DRB1=DRB1*03:01:01:01SG | DQA1=DQA1*05:01:01:02 | DQB1=DQB1*02:01:01 | DPA1=DPA1*02:01:02 | DPB1=DPB1*01:01:01,HLA-A=A*03:01:01:01 | HLA-C=C*07:02:01:03 | HLA-B=B*07:02:01 | DRB345=DRB5*01:01:01 | DRB1=DRB1*15:01:01:01SG | DQA1=DQA1*01:02:01:01SG | DQB1=DQB1*06:02:01 | DPA1=DPA1*01:03:01:04 | DPB1=DPB1*04:01:01:01/DPB1*04:01:01:02,False,False,1.0,1.0,1.0,1.0,1.0,1.0,1.0,1.0,0.0
SYNTH_0835,Global,success,,100.5,0.73333333,2,0.8366,HLA-A=A*01:01:01:01 | HLA-C=C*07:01:01:01 | HLA-B=B*08:01:01:01 | DRB345=DRB3*01:01:02:01 | DRB1=DRB1*03:01:01:01SG | DQA1=DQA1*05:01:01:02 | DQB1=DQB1*02:01:01 | DPA1=DPA1*02:01:02 | DPB1=DPB1*01:01:01,HLA-A=A*03:01:01:01 | HLA-C=C*04:01:01:01 | HLA-B=B*35:01:01:02 | DRB345=Abs | DRB1=DRB1*01:01:01 | DQA1=DQA1*01:01:01:02SG | DQB1=DQB1*05:01:01:03 | DPA1=DPA1*01:03:01:02 | DPB1=DPB1*04:01:01:01/DPB1*04:01:01:02,False,False,1.0,1.0,1.0,1.0,1.0,1.0,1.0,1.0,0.0
SYNTH_0836,Global,success,,102.4,1.0,1,0.0,HLA-A=A*01:01:01:01 | HLA-C=C*07:01:01:01 | HLA-B=B*08:01:01:01 | DRB345=DRB3*01:01:02:01 | DRB1=DRB1*03:01:01:01SG | DQA1=DQA1*05:01:01:02 | DQB1=DQB1*02:01:01 | DPA1=DPA1*01:03:01:02 | DPB1=DPB1*04:01:01:01/DPB1*04:01:01:02,HLA-A=A*01:01:01:01 | HLA-C=C*07:01:01:01 | HLA-B=B*08:01:01:01 | DRB345=DRB5*01:01:01 | DRB1=DRB1*15:01:01:01SG | DQA1=DQA1*01:02:01:01SG | DQB1=DQB1*06:02:01 | DPA1=DPA1*01:03:01:04 | DPB1=DPB1*04:01:01:01/DPB1*04:01:01:02,False,False,1.0,1.0,1.0,1.0,1.0,1.0,1.0,1.0,0.0
SYNTH_0837,Global,success,,88.8,0.82857143,5,0.9898,HLA-A=A*02:01:01:01 | HLA-C=C*05:01:01:02 | HLA-B=B*44:02:01:01 | DRB345=DRB4*01:03:01:01/DRB4*01:03:01:01:03 | DRB1=DRB1*04:01:01:01SG | DQA1=DQA1*03:03:01:01 | DQB1=DQB1*03:01:01:01 | DPA1=DPA1*01:03:01:04 | DPB1=DPB1*04:01:01:01/DPB1*04:01:01:02,HLA-A=A*36:01 | HLA-C=C*04:01:01:01 | HLA-B=B*53:01:01 | DRB345=DRB3*02:02:01:02 | DRB1=DRB1*11:01:02 | DQA1=DQA1*01:02:01:01SG | DQB1=DQB1*06:02:01 | DPA1=DPA1*01:03:01:01 | DPB1=DPB1*02:01:02/DPB1*02:01:19,False,False,1.0,1.0,1.0,0.0,1.0,1.0,1.0,1.0,0.0
SYNTH_0838,Global,success,,140.2,1.0,1,0.0,HLA-A=A*01:01:01:01 | HLA-C=C*07:01:01:01 | HLA-B=B*08:01:01:01 | DRB345=DRB4*01:03:01:01/DRB4*01:03:01:01:03 | DRB1=DRB1*04:04:01 | DQA1=DQA1*03:01:01 | DQB1=DQB1*03:02:01 | DPA1=DPA1*01:03:01:03 | DPB1=DPB1*06:01:01,HLA-A=A*03:01:01:01 | HLA-C=C*08:02:01:01 | HLA-B=B*14:02:01:01 | DRB345=DRB3*03:01:01 | DRB1=DRB1*13:02:01 | DQA1=DQA1*01:02:01:04SG | DQB1=DQB1*06:09:01 | DPA1=DPA1*01:03:01:02 | DPB1=DPB1*04:01:01:01/DPB1*04:01:01:02,False,False,1.0,1.0,1.0,0.0,1.0,1.0,1.0,1.0,0.0
SYNTH_0839,Global,success,,138.3,1.0,1,0.0,HLA-A=A*02:01:01:01 | HLA-C=C*08:02:01:01 | HLA-B=B*14:02:01:01 | DRB345=Abs | DRB1=DRB1*01:02:01 | DQA1=DQA1*01:01:02 | DQB1=DQB1*05:01:01:01 | DPA1=DPA1*01:03:01:02 | DPB1=DPB1*04:01:01:01/DPB1*04:01:01:02,HLA-A=A*31:01:02:01 | HLA-C=C*03:04:01:01 | HLA-B=B*40:01:02 | DRB345=DRB4*01:03:01:01/DRB4*01:03:01:01:03 | DRB1=DRB1*04:04:01 | DQA1=DQA1*03:01:01 | DQB1=DQB1*03:02:01 | DPA1=DPA1*01:03:01:02 | DPB1=DPB1*04:01:01:01/DPB1*04:01:01:02,False,False,1.0,1.0,1.0,0.0,1.0,1.0,1.0,1.0,0.0
SYNTH_0840,Global,success,,137.0,1.0,1,0.0,HLA-A=A*31:01:02:01 | HLA-C=C*03:03:01:01 | HLA-B=B*15:01:01:01 | DRB345=DRB3*02:02:01:02 | DRB1=DRB1*12:01:01:01 | DQA1=DQA1*05:05:01:03 | DQB1=DQB1*03:01:01:01 | DPA1=DPA1*01:03:01:04 | DPB1=DPB1*04:01:01:01/DPB1*04:01:01:02,HLA-A=A*02:01:01:01 | HLA-C=C*04:01:01:01 | HLA-B=B*35:03:01 | DRB345=DRB3*02:02:01:02 | DRB1=DRB1*12:01:01:03 | DQA1=DQA1*05:05:01:05SG | DQB1=DQB1*03:01:01:01 | DPA1=DPA1*02:01:01:02 | DPB1=DPB1*04:01:01:01/DPB1*04:01:01:02,False,False,1.0,1.0,1.0,1.0,1.0,1.0,1.0,1.0,0.0
SYNTH_0841,Global,success,,136.6,0.27096774,10,2.9555,HLA-A=A*02:01:01:01 | HLA-C=C*02:02:02:03 | HLA-B=B*27:02:01 | DRB345=DRB5*02:02 | DRB1=DRB1*16:01:01 | DQA1=DQA1*01:02:02 | DQB1=DQB1*05:02:01 | DPA1=DPA1*01:03:01:05 | DPB1=DPB1*04:02:01:02,HLA-A=A*02:01:01:01 | HLA-C=C*03:04:01:01 | HLA-B=B*40:01:02 | DRB345=DRB3*03:01:01 | DRB1=DRB1*13:02:01 | DQA1=DQA1*01:02:01:04SG | DQB1=DQB1*06:04:01 | DPA1=DPA1*01:03:01:02 | DPB1=DPB1*04:01:01:01/DPB1*04:01:01:02,False,False,1.0,1.0,1.0,1.0,1.0,1.0,1.0,0.0,0.0
SYNTH_0842,Global,success,,136.3,0.91011236,2,0.4361,HLA-A=A*01:01:01:01 | HLA-C=C*07:01:01:01 | HLA-B=B*08:01:01:01 | DRB345=DRB3*01:01:02:01 | DRB1=DRB1*03:01:01:01SG | DQA1=DQA1*05:01:01:02 | DQB1=DQB1*02:01:01 | DPA1=DPA1*02:01:02 | DPB1=DPB1*01:01:01,HLA-A=A*02:01:01:01 | HLA-C=C*03:04:01:01 | HLA-B=B*40:01:02 | DRB345=Abs | DRB1=DRB1*01:01:01 | DQA1=DQA1*01:01:01:02SG | DQB1=DQB1*05:01:01:03 | DPA1=DPA1*01:03:01:04 | DPB1=DPB1*04:01:01:01/DPB1*04:01:01:02,False,False,1.0,1.0,1.0,1.0,1.0,1.0,1.0,1.0,0.0
SYNTH_0843,Global,success,,135.2,0.58333333,8,1.8626,HLA-A=A*03:01:01:01 | HLA-C=C*07:02:01:03 | HLA-B=B*07:02:01 | DRB345=DRB5*01:01:01 | DRB1=DRB1*15:01:01:01SG | DQA1=DQA1*01:02:01:01SG | DQB1=DQB1*06:02:01 | DPA1=DPA1*01:03:01:02 | DPB1=DPB1*04:01:01:01/DPB1*04:01:01:02,HLA-A=A*02:01:01:01 | HLA-C=C*02:02:02:01 | HLA-B=B*51:01:01:01 | DRB345=DRB3*02:02:01:02 | DRB1=DRB1*11:01:01:01 | DQA1=DQA1*05:05:01:01SG | DQB1=DQB1*03:01:01:03 | DPA1=DPA1*01:03:01:01 | DPB1=DPB1*02:01:02/DPB1*02:01:19,False,False,1.0,1.0,1.0,1.0,1.0,1.0,1.0,1.0,0.0
SYNTH_0844,Global,success,,136.3,0.96666667,2,0.2108,HLA-A=A*02:01:01:01 | HLA-C=C*05:01:01:02 | HLA-B=B*44:02:01:01 | DRB345=DRB4*01:03:01:01/DRB4*01:03:01:01:03 | DRB1=DRB1*04:01:01:01SG | DQA1=DQA1*03:03:01:01 | DQB1=DQB1*03:01:01:01 | DPA1=DPA1*01:03:01:04 | DPB1=DPB1*04:01:01:01/DPB1*04:01:01:02,HLA-A=A*11:01:01:01 | HLA-C=C*07:02:01:03 | HLA-B=B*07:02:01 | DRB345=DRB5*01:01:01 | DRB1=DRB1*15:01:01:01SG | DQA1=DQA1*01:02:01:01SG | DQB1=DQB1*06:02:01 | DPA1=DPA1*01:03:01:02 | DPB1=DPB1*04:01:01:01/DPB1*04:01:01:02,False,False,1.0,1.0,1.0,0.0,1.0,1.0,1.0,1.0,0.0
SYNTH_0845,Global,success,,135.5,0.91011236,2,0.4361,HLA-A=A*01:01:01:01 | HLA-C=C*07:01:01:01 | HLA-B=B*08:01:01:01 | DRB345=DRB3*01:01:02:01 | DRB1=DRB1*03:01:01:01SG | DQA1=DQA1*05:01:01:02 | DQB1=DQB1*02:01:01 | DPA1=DPA1*02:01:02 | DPB1=DPB1*01:01:01,HLA-A=A*02:01:01:01 | HLA-C=C*05:01:01:02 | HLA-B=B*44:02:01:01 | DRB345=DRB3*02:02:01:02 | DRB1=DRB1*11:04:01 | DQA1=DQA1*05:05:01:01SG | DQB1=DQB1*03:01:01:03 | DPA1=DPA1*01:03:01:05 | DPB1=DPB1*04:02:01:02,True,False,1.0,1.0,1.0,1.0,1.0,1.0,1.0,1.0,1.0
SYNTH_0846,Global,success,,132.6,0.16125,35,3.907,HLA-A=A*02:01:01:01 | HLA-C=C*07:02:01:03 | HLA-B=B*07:02:01 | DRB345=DRB5*01:01:01 | DRB1=DRB1*15:01:01:01SG | DQA1=DQA1*01:02:01:01SG | DQB1=DQB1*06:02:01 | DPA1=DPA1*01:03:01:04 | DPB1=DPB1*04:01:01:01/DPB1*04:01:01:02,HLA-A=A*33:01:01 | HLA-C=C*08:02:01:01 | HLA-B=B*14:02:01:01 | DRB345=Abs | DRB1=DRB1*01:02:01 | DQA1=DQA1*01:01:02 | DQB1=DQB1*05:01:01:01 | DPA1=DPA1*01:03:01:04 | DPB1=DPB1*04:01:01:01/DPB1*04:01:01:02,False,False,1.0,1.0,1.0,1.0,1.0,1.0,1.0,0.0,0.0
SYNTH_0847,Global,success,,130.9,0.65848407,15,1.9364,HLA-A=A*01:01:01:01 | HLA-C=C*07:01:01:01 | HLA-B=B*08:01:01:01 | DRB345=DRB3*01:01:02:01 | DRB1=DRB1*03:01:01:01SG | DQA1=DQA1*05:01:01:02 | DQB1=DQB1*02:01:01 | DPA1=DPA1*01:03:01:02 | DPB1=DPB1*04:01:01:01/DPB1*04:01:01:02,HLA-A=A*29:02:01:01 | HLA-C=C*16:01:01:01 | HLA-B=B*44:03:01:01 | DRB345=DRB4*01:01:01:01 | DRB1=DRB1*07:01:01:01SG | DQA1=DQA1*02:01:01:01SG | DQB1=DQB1*02:02:01:01 | DPA1=DPA1*02:01:01:01 | DPB1=DPB1*11:01:01,False,False,0.0,1.0,1.0,1.0,1.0,1.0,1.0,1.0,0.0
SYNTH_0848,Global,success,,105.0,0.47058824,7,2.1996,HLA-A=A*03:01:01:01 | HLA-C=C*04:01:01:01 | HLA-B=B*35:01:01:02 | DRB345=Abs | DRB1=DRB1*01:01:01 | DQA1=DQA1*01:01:01:02SG | DQB1=DQB1*05:01:01:03 | DPA1=DPA1*01:03:01:05 | DPB1=DPB1*04:02:01:02,HLA-A=A*68:01:01:02 | HLA-C=C*07:02:01:01 | HLA-B=B*08:01:01:02 | DRB345=DRB3*02:02:01:01 | DRB1=DRB1*03:01:01:01SG | DQA1=DQA1*05:01:01:03 | DQB1=DQB1*02:01:01 | DPA1=DPA1*01:03:01:04 | DPB1=DPB1*04:01:01:01/DPB1*04:01:01:02,False,False,1.0,1.0,1.0,1.0,1.0,1.0,1.0,0.0,0.0
SYNTH_0849,Global,success,,93.5,0.55555556,2,0.9911,HLA-A=A*26:01:01:01 | HLA-C=C*12:03:01:01 | HLA-B=B*38:01:01 | DRB345=DRB4*01:03:01:01/DRB4*01:03:01:01:03 | DRB1=DRB1*04:02:01 | DQA1=DQA1*03:01:01 | DQB1=DQB1*03:02:01 | DPA1=DPA1*01:03:01:04 | DPB1=DPB1*04:01:01:01/DPB1*04:01:01:02,HLA-A=A*02:01:01:01 | HLA-C=C*05:01:01:02 | HLA-B=B*44:02:01:01 | DRB345=DRB4*01:03:01:01/DRB4*01:03:01:01:03 | DRB1=DRB1*04:01:01:01SG | DQA1=DQA1*03:03:01:01 | DQB1=DQB1*03:01:01:01 | DPA1=DPA1*01:03:01:01 | DPB1=DPB1*02:01:02/DPB1*02:01:19,False,False,1.0,1.0,1.0,0.0,1.0,1.0,1.0,1.0,0.0
SYNTH_0850,Global,success,,103.8,1.0,1,0.0,HLA-A=A*02:01:01:01 | HLA-C=C*14:02:01:01 | HLA-B=B*51:01:01:01 | DRB345=DRB5*02:02 | DRB1=DRB1*16:01:01 | DQA1=DQA1*01:02:02 | DQB1=DQB1*05:02:01 | DPA1=DPA1*01:03:01:02 | DPB1=DPB1*04:01:01:01/DPB1*04:01:01:02,HLA-A=A*01:01:01:01 | HLA-C=C*07:01:01:01 | HLA-B=B*08:01:01:01 | DRB345=DRB3*01:01:02:01 | DRB1=DRB1*03:01:01:01SG | DQA1=DQA1*05:01:01:02 | DQB1=DQB1*02:01:01 | DPA1=DPA1*01:03:01:03 | DPB1=DPB1*03:01:01,False,False,1.0,1.0,1.0,1.0,1.0,1.0,1.0,1.0,0.0
SYNTH_0851,Global,success,,146.6,0.65497076,7,1.5483,HLA-A=A*03:01:01:01 | HLA-C=C*07:02:01:03 | HLA-B=B*07:02:01 | DRB345=DRB5*01:01:01 | DRB1=DRB1*15:01:01:01SG | DQA1=DQA1*01:02:01:01SG | DQB1=DQB1*06:02:01 | DPA1=DPA1*01:03:01:02 | DPB1=DPB1*04:01:01:01/DPB1*04:01:01:02,HLA-A=A*02:01:01:01 | HLA-C=C*03:04:01:01 | HLA-B=B*40:01:02 | DRB345=DRB4*01:03:01:01/DRB4*01:03:01:01:03 | DRB1=DRB1*04:01:01:01SG | DQA1=DQA1*03:01:01 | DQB1=DQB1*03:02:01 | DPA1=DPA1*02:01:01:02 | DPB1=DPB1*10:01:01,False,False,1.0,1.0,1.0,0.0,1.0,1.0,1.0,1.0,0.0
SYNTH_0852,Global,success,,64.1,1.0,1,0.0,HLA-A=A*01:01:01:01 | HLA-C=C*07:01:01:01 | HLA-B=B*08:01:01:01 | DRB345=DRB3*01:01:02:01 | DRB1=DRB1*03:01:01:01SG | DQA1=DQA1*05:01:01:02 | DQB1=DQB1*02:01:01 | DPA1=DPA1*01:03:01:03 | DPB1=DPB1*03:01:01,HLA-A=A*02:01:01:01 | HLA-C=C*02:10:01:01 | HLA-B=B*15:03:01:02 | DRB345=DRB5*01:01:01 | DRB1=DRB1*15:03:01:01SG | DQA1=DQA1*01:02:01:01SG | DQB1=DQB1*05:01:01:01 | DPA1=DPA1*02:01:01:01 | DPB1=DPB1*17:01,True,False,1.0,1.0,1.0,1.0,1.0,1.0,1.0,1.0,1.0
SYNTH_0853,Global,success,,97.9,0.42857143,3,1.5567,HLA-A=A*03:01:01:01 | HLA-C=C*16:01:01:01 | HLA-B=B*44:03:01:01 | DRB345=DRB4*01:01:01:01 | DRB1=DRB1*07:01:01:01SG | DQA1=DQA1*02:01:01:01SG | DQB1=DQB1*02:02:01:01 | DPA1=DPA1*01:03:01:01 | DPB1=DPB1*02:01:02/DPB1*02:01:19,HLA-A=A*26:01:01:01 | HLA-C=C*12:03:01:01 | HLA-B=B*38:01:01 | DRB345=DRB4*01:03:01:01/DRB4*01:03:01:01:03 | DRB1=DRB1*04:02:01 | DQA1=DQA1*03:01:01 | DQB1=DQB1*03:02:01 | DPA1=DPA1*01:03:01:04 | DPB1=DPB1*04:01:01:01/DPB1*04:01:01:02,False,False,1.0,1.0,1.0,0.0,1.0,1.0,1.0,0.0,0.0
SYNTH_0854,Global,success,,145.9,1.0,1,0.0,HLA-A=A*02:01:01:01 | HLA-C=C*07:02:01:03 | HLA-B=B*07:02:01 | DRB345=DRB5*01:01:01 | DRB1=DRB1*15:01:01:01SG | DQA1=DQA1*01:02:01:01SG | DQB1=DQB1*06:02:01 | DPA1=DPA1*01:03:01:02 | DPB1=DPB1*04:01:01:01/DPB1*04:01:01:02,HLA-A=A*01:01:01:01 | HLA-C=C*07:01:01:01 | HLA-B=B*08:01:01:01 | DRB345=DRB3*01:01:02:02 | DRB1=DRB1*03:01:01:01SG | DQA1=DQA1*05:01:01:02 | DQB1=DQB1*02:01:01 | DPA1=DPA1*01:03:01:01 | DPB1=DPB1*02:01:02/DPB1*02:01:19,False,False,1.0,1.0,1.0,1.0,1.0,1.0,1.0,1.0,0.0
SYNTH_0855,Global,success,,90.9,1.0,1,0.0,HLA-A=A*24:02:01:01 | HLA-C=C*06:02:01:01 | HLA-B=B*57:01:01 | DRB345=DRB4*01:03:01:02N | DRB1=DRB1*07:01:01:01SG | DQA1=DQA1*02:01:01:01SG | DQB1=DQB1*03:03:02:01 | DPA1=DPA1*01:03:01:04 | DPB1=DPB1*04:01:01:01/DPB1*04:01:01:02,HLA-A=A*29:02:01:01 | HLA-C=C*08:02:01:01 | HLA-B=B*14:02:01:01 | DRB345=DRB4*01:01:01:01 | DRB1=DRB1*07:01:01:01SG | DQA1=DQA1*02:01:01:01SG | DQB1=DQB1*02:02:01:01 | DPA1=DPA1*01:04 | DPB1=DPB1*15:01:01,False,False,1.0,1.0,1.0,1.0,1.0,1.0,1.0,1.0,0.0
SYNTH_0856,Global,success,,133.5,1.0,1,0.0,HLA-A=A*02:01:01:01 | HLA-C=C*04:01:01:06 | HLA-B=B*51:01:01:01 | DRB345=Abs | DRB1=DRB1*08:01:01 | DQA1=DQA1*04:01:01 | DQB1=DQB1*04:02:01 | DPA1=DPA1*01:03:01:03 | DPB1=DPB1*03:01:01,HLA-A=A*33:03:01 | HLA-C=C*04:01:01:01 | HLA-B=B*53:01:01 | DRB345=Abs | DRB1=DRB1*08:04:01 | DQA1=DQA1*04:01:02:02 | DQB1=DQB1*03:19:01 | DPA1=DPA1*02:01:01:02 | DPB1=DPB1*01:01:02,True,False,1.0,1.0,1.0,1.0,1.0,1.0,1.0,1.0,1.0
SYNTH_0857,Global,success,,188.0,1.0,1,0.0,HLA-A=A*02:01:01:01 | HLA-C=C*03:04:01:01 | HLA-B=B*40:01:02 | DRB345=DRB5*01:01:01 | DRB1=DRB1*15:01:01:01SG | DQA1=DQA1*01:02:01:01SG | DQB1=DQB1*06:02:01 | DPA1=DPA1*01:03:01:04 | DPB1=DPB1*04:01:01:01/DPB1*04:01:01:02,HLA-A=A*02:01:01:01 | HLA-C=C*06:02:01:01 | HLA-B=B*13:02:01 | DRB345=DRB4*01:03:01:01/DRB4*01:03:01:01:03 | DRB1=DRB1*07:01:01:01SG | DQA1=DQA1*02:01:01:01SG | DQB1=DQB1*02:02:01:01 | DPA1=DPA1*01:03:01:02 | DPB1=DPB1*04:01:01:01/DPB1*04:01:01:02,False,False,1.0,1.0,1.0,0.0,1.0,1.0,1.0,1.0,0.0
SYNTH_0858,Global,success,,194.6,0.82352941,2,0.6723,HLA-A=A*11:01:01:01 | HLA-C=C*12:02:02 | HLA-B=B*52:01:01:02 | DRB345=DRB3*03:01:01 | DRB1=DRB1*13:02:01 | DQA1=DQA1*01:02:01:04SG | DQB1=DQB1*06:09:01 | DPA1=DPA1*01:03:01:04 | DPB1=DPB1*04:01:01:01/DPB1*04:01:01:02,HLA-A=A*01:01:01:01 | HLA-C=C*07:01:01:01 | HLA-B=B*08:01:01:01 | DRB345=DRB3*01:01:02:01 | DRB1=DRB1*03:01:01:01SG | DQA1=DQA1*05:01:01:02 | DQB1=DQB1*02:01:01 | DPA1=DPA1*01:03:01:05 | DPB1=DPB1*04:02:01:02,False,False,1.0,1.0,1.0,1.0,1.0,1.0,1.0,1.0,0.0
SYNTH_0859,Global,success,,166.4,0.44444444,16,2.7727,HLA-A=A*03:01:01:01 | HLA-C=C*04:01:01:01 | HLA-B=B*35:01:01:02 | DRB345=Abs | DRB1=DRB1*01:01:01 | DQA1=DQA1*01:01:01:02SG | DQB1=DQB1*05:01:01:03 | DPA1=DPA1*01:03:01:05 | DPB1=DPB1*04:02:01:02,HLA-A=A*29:02:01:01 | HLA-C=C*16:01:01:01 | HLA-B=B*44:03:01:01 | DRB345=DRB4*01:01:01:01 | DRB1=DRB1*07:01:01:01SG | DQA1=DQA1*02:01:01:01SG | DQB1=DQB1*02:02:01:01 | DPA1=DPA1*01:03:01:02 | DPB1=DPB1*04:01:01:01/DPB1*04:01:01:02,False,False,1.0,1.0,1.0,1.0,1.0,1.0,1.0,1.0,0.0
SYNTH_0860,Global,success,,146.4,1.0,1,0.0,HLA-A=A*01:01:01:01 | HLA-C=C*07:01:01:01 | HLA-B=B*08:01:01:01 | DRB345=DRB3*01:01:02:01 | DRB1=DRB1*03:01:01:01SG | DQA1=DQA1*05:01:01:02 | DQB1=DQB1*02:01:01 | DPA1=DPA1*02:01:02 | DPB1=DPB1*01:01:01,HLA-A=A*02:01:01:01 | HLA-C=C*02:02:02:01 | HLA-B=B*27:05:02 | DRB345=Abs | DRB1=DRB1*01:01:01 | DQA1=DQA1*01:01:01:02SG | DQB1=DQB1*05:01:01:03 | DPA1=DPA1*01:03:01:03 | DPB1=DPB1*03:01:01,True,True,1.0,1.0,1.0,1.0,1.0,1.0,1.0,1.0,1.0
SYNTH_0861,Global,success,,136.8,0.0,0,0.0,,,False,False,,,,,,,,,
SYNTH_0862,Global,success,,147.5,0.57894737,4,1.6393,HLA-A=A*30:02:01:01 | HLA-C=C*05:01:01:01 | HLA-B=B*18:01:01:01 | DRB345=Abs | DRB1=DRB1*01:01:01 | DQA1=DQA1*01:01:01:02SG | DQB1=DQB1*05:01:01:03 | DPA1=DPA1*01:03:01:01 | DPB1=DPB1*02:01:02/DPB1*02:01:19,HLA-A=A*02:01:01:01 | HLA-C=C*07:02:01:03 | HLA-B=B*07:02:01 | DRB345=Abs | DRB1=DRB1*01:01:01 | DQA1=DQA1*01:01:01:02SG | DQB1=DQB1*05:01:01:03 | DPA1=DPA1*01:03:01:02 | DPB1=DPB1*04:01:01:01/DPB1*04:01:01:02,False,False,1.0,1.0,1.0,1.0,1.0,1.0,1.0,1.0,0.0
SYNTH_0863,Global,success,,155.6,0.53846154,4,1.7272,HLA-A=A*02:01:01:01 | HLA-C=C*02:02:02:01 | HLA-B=B*51:01:01:01 | DRB345=DRB3*02:02:01:02 | DRB1=DRB1*11:01:01:01 | DQA1=DQA1*05:05:01:01SG | DQB1=DQB1*03:01:01:03 | DPA1=DPA1*01:03:01:01 | DPB1=DPB1*02:01:02/DPB1*02:01:19,HLA-A=A*02:01:01:01 | HLA-C=C*03:03:01:01 | HLA-B=B*15:01:01:01 | DRB345=DRB3*02:02:01:02 | DRB1=DRB1*13:01:01:01SG | DQA1=DQA1*01:03:01:02SG | DQB1=DQB1*06:03:01 | DPA1=DPA1*01:03:01:02 | DPB1=DPB1*04:01:01:01/DPB1*04:01:01:02,False,False,1.0,1.0,1.0,1.0,1.0,1.0,1.0,1.0,0.0
SYNTH_0864,Global,success,,206.7,0.88095238,2,0.5266,HLA-A=A*01:01:01:01 | HLA-C=C*07:01:01:01 | HLA-B=B*08:01:01:01 | DRB345=DRB3*01:01:02:01 | DRB1=DRB1*03:01:01:01SG | DQA1=DQA1*05:01:01:02 | DQB1=DQB1*02:01:01 | DPA1=DPA1*01:03:01:02 | DPB1=DPB1*04:01:01:01/DPB1*04:01:01:02,HLA-A=A*02:01:01:01 | HLA-C=C*07:02:01:03 | HLA-B=B*07:02:01 | DRB345=DRB5*01:01:01 | DRB1=DRB1*15:01:01:01SG | DQA1=DQA1*01:02:01:01SG | DQB1=DQB1*06:02:01 | DPA1=DPA1*01:03:01:02 | DPB1=DPB1*04:01:01:01/DPB1*04:01:01:02,False,False,1.0,1.0,1.0,1.0,1.0,1.0,1.0,1.0,0.0
SYNTH_0865,Global,success,,195.0,0.2,12,3.3534,HLA-A=A*11:01:01:01 | HLA-C=C*12:02:02 | HLA-B=B*52:01:01:02 | DRB345=DRB5*01:02 | DRB1=DRB1*15:02:01:01SG | DQA1=DQA1*01:03:01:01 | DQB1=DQB1*06:01:01 | DPA1=DPA1*01:03:01:02 | DPB1=DPB1*04:01:01:01/DPB1*04:01:01:02,HLA-A=A*02:01:01:01 | HLA-C=C*03:04:01:01 | HLA-B=B*40:01:02 | DRB345=DRB4*01:03:01:01/DRB4*01:03:01:01:03 | DRB1=DRB1*04:04:01 | DQA1=DQA1*03:01:01 | DQB1=DQB1*03:02:01 | DPA1=DPA1*01:03:01:03 | DPB1=DPB1*06:01:01,False,False,0.0,1.0,1.0,0.0,1.0,1.0,1.0,1.0,0.0
SYNTH_0866,Global,success,,206.5,0.24290083,32,3.5623,HLA-A=A*01:01:01:01 | HLA-C=C*07:01:01:01 | HLA-B=B*08:01:01:01 | DRB345=DRB3*01:01:02:01 | DRB1=DRB1*03:01:01:01SG | DQA1=DQA1*05:01:01:02 | DQB1=DQB1*02:01:01 | DPA1=DPA1*01:03:01:02 | DPB1=DPB1*04:01:01:01/DPB1*04:01:01:02,HLA-A=A*02:01:01:01 | HLA-C=C*07:04:01:01 | HLA-B=B*44:27:01 | DRB345=DRB5*02:02 | DRB1=DRB1*16:01:01 | DQA1=DQA1*01:02:02 | DQB1=DQB1*05:02:01 | DPA1=DPA1*01:03:01:04 | DPB1=DPB1*04:01:01:01/DPB1*04:01:01:02,False,False,1.0,1.0,1.0,1.0,1.0,1.0,1.0,1.0,0.0
SYNTH_0867,Global,success,,204.7,0.96666667,2,0.2108,HLA-A=A*03:01:01:01 | HLA-C=C*16:01:01:01 | HLA-B=B*44:03:01:01 | DRB345=DRB4*01:01:01:01 | DRB1=DRB1*07:01:01:01SG | DQA1=DQA1*02:01:01:01SG | DQB1=DQB1*02:02:01:01 | DPA1=DPA1*01:03:01:02 | DPB1=DPB1*04:01:01:01/DPB1*04:01:01:02,HLA-A=A*02:01:01:01 | HLA-C=C*05:01:01:02 | HLA-B=B*44:02:01:01 | DRB345=DRB4*01:03:01:01/DRB4*01:03:01:01:03 | DRB1=DRB1*04:01:01:01SG | DQA1=DQA1*03:03:01:01 | DQB1=DQB1*03:01:01:01 | DPA1=DPA1*01:03:01:04 | DPB1=DPB1*04:01:01:01/DPB1*04:01:01:02,False,False,1.0,1.0,1.0,0.0,1.0,1.0,1.0,1.0,0.0
SYNTH_0868,Global,success,,303.1,0.15242243,135,5.4722,HLA-A=A*03:01:01:01 | HLA-C=C*07:02:01:03 | HLA-B=B*07:02:01 | DRB345=DRB5*01:01:01 | DRB1=DRB1*15:01:01:01SG | DQA1=DQA1*01:02:01:01SG | DQB1=DQB1*06:02:01 | DPA1=DPA1*01:03:01:02 | DPB1=DPB1*04:01:01:01/DPB1*04:01:01:02,HLA-A=A*02:01:01:01 | HLA-C=C*05:01:01:02 | HLA-B=B*44:02:01:01 | DRB345=DRB3*01:01:02:01 | DRB1=DRB1*13:01:01:01SG | DQA1=DQA1*01:03:01:02SG | DQB1=DQB1*06:03:01 | DPA1=DPA1*01:03:01:02 | DPB1=DPB1*04:01:01:01/DPB1*04:01:01:02,False,False,1.0,1.0,1.0,1.0,1.0,1.0,1.0,0.0,0.0
SYNTH_0869,Global,success,,273.2,0.42857143,3,1.5567,HLA-A=A*03:01:01:01 | HLA-C=C*07:02:01:03 | HLA-B=B*07:02:01 | DRB345=DRB3*01:01:02:01 | DRB1=DRB1*15:01:01:01SG | DQA1=DQA1*01:02:01:01SG | DQB1=DQB1*06:02:01 | DPA1=DPA1*01:03:01:01 | DPB1=DPB1*04:01:01:01/DPB1*04:01:01:02,HLA-A=A*03:01:01:01 | HLA-C=C*16:01:01:01 | HLA-B=B*44:03:01:01 | DRB345=DRB4*01:01:01:01 | DRB1=DRB1*07:01:01:01SG | DQA1=DQA1*02:01:01:01SG | DQB1=DQB1*02:02:01:01 | DPA1=DPA1*01:03:01:01 | DPB1=DPB1*02:01:02/DPB1*02:01:19,False,False,1.0,1.0,1.0,1.0,1.0,1.0,1.0,0.0,0.0
SYNTH_0870,Global,success,,255.3,0.278,20,3.124,HLA-A=A*01:01:01:01 | HLA-C=C*07:01:01:01 | HLA-B=B*08:01:01:01 | DRB345=DRB3*01:01:02:01 | DRB1=DRB1*03:01:01:01SG | DQA1=DQA1*05:01:01:02 | DQB1=DQB1*02:01:01 | DPA1=DPA1*01:03:01:02 | DPB1=DPB1*04:01:01:01/DPB1*04:01:01:02,HLA-A=A*01:01:01:01 | HLA-C=C*06:02:01:01 | HLA-B=B*57:01:01 | DRB345=DRB5*01:01:01 | DRB1=DRB1*15:01:01:01SG | DQA1=DQA1*01:02:01:01SG | DQB1=DQB1*06:02:01 | DPA1=DPA1*01:03:01:02 | DPB1=DPB1*04:01:01:01/DPB1*04:01:01:02,False,False,1.0,1.0,1.0,1.0,1.0,1.0,1.0,0.0,0.0
SYNTH_0871,Global,success,,253.7,0.57142857,2,0.9852,HLA-A=A*01:01:01:01 | HLA-C=C*07:01:01:01 | HLA-B=B*08:01:01:01 | DRB345=DRB3*01:01:02:01 | DRB1=DRB1*03:01:01:01SG | DQA1=DQA1*05:01:01:02 | DQB1=DQB1*02:01:01 | DPA1=DPA1*01:03:01:02 | DPB1=DPB1*04:01:01:01/DPB1*04:01:01:02,HLA-A=A*01:01:01:01 | HLA-C=C*06:02:01:01 | HLA-B=B*57:01:01 | DRB345=DRB4*01:03:01:02N | DRB1=DRB1*07:01:01:01SG | DQA1=DQA1*02:01:01:01SG | DQB1=DQB1*03:03:02:01 | DPA1=DPA1*01:03:01:02 | DPB1=DPB1*04:01:01:01/DPB1*04:01:01:02,False,False,1.0,1.0,1.0,1.0,1.0,1.0,1.0,1.0,0.0
SYNTH_0872,Global,success,,252.8,0.57201646,12,2.0425,HLA-A=A*01:01:01:01 | HLA-C=C*07:01:01:01 | HLA-B=B*08:01:01:01 | DRB345=DRB3*01:01:02:01 | DRB1=DRB1*03:01:01:01SG | DQA1=DQA1*05:01:01:02 | DQB1=DQB1*02:01:01 | DPA1=DPA1*01:03:01:02 | DPB1=DPB1*04:01:01:01/DPB1*04:01:01:02,HLA-A=A*03:01:01:01 | HLA-C=C*04:01:01:01 | HLA-B=B*35:01:01:02 | DRB345=Abs | DRB1=DRB1*01:01:01 | DQA1=DQA1*01:01:01:02SG | DQB1=DQB1*05:01:01:03 | DPA1=DPA1*01:03:01:05 | DPB1=DPB1*04:02:01:02,False,False,0.0,1.0,1.0,1.0,1.0,1.0,1.0,1.0,0.0
SYNTH_0873,Global,success,,253.4,0.23869944,24,3.4858,HLA-A=A*02:01:01:01 | HLA-C=C*07:02:01:03 | HLA-B=B*07:02:01 | DRB345=DRB5*01:01:01 | DRB1=DRB1*15:01:01:01SG | DQA1=DQA1*01:02:01:01SG | DQB1=DQB1*06:02:01 | DPA1=DPA1*01:03:01:04 | DPB1=DPB1*04:01:01:01/DPB1*04:01:01:02,HLA-A=A*02:01:01:01 | HLA-C=C*03:03:01:01 | HLA-B=B*15:01:01:01 | DRB345=DRB3*02:02:01:02 | DRB1=DRB1*13:01:01:01SG | DQA1=DQA1*01:03:01:02SG | DQB1=DQB1*06:03:01 | DPA1=DPA1*01:03:01:02 | DPB1=DPB1*04:01:01:01/DPB1*04:01:01:02,False,False,0.0,1.0,1.0,1.0,1.0,1.0,1.0,1.0,0.0
SYNTH_0874,Global,success,,200.3,0.85802469,3,0.707,HLA-A=A*01:01:01:01 | HLA-C=C*07:01:01:01 | HLA-B=B*08:01:01:01 | DRB345=DRB3*01:01:02:01 | DRB1=DRB1*03:01:01:01SG | DQA1=DQA1*05:01:01:02 | DQB1=DQB1*02:01:01 | DPA1=DPA1*01:03:01:02 | DPB1=DPB1*04:01:01:01/DPB1*04:01:01:02,HLA-A=A*02:01:01:01 | HLA-C=C*03:04:01:01 | HLA-B=B*15:01:01:01 | DRB345=DRB5*01:01:01 | DRB1=DRB1*15:01:01:01SG | DQA1=DQA1*01:02:01:01SG | DQB1=DQB1*06:02:01 | DPA1=DPA1*01:03:01:05 | DPB1=DPB1*04:02:01:02,False,False,1.0,1.0,1.0,1.0,1.0,1.0,1.0,1.0,0.0
SYNTH_0875,Global,success,,199.5,0.59090909,4,1.5633,HLA-A=A*01:01:01:01 | HLA-C=C*07:01:01:01 | HLA-B=B*08:01:01:01 | DRB345=DRB4*01:03:01:01/DRB4*01:03:01:01:03 | DRB1=DRB1*04:01:01:01SG | DQA1=DQA1*03:03:01:01 | DQB1=DQB1*03:02:01 | DPA1=DPA1*01:03:01:02 | DPB1=DPB1*04:01:01:01/DPB1*04:01:01:02,HLA-A=A*30:02:01:01 | HLA-C=C*05:01:01:01 | HLA-B=B*18:01:01:01 | DRB345=DRB3*02:02:01:01 | DRB1=DRB1*03:01:01:01SG | DQA1=DQA1*05:01:01:01 | DQB1=DQB1*02:01:01 | DPA1=DPA1*01:03:01:01 | DPB1=DPB1*02:02,False,False,1.0,1.0,1.0,0.0,1.0,1.0,1.0,1.0,0.0
SYNTH_0876,Global,success,,150.3,0.53703704,8,2.0524,HLA-A=A*02:01:01:01 | HLA-C=C*05:01:01:02 | HLA-B=B*44:02:01:01 | DRB345=DRB4*01:03:01:01/DRB4*01:03:01:01:03 | DRB1=DRB1*04:01:01:01SG | DQA1=DQA1*03:03:01:01 | DQB1=DQB1*03:01:01:01 | DPA1=DPA1*01:03:01:04 | DPB1=DPB1*04:01:01:01/DPB1*04:01:01:02,HLA-A=A*24:03:01:01 | HLA-C=C*03:03:01:01 | HLA-B=B*15:12 | DRB345=DRB3*03:01:03 | DRB1=DRB1*12:02:01 | DQA1=DQA1*06:01:01 | DQB1=DQB1*03:01:01:01 | DPA1=DPA1*02:02:05 | DPB1=DPB1*05:01:01,False,False,1.0,1.0,1.0,0.0,1.0,1.0,1.0,1.0,0.0
SYNTH_0877,Global,success,,145.0,0.44551282,12,2.3367,HLA-A=A*01:01:01:01 | HLA-C=C*07:01:01:01 | HLA-B=B*08:01:01:01 | DRB345=DRB3*01:01:02:01 | DRB1=DRB1*03:01:01:01SG | DQA1=DQA1*05:01:01:02 | DQB1=DQB1*02:01:01 | DPA1=DPA1*01:03:01:02 | DPB1=DPB1*04:01:01:01/DPB1*04:01:01:02,HLA-A=A*02:01:01:01 | HLA-C=C*07:02:01:01 | HLA-B=B*07:02:01 | DRB345=DRB5*01:01:01 | DRB1=DRB1*15:01:01:01SG | DQA1=DQA1*01:02:01:01SG | DQB1=DQB1*06:02:01 | DPA1=DPA1*01:03:01:02 | DPB1=DPB1*04:01:01:01/DPB1*04:01:01:02,False,False,1.0,1.0,1.0,1.0,1.0,1.0,1.0,0.0,0.0
SYNTH_0878,Global,success,,67.4,1.0,1,0.0,HLA-A=A*32:01:01 | HLA-C=C*07:02:01:01 | HLA-B=B*08:01:01:02 | DRB345=DRB3*02:02:01:01 | DRB1=DRB1*03:01:01:01SG | DQA1=DQA1*05:01:01:03 | DQB1=DQB1*02:01:01 | DPA1=DPA1*01:03:01:04 | DPB1=DPB1*04:01:01:01/DPB1*04:01:01:02,HLA-A=A*02:01:01:01 | HLA-C=C*07:02:01:03 | HLA-B=B*07:02:01 | DRB345=DRB3*02:02:01:01 | DRB1=DRB1*14:54:01 | DQA1=DQA1*01:04:01:01SG | DQB1=DQB1*05:03:01:01/DQB1*05:03:01:02 | DPA1=DPA1*01:03:01:01 | DPB1=DPB1*02:01:02/DPB1*02:01:19,False,False,1.0,1.0,1.0,1.0,1.0,1.0,0.0,1.0,0.0
SYNTH_0879,Global,success,,66.4,1.0,1,0.0,HLA-A=A*02:01:01:01 | HLA-C=C*04:01:01:01 | HLA-B=B*35:01:01:02 | DRB345=DRB3*01:01:02:01 | DRB1=DRB1*03:02:01 | DQA1=DQA1*04:01:01 | DQB1=DQB1*04:02:01 | DPA1=DPA1*02:02:02 | DPB1=DPB1*01:01:01,HLA-A=A*01:01:01:01 | HLA-C=C*07:01:01:01 | HLA-B=B*08:01:01:01 | DRB345=DRB3*01:01:02:02 | DRB1=DRB1*03:01:01:01SG | DQA1=DQA1*05:01:01:02 | DQB1=DQB1*02:01:01 | DPA1=DPA1*01:03:01:03 | DPB1=DPB1*03:01:01,True,False,1.0,1.0,1.0,1.0,1.0,1.0,1.0,1.0,1.0
SYNTH_0880,Global,success,,75.5,0.17879257,18,3.5942,HLA-A=A*29:02:01:01 | HLA-C=C*16:01:01:01 | HLA-B=B*44:03:01:01 | DRB345=DRB4*01:01:01:01 | DRB1=DRB1*07:01:01:01SG | DQA1=DQA1*02:01:01:01SG | DQB1=DQB1*02:02:01:01 | DPA1=DPA1*02:01:01:01 | DPB1=DPB1*11:01:01,HLA-A=A*24:02:01:01 | HLA-C=C*04:01:01:06 | HLA-B=B*35:02:01 | DRB345=DRB3*02:02:01:02 | DRB1=DRB1*11:04:01 | DQA1=DQA1*05:05:01:01SG | DQB1=DQB1*03:01:01:02 | DPA1=DPA1*01:03:01:01 | DPB1=DPB1*02:01:02/DPB1*02:01:19,False,False,1.0,1.0,1.0,1.0,1.0,1.0,1.0,0.0,0.0
SYNTH_0881,Global,success,,74.9,0.6,2,0.971,HLA-A=A*02:01:01:01 | HLA-C=C*06:02:01:01 | HLA-B=B*57:01:01 | DRB345=DRB4*01:03:01:02N | DRB1=DRB1*07:01:01:01SG | DQA1=DQA1*02:01:01:01SG | DQB1=DQB1*03:03:02:01 | DPA1=DPA1*01:03:01:01 | DPB1=DPB1*04:01:01:01/DPB1*04:01:01:02,HLA-A=A*02:01:01:01 | HLA-C=C*07:02:01:03 | HLA-B=B*07:02:01 | DRB345=DRB3*02:02:01:01 | DRB1=DRB1*14:54:01 | DQA1=DQA1*01:04:01:01SG | DQB1=DQB1*05:03:01:01/DQB1*05:03:01:02 | DPA1=DPA1*01:03:01:01 | DPB1=DPB1*02:01:02/DPB1*02:01:19,False,False,1.0,1.0,1.0,1.0,1.0,1.0,0.0,1.0,0.0
SYNTH_0882,Global,success,,99.1,0.82352941,2,0.6723,HLA-A=A*01:01:01:01 | HLA-C=C*07:01:01:01 | HLA-B=B*08:01:01:01 | DRB345=DRB4*01:03:01:01/DRB4*01:03:01:01:03 | DRB1=DRB1*04:01:01:01SG | DQA1=DQA1*03:03:01:01 | DQB1=DQB1*03:01:01:01 | DPA1=DPA1*01:03:01:04 | DPB1=DPB1*04:01:01:01/DPB1*04:01:01:02,HLA-A=A*01:01:01:01 | HLA-C=C*07:01:01:01 | HLA-B=B*08:01:01:01 | DRB345=DRB3*01:01:02:01 | DRB1=DRB1*03:01:01:01SG | DQA1=DQA1*05:01:01:02 | DQB1=DQB1*02:01:01 | DPA1=DPA1*01:03:01:05 | DPB1=DPB1*04:02:01:02,False,False,1.0,1.0,1.0,0.0,1.0,1.0,1.0,1.0,0.0
SYNTH_0883,Global,success,,49.3,1.0,1,0.0,HLA-A=A*02:01:01:01 | HLA-C=C*02:02:02:01 | HLA-B=B*40:02:01 | DRB345=DRB3*02:02:01:02 | DRB1=DRB1*13:01:01:01SG | DQA1=DQA1*01:03:01:02SG | DQB1=DQB1*06:03:01 | DPA1=DPA1*01:03:01:01 | DPB1=DPB1*02:01:02/DPB1*02:01:19,HLA-A=A*02:01:01:01 | HLA-C=C*16:01:01:01 | HLA-B=B*44:03:01:01 | DRB345=DRB4*01:01:01:01 | DRB1=DRB1*07:01:01:01SG | DQA1=DQA1*02:01:01:01SG | DQB1=DQB1*04:02:01 | DPA1=DPA1*02:01:08 | DPB1=DPB1*01:01:01,False,False,1.0,1.0,1.0,1.0,1.0,1.0,1.0,1.0,0.0
SYNTH_0884,Global,success,,55.5,0.93478261,2,0.3478,HLA-A=A*02:01:01:01 | HLA-C=C*07:02:01:03 | HLA-B=B*07:02:01 | DRB345=DRB5*01:01:01 | DRB1=DRB1*15:01:01:01SG | DQA1=DQA1*01:02:01:01SG | DQB1=DQB1*06:02:01 | DPA1=DPA1*01:03:01:04 | DPB1=DPB1*04:01:01:01/DPB1*04:01:01:02,HLA-A=A*02:01:01:01 | HLA-C=C*16:01:01:01 | HLA-B=B*44:03:01:01 | DRB345=DRB4*01:01:01:01 | DRB1=DRB1*07:01:01:01SG | DQA1=DQA1*02:01:01:01SG | DQB1=DQB1*04:02:01 | DPA1=DPA1*02:01:08 | DPB1=DPB1*01:01:01,False,False,1.0,1.0,1.0,1.0,1.0,1.0,1.0,1.0,0.0
SYNTH_0885,Global,success,,49.1,0.875,2,0.5436,HLA-A=A*02:01:01:01 | HLA-C=C*03:04:01:01 | HLA-B=B*40:01:02 | DRB345=DRB3*03:01:01 | DRB1=DRB1*13:02:01 | DQA1=DQA1*01:02:01:04SG | DQB1=DQB1*06:04:01 | DPA1=DPA1*01:03:01:02 | DPB1=DPB1*04:01:01:01/DPB1*04:01:01:02,HLA-A=A*23:01:01 | HLA-C=C*17:03 | HLA-B=B*41:02:01 | DRB345=DRB3*02:02:01:02 | DRB1=DRB1*11:04:01 | DQA1=DQA1*05:05:01:01SG | DQB1=DQB1*03:01:01:03 | DPA1=DPA1*02:01:01:01 | DPB1=DPB1*13:01:01/DPB1*107:01,False,False,1.0,1.0,1.0,1.0,1.0,1.0,1.0,1.0,0.0
SYNTH_0886,Global,success,,49.5,0.96666667,2,0.2108,HLA-A=A*02:01:01:01 | HLA-C=C*05:01:01:02 | HLA-B=B*44:02:01:01 | DRB345=DRB4*01:03:01:01/DRB4*01:03:01:01:03 | DRB1=DRB1*04:01:01:01SG | DQA1=DQA1*03:03:01:01 | DQB1=DQB1*03:01:01:01 | DPA1=DPA1*01:03:01:04 | DPB1=DPB1*04:01:01:01/DPB1*04:01:01:02,HLA-A=A*02:01:01:01 | HLA-C=C*04:01:01:01 | HLA-B=B*35:01:01:02 | DRB345=Abs | DRB1=DRB1*01:01:01 | DQA1=DQA1*01:01:01:02SG | DQB1=DQB1*05:01:01:03 | DPA1=DPA1*01:03:01:05 | DPB1=DPB1*04:02:01:02,False,False,1.0,1.0,1.0,0.0,1.0,1.0,1.0,1.0,0.0
SYNTH_0887,Global,success,,81.8,0.89473684,2,0.4855,HLA-A=A*31:01:02:01 | HLA-C=C*03:04:01:01 | HLA-B=B*40:01:02 | DRB345=Abs | DRB1=DRB1*01:01:01 | DQA1=DQA1*01:01:01:02SG | DQB1=DQB1*05:01:01:03 | DPA1=DPA1*01:03:01:04 | DPB1=DPB1*04:01:01:01/DPB1*04:01:01:02,HLA-A=A*01:01:01:01 | HLA-C=C*07:01:01:01 | HLA-B=B*08:01:01:01 | DRB345=DRB3*01:01:02:01 | DRB1=DRB1*03:01:01:01SG | DQA1=DQA1*05:01:01:02 | DQB1=DQB1*02:01:01 | DPA1=DPA1*01:03:01:04 | DPB1=DPB1*04:01:01:01/DPB1*04:01:01:02,False,False,1.0,1.0,1.0,1.0,1.0,1.0,1.0,1.0,0.0
SYNTH_0888,Global,success,,129.6,0.43298969,20,2.5443,HLA-A=A*01:01:01:01 | HLA-C=C*07:01:01:01 | HLA-B=B*08:01:01:01 | DRB345=DRB3*01:01:02:01 | DRB1=DRB1*03:01:01:01SG | DQA1=DQA1*05:01:01:02 | DQB1=DQB1*02:01:01 | DPA1=DPA1*02:01:02 | DPB1=DPB1*01:01:01,HLA-A=A*02:01:01:01 | HLA-C=C*06:02:01:01 | HLA-B=B*13:02:01 | DRB345=DRB4*01:03:01:01/DRB4*01:03:01:01:03 | DRB1=DRB1*07:01:01:01SG | DQA1=DQA1*02:01:01:01SG | DQB1=DQB1*02:02:01:01 | DPA1=DPA1*01:03:01:02 | DPB1=DPB1*04:01:01:01/DPB1*04:01:01:02,False,False,1.0,1.0,1.0,0.0,1.0,1.0,1.0,1.0,0.0
SYNTH_0889,Global,success,,128.7,1.0,1,0.0,HLA-A=A*01:01:01:01 | HLA-C=C*07:01:01:01 | HLA-B=B*57:01:01 | DRB345=DRB4*01:03:01:02N | DRB1=DRB1*07:01:01:01SG | DQA1=DQA1*02:01:01:01SG | DQB1=DQB1*03:03:02:01 | DPA1=DPA1*01:03:01:02 | DPB1=DPB1*04:01:01:01/DPB1*04:01:01:02,HLA-A=A*11:01:01:01 | HLA-C=C*07:01:01:01 | HLA-B=B*08:01:01:01 | DRB345=DRB3*01:01:02:01 | DRB1=DRB1*03:01:01:01SG | DQA1=DQA1*05:01:01:02 | DQB1=DQB1*02:01:01 | DPA1=DPA1*01:03:01:04 | DPB1=DPB1*04:01:01:01/DPB1*04:01:01:02,False,False,1.0,1.0,1.0,1.0,1.0,1.0,1.0,1.0,0.0
SYNTH_0890,Global,success,,132.7,1.0,1,0.0,HLA-A=A*03:01:01:01 | HLA-C=C*07:01:01:01 | HLA-B=B*49:01:01 | DRB345=DRB3*02:02:01:02 | DRB1=DRB1*11:01:01:01 | DQA1=DQA1*05:05:01:01SG | DQB1=DQB1*03:01:01:03 | DPA1=DPA1*01:03:01:04 | DPB1=DPB1*04:01:01:01/DPB1*04:01:01:02,HLA-A=A*01:01:01:01 | HLA-C=C*04:01:01:06 | HLA-B=B*35:02:01 | DRB345=DRB3*02:02:01:02 | DRB1=DRB1*11:04:01 | DQA1=DQA1*01:03:01:02SG | DQB1=DQB1*06:03:01 | DPA1=DPA1*02:01:01:02 | DPB1=DPB1*02:01:02/DPB1*02:01:19,False,False,1.0,1.0,1.0,1.0,1.0,1.0,1.0,1.0,0.0
SYNTH_0891,Global,success,,120.4,0.58333333,8,1.8626,HLA-A=A*03:01:01:01 | HLA-C=C*07:02:01:03 | HLA-B=B*07:02:01 | DRB345=DRB5*01:01:01 | DRB1=DRB1*15:01:01:01SG | DQA1=DQA1*01:02:01:01SG | DQB1=DQB1*06:02:01 | DPA1=DPA1*01:03:01:02 | DPB1=DPB1*04:01:01:01/DPB1*04:01:01:02,HLA-A=A*34:01:01 | HLA-C=C*04:03:01 | HLA-B=B*15:21 | DRB345=DRB5*01:01:01 | DRB1=DRB1*15:02:01:01SG | DQA1=DQA1*01:02:01:01SG | DQB1=DQB1*05:02:01 | DPA1=DPA1*02:02:02 | DPB1=DPB1*01:01:01,False,False,1.0,1.0,1.0,1.0,1.0,1.0,1.0,1.0,0.0
SYNTH_0892,Global,success,,133.6,0.57142857,2,0.9852,HLA-A=A*11:01:01:01 | HLA-C=C*03:04:01:01 | HLA-B=B*40:01:02 | DRB345=DRB3*03:01:01 | DRB1=DRB1*13:02:01 | DQA1=DQA1*01:02:01:04SG | DQB1=DQB1*06:04:01 | DPA1=DPA1*01:03:01:04 | DPB1=DPB1*04:01:01:01/DPB1*04:01:01:02,HLA-A=A*24:02:01:01 | HLA-C=C*12:02:02 | HLA-B=B*52:01:01:01 | DRB345=DRB5*01:02 | DRB1=DRB1*15:02:01:01SG | DQA1=DQA1*01:03:01:01 | DQB1=DQB1*06:01:01 | DPA1=DPA1*01:03:01:01 | DPB1=DPB1*02:01:02/DPB1*02:01:19,False,False,1.0,1.0,1.0,1.0,1.0,1.0,1.0,1.0,0.0
SYNTH_0893,Global,success,,214.3,0.6,2,0.971,HLA-A=A*02:01:01:01 | HLA-C=C*03:04:01:01 | HLA-B=B*40:01:02 | DRB345=DRB3*03:01:01 | DRB1=DRB1*13:02:01 | DQA1=DQA1*01:02:01:04SG | DQB1=DQB1*06:04:01 | DPA1=DPA1*01:03:01:05 | DPB1=DPB1*04:02:01:02,HLA-A=A*03:01:01:01 | HLA-C=C*03:04:01:01 | HLA-B=B*15:01:01:01 | DRB345=DRB4*01:03:01:01/DRB4*01:03:01:01:03 | DRB1=DRB1*04:01:01:01SG | DQA1=DQA1*03:01:01 | DQB1=DQB1*03:02:01 | DPA1=DPA1*01:03:01:03 | DPB1=DPB1*03:01:01,False,False,1.0,1.0,1.0,0.0,1.0,1.0,1.0,1.0,1.0
SYNTH_0894,Global,success,,133.1,0.16065424,234,5.61,HLA-A=A*01:01:01:01 | HLA-C=C*07:01:01:01 | HLA-B=B*08:01:01:01 | DRB345=DRB3*01:01:02:01 | DRB1=DRB1*03:01:01:01SG | DQA1=DQA1*05:01:01:02 | DQB1=DQB1*02:01:01 | DPA1=DPA1*01:03:01:02 | DPB1=DPB1*04:01:01:01/DPB1*04:01:01:02,HLA-A=A*29:02:01:01 | HLA-C=C*16:01:01:01 | HLA-B=B*44:03:01:01 | DRB345=DRB4*01:01:01:01 | DRB1=DRB1*07:01:01:01SG | DQA1=DQA1*02:01:01:01SG | DQB1=DQB1*02:02:01:01 | DPA1=DPA1*02:01:01:01 | DPB1=DPB1*11:01:01,False,False,1.0,1.0,1.0,1.0,1.0,1.0,1.0,0.0,0.0
SYNTH_0895,Global,success,,161.5,0.29117647,12,2.9969,HLA-A=A*29:02:01:01 | HLA-C=C*16:01:01:01 | HLA-B=B*44:03:01:01 | DRB345=DRB4*01:01:01:01 | DRB1=DRB1*07:01:01:01SG | DQA1=DQA1*02:01:01:01SG | DQB1=DQB1*02:02:01:01 | DPA1=DPA1*02:01:01:01 | DPB1=DPB1*11:01:01,HLA-A=A*03:01:01:01 | HLA-C=C*07:02:01:03 | HLA-B=B*07:02:01 | DRB345=DRB4*01:03:01:01/DRB4*01:03:01:01:03 | DRB1=DRB1*04:01:01:01SG | DQA1=DQA1*03:01:01 | DQB1=DQB1*03:02:01 | DPA1=DPA1*01:03:01:02 | DPB1=DPB1*04:01:01:01/DPB1*04:01:01:02,False,False,1.0,1.0,1.0,0.0,1.0,1.0,1.0,1.0,0.0
SYNTH_0896,Global,success,,145.4,1.0,1,0.0,HLA-A=A*01:01:01:01 | HLA-C=C*07:02:01:03 | HLA-B=B*07:02:01 | DRB345=DRB5*01:01:01 | DRB1=DRB1*15:01:01:01SG | DQA1=DQA1*01:02:01:01SG | DQB1=DQB1*06:02:01 | DPA1=DPA1*01:03:01:02 | DPB1=DPB1*04:01:01:01/DPB1*04:01:01:02,HLA-A=A*03:01:01:01 | HLA-C=C*07:02:01:03 | HLA-B=B*07:02:01 | DRB345=DRB4*01:03:01:01/DRB4*01:03:01:01:03 | DRB1=DRB1*04:01:01:01SG | DQA1=DQA1*03:01:01 | DQB1=DQB1*03:02:01 | DPA1=DPA1*01:03:01:01 | DPB1=DPB1*02:01:02/DPB1*02:01:19,False,False,1.0,1.0,1.0,0.0,1.0,1.0,1.0,1.0,0.0
SYNTH_0897,Global,success,,133.4,0.94285714,2,0.316,HLA-A=A*03:01:01:01 | HLA-C=C*07:02:01:03 | HLA-B=B*07:02:01 | DRB345=DRB4*01:01:01:01 | DRB1=DRB1*07:01:01:01SG | DQA1=DQA1*02:01:01:01SG | DQB1=DQB1*02:02:01:01 | DPA1=DPA1*01:03:01:01 | DPB1=DPB1*02:01:02/DPB1*02:01:19,HLA-A=A*03:01:01:01 | HLA-C=C*07:02:01:03 | HLA-B=B*07:02:01 | DRB345=DRB5*01:01:01 | DRB1=DRB1*15:01:01:01SG | DQA1=DQA1*01:02:01:01SG | DQB1=DQB1*06:02:01 | DPA1=DPA1*01:03:01:04 | DPB1=DPB1*04:01:01:01/DPB1*04:01:01:02,False,False,1.0,1.0,1.0,1.0,1.0,1.0,1.0,1.0,0.0
SYNTH_0898,Global,success,,98.1,0.925,2,0.3843,HLA-A=A*02:01:01:01 | HLA-C=C*07:02:01:03 | HLA-B=B*07:02:01 | DRB345=DRB5*01:01:01 | DRB1=DRB1*15:01:01:01SG | DQA1=DQA1*01:02:01:01SG | DQB1=DQB1*06:02:01 | DPA1=DPA1*01:03:01:02 | DPB1=DPB1*04:01:01:01/DPB1*04:01:01:02,HLA-A=A*02:01:01:01 | HLA-C=C*03:04:01:01 | HLA-B=B*40:01:02 | DRB345=DRB3*03:01:01 | DRB1=DRB1*13:02:01 | DQA1=DQA1*01:02:01:04SG | DQB1=DQB1*06:04:01 | DPA1=DPA1*01:03:01:01 | DPB1=DPB1*02:01:02/DPB1*02:01:19,False,False,1.0,1.0,1.0,1.0,1.0,1.0,1.0,1.0,0.0
SYNTH_0899,Global,success,,96.0,0.86170213,4,0.7939,HLA-A=A*01:01:01:01 | HLA-C=C*07:01:01:01 | HLA-B=B*08:01:01:01 | DRB345=DRB3*01:01:02:01 | DRB1=DRB1*03:01:01:01SG | DQA1=DQA1*05:01:01:02 | DQB1=DQB1*02:01:01 | DPA1=DPA1*02:01:02 | DPB1=DPB1*01:01:01,HLA-A=A*24:02:01:01 | HLA-C=C*07:04:01:01 | HLA-B=B*44:02:01:03 | DRB345=DRB3*02:02:01:02 | DRB1=DRB1*11:01:01:01 | DQA1=DQA1*05:05:01:01SG | DQB1=DQB1*03:01:01:03 | DPA1=DPA1*01:03:01:01 | DPB1=DPB1*02:01:02/DPB1*02:01:19,False,False,1.0,1.0,1.0,1.0,1.0,1.0,1.0,1.0,0.0
SYNTH_0900,Global,success,,96.8,1.0,1,0.0,HLA-A=A*01:01:01:01 | HLA-C=C*04:01:01:06 | HLA-B=B*35:02:01 | DRB345=DRB3*02:02:01:02 | DRB1=DRB1*11:04:01 | DQA1=DQA1*01:03:01:02SG | DQB1=DQB1*06:03:01 | DPA1=DPA1*02:01:01:02 | DPB1=DPB1*02:01:02/DPB1*02:01:19,HLA-A=A*02:01:01:01 | HLA-C=C*15:13 | HLA-B=B*51:01:01:01 | DRB345=DRB4*01:03:01:01/DRB4*01:03:01:01:03 | DRB1=DRB1*04:02:01 | DQA1=DQA1*03:01:01 | DQB1=DQB1*03:02:01 | DPA1=DPA1*01:03:01:04 | DPB1=DPB1*04:01:01:01/DPB1*04:01:01:02,False,False,1.0,1.0,1.0,0.0,1.0,1.0,1.0,1.0,0.0
SYNTH_0901,Global,success,,137.7,0.66666667,2,0.9183,HLA-A=A*03:01:01:01 | HLA-C=C*04:01:01:01 | HLA-B=B*35:01:01:02 | DRB345=DRB3*02:02:01:02 | DRB1=DRB1*13:01:01:01SG | DQA1=DQA1*01:03:01:02SG | DQB1=DQB1*06:03:01 | DPA1=DPA1*01:03:01:02 | DPB1=DPB1*04:01:01:01/DPB1*04:01:01:02,HLA-A=A*33:01:01 | HLA-C=C*08:02:01:01 | HLA-B=B*14:02:01:01 | DRB345=Abs | DRB1=DRB1*01:02:01 | DQA1=DQA1*01:01:02 | DQB1=DQB1*05:01:01:01 | DPA1=DPA1*01:03:01:02 | DPB1=DPB1*04:01:01:01/DPB1*04:01:01:02,False,False,1.0,1.0,1.0,1.0,1.0,1.0,1.0,1.0,0.0
SYNTH_0902,Global,success,,122.3,0.45833333,8,2.2493,HLA-A=A*29:02:01:01 | HLA-C=C*08:02:01:01 | HLA-B=B*14:02:01:01 | DRB345=DRB4*01:01:01:01 | DRB1=DRB1*07:01:01:01SG | DQA1=DQA1*02:01:01:01SG | DQB1=DQB1*02:02:01:01 | DPA1=DPA1*01:04 | DPB1=DPB1*15:01:01,HLA-A=A*02:01:01:01 | HLA-C=C*07:01:01:01 | HLA-B=B*18:01:01:02 | DRB345=DRB3*02:02:01:02 | DRB1=DRB1*11:04:01 | DQA1=DQA1*05:05:01:01SG | DQB1=DQB1*03:01:01:03 | DPA1=DPA1*01:03:01:05 | DPB1=DPB1*04:02:01:01,True,True,1.0,1.0,1.0,1.0,1.0,1.0,1.0,1.0,1.0
SYNTH_0903,Global,success,,151.4,1.0,1,0.0,HLA-A=A*24:03:01:01 | HLA-C=C*03:03:01:01 | HLA-B=B*15:12 | DRB345=DRB3*03:01:03 | DRB1=DRB1*12:02:01 | DQA1=DQA1*06:01:01 | DQB1=DQB1*03:01:01:01 | DPA1=DPA1*02:02:05 | DPB1=DPB1*05:01:01,HLA-A=A*02:01:01:01 | HLA-C=C*05:01:01:02 | HLA-B=B*44:02:01:01 | DRB345=DRB4*01:03:01:01/DRB4*01:03:01:01:03 | DRB1=DRB1*04:01:01:01SG | DQA1=DQA1*03:01:01 | DQB1=DQB1*03:02:01 | DPA1=DPA1*01:03:01:02 | DPB1=DPB1*04:01:01:01/DPB1*04:01:01:02,False,False,1.0,1.0,1.0,0.0,1.0,1.0,1.0,1.0,0.0
SYNTH_0904,Global,success,,94.8,0.59893048,6,1.7076,HLA-A=A*03:01:01:01 | HLA-C=C*07:02:01:03 | HLA-B=B*07:02:01 | DRB345=DRB5*01:01:01 | DRB1=DRB1*15:01:01:01SG | DQA1=DQA1*01:02:01:01SG | DQB1=DQB1*06:02:01 | DPA1=DPA1*01:03:01:02 | DPB1=DPB1*04:01:01:01/DPB1*04:01:01:02,HLA-A=A*30:01:01 | HLA-C=C*17:01:01:02 | HLA-B=B*42:01:01 | DRB345=Abs | DRB1=DRB1*01:02:01 | DQA1=DQA1*01:01:02 | DQB1=DQB1*05:01:01:01 | DPA1=DPA1*02:01:08 | DPB1=DPB1*01:01:01,False,False,0.0,1.0,1.0,1.0,1.0,1.0,1.0,1.0,0.0
SYNTH_0905,Global,success,,88.8,0.77777778,2,0.7642,HLA-A=A*02:01:01:01 | HLA-C=C*03:04:01:01 | HLA-B=B*40:01:02 | DRB345=DRB4*01:03:01:01/DRB4*01:03:01:01:03 | DRB1=DRB1*04:04:01 | DQA1=DQA1*03:01:01 | DQB1=DQB1*03:02:01 | DPA1=DPA1*01:03:01:03 | DPB1=DPB1*06:01:01,HLA-A=A*24:02:01:01 | HLA-C=C*04:01:01:05 | HLA-B=B*35:01:01:02 | DRB345=Abs | DRB1=DRB1*01:03 | DQA1=DQA1*01:01:01:02SG | DQB1=DQB1*05:01:01:03 | DPA1=DPA1*01:03:01:01 | DPB1=DPB1*02:01:02/DPB1*02:01:19,False,False,1.0,1.0,1.0,0.0,1.0,1.0,1.0,1.0,0.0
SYNTH_0906,Global,success,,88.2,1.0,1,0.0,HLA-A=A*02:06:01:01 | HLA-C=C*07:02:01:01 | HLA-B=B*39:05:01 | DRB345=DRB4*01:03:01:01/DRB4*01:03:01:01:03 | DRB1=DRB1*04:07:01 | DQA1=DQA1*03:01:01 | DQB1=DQB1*03:02:01 | DPA1=DPA1*01:03:01:05 | DPB1=DPB1*04:02:01:02,HLA-A=A*30:02:01:01 | HLA-C=C*05:01:01:01 | HLA-B=B*18:01:01:01 | DRB345=DRB3*02:02:01:01 | DRB1=DRB1*03:01:01:01SG | DQA1=DQA1*05:01:01:01 | DQB1=DQB1*02:01:01 | DPA1=DPA1*01:03:01:02 | DPB1=DPB1*04:01:01:01/DPB1*04:01:01:02,False,False,1.0,1.0,1.0,0.0,1.0,1.0,1.0,1.0,0.0
SYNTH_0907,Global,success,,109.8,1.0,1,0.0,HLA-A=A*02:01:01:01 | HLA-C=C*02:02:02:01 | HLA-B=B*27:05:02 | DRB345=Abs | DRB1=DRB1*01:01:01 | DQA1=DQA1*01:01:01:02SG | DQB1=DQB1*05:01:01:03 | DPA1=DPA1*01:03:01:05 | DPB1=DPB1*04:02:01:02,HLA-A=A*33:01:01 | HLA-C=C*08:02:01:01 | HLA-B=B*14:02:01:01 | DRB345=DRB3*02:02:01:02 | DRB1=DRB1*13:01:01:01SG | DQA1=DQA1*01:03:01:02SG | DQB1=DQB1*06:03:01 | DPA1=DPA1*01:03:01:02 | DPB1=DPB1*04:01:01:01/DPB1*04:01:01:02,False,False,1.0,1.0,1.0,1.0,1.0,1.0,1.0,1.0,0.0
SYNTH_0908,Global,success,,108.9,0.96666667,2,0.2108,HLA-A=A*03:01:01:01 | HLA-C=C*07:02:01:03 | HLA-B=B*07:02:01 | DRB345=DRB3*02:02:01:02 | DRB1=DRB1*11:01:01:01 | DQA1=DQA1*05:05:01:01SG | DQB1=DQB1*03:01:01:03 | DPA1=DPA1*01:03:01:04 | DPB1=DPB1*04:01:01:01/DPB1*04:01:01:02,HLA-A=A*02:01:01:01 | HLA-C=C*05:01:01:02 | HLA-B=B*44:02:01:01 | DRB345=DRB4*01:03:01:01/DRB4*01:03:01:01:03 | DRB1=DRB1*04:01:01:01SG | DQA1=DQA1*03:03:01:01 | DQB1=DQB1*03:01:01:01 | DPA1=DPA1*01:03:01:04 | DPB1=DPB1*04:01:01:01/DPB1*04:01:01:02,False,False,1.0,1.0,1.0,0.0,1.0,1.0,1.0,1.0,0.0
SYNTH_0909,Global,success,,85.7,0.26597938,16,3.0372,HLA-A=A*02:01:01:01 | HLA-C=C*07:02:01:03 | HLA-B=B*07:02:01 | DRB345=DRB5*01:01:01 | DRB1=DRB1*15:01:01:01SG | DQA1=DQA1*01:02:01:01SG | DQB1=DQB1*06:02:01 | DPA1=DPA1*01:03:01:04 | DPB1=DPB1*04:01:01:01/DPB1*04:01:01:02,HLA-A=A*31:01:02:01 | HLA-C=C*04:01:01:06 | HLA-B=B*35:02:01 | DRB345=DRB4*01:03:01:01/DRB4*01:03:01:01:03 | DRB1=DRB1*04:03:01 | DQA1=DQA1*03:01:01 | DQB1=DQB1*03:05:01 | DPA1=DPA1*01:03:01:04 | DPB1=DPB1*04:01:01:01/DPB1*04:01:01:02,False,False,0.0,1.0,1.0,0.0,1.0,1.0,1.0,1.0,0.0
SYNTH_0910,Global,success,,108.5,1.0,1,0.0,HLA-A=A*02:01:01:01 | HLA-C=C*04:01:01:01 | HLA-B=B*53:01:01 | DRB345=Abs | DRB1=DRB1*08:04:01 | DQA1=DQA1*04:01:02:02 | DQB1=DQB1*03:19:01 | DPA1=DPA1*02:02:02 | DPB1=DPB1*01:01:01,HLA-A=A*02:01:01:01 | HLA-C=C*06:02:01:01 | HLA-B=B*13:02:01 | DRB345=DRB4*01:03:01:01/DRB4*01:03:01:01:03 | DRB1=DRB1*07:01:01:01SG | DQA1=DQA1*02:01:01:01SG | DQB1=DQB1*02:02:01:01 | DPA1=DPA1*01:03:01:01 | DPB1=DPB1*02:01:02/DPB1*02:01:19,False,False,1.0,1.0,1.0,0.0,1.0,1.0,1.0,1.0,0.0
SYNTH_0911,Global,success,,109.9,1.0,1,0.0,HLA-A=A*02:01:01:01 | HLA-C=C*07:02:01:03 | HLA-B=B*07:02:01 | DRB345=DRB4*01:03:01:02N | DRB1=DRB1*07:01:01:01SG | DQA1=DQA1*02:01:01:01SG | DQB1=DQB1*03:03:02:01 | DPA1=DPA1*01:03:01:04 | DPB1=DPB1*04:01:01:01/DPB1*04:01:01:02,HLA-A=A*11:01:01:01 | HLA-C=C*07:01:01:01 | HLA-B=B*08:01:01:01 | DRB345=DRB3*01:01:02:01 | DRB1=DRB1*03:01:01:01SG | DQA1=DQA1*05:01:01:02 | DQB1=DQB1*02:01:01 | DPA1=DPA1*01:03:01:04 | DPB1=DPB1*04:01:01:01/DPB1*04:01:01:02,False,False,1.0,1.0,1.0,1.0,1.0,1.0,1.0,1.0,0.0
SYNTH_0912,Global,success,,87.8,0.46333333,10,2.1531,HLA-A=A*01:01:01:01 | HLA-C=C*07:01:01:01 | HLA-B=B*08:01:01:01 | DRB345=DRB3*01:01:02:01 | DRB1=DRB1*03:01:01:01SG | DQA1=DQA1*05:01:01:02 | DQB1=DQB1*02:01:01 | DPA1=DPA1*01:03:01:02 | DPB1=DPB1*04:01:01:01/DPB1*04:01:01:02,HLA-A=A*26:01:01:01 | HLA-C=C*04:01:01:05 | HLA-B=B*35:01:01:02 | DRB345=DRB4*01:03:01:01/DRB4*01:03:01:01:03 | DRB1=DRB1*04:01:01:01SG | DQA1=DQA1*03:01:01 | DQB1=DQB1*03:02:01 | DPA1=DPA1*01:03:01:01 | DPB1=DPB1*02:01:02/DPB1*02:01:19,False,False,1.0,1.0,1.0,0.0,1.0,1.0,1.0,0.0,0.0
SYNTH_0913,Global,success,,88.4,1.0,1,0.0,HLA-A=A*01:01:01:01 | HLA-C=C*07:01:01:01 | HLA-B=B*08:01:01:01 | DRB345=DRB3*01:01:02:01 | DRB1=DRB1*03:01:01:01SG | DQA1=DQA1*05:01:01:02 | DQB1=DQB1*02:01:01 | DPA1=DPA1*02:01:02 | DPB1=DPB1*01:01:01,HLA-A=A*23:01:01 | HLA-C=C*04:01:01:01 | HLA-B=B*44:03:01:01 | DRB345=DRB4*01:01:01:01 | DRB1=DRB1*07:01:01:01SG | DQA1=DQA1*02:01:01:01SG | DQB1=DQB1*02:02:01:01 | DPA1=DPA1*01:03:01:01 | DPB1=DPB1*02:01:02/DPB1*02:01:19,False,False,1.0,1.0,1.0,1.0,1.0,1.0,1.0,1.0,0.0
SYNTH_0914,Global,success,,76.6,0.6,2,0.971,HLA-A=A*02:01:01:01 | HLA-C=C*06:02:01:01 | HLA-B=B*57:01:01 | DRB345=DRB4*01:03:01:02N | DRB1=DRB1*07:01:01:01SG | DQA1=DQA1*02:01:01:01SG | DQB1=DQB1*03:03:02:01 | DPA1=DPA1*01:03:01:01 | DPB1=DPB1*04:01:01:01/DPB1*04:01:01:02,HLA-A=A*29:02:01:01 | HLA-C=C*08:02:01:01 | HLA-B=B*14:02:01:01 | DRB345=DRB4*01:01:01:01 | DRB1=DRB1*07:01:01:01SG | DQA1=DQA1*02:01:01:01SG | DQB1=DQB1*02:02:01:01 | DPA1=DPA1*01:04 | DPB1=DPB1*15:01:01,False,False,1.0,1.0,1.0,1.0,1.0,1.0,1.0,1.0,0.0
SYNTH_0915,Global,success,,66.2,1.0,1,0.0,HLA-A=A*01:01:01:01 | HLA-C=C*07:01:01:01 | HLA-B=B*08:01:01:01 | DRB345=DRB3*01:01:02:01 | DRB1=DRB1*03:01:01:01SG | DQA1=DQA1*05:01:01:01 | DQB1=DQB1*02:01:01 | DPA1=DPA1*01:03:01:01 | DPB1=DPB1*04:01:01:01/DPB1*04:01:01:02,HLA-A=A*25:01:01 | HLA-C=C*12:03:01:01 | HLA-B=B*18:01:01:02 | DRB345=DRB5*01:01:01 | DRB1=DRB1*15:01:01:01SG | DQA1=DQA1*01:02:01:01SG | DQB1=DQB1*06:02:01 | DPA1=DPA1*01:03:01:04 | DPB1=DPB1*23:01:01,False,False,1.0,1.0,1.0,1.0,1.0,1.0,1.0,1.0,0.0
SYNTH_0916,Global,success,,39.8,0.51851852,4,1.5759,HLA-A=A*02:01:01:01 | HLA-C=C*06:02:01:01 | HLA-B=B*13:02:01 | DRB345=DRB4*01:03:01:01/DRB4*01:03:01:01:03 | DRB1=DRB1*07:01:01:01SG | DQA1=DQA1*02:01:01:01SG | DQB1=DQB1*02:02:01:01 | DPA1=DPA1*01:03:01:02 | DPB1=DPB1*04:01:01:01/DPB1*04:01:01:02,HLA-A=A*29:02:01:01 | HLA-C=C*16:01:01:01 | HLA-B=B*44:04 | DRB345=DRB3*02:02:01:02 | DRB1=DRB1*11:01:01:01 | DQA1=DQA1*05:05:01:01SG | DQB1=DQB1*03:01:01:03 | DPA1=DPA1*01:03:01:03 | DPB1=DPB1*03:01:01,False,False,1.0,1.0,1.0,0.0,1.0,1.0,1.0,1.0,0.0
SYNTH_0917,Global,success,,125.9,0.45454545,3,1.4949,HLA-A=A*03:01:01:01 | HLA-C=C*05:01:01:02 | HLA-B=B*44:02:01:01 | DRB345=Abs | DRB1=DRB1*01:01:01 | DQA1=DQA1*01:01:01:02SG | DQB1=DQB1*05:01:01:03 | DPA1=DPA1*01:03:01:05 | DPB1=DPB1*04:02:01:02,HLA-A=A*02:01:01:01 | HLA-C=C*05:01:01:02 | HLA-B=B*44:02:01:01 | DRB345=DRB4*01:03:01:01/DRB4*01:03:01:01:03 | DRB1=DRB1*04:01:01:01SG | DQA1=DQA1*03:03:01:01 | DQB1=DQB1*03:01:01:01 | DPA1=DPA1*01:03:01:01 | DPB1=DPB1*02:01:02/DPB1*02:01:19,False,False,1.0,1.0,1.0,0.0,1.0,1.0,1.0,1.0,0.0
SYNTH_0918,Global,success,,103.0,1.0,1,0.0,HLA-A=A*01:01:01:01 | HLA-C=C*07:01:01:01 | HLA-B=B*08:01:01:01 | DRB345=DRB3*01:01:02:01 | DRB1=DRB1*03:01:01:01SG | DQA1=DQA1*05:01:01:02 | DQB1=DQB1*02:01:01 | DPA1=DPA1*01:03:01:02 | DPB1=DPB1*04:01:01:01/DPB1*04:01:01:02,HLA-A=A*01:01:01:01 | HLA-C=C*07:01:01:01 | HLA-B=B*57:01:01 | DRB345=DRB4*01:03:01:02N | DRB1=DRB1*07:01:01:01SG | DQA1=DQA1*02:01:01:01SG | DQB1=DQB1*03:03:02:01 | DPA1=DPA1*01:03:01:02 | DPB1=DPB1*04:01:01:01/DPB1*04:01:01:02,False,False,1.0,1.0,1.0,1.0,1.0,1.0,1.0,1.0,0.0
SYNTH_0919,Global,success,,112.5,1.0,1,0.0,HLA-A=A*24:02:01:01 | HLA-C=C*07:01:01:01 | HLA-B=B*18:01:01:02 | DRB345=DRB3*02:02:01:02 | DRB1=DRB1*11:04:01 | DQA1=DQA1*05:05:01:01SG | DQB1=DQB1*03:01:01:03 | DPA1=DPA1*01:03:01:02 | DPB1=DPB1*04:01:01:01/DPB1*04:01:01:02,HLA-A=A*01:01:01:01 | HLA-C=C*07:01:01:01 | HLA-B=B*08:01:01:01 | DRB345=DRB5*01:01:01 | DRB1=DRB1*15:01:01:01SG | DQA1=DQA1*01:02:01:01SG | DQB1=DQB1*06:02:01 | DPA1=DPA1*01:03:01:04 | DPB1=DPB1*04:01:01:01/DPB1*04:01:01:02,False,False,1.0,1.0,1.0,1.0,1.0,1.0,1.0,1.0,0.0
SYNTH_0920,Global,success,,125.4,1.0,1,0.0,HLA-A=A*01:01:01:01 | HLA-C=C*07:01:01:01 | HLA-B=B*08:01:01:01 | DRB345=DRB3*01:01:02:01 | DRB1=DRB1*03:01:01:01SG | DQA1=DQA1*05:01:01:02 | DQB1=DQB1*02:01:01 | DPA1=DPA1*01:03:01:02 | DPB1=DPB1*04:01:01:01/DPB1*04:01:01:02,HLA-A=A*02:01:01:01 | HLA-C=C*08:02:01:01 | HLA-B=B*14:02:01:01 | DRB345=DRB4*01:01:01:01 | DRB1=DRB1*07:01:01:01SG | DQA1=DQA1*02:01:01:01SG | DQB1=DQB1*02:02:01:01 | DPA1=DPA1*02:01:01:01 | DPB1=DPB1*13:01:01/DPB1*107:01,False,False,1.0,1.0,1.0,1.0,1.0,1.0,1.0,1.0,0.0
SYNTH_0921,Global,success,,139.6,1.0,1,0.0,HLA-A=A*03:01:01:01 | HLA-C=C*07:02:01:03 | HLA-B=B*07:02:01 | DRB345=DRB5*01:01:01 | DRB1=DRB1*15:01:01:01SG | DQA1=DQA1*01:02:01:01SG | DQB1=DQB1*06:02:01 | DPA1=DPA1*01:03:01:02 | DPB1=DPB1*04:01:01:01/DPB1*04:01:01:02,HLA-A=A*01:01:01:01 | HLA-C=C*07:01:01:01 | HLA-B=B*08:01:01:01 | DRB345=DRB3*01:01:02:01 | DRB1=DRB1*03:01:01:01SG | DQA1=DQA1*05:01:01:02 | DQB1=DQB1*02:01:01 | DPA1=DPA1*02:01:02 | DPB1=DPB1*01:01:01,False,False,1.0,1.0,1.0,1.0,1.0,1.0,1.0,1.0,0.0
SYNTH_0922,Global,success,,127.1,0.42751479,6,2.0355,HLA-A=A*02:01:01:01 | HLA-C=C*07:01:01:01 | HLA-B=B*08:01:01:01 | DRB345=DRB3*01:01:02:01 | DRB1=DRB1*03:01:01:01SG | DQA1=DQA1*05:01:01:02 | DQB1=DQB1*02:01:01 | DPA1=DPA1*01:03:01:02 | DPB1=DPB1*04:01:01:01/DPB1*04:01:01:02,HLA-A=A*02:01:01:01 | HLA-C=C*07:01:01:01 | HLA-B=B*08:01:01:01 | DRB345=DRB3*01:01:02:01 | DRB1=DRB1*03:01:01:01SG | DQA1=DQA1*05:01:01:02 | DQB1=DQB1*02:01:01 | DPA1=DPA1*01:03:01:02 | DPB1=DPB1*04:01:01:01/DPB1*04:01:01:02,False,False,1.0,1.0,1.0,1.0,1.0,1.0,1.0,0.0,0.0
SYNTH_0923,Global,success,,156.3,0.91011236,2,0.4361,HLA-A=A*01:01:01:01 | HLA-C=C*07:01:01:01 | HLA-B=B*08:01:01:01 | DRB345=DRB3*01:01:02:01 | DRB1=DRB1*03:01:01:01SG | DQA1=DQA1*05:01:01:02 | DQB1=DQB1*02:01:01 | DPA1=DPA1*01:03:01:02 | DPB1=DPB1*04:01:01:01/DPB1*04:01:01:02,HLA-A=A*01:01:01:01 | HLA-C=C*07:01:01:01 | HLA-B=B*08:01:01:01 | DRB345=DRB3*01:01:02:01 | DRB1=DRB1*03:01:01:01SG | DQA1=DQA1*05:01:01:02 | DQB1=DQB1*02:01:01 | DPA1=DPA1*02:01:02 | DPB1=DPB1*01:01:01,False,False,1.0,1.0,1.0,1.0,1.0,1.0,1.0,1.0,0.0
SYNTH_0924,Global,success,,120.5,0.825,4,0.8596,HLA-A=A*03:01:01:01 | HLA-C=C*07:02:01:03 | HLA-B=B*07:02:01 | DRB345=DRB5*01:01:01 | DRB1=DRB1*15:01:01:01SG | DQA1=DQA1*01:02:01:01SG | DQB1=DQB1*06:02:01 | DPA1=DPA1*01:03:01:03 | DPB1=DPB1*03:01:01,HLA-A=A*03:01:01:01 | HLA-C=C*07:02:01:03 | HLA-B=B*07:02:01 | DRB345=DRB5*01:01:01 | DRB1=DRB1*15:01:01:01SG | DQA1=DQA1*01:02:01:01SG | DQB1=DQB1*06:02:01 | DPA1=DPA1*01:03:01:04 | DPB1=DPB1*04:01:01:01/DPB1*04:01:01:02,False,False,1.0,1.0,1.0,1.0,1.0,1.0,1.0,1.0,0.0
SYNTH_0925,Global,success,,95.8,0.23845007,35,4.173,HLA-A=A*02:01:01:01 | HLA-C=C*05:01:01:02 | HLA-B=B*44:02:01:01 | DRB345=DRB3*01:01:02:01 | DRB1=DRB1*13:01:01:01SG | DQA1=DQA1*01:03:01:02SG | DQB1=DQB1*06:03:01 | DPA1=DPA1*01:03:01:02 | DPB1=DPB1*04:01:01:01/DPB1*04:01:01:02,HLA-A=A*02:01:01:01 | HLA-C=C*03:04:01:01 | HLA-B=B*15:01:01:01 | DRB345=DRB4*01:03:01:01/DRB4*01:03:01:01:03 | DRB1=DRB1*04:01:01:01SG | DQA1=DQA1*03:01:01 | DQB1=DQB1*03:02:01 | DPA1=DPA1*01:03:01:02 | DPB1=DPB1*04:01:01:01/DPB1*04:01:01:02,False,False,1.0,1.0,1.0,0.0,1.0,1.0,1.0,0.0,0.0
SYNTH_0926,Global,success,,99.0,0.11688312,42,4.7954,HLA-A=A*03:01:01:01 | HLA-C=C*01:02:01 | HLA-B=B*51:01:01:01 | DRB345=Abs | DRB1=DRB1*01:01:01 | DQA1=DQA1*01:01:01:02SG | DQB1=DQB1*05:01:01:03 | DPA1=DPA1*01:03:01:02 | DPB1=DPB1*04:01:01:01/DPB1*04:01:01:02,HLA-A=A*03:01:01:01 | HLA-C=C*04:01:01:01 | HLA-B=B*35:01:01:02 | DRB345=Abs | DRB1=DRB1*01:01:01 | DQA1=DQA1*01:01:01:02SG | DQB1=DQB1*05:01:01:03 | DPA1=DPA1*01:03:01:05 | DPB1=DPB1*04:02:01:02,False,False,0.0,1.0,1.0,1.0,1.0,1.0,1.0,0.0,0.0
SYNTH_0927,Global,success,,74.0,0.3,8,2.7493,HLA-A=A*02:01:01:01 | HLA-C=C*06:02:01:01 | HLA-B=B*13:02:01 | DRB345=DRB4*01:03:01:01/DRB4*01:03:01:01:03 | DRB1=DRB1*07:01:01:01SG | DQA1=DQA1*02:01:01:01SG | DQB1=DQB1*02:02:01:01 | DPA1=DPA1*01:03:01:02 | DPB1=DPB1*04:01:01:01/DPB1*04:01:01:02,HLA-A=A*03:01:01:01 | HLA-C=C*07:02:01:03 | HLA-B=B*07:02:01 | DRB345=DRB4*01:03:01:01/DRB4*01:03:01:01:03 | DRB1=DRB1*04:01:01:01SG | DQA1=DQA1*03:01:01 | DQB1=DQB1*03:02:01 | DPA1=DPA1*01:03:01:02 | DPB1=DPB1*04:01:01:01/DPB1*04:01:01:02,False,False,1.0,1.0,1.0,0.0,1.0,1.0,1.0,0.0,0.0
SYNTH_0928,Global,success,,74.0,1.0,1,0.0,HLA-A=A*02:06:01:01 | HLA-C=C*08:01:01 | HLA-B=B*40:06:01:01 | DRB345=DRB4*01:03:02 | DRB1=DRB1*09:01:02 | DQA1=DQA1*03:02 | DQB1=DQB1*03:03:02:02/DQB1*03:03:02:03 | DPA1=DPA1*02:01:01:02 | DPB1=DPB1*09:01:01,HLA-A=A*31:01:02:01 | HLA-C=C*03:04:01:01 | HLA-B=B*40:01:02 | DRB345=DRB4*01:03:01:01/DRB4*01:03:01:01:03 | DRB1=DRB1*04:04:01 | DQA1=DQA1*03:01:01 | DQB1=DQB1*03:02:01 | DPA1=DPA1*01:03:01:05 | DPB1=DPB1*04:02:01:02,False,False,1.0,1.0,1.0,0.0,1.0,1.0,0.0,1.0,1.0
SYNTH_0929,Global,success,,66.2,1.0,1,0.0,HLA-A=A*11:01:01:01 | HLA-C=C*04:01:01:01 | HLA-B=B*35:03:01 | DRB345=DRB3*02:02:01:02 | DRB1=DRB1*11:01:01:01 | DQA1=DQA1*05:05:01:01SG | DQB1=DQB1*03:01:01:03 | DPA1=DPA1*01:03:01:02 | DPB1=DPB1*04:01:01:01/DPB1*04:01:01:02,HLA-A=A*69:01 | HLA-C=C*03:03:01:01 | HLA-B=B*55:01:01 | DRB345=DRB5*01:01:01 | DRB1=DRB1*15:01:01:01SG | DQA1=DQA1*01:02:01:01SG | DQB1=DQB1*06:03:01 | DPA1=DPA1*01:03:01:04 | DPB1=DPB1*04:01:01:01/DPB1*04:01:01:02,False,False,1.0,1.0,1.0,1.0,1.0,1.0,1.0,1.0,0.0
SYNTH_0930,Global,success,,54.0,1.0,1,0.0,HLA-A=A*01:01:01:01 | HLA-C=C*06:02:01:01 | HLA-B=B*57:01:01 | DRB345=DRB3*02:02:01:02 | DRB1=DRB1*13:05:01 | DQA1=DQA1*05:05:01:01SG | DQB1=DQB1*03:01:01:03 | DPA1=DPA1*01:03:01:02 | DPB1=DPB1*04:01:01:01/DPB1*04:01:01:02,HLA-A=A*68:01:01:02 | HLA-C=C*06:02:01:01 | HLA-B=B*58:02:01 | DRB345=DRB3*02:02:01:02 | DRB1=DRB1*12:01:01:03 | DQA1=DQA1*01:05:01 | DQB1=DQB1*05:01:01:02 | DPA1=DPA1*01:03:01:02 | DPB1=DPB1*18:01,False,False,1.0,1.0,1.0,1.0,1.0,1.0,1.0,1.0,0.0
SYNTH_0931,Global,success,,46.2,0.46153846,5,2.0066,HLA-A=A*25:01:01 | HLA-C=C*12:03:01:01 | HLA-B=B*18:01:01:02 | DRB345=DRB5*01:01:01 | DRB1=DRB1*15:01:01:01SG | DQA1=DQA1*01:02:01:01SG | DQB1=DQB1*06:02:01 | DPA1=DPA1*01:03:01:02 | DPB1=DPB1*04:01:01:01/DPB1*04:01:01:02,HLA-A=A*29:02:01:02 | HLA-C=C*06:02:01:03 | HLA-B=B*45:01:01 | DRB345=DRB5*01:01:01 | DRB1=DRB1*15:01:01:01SG | DQA1=DQA1*01:02:01:01SG | DQB1=DQB1*06:02:01 | DPA1=DPA1*01:03:01:03 | DPB1=DPB1*03:01:01,False,False,1.0,1.0,1.0,1.0,1.0,1.0,1.0,0.0,0.0
SYNTH_0932,Global,success,,40.6,1.0,1,0.0,HLA-A=A*30:01:01 | HLA-C=C*17:01:01:02 | HLA-B=B*42:01:01 | DRB345=DRB5*01:01:01 | DRB1=DRB1*15:03:01:01SG | DQA1=DQA1*01:02:01:01SG | DQB1=DQB1*06:02:01 | DPA1=DPA1*01:03:01:01 | DPB1=DPB1*02:01:02/DPB1*02:01:19,HLA-A=A*03:01:01:05 | HLA-C=C*17:01:01:05 | HLA-B=B*41:01:01 | DRB345=DRB4*01:03:01:01/DRB4*01:03:01:01:03 | DRB1=DRB1*04:04:01 | DQA1=DQA1*03:03:01:01 | DQB1=DQB1*04:02:01 | DPA1=DPA1*01:03:01:04 | DPB1=DPB1*04:01:01:01/DPB1*04:01:01:02,False,False,1.0,1.0,1.0,0.0,1.0,1.0,1.0,1.0,0.0
SYNTH_0933,Global,success,,40.4,0.22395833,28,3.6227,HLA-A=A*02:01:01:01 | HLA-C=C*07:02:01:03 | HLA-B=B*07:02:01 | DRB345=DRB5*01:01:01 | DRB1=DRB1*15:01:01:01SG | DQA1=DQA1*01:02:01:01SG | DQB1=DQB1*06:02:01 | DPA1=DPA1*01:03:01:04 | DPB1=DPB1*04:01:01:01/DPB1*04:01:01:02,HLA-A=A*02:01:01:01 | HLA-C=C*06:02:01:01 | HLA-B=B*13:02:01 | DRB345=DRB4*01:03:01:01/DRB4*01:03:01:01:03 | DRB1=DRB1*07:01:01:01SG | DQA1=DQA1*02:01:01:01SG | DQB1=DQB1*02:02:01:01 | DPA1=DPA1*01:03:01:02 | DPB1=DPB1*04:01:01:01/DPB1*04:01:01:02,False,False,1.0,1.0,1.0,0.0,1.0,1.0,1.0,0.0,0.0
SYNTH_0934,Global,success,,40.4,1.0,1,0.0,HLA-A=A*01:01:01:01 | HLA-C=C*07:01:01:01 | HLA-B=B*08:01:01:01 | DRB345=DRB4*01:03:01:01/DRB4*01:03:01:01:03 | DRB1=DRB1*04:04:01 | DQA1=DQA1*03:01:01 | DQB1=DQB1*03:02:01 | DPA1=DPA1*01:03:01:02 | DPB1=DPB1*04:01:01:01/DPB1*04:01:01:02,HLA-A=A*29:02:01:01 | HLA-C=C*16:01:01:01 | HLA-B=B*44:03:01:01 | DRB345=DRB4*01:03:01:01/DRB4*01:03:01:01:03 | DRB1=DRB1*07:01:01:01SG | DQA1=DQA1*02:01:01:01SG | DQB1=DQB1*02:02:01:01 | DPA1=DPA1*02:01:01:01 | DPB1=DPB1*11:01:01,False,False,1.0,1.0,1.0,0.0,1.0,1.0,1.0,1.0,0.0
SYNTH_0935,Global,success,,39.2,1.0,1,0.0,HLA-A=A*25:01:01 | HLA-C=C*12:03:01:01 | HLA-B=B*18:01:01:02 | DRB345=DRB5*01:01:01 | DRB1=DRB1*15:01:01:01SG | DQA1=DQA1*01:02:01:01SG | DQB1=DQB1*06:03:01 | DPA1=DPA1*01:03:01:01 | DPB1=DPB1*02:01:02/DPB1*02:01:19,HLA-A=A*02:01:01:01 | HLA-C=C*07:01:01:01 | HLA-B=B*18:01:01:02 | DRB345=DRB3*02:02:01:02 | DRB1=DRB1*11:04:01 | DQA1=DQA1*05:05:01:01SG | DQB1=DQB1*03:01:01:03 | DPA1=DPA1*01:03:01:05 | DPB1=DPB1*04:02:01:01,False,False,1.0,1.0,1.0,1.0,1.0,1.0,1.0,1.0,0.0
SYNTH_0936,Global,success,,184.1,1.0,1,0.0,HLA-A=A*02:01:01:01 | HLA-C=C*05:01:01:02 | HLA-B=B*44:02:01:01 | DRB345=DRB4*01:03:01:01/DRB4*01:03:01:01:03 | DRB1=DRB1*04:01:01:01SG | DQA1=DQA1*03:03:01:01 | DQB1=DQB1*03:01:01:01 | DPA1=DPA1*01:03:01:03 | DPB1=DPB1*03:01:01,HLA-A=A*02:01:01:01 | HLA-C=C*05:01:01:02 | HLA-B=B*44:02:01:01 | DRB345=DRB3*01:01:02:01 | DRB1=DRB1*03:01:01:01SG | DQA1=DQA1*05:01:01:02 | DQB1=DQB1*02:01:01 | DPA1=DPA1*01:03:01:01 | DPB1=DPB1*02:01:02/DPB1*02:01:19,False,False,1.0,1.0,1.0,0.0,1.0,1.0,1.0,1.0,0.0
SYNTH_0937,Global,success,,222.7,0.2362963,40,4.0378,HLA-A=A*02:01:01:01 | HLA-C=C*05:01:01:02 | HLA-B=B*44:02:01:01 | DRB345=DRB4*01:03:01:01/DRB4*01:03:01:01:03 | DRB1=DRB1*04:01:01:01SG | DQA1=DQA1*03:03:01:01 | DQB1=DQB1*03:01:01:01 | DPA1=DPA1*01:03:01:04 | DPB1=DPB1*04:01:01:01/DPB1*04:01:01:02,HLA-A=A*02:01:01:01 | HLA-C=C*06:02:01:01 | HLA-B=B*57:01:01 | DRB345=DRB4*01:03:01:02N | DRB1=DRB1*07:01:01:01SG | DQA1=DQA1*02:01:01:01SG | DQB1=DQB1*03:03:02:01 | DPA1=DPA1*01:03:01:02 | DPB1=DPB1*04:01:01:01/DPB1*04:01:01:02,False,False,1.0,1.0,1.0,0.0,1.0,1.0,1.0,0.0,0.0
SYNTH_0938,Global,success,,183.1,1.0,1,0.0,HLA-A=A*32:01:01 | HLA-C=C*02:02:02:01 | HLA-B=B*40:02:01 | DRB345=DRB4*01:03:02 | DRB1=DRB1*09:01:02 | DQA1=DQA1*03:02 | DQB1=DQB1*03:03:02:02/DQB1*03:03:02:03 | DPA1=DPA1*01:03:01:02 | DPB1=DPB1*23:01:01,HLA-A=A*11:01:01:01 | HLA-C=C*12:02:02 | HLA-B=B*52:01:01:02 | DRB345=DRB5*01:02 | DRB1=DRB1*15:02:01:01SG | DQA1=DQA1*01:03:01:01 | DQB1=DQB1*06:01:01 | DPA1=DPA1*01:03:01:01 | DPB1=DPB1*02:01:02/DPB1*02:01:19,False,False,1.0,1.0,1.0,1.0,1.0,1.0,0.0,1.0,0.0
SYNTH_0939,Global,success,,96.8,0.63636364,3,1.3093,HLA-A=A*68:02:01:01 | HLA-C=C*04:01:01:01 | HLA-B=B*53:01:01 | DRB345=DRB3*02:02:01:02 | DRB1=DRB1*11:01:02 | DQA1=DQA1*05:05:01:01SG | DQB1=DQB1*03:19:01 | DPA1=DPA1*02:01:08 | DPB1=DPB1*01:01:01,HLA-A=A*02:01:01:01 | HLA-C=C*03:04:01:01 | HLA-B=B*40:01:02 | DRB345=DRB4*01:03:01:01/DRB4*01:03:01:01:03 | DRB1=DRB1*04:04:01 | DQA1=DQA1*03:01:01 | DQB1=DQB1*03:02:01 | DPA1=DPA1*01:03:01:03 | DPB1=DPB1*06:01:01,False,False,1.0,1.0,1.0,0.0,1.0,1.0,1.0,0.0,0.0
SYNTH_0940,Global,success,,220.5,0.57894737,4,1.6393,HLA-A=A*01:01:01:01 | HLA-C=C*07:01:01:01 | HLA-B=B*08:01:01:01 | DRB345=DRB3*01:01:02:01 | DRB1=DRB1*03:01:01:01SG | DQA1=DQA1*05:01:01:02 | DQB1=DQB1*02:01:01 | DPA1=DPA1*01:03:01:03 | DPB1=DPB1*03:01:01,HLA-A=A*02:01:01:01 | HLA-C=C*07:02:01:03 | HLA-B=B*07:02:01 | DRB345=Abs | DRB1=DRB1*01:01:01 | DQA1=DQA1*01:01:01:02SG | DQB1=DQB1*05:01:01:03 | DPA1=DPA1*01:03:01:02 | DPB1=DPB1*04:01:01:01/DPB1*04:01:01:02,False,False,0.0,1.0,1.0,1.0,1.0,1.0,1.0,1.0,0.0
SYNTH_0941,Global,success,,102.0,0.46333333,10,2.1531,HLA-A=A*01:01:01:01 | HLA-C=C*07:01:01:01 | HLA-B=B*08:01:01:01 | DRB345=DRB3*01:01:02:01 | DRB1=DRB1*03:01:01:01SG | DQA1=DQA1*05:01:01:02 | DQB1=DQB1*02:01:01 | DPA1=DPA1*01:03:01:02 | DPB1=DPB1*04:01:01:01/DPB1*04:01:01:02,HLA-A=A*68:02:01:01 | HLA-C=C*08:02:01:01 | HLA-B=B*14:02:01:01 | DRB345=DRB3*01:01:02:01 | DRB1=DRB1*13:03:01 | DQA1=DQA1*05:05:01:05SG | DQB1=DQB1*03:01:01:03 | DPA1=DPA1*01:03:01:02 | DPB1=DPB1*04:01:01:01/DPB1*04:01:01:02,False,False,1.0,1.0,1.0,1.0,1.0,1.0,1.0,0.0,0.0
SYNTH_0942,Global,success,,130.8,0.44126984,14,2.4088,HLA-A=A*01:01:01:01 | HLA-C=C*07:01:01:01 | HLA-B=B*08:01:01:01 | DRB345=DRB3*01:01:02:01 | DRB1=DRB1*03:01:01:01SG | DQA1=DQA1*05:01:01:02 | DQB1=DQB1*02:01:01 | DPA1=DPA1*01:03:01:02 | DPB1=DPB1*04:01:01:01/DPB1*04:01:01:02,HLA-A=A*01:01:01:01 | HLA-C=C*07:01:01:01 | HLA-B=B*57:01:01 | DRB345=DRB4*01:03:01:02N | DRB1=DRB1*07:01:01:01SG | DQA1=DQA1*02:01:01:01SG | DQB1=DQB1*03:03:02:01 | DPA1=DPA1*01:03:01:02 | DPB1=DPB1*04:01:01:01/DPB1*04:01:01:02,False,False,1.0,1.0,1.0,1.0,1.0,1.0,1.0,1.0,0.0
SYNTH_0943,Global,success,,212.7,0.97391304,2,0.1744,HLA-A=A*03:01:01:01 | HLA-C=C*07:02:01:03 | HLA-B=B*07:02:01 | DRB345=DRB5*01:01:01 | DRB1=DRB1*15:01:01:01SG | DQA1=DQA1*01:02:01:01SG | DQB1=DQB1*06:02:01 | DPA1=DPA1*01:03:01:02 | DPB1=DPB1*04:01:01:01/DPB1*04:01:01:02,HLA-A=A*02:01:01:01 | HLA-C=C*07:01:01:01 | HLA-B=B*08:01:01:01 | DRB345=DRB3*01:01:02:01 | DRB1=DRB1*03:01:01:01SG | DQA1=DQA1*05:01:01:02 | DQB1=DQB1*02:01:01 | DPA1=DPA1*01:03:01:02 | DPB1=DPB1*04:01:01:01/DPB1*04:01:01:02,False,False,1.0,1.0,1.0,1.0,1.0,1.0,1.0,1.0,0.0
SYNTH_0944,Global,success,,179.6,0.2779798,72,3.6773,HLA-A=A*03:01:01:01 | HLA-C=C*07:02:01:03 | HLA-B=B*07:02:01 | DRB345=DRB5*01:01:01 | DRB1=DRB1*15:01:01:01SG | DQA1=DQA1*01:02:01:01SG | DQB1=DQB1*06:02:01 | DPA1=DPA1*01:03:01:02 | DPB1=DPB1*04:01:01:01/DPB1*04:01:01:02,HLA-A=A*02:01:01:01 | HLA-C=C*07:02:01:03 | HLA-B=B*07:02:01 | DRB345=DRB5*01:01:01 | DRB1=DRB1*15:01:01:01SG | DQA1=DQA1*01:02:01:01SG | DQB1=DQB1*06:02:01 | DPA1=DPA1*01:03:01:04 | DPB1=DPB1*04:01:01:01/DPB1*04:01:01:02,False,False,1.0,1.0,1.0,1.0,1.0,1.0,1.0,1.0,0.0
SYNTH_0945,Global,success,,179.0,1.0,1,0.0,HLA-A=A*31:01:02:01 | HLA-C=C*03:04:01:01 | HLA-B=B*40:01:02 | DRB345=DRB4*01:03:01:01/DRB4*01:03:01:01:03 | DRB1=DRB1*04:04:01 | DQA1=DQA1*03:01:01 | DQB1=DQB1*03:02:01 | DPA1=DPA1*01:03:01:05 | DPB1=DPB1*04:02:01:02,HLA-A=A*02:01:01:01 | HLA-C=C*07:01:01:01 | HLA-B=B*18:01:01:02 | DRB345=DRB3*02:02:01:02 | DRB1=DRB1*11:04:01 | DQA1=DQA1*05:05:01:01SG | DQB1=DQB1*03:01:01:02 | DPA1=DPA1*01:03:01:05 | DPB1=DPB1*04:02:01:01,False,False,1.0,1.0,1.0,0.0,1.0,1.0,1.0,1.0,1.0
SYNTH_0946,Global,success,,117.9,0.25714286,6,2.4129,HLA-A=A*30:01:01 | HLA-C=C*06:02:01:01 | HLA-B=B*13:02:01 | DRB345=DRB4*01:03:01:01/DRB4*01:03:01:01:03 | DRB1=DRB1*07:01:01:01SG | DQA1=DQA1*02:01:01:01SG | DQB1=DQB1*02:02:01:01 | DPA1=DPA1*01:03:01:02 | DPB1=DPB1*04:01:01:01/DPB1*04:01:01:02,HLA-A=A*11:01:01:01 | HLA-C=C*12:02:02 | HLA-B=B*52:01:01:02 | DRB345=DRB3*03:01:01 | DRB1=DRB1*13:02:01 | DQA1=DQA1*01:02:01:04SG | DQB1=DQB1*06:09:01 | DPA1=DPA1*01:03:01:04 | DPB1=DPB1*04:01:01:01/DPB1*04:01:01:02,False,False,1.0,1.0,1.0,0.0,1.0,1.0,1.0,0.0,0.0
SYNTH_0947,Global,success,,118.3,1.0,1,0.0,HLA-A=A*01:01:01:01 | HLA-C=C*07:01:01:01 | HLA-B=B*08:01:01:01 | DRB345=DRB3*01:01:02:01 | DRB1=DRB1*03:01:01:01SG | DQA1=DQA1*05:01:01:02 | DQB1=DQB1*02:01:01 | DPA1=DPA1*01:03:01:02 | DPB1=DPB1*04:01:01:01/DPB1*04:01:01:02,HLA-A=A*02:01:01:01 | HLA-C=C*07:02:01:03 | HLA-B=B*07:02:01 | DRB345=DRB5*01:01:01 | DRB1=DRB1*15:01:01:01SG | DQA1=DQA1*01:02:01:01SG | DQB1=DQB1*06:02:01 | DPA1=DPA1*01:03:01:02 | DPB1=DPB1*04:01:01:01/DPB1*04:01:01:02,False,False,1.0,1.0,1.0,1.0,1.0,1.0,1.0,1.0,0.0
SYNTH_0948,Global,success,,73.0,1.0,1,0.0,HLA-A=A*02:01:01:01 | HLA-C=C*17:01:01:05 | HLA-B=B*41:01:01 | DRB345=DRB3*02:02:01:01 | DRB1=DRB1*03:01:01:01SG | DQA1=DQA1*05:01:01:01 | DQB1=DQB1*02:01:01 | DPA1=DPA1*01:03:01:01 | DPB1=DPB1*02:01:02/DPB1*02:01:19,HLA-A=A*68:02:01:01 | HLA-C=C*08:02:01:01 | HLA-B=B*14:02:01:01 | DRB345=DRB3*01:01:02:01 | DRB1=DRB1*13:03:01 | DQA1=DQA1*05:05:01:01SG | DQB1=DQB1*03:01:01:03 | DPA1=DPA1*01:03:01:01 | DPB1=DPB1*02:01:02/DPB1*02:01:19,False,False,1.0,1.0,1.0,1.0,1.0,1.0,1.0,1.0,0.0
SYNTH_0949,Global,success,,71.9,0.91039698,4,0.5222,HLA-A=A*03:01:01:01 | HLA-C=C*07:02:01:03 | HLA-B=B*07:02:01 | DRB345=DRB5*01:01:01 | DRB1=DRB1*15:01:01:01SG | DQA1=DQA1*01:02:01:01SG | DQB1=DQB1*06:02:01 | DPA1=DPA1*01:03:01:02 | DPB1=DPB1*04:01:01:01/DPB1*04:01:01:02,HLA-A=A*02:01:01:01 | HLA-C=C*07:02:01:03 | HLA-B=B*07:02:01 | DRB345=DRB5*01:01:01 | DRB1=DRB1*15:01:01:01SG | DQA1=DQA1*01:02:01:01SG | DQB1=DQB1*06:02:01 | DPA1=DPA1*01:03:01:04 | DPB1=DPB1*04:01:01:01/DPB1*04:01:01:02,False,False,1.0,1.0,1.0,1.0,1.0,1.0,1.0,1.0,0.0
SYNTH_0950,Global,success,,71.9,0.6,2,0.971,HLA-A=A*02:01:01:01 | HLA-C=C*01:02:01 | HLA-B=B*27:05:02 | DRB345=Abs | DRB1=DRB1*01:01:01 | DQA1=DQA1*01:01:01:02SG | DQB1=DQB1*05:01:01:03 | DPA1=DPA1*01:03:01:02 | DPB1=DPB1*04:01:01:01/DPB1*04:01:01:02,HLA-A=A*24:02:01:01 | HLA-C=C*06:02:01:01 | HLA-B=B*13:02:01 | DRB345=DRB4*01:03:01:01/DRB4*01:03:01:01:03 | DRB1=DRB1*07:01:01:01SG | DQA1=DQA1*02:01:01:01SG | DQB1=DQB1*02:02:01:01 | DPA1=DPA1*02:01:01:01 | DPB1=DPB1*17:01,False,False,1.0,1.0,1.0,0.0,1.0,1.0,1.0,0.0,0.0
SYNTH_0951,Global,success,,70.4,0.71428571,2,0.8631,HLA-A=A*68:03:01 | HLA-C=C*07:02:01:01 | HLA-B=B*39:05:01 | DRB345=DRB4*01:03:02 | DRB1=DRB1*04:07:01 | DQA1=DQA1*03:01:01 | DQB1=DQB1*03:02:01 | DPA1=DPA1*01:03:01:05 | DPB1=DPB1*04:02:01:02,HLA-A=A*01:01:01:01 | HLA-C=C*01:02:01 | HLA-B=B*51:01:01:01 | DRB345=Abs | DRB1=DRB1*01:01:01 | DQA1=DQA1*01:01:01:02SG | DQB1=DQB1*05:01:01:03 | DPA1=DPA1*01:03:01:03 | DPB1=DPB1*03:01:01,True,True,1.0,1.0,1.0,1.0,1.0,1.0,1.0,1.0,1.0
SYNTH_0952,Global,success,,70.6,0.96666667,2,0.2108,HLA-A=A*02:01:01:01 | HLA-C=C*05:01:01:02 | HLA-B=B*44:02:01:01 | DRB345=DRB4*01:03:01:01/DRB4*01:03:01:01:03 | DRB1=DRB1*04:01:01:01SG | DQA1=DQA1*03:03:01:01 | DQB1=DQB1*03:01:01:01 | DPA1=DPA1*01:03:01:04 | DPB1=DPB1*04:01:01:01/DPB1*04:01:01:02,HLA-A=A*01:01:01:01 | HLA-C=C*04:01:01:01 | HLA-B=B*44:03:01:01 | DRB345=DRB4*01:01:01:01 | DRB1=DRB1*07:01:01:01SG | DQA1=DQA1*02:01:01:01SG | DQB1=DQB1*02:02:01:01 | DPA1=DPA1*01:03:01:04 | DPB1=DPB1*04:01:01:01/DPB1*04:01:01:02,False,False,1.0,1.0,1.0,0.0,1.0,1.0,1.0,1.0,0.0
SYNTH_0953,Global,success,,71.1,0.48529412,6,2.0259,HLA-A=A*29:02:01:01 | HLA-C=C*16:01:01:01 | HLA-B=B*44:03:01:01 | DRB345=DRB4*01:01:01:01 | DRB1=DRB1*07:01:01:01SG | DQA1=DQA1*02:01:01:01SG | DQB1=DQB1*02:02:01:01 | DPA1=DPA1*02:01:01:01 | DPB1=DPB1*11:01:01,HLA-A=A*29:02:01:01 | HLA-C=C*16:01:01:01 | HLA-B=B*44:03:01:01 | DRB345=DRB5*01:01:01 | DRB1=DRB1*15:01:01:01SG | DQA1=DQA1*01:02:01:01SG | DQB1=DQB1*06:02:01 | DPA1=DPA1*01:03:01:02 | DPB1=DPB1*04:01:01:01/DPB1*04:01:01:02,False,False,1.0,1.0,1.0,1.0,1.0,1.0,1.0,1.0,0.0
SYNTH_0954,Global,success,,65.5,1.0,1,0.0,HLA-A=A*26:01:01:01 | HLA-C=C*12:03:01:01 | HLA-B=B*38:01:01 | DRB345=DRB3*03:01:01 | DRB1=DRB1*13:02:01 | DQA1=DQA1*01:02:01:04SG | DQB1=DQB1*06:09:01 | DPA1=DPA1*01:03:01:04 | DPB1=DPB1*04:01:01:01/DPB1*04:01:01:02,HLA-A=A*01:01:01:01 | HLA-C=C*07:01:01:01 | HLA-B=B*08:01:01:01 | DRB345=Abs | DRB1=DRB1*01:01:01 | DQA1=DQA1*01:01:01:02SG | DQB1=DQB1*05:01:01:03 | DPA1=DPA1*01:03:01:02 | DPB1=DPB1*04:01:01:01/DPB1*04:01:01:02,False,False,1.0,1.0,1.0,1.0,1.0,1.0,1.0,1.0,0.0
SYNTH_0955,Global,success,,64.4,1.0,1,0.0,HLA-A=A*11:01:01:01 | HLA-C=C*03:03:01:01 | HLA-B=B*15:01:01:01 | DRB345=DRB4*01:03:01:01/DRB4*01:03:01:01:03 | DRB1=DRB1*04:01:01:01SG | DQA1=DQA1*03:01:01 | DQB1=DQB1*03:02:01 | DPA1=DPA1*01:03:01:02 | DPB1=DPB1*04:01:01:01/DPB1*04:01:01:02,HLA-A=A*01:01:01:01 | HLA-C=C*04:01:01:06 | HLA-B=B*35:02:01 | DRB345=DRB3*02:02:01:02 | DRB1=DRB1*11:04:01 | DQA1=DQA1*01:03:01:02SG | DQB1=DQB1*06:03:01 | DPA1=DPA1*02:01:01:02 | DPB1=DPB1*02:01:02/DPB1*02:01:19,False,False,1.0,1.0,1.0,0.0,1.0,1.0,1.0,1.0,0.0
SYNTH_0956,Global,success,,36.1,0.27272727,10,2.9948,HLA-A=A*02:01:01:01 | HLA-C=C*05:01:01:02 | HLA-B=B*44:02:01:01 | DRB345=DRB3*01:01:02:01 | DRB1=DRB1*13:01:01:01SG | DQA1=DQA1*01:03:01:02SG | DQB1=DQB1*06:03:01 | DPA1=DPA1*01:03:01:02 | DPB1=DPB1*04:01:01:01/DPB1*04:01:01:02,HLA-A=A*03:01:01:01 | HLA-C=C*03:04:01:01 | HLA-B=B*40:01:02 | DRB345=DRB4*01:03:01:01/DRB4*01:03:01:01:03 | DRB1=DRB1*04:01:01:01SG | DQA1=DQA1*03:01:01 | DQB1=DQB1*03:02:01 | DPA1=DPA1*01:03:01:02 | DPB1=DPB1*04:01:01:01/DPB1*04:01:01:02,False,False,1.0,1.0,1.0,0.0,1.0,1.0,1.0,1.0,0.0
SYNTH_0957,Global,success,,65.3,0.66666667,2,0.9183,HLA-A=A*02:01:01:01 | HLA-C=C*08:02:01:01 | HLA-B=B*14:02:01:01 | DRB345=Abs | DRB1=DRB1*01:02:01 | DQA1=DQA1*01:01:02 | DQB1=DQB1*05:01:01:01 | DPA1=DPA1*01:03:01:02 | DPB1=DPB1*04:01:01:01/DPB1*04:01:01:02,HLA-A=A*02:01:01:01 | HLA-C=C*02:02:02:01 | HLA-B=B*40:02:01 | DRB345=Abs | DRB1=DRB1*01:01:01 | DQA1=DQA1*01:01:01:02SG | DQB1=DQB1*05:01:01:03 | DPA1=DPA1*01:03:01:05 | DPB1=DPB1*04:02:01:02,False,False,1.0,1.0,1.0,1.0,1.0,1.0,1.0,1.0,0.0
SYNTH_0958,Global,success,,82.5,1.0,1,0.0,HLA-A=A*02:01:01:01 | HLA-C=C*03:04:01:01 | HLA-B=B*40:01:02 | DRB345=DRB5*01:01:01 | DRB1=DRB1*15:01:01:01SG | DQA1=DQA1*01:02:01:01SG | DQB1=DQB1*06:02:01 | DPA1=DPA1*01:03:01:04 | DPB1=DPB1*04:01:01:01/DPB1*04:01:01:02,HLA-A=A*11:01:01:01 | HLA-C=C*07:01:01:01 | HLA-B=B*08:01:01:01 | DRB345=DRB3*01:01:02:01 | DRB1=DRB1*03:01:01:01SG | DQA1=DQA1*01:02:01:01SG | DQB1=DQB1*06:02:01 | DPA1=DPA1*01:03:01:03 | DPB1=DPB1*03:01:01,False,False,1.0,1.0,1.0,1.0,1.0,1.0,1.0,1.0,0.0
SYNTH_0959,Global,success,,81.1,1.0,1,0.0,HLA-A=A*33:01:01 | HLA-C=C*08:02:01:01 | HLA-B=B*14:02:01:01 | DRB345=Abs | DRB1=DRB1*01:02:01 | DQA1=DQA1*01:01:02 | DQB1=DQB1*05:01:01:01 | DPA1=DPA1*01:03:01:04 | DPB1=DPB1*04:01:01:01/DPB1*04:01:01:02,HLA-A=A*01:01:01:01 | HLA-C=C*07:01:01:01 | HLA-B=B*08:01:01:01 | DRB345=DRB3*01:01:02:01 | DRB1=DRB1*03:01:01:01SG | DQA1=DQA1*05:01:01:02 | DQB1=DQB1*02:01:01 | DPA1=DPA1*01:03:01:03 | DPB1=DPB1*03:01:01,False,False,1.0,1.0,1.0,1.0,1.0,1.0,1.0,1.0,0.0
SYNTH_0960,Global,success,,81.4,0.875,2,0.5436,HLA-A=A*03:01:01:01 | HLA-C=C*07:02:01:03 | HLA-B=B*07:02:01 | DRB345=DRB5*01:01:01 | DRB1=DRB1*15:01:01:01SG | DQA1=DQA1*01:02:01:01SG | DQB1=DQB1*06:02:01 | DPA1=DPA1*01:03:01:05 | DPB1=DPB1*04:02:01:02,HLA-A=A*03:01:01:01 | HLA-C=C*07:02:01:03 | HLA-B=B*07:02:01 | DRB345=DRB5*01:01:01 | DRB1=DRB1*15:01:01:01SG | DQA1=DQA1*01:02:01:01SG | DQB1=DQB1*06:02:01 | DPA1=DPA1*01:03:01:03 | DPB1=DPB1*03:01:01,True,True,1.0,1.0,1.0,1.0,1.0,1.0,1.0,1.0,1.0
SYNTH_0961,Global,success,,74.4,0.63636364,3,1.3093,HLA-A=A*01:01:01:01 | HLA-C=C*06:02:01:01 | HLA-B=B*57:01:01 | DRB345=DRB3*02:02:01:02 | DRB1=DRB1*13:05:01 | DQA1=DQA1*05:05:01:01SG | DQB1=DQB1*03:01:01:03 | DPA1=DPA1*01:03:01:02 | DPB1=DPB1*04:01:01:01/DPB1*04:01:01:02,HLA-A=A*02:01:01:01 | HLA-C=C*03:04:01:01 | HLA-B=B*40:01:02 | DRB345=DRB4*01:03:01:01/DRB4*01:03:01:01:03 | DRB1=DRB1*04:04:01 | DQA1=DQA1*03:01:01 | DQB1=DQB1*03:02:01 | DPA1=DPA1*01:03:01:03 | DPB1=DPB1*06:01:01,False,False,1.0,1.0,1.0,0.0,1.0,1.0,1.0,1.0,0.0
SYNTH_0962,Global,success,,81.4,1.0,1,0.0,HLA-A=A*01:01:01:01 | HLA-C=C*03:03:01:01 | HLA-B=B*15:01:01:01 | DRB345=DRB4*01:03:01:01/DRB4*01:03:01:01:03 | DRB1=DRB1*04:01:01:01SG | DQA1=DQA1*03:01:01 | DQB1=DQB1*03:02:01 | DPA1=DPA1*01:03:01:05 | DPB1=DPB1*04:02:01:02,HLA-A=A*02:01:01:01 | HLA-C=C*02:02:02:01 | HLA-B=B*40:02:01 | DRB345=Abs | DRB1=DRB1*01:01:01 | DQA1=DQA1*01:01:01:02SG | DQB1=DQB1*05:01:01:03 | DPA1=DPA1*01:03:01:05 | DPB1=DPB1*04:02:01:02,False,False,1.0,1.0,1.0,0.0,1.0,1.0,1.0,1.0,1.0
SYNTH_0963,Global,success,,57.8,1.0,1,0.0,HLA-A=A*01:01:01:01 | HLA-C=C*07:01:01:01 | HLA-B=B*08:01:01:01 | DRB345=DRB3*01:01:02:01 | DRB1=DRB1*03:01:01:01SG | DQA1=DQA1*05:01:01:02 | DQB1=DQB1*02:01:01 | DPA1=DPA1*01:03:01:02 | DPB1=DPB1*04:01:01:01/DPB1*04:01:01:02,HLA-A=A*29:02:01:01 | HLA-C=C*16:01:01:01 | HLA-B=B*44:03:01:01 | DRB345=DRB4*01:01:01:01 | DRB1=DRB1*07:01:01:01SG | DQA1=DQA1*02:01:01:01SG | DQB1=DQB1*02:02:01:01 | DPA1=DPA1*01:03:01:02 | DPB1=DPB1*04:01:01:01/DPB1*04:01:01:02,False,False,1.0,1.0,1.0,1.0,1.0,1.0,1.0,1.0,0.0
SYNTH_0964,Global,success,,87.6,0.77777778,2,0.7642,HLA-A=A*01:01:01:01 | HLA-C=C*06:02:01:01 | HLA-B=B*57:01:01 | DRB345=DRB5*01:01:01 | DRB1=DRB1*15:01:01:01SG | DQA1=DQA1*01:02:01:01SG | DQB1=DQB1*06:02:01 | DPA1=DPA1*01:03:01:04 | DPB1=DPB1*04:01:01:01/DPB1*04:01:01:02,HLA-A=A*29:02:01:01 | HLA-C=C*16:01:01:01 | HLA-B=B*44:03:01:01 | DRB345=DRB4*01:01:01:01 | DRB1=DRB1*07:01:01:01SG | DQA1=DQA1*02:01:01:01SG | DQB1=DQB1*02:02:01:01 | DPA1=DPA1*01:03:01:02 | DPB1=DPB1*04:01:01:01/DPB1*04:01:01:02,False,False,1.0,1.0,1.0,1.0,1.0,1.0,1.0,1.0,0.0
SYNTH_0965,Global,success,,75.5,1.0,1,0.0,HLA-A=A*02:01:01:01 | HLA-C=C*07:01:01:01 | HLA-B=B*18:01:01:02 | DRB345=DRB3*02:02:01:02 | DRB1=DRB1*11:04:01 | DQA1=DQA1*05:05:01:01SG | DQB1=DQB1*03:01:01:03 | DPA1=DPA1*01:03:01:05 | DPB1=DPB1*04:02:01:01,HLA-A=A*02:01:01:01 | HLA-C=C*07:02:01:03 | HLA-B=B*07:02:01 | DRB345=Abs | DRB1=DRB1*01:01:01 | DQA1=DQA1*01:01:01:02SG | DQB1=DQB1*05:01:01:03 | DPA1=DPA1*01:03:01:02 | DPB1=DPB1*04:01:01:01/DPB1*04:01:01:02,False,False,1.0,1.0,1.0,1.0,1.0,1.0,1.0,1.0,0.0
SYNTH_0966,Global,success,,63.2,0.91011236,2,0.4361,HLA-A=A*01:01:01:01 | HLA-C=C*07:01:01:01 | HLA-B=B*08:01:01:01 | DRB345=DRB3*01:01:02:01 | DRB1=DRB1*03:01:01:01SG | DQA1=DQA1*05:01:01:02 | DQB1=DQB1*02:01:01 | DPA1=DPA1*02:01:02 | DPB1=DPB1*01:01:01,HLA-A=A*23:01:01 | HLA-C=C*04:01:01:01 | HLA-B=B*44:03:01:01 | DRB345=DRB4*01:01:01:01 | DRB1=DRB1*07:01:01:01SG | DQA1=DQA1*02:01:01:01SG | DQB1=DQB1*02:02:01:01 | DPA1=DPA1*01:03:01:01 | DPB1=DPB1*02:01:02/DPB1*02:01:19,False,False,1.0,1.0,1.0,1.0,1.0,1.0,1.0,1.0,0.0
SYNTH_0967,Global,success,,86.6,1.0,1,0.0,HLA-A=A*30:01:01 | HLA-C=C*04:01:01:01 | HLA-B=B*53:01:01 | DRB345=Abs | DRB1=DRB1*08:04:01 | DQA1=DQA1*04:01:02:02 | DQB1=DQB1*06:02:01 | DPA1=DPA1*03:01 | DPB1=DPB1*105:01,HLA-A=A*30:01:01 | HLA-C=C*17:01:01:02 | HLA-B=B*42:01:01 | DRB345=DRB3*02:02:01:02 | DRB1=DRB1*03:02:01 | DQA1=DQA1*04:01:01 | DQB1=DQB1*04:02:01 | DPA1=DPA1*02:02:02 | DPB1=DPB1*01:01:01,True,True,1.0,1.0,1.0,1.0,1.0,1.0,1.0,1.0,1.0
SYNTH_0968,Global,success,,200.4,0.49029982,6,1.6922,HLA-A=A*01:01:01:01 | HLA-C=C*07:01:01:01 | HLA-B=B*08:01:01:01 | DRB345=DRB3*01:01:02:01 | DRB1=DRB1*03:01:01:01SG | DQA1=DQA1*05:01:01:02 | DQB1=DQB1*02:01:01 | DPA1=DPA1*01:03:01:02 | DPB1=DPB1*04:01:01:01/DPB1*04:01:01:02,HLA-A=A*11:01:01:01 | HLA-C=C*03:04:01:01 | HLA-B=B*40:01:02 | DRB345=DRB3*03:01:01 | DRB1=DRB1*13:02:01 | DQA1=DQA1*01:02:01:04SG | DQB1=DQB1*06:04:01 | DPA1=DPA1*01:03:01:04 | DPB1=DPB1*04:01:01:01/DPB1*04:01:01:02,False,False,1.0,1.0,1.0,1.0,1.0,1.0,1.0,1.0,0.0
SYNTH_0969,Global,success,,110.4,0.88888889,2,0.5033,HLA-A=A*02:01:01:01 | HLA-C=C*03:04:01:01 | HLA-B=B*15:01:01:01 | DRB345=DRB4*01:03:01:01/DRB4*01:03:01:01:03 | DRB1=DRB1*04:01:01:01SG | DQA1=DQA1*03:01:01 | DQB1=DQB1*03:02:01 | DPA1=DPA1*01:03:01:02 | DPB1=DPB1*04:01:01:01/DPB1*04:01:01:02,HLA-A=A*02:01:01:01 | HLA-C=C*07:01:01:01 | HLA-B=B*08:01:01:01 | DRB345=DRB3*01:01:02:01 | DRB1=DRB1*03:01:01:01SG | DQA1=DQA1*05:01:01:02 | DQB1=DQB1*02:01:01 | DPA1=DPA1*02:01:02 | DPB1=DPB1*01:01:01,False,False,1.0,0.0,1.0,0.0,1.0,1.0,1.0,1.0,0.0
SYNTH_0970,Global,success,,187.9,0.19955262,84,4.181,HLA-A=A*01:01:01:01 | HLA-C=C*07:01:01:01 | HLA-B=B*08:01:01:01 | DRB345=DRB3*01:01:02:01 | DRB1=DRB1*03:01:01:01SG | DQA1=DQA1*05:01:01:02 | DQB1=DQB1*02:01:01 | DPA1=DPA1*01:03:01:02 | DPB1=DPB1*04:01:01:01/DPB1*04:01:01:02,HLA-A=A*02:01:01:01 | HLA-C=C*07:02:01:03 | HLA-B=B*07:02:01 | DRB345=DRB5*01:01:01 | DRB1=DRB1*15:01:01:01SG | DQA1=DQA1*01:02:01:01SG | DQB1=DQB1*06:02:01 | DPA1=DPA1*01:03:01:04 | DPB1=DPB1*04:01:01:01/DPB1*04:01:01:02,False,False,1.0,1.0,1.0,1.0,1.0,1.0,1.0,1.0,0.0
SYNTH_0971,Global,success,,180.3,1.0,1,0.0,HLA-A=A*01:01:01:01 | HLA-C=C*07:01:01:01 | HLA-B=B*08:01:01:01 | DRB345=DRB3*01:01:02:01 | DRB1=DRB1*03:01:01:01SG | DQA1=DQA1*05:01:01:02 | DQB1=DQB1*02:01:01 | DPA1=DPA1*01:03:01:02 | DPB1=DPB1*04:01:01:01/DPB1*04:01:01:02,HLA-A=A*01:01:01:01 | HLA-C=C*03:03:01:01 | HLA-B=B*15:01:01:01 | DRB345=DRB4*01:03:01:01/DRB4*01:03:01:01:03 | DRB1=DRB1*04:01:01:01SG | DQA1=DQA1*03:01:01 | DQB1=DQB1*03:02:01 | DPA1=DPA1*01:03:01:05 | DPB1=DPB1*04:02:01:02,False,False,1.0,1.0,1.0,0.0,1.0,1.0,1.0,1.0,0.0
SYNTH_0972,Global,success,,184.3,0.71428571,2,0.8631,HLA-A=A*30:01:01 | HLA-C=C*17:01:01:02 | HLA-B=B*42:01:01 | DRB345=DRB3*01:01:02:01 | DRB1=DRB1*03:02:01 | DQA1=DQA1*04:01:01 | DQB1=DQB1*04:02:01 | DPA1=DPA1*02:02:02 | DPB1=DPB1*01:01:01,HLA-A=A*24:02:01:01 | HLA-C=C*12:02:02 | HLA-B=B*52:01:01:01 | DRB345=DRB5*01:02 | DRB1=DRB1*15:02:01:01SG | DQA1=DQA1*01:03:01:01 | DQB1=DQB1*06:01:01 | DPA1=DPA1*01:03:01:01 | DPB1=DPB1*02:01:02/DPB1*02:01:19,False,False,0.0,1.0,1.0,1.0,1.0,1.0,1.0,1.0,0.0
SYNTH_0973,Global,success,,176.7,0.6,2,0.971,HLA-A=A*03:01:01:01 | HLA-C=C*07:02:01:03 | HLA-B=B*07:02:01 | DRB345=DRB4*01:03:01:01/DRB4*01:03:01:01:03 | DRB1=DRB1*04:01:01:01SG | DQA1=DQA1*03:01:01 | DQB1=DQB1*03:02:01 | DPA1=DPA1*01:03:01:02 | DPB1=DPB1*04:01:01:01/DPB1*04:01:01:02,HLA-A=A*29:02:01:01 | HLA-C=C*16:01:01:01 | HLA-B=B*44:04 | DRB345=DRB3*02:02:01:02 | DRB1=DRB1*11:01:01:01 | DQA1=DQA1*05:05:01:01SG | DQB1=DQB1*03:01:01:03 | DPA1=DPA1*01:03:01:03 | DPB1=DPB1*03:01:01,False,False,1.0,1.0,1.0,0.0,0.0,1.0,1.0,1.0,0.0
SYNTH_0974,Global,success,,208.2,0.40406977,18,2.7644,HLA-A=A*01:01:01:01 | HLA-C=C*07:01:01:01 | HLA-B=B*08:01:01:01 | DRB345=DRB3*01:01:02:01 | DRB1=DRB1*03:01:01:01SG | DQA1=DQA1*05:01:01:02 | DQB1=DQB1*02:01:01 | DPA1=DPA1*01:03:01:02 | DPB1=DPB1*04:01:01:01/DPB1*04:01:01:02,HLA-A=A*68:01:01:02 | HLA-C=C*06:02:01:01 | HLA-B=B*58:02:01 | DRB345=DRB3*02:02:01:02 | DRB1=DRB1*12:01:01:03 | DQA1=DQA1*01:05:01 | DQB1=DQB1*05:01:01:02 | DPA1=DPA1*01:03:01:02 | DPB1=DPB1*18:01,False,False,1.0,1.0,1.0,1.0,1.0,1.0,1.0,1.0,0.0
SYNTH_0975,Global,success,,178.9,0.98245614,2,0.1274,HLA-A=A*01:01:01:01 | HLA-C=C*07:01:01:01 | HLA-B=B*08:01:01:01 | DRB345=DRB3*01:01:02:01 | DRB1=DRB1*03:01:01:01SG | DQA1=DQA1*05:01:01:02 | DQB1=DQB1*02:01:01 | DPA1=DPA1*01:03:01:02 | DPB1=DPB1*04:01:01:01/DPB1*04:01:01:02,HLA-A=A*03:01:01:01 | HLA-C=C*07:02:01:03 | HLA-B=B*07:02:01 | DRB345=DRB5*01:01:01 | DRB1=DRB1*15:01:01:01SG | DQA1=DQA1*01:02:01:01SG | DQB1=DQB1*06:02:01 | DPA1=DPA1*01:03:01:02 | DPB1=DPB1*04:01:01:01/DPB1*04:01:01:02,False,False,1.0,1.0,1.0,1.0,1.0,1.0,1.0,1.0,0.0
SYNTH_0976,Global,success,,166.7,0.19611993,42,3.9393,HLA-A=A*01:01:01:01 | HLA-C=C*07:01:01:01 | HLA-B=B*08:01:01:01 | DRB345=DRB3*01:01:02:01 | DRB1=DRB1*03:01:01:01SG | DQA1=DQA1*05:01:01:02 | DQB1=DQB1*02:01:01 | DPA1=DPA1*01:03:01:02 | DPB1=DPB1*04:01:01:01/DPB1*04:01:01:02,HLA-A=A*02:01:01:01 | HLA-C=C*12:03:01:01 | HLA-B=B*38:01:01 | DRB345=DRB3*01:01:02:01 | DRB1=DRB1*13:01:01:01SG | DQA1=DQA1*01:03:01:02SG | DQB1=DQB1*06:03:01 | DPA1=DPA1*01:03:01:04 | DPB1=DPB1*04:01:01:01/DPB1*04:01:01:02,False,False,1.0,1.0,1.0,1.0,1.0,1.0,1.0,1.0,0.0
SYNTH_0977,Global,success,,242.7,0.42507645,16,2.5771,HLA-A=A*01:01:01:01 | HLA-C=C*07:01:01:01 | HLA-B=B*08:01:01:01 | DRB345=DRB3*01:01:02:01 | DRB1=DRB1*03:01:01:01SG | DQA1=DQA1*05:01:01:02 | DQB1=DQB1*02:01:01 | DPA1=DPA1*01:03:01:02 | DPB1=DPB1*04:01:01:01/DPB1*04:01:01:02,HLA-A=A*02:01:01:01 | HLA-C=C*05:01:01:02 | HLA-B=B*44:02:01:01 | DRB345=DRB3*01:01:02:01 | DRB1=DRB1*03:01:01:01SG | DQA1=DQA1*05:01:01:02 | DQB1=DQB1*02:01:01 | DPA1=DPA1*01:03:01:01 | DPB1=DPB1*02:01:02/DPB1*02:01:19,False,False,1.0,1.0,1.0,1.0,1.0,1.0,1.0,1.0,0.0
SYNTH_0978,Global,success,,95.2,1.0,1,0.0,HLA-A=A*01:01:01:01 | HLA-C=C*07:01:01:01 | HLA-B=B*08:01:01:01 | DRB345=DRB3*01:01:02:01 | DRB1=DRB1*03:01:01:01SG | DQA1=DQA1*05:01:01:02 | DQB1=DQB1*02:01:01 | DPA1=DPA1*01:03:01:02 | DPB1=DPB1*04:01:01:01/DPB1*04:01:01:02,HLA-A=A*03:01:01:01 | HLA-C=C*04:01:01:01 | HLA-B=B*35:01:01:02 | DRB345=DRB4*01:03:01:01/DRB4*01:03:01:01:03 | DRB1=DRB1*04:04:01 | DQA1=DQA1*03:01:01 | DQB1=DQB1*03:02:01 | DPA1=DPA1*01:03:01:01 | DPB1=DPB1*02:01:02/DPB1*02:01:19,False,False,1.0,1.0,1.0,0.0,1.0,1.0,1.0,1.0,0.0
SYNTH_0979,Global,success,,100.2,1.0,1,0.0,HLA-A=A*02:01:01:01 | HLA-C=C*05:01:01:02 | HLA-B=B*44:02:01:01 | DRB345=DRB3*01:01:02:01 | DRB1=DRB1*13:01:01:01SG | DQA1=DQA1*01:03:01:02SG | DQB1=DQB1*06:03:01 | DPA1=DPA1*01:03:01:02 | DPB1=DPB1*04:01:01:01/DPB1*04:01:01:02,HLA-A=A*02:01:01:01 | HLA-C=C*12:03:01:01 | HLA-B=B*38:01:01 | DRB345=DRB3*01:01:02:01 | DRB1=DRB1*13:01:01:01SG | DQA1=DQA1*01:03:01:02SG | DQB1=DQB1*06:03:01 | DPA1=DPA1*01:03:01:04 | DPB1=DPB1*04:01:01:01/DPB1*04:01:01:02,False,False,1.0,1.0,1.0,1.0,1.0,1.0,1.0,1.0,0.0
SYNTH_0980,Global,success,,133.4,1.0,1,0.0,HLA-A=A*24:02:01:01 | HLA-C=C*12:02:02 | HLA-B=B*52:01:01:01 | DRB345=DRB5*01:02 | DRB1=DRB1*15:02:01:01SG | DQA1=DQA1*01:03:01:01 | DQB1=DQB1*06:01:01 | DPA1=DPA1*02:02:02 | DPB1=DPB1*05:01:01,HLA-A=A*02:01:01:01 | HLA-C=C*03:04:01:01 | HLA-B=B*40:01:02 | DRB345=Abs | DRB1=DRB1*01:01:01 | DQA1=DQA1*01:01:01:02SG | DQB1=DQB1*05:01:01:03 | DPA1=DPA1*01:03:01:02 | DPB1=DPB1*04:01:01:01/DPB1*04:01:01:02,False,False,1.0,1.0,1.0,1.0,1.0,1.0,1.0,1.0,0.0
SYNTH_0981,Global,success,,157.8,1.0,1,0.0,HLA-A=A*02:01:01:01 | HLA-C=C*03:04:01:01 | HLA-B=B*40:01:02 | DRB345=DRB5*01:01:01 | DRB1=DRB1*15:01:01:01SG | DQA1=DQA1*01:02:01:01SG | DQB1=DQB1*06:02:01 | DPA1=DPA1*02:06 | DPB1=DPB1*05:01:01,HLA-A=A*02:01:01:01 | HLA-C=C*08:02:01:01 | HLA-B=B*14:02:01:01 | DRB345=DRB4*01:03:01:01/DRB4*01:03:01:01:03 | DRB1=DRB1*07:01:01:01SG | DQA1=DQA1*02:01:01:01SG | DQB1=DQB1*03:02:01 | DPA1=DPA1*01:03:01:02 | DPB1=DPB1*04:01:01:01/DPB1*04:01:01:02,False,False,1.0,1.0,1.0,0.0,1.0,1.0,1.0,1.0,0.0
SYNTH_0982,Global,success,,186.0,1.0,1,0.0,HLA-A=A*03:01:01:01 | HLA-C=C*01:02:01 | HLA-B=B*51:01:01:01 | DRB345=Abs | DRB1=DRB1*01:01:01 | DQA1=DQA1*01:01:01:02SG | DQB1=DQB1*05:01:01:03 | DPA1=DPA1*01:03:01:02 | DPB1=DPB1*04:01:01:01/DPB1*04:01:01:02,HLA-A=A*02:01:01:01 | HLA-C=C*03:04:01:01 | HLA-B=B*40:01:02 | DRB345=Abs | DRB1=DRB1*08:01:01 | DQA1=DQA1*04:01:01 | DQB1=DQB1*04:02:01 | DPA1=DPA1*01:03:01:02 | DPB1=DPB1*04:01:01:01/DPB1*04:01:01:02,False,False,1.0,1.0,1.0,1.0,1.0,1.0,1.0,1.0,0.0
SYNTH_0983,Global,success,,138.1,1.0,1,0.0,HLA-A=A*24:02:01:01 | HLA-C=C*04:01:01:06 | HLA-B=B*35:02:01 | DRB345=DRB3*02:02:01:02 | DRB1=DRB1*11:04:01 | DQA1=DQA1*05:05:01:01SG | DQB1=DQB1*03:01:01:02 | DPA1=DPA1*01:03:01:02 | DPB1=DPB1*04:01:01:01/DPB1*04:01:01:02,HLA-A=A*02:01:01:01 | HLA-C=C*02:02:02:01 | HLA-B=B*27:05:02 | DRB345=Abs | DRB1=DRB1*01:01:01 | DQA1=DQA1*01:01:01:02SG | DQB1=DQB1*05:01:01:03 | DPA1=DPA1*01:03:01:03 | DPB1=DPB1*03:01:01,False,False,1.0,1.0,1.0,1.0,1.0,1.0,1.0,1.0,0.0
SYNTH_0984,Global,success,,176.1,0.84583333,4,0.7544,HLA-A=A*02:01:01:01 | HLA-C=C*05:01:01:02 | HLA-B=B*44:02:01:01 | DRB345=DRB4*01:03:01:01/DRB4*01:03:01:01:03 | DRB1=DRB1*04:01:01:01SG | DQA1=DQA1*03:03:01:01 | DQB1=DQB1*03:01:01:01 | DPA1=DPA1*01:03:01:04 | DPB1=DPB1*04:01:01:01/DPB1*04:01:01:02,HLA-A=A*03:01:01:01 | HLA-C=C*07:02:01:03 | HLA-B=B*07:02:01 | DRB345=DRB5*01:01:01 | DRB1=DRB1*15:01:01:01SG | DQA1=DQA1*01:02:01:01SG | DQB1=DQB1*06:02:01 | DPA1=DPA1*01:03:01:03 | DPB1=DPB1*03:01:01,False,False,1.0,1.0,1.0,0.0,1.0,1.0,1.0,1.0,0.0
SYNTH_0985,Global,success,,198.8,0.21758242,30,4.0838,HLA-A=A*29:02:01:01 | HLA-C=C*16:01:01:01 | HLA-B=B*44:03:01:01 | DRB345=DRB4*01:01:01:01 | DRB1=DRB1*07:01:01:01SG | DQA1=DQA1*02:01:01:01SG | DQB1=DQB1*02:02:01:01 | DPA1=DPA1*02:01:01:01 | DPB1=DPB1*11:01:01,HLA-A=A*02:01:01:01 | HLA-C=C*05:01:01:02 | HLA-B=B*44:02:01:01 | DRB345=DRB4*01:03:01:01/DRB4*01:03:01:01:03 | DRB1=DRB1*07:01:01:01SG | DQA1=DQA1*02:01:01:01SG | DQB1=DQB1*02:02:01:01 | DPA1=DPA1*01:03:01:02 | DPB1=DPB1*02:01:02/DPB1*02:01:19,False,False,1.0,1.0,1.0,0.0,1.0,1.0,1.0,1.0,0.0
SYNTH_0986,Global,success,,143.2,0.85802469,3,0.707,HLA-A=A*01:01:01:01 | HLA-C=C*07:01:01:01 | HLA-B=B*08:01:01:01 | DRB345=DRB3*01:01:02:01 | DRB1=DRB1*03:01:01:01SG | DQA1=DQA1*05:01:01:02 | DQB1=DQB1*02:01:01 | DPA1=DPA1*01:03:01:02 | DPB1=DPB1*04:01:01:01/DPB1*04:01:01:02,HLA-A=A*29:02:01:01 | HLA-C=C*08:02:01:01 | HLA-B=B*14:02:01:01 | DRB345=DRB4*01:01:01:01 | DRB1=DRB1*07:01:01:01SG | DQA1=DQA1*02:01:01:01SG | DQB1=DQB1*02:02:01:01 | DPA1=DPA1*01:04 | DPB1=DPB1*15:01:01,False,False,1.0,1.0,1.0,1.0,1.0,1.0,1.0,1.0,0.0
SYNTH_0987,Global,success,,120.0,0.46333333,10,2.1531,HLA-A=A*01:01:01:01 | HLA-C=C*07:01:01:01 | HLA-B=B*08:01:01:01 | DRB345=DRB3*01:01:02:01 | DRB1=DRB1*03:01:01:01SG | DQA1=DQA1*05:01:01:02 | DQB1=DQB1*02:01:01 | DPA1=DPA1*01:03:01:02 | DPB1=DPB1*04:01:01:01/DPB1*04:01:01:02,HLA-A=A*24:02:01:01 | HLA-C=C*07:02:01:01 | HLA-B=B*39:06:02 | DRB345=DRB3*01:01:02:01 | DRB1=DRB1*14:06:01 | DQA1=DQA1*05:03 | DQB1=DQB1*03:01:01:01 | DPA1=DPA1*01:03:01:05 | DPB1=DPB1*04:02:01:02,False,False,1.0,1.0,1.0,1.0,1.0,1.0,1.0,1.0,0.0
SYNTH_0988,Global,success,,506.6,0.73684211,3,1.087,HLA-A=A*01:01:01:01 | HLA-C=C*07:01:01:01 | HLA-B=B*08:01:01:01 | DRB345=DRB3*01:01:02:01 | DRB1=DRB1*03:01:01:01SG | DQA1=DQA1*05:01:01:02 | DQB1=DQB1*02:01:01 | DPA1=DPA1*01:03:01:02 | DPB1=DPB1*04:01:01:01/DPB1*04:01:01:02,HLA-A=A*02:01:01:01 | HLA-C=C*06:02:01:01 | HLA-B=B*13:02:01 | DRB345=DRB4*01:03:01:01/DRB4*01:03:01:01:03 | DRB1=DRB1*07:01:01:01SG | DQA1=DQA1*02:01:01:01SG | DQB1=DQB1*02:02:01:01 | DPA1=DPA1*01:03:01:02 | DPB1=DPB1*04:01:01:01/DPB1*04:01:01:02,False,False,1.0,1.0,1.0,0.0,1.0,1.0,1.0,1.0,0.0
SYNTH_0989,Global,success,,215.1,1.0,1,0.0,HLA-A=A*03:01:01:01 | HLA-C=C*07:02:01:03 | HLA-B=B*07:02:01 | DRB345=DRB3*02:02:01:02 | DRB1=DRB1*11:01:01:01 | DQA1=DQA1*05:05:01:01SG | DQB1=DQB1*03:01:01:03 | DPA1=DPA1*01:03:01:04 | DPB1=DPB1*04:01:01:01/DPB1*04:01:01:02,HLA-A=A*02:01:01:01 | HLA-C=C*04:01:01:01 | HLA-B=B*35:03:01 | DRB345=DRB3*02:02:01:02 | DRB1=DRB1*12:01:01:03 | DQA1=DQA1*05:05:01:05SG | DQB1=DQB1*03:01:01:01 | DPA1=DPA1*02:01:01:02 | DPB1=DPB1*04:01:01:01/DPB1*04:01:01:02,False,False,1.0,1.0,1.0,1.0,1.0,1.0,1.0,1.0,0.0
SYNTH_0990,Global,success,,334.5,0.49323687,12,2.3799,HLA-A=A*03:01:01:01 | HLA-C=C*07:02:01:03 | HLA-B=B*07:02:01 | DRB345=DRB5*01:01:01 | DRB1=DRB1*15:01:01:01SG | DQA1=DQA1*01:02:01:01SG | DQB1=DQB1*06:02:01 | DPA1=DPA1*01:03:01:02 | DPB1=DPB1*04:01:01:01/DPB1*04:01:01:02,HLA-A=A*01:01:01:01 | HLA-C=C*07:01:01:01 | HLA-B=B*08:01:01:01 | DRB345=DRB3*01:01:02:01 | DRB1=DRB1*03:01:01:01SG | DQA1=DQA1*05:01:01:02 | DQB1=DQB1*02:01:01 | DPA1=DPA1*01:03:01:05 | DPB1=DPB1*04:02:01:02,False,False,1.0,1.0,1.0,1.0,1.0,1.0,1.0,1.0,0.0
SYNTH_0991,Global,success,,307.1,0.06965174,308,6.6211,HLA-A=A*03:01:01:01 | HLA-C=C*07:02:01:03 | HLA-B=B*07:02:01 | DRB345=DRB5*01:01:01 | DRB1=DRB1*15:01:01:01SG | DQA1=DQA1*01:02:01:01SG | DQB1=DQB1*06:02:01 | DPA1=DPA1*01:03:01:02 | DPB1=DPB1*04:01:01:01/DPB1*04:01:01:02,HLA-A=A*01:01:01:01 | HLA-C=C*06:02:01:01 | HLA-B=B*57:01:01 | DRB345=DRB4*01:03:01:02N | DRB1=DRB1*07:01:01:01SG | DQA1=DQA1*02:01:01:01SG | DQB1=DQB1*03:03:02:01 | DPA1=DPA1*01:03:01:04 | DPB1=DPB1*04:01:01:01/DPB1*04:01:01:02,False,False,0.0,1.0,1.0,1.0,1.0,1.0,1.0,1.0,0.0
SYNTH_0992,Global,success,,248.5,1.0,1,0.0,HLA-A=A*29:02:01:01 | HLA-C=C*16:01:01:01 | HLA-B=B*44:03:01:01 | DRB345=DRB4*01:01:01:01 | DRB1=DRB1*07:01:01:01SG | DQA1=DQA1*02:01:01:01SG | DQB1=DQB1*02:02:01:01 | DPA1=DPA1*02:02:02 | DPB1=DPB1*01:01:01,HLA-A=A*03:01:01:01 | HLA-C=C*07:02:01:03 | HLA-B=B*07:02:01 | DRB345=DRB4*01:03:01:01/DRB4*01:03:01:01:03 | DRB1=DRB1*04:01:01:01SG | DQA1=DQA1*03:01:01 | DQB1=DQB1*03:02:01 | DPA1=DPA1*01:03:01:02 | DPB1=DPB1*04:01:01:01/DPB1*04:01:01:02,False,False,1.0,1.0,1.0,0.0,1.0,1.0,1.0,1.0,0.0
SYNTH_0993,Global,success,,198.3,1.0,1,0.0,HLA-A=A*30:01:01 | HLA-C=C*03:04:02 | HLA-B=B*15:10:01 | DRB345=DRB3*02:02:01:01 | DRB1=DRB1*03:01:01:01SG | DQA1=DQA1*05:01:01:01 | DQB1=DQB1*02:01:01 | DPA1=DPA1*01:03:01:01 | DPB1=DPB1*02:01:02/DPB1*02:01:19,HLA-A=A*02:01:01:01 | HLA-C=C*05:01:01:02 | HLA-B=B*44:02:01:01 | DRB345=DRB4*01:03:01:01/DRB4*01:03:01:01:03 | DRB1=DRB1*04:01:01:01SG | DQA1=DQA1*03:03:01:01 | DQB1=DQB1*03:01:01:01 | DPA1=DPA1*01:03:01:02 | DPB1=DPB1*04:01:01:01/DPB1*04:01:01:02,False,False,1.0,1.0,1.0,0.0,1.0,1.0,1.0,1.0,0.0
SYNTH_0994,Global,success,,230.5,0.38095238,4,1.9035,HLA-A=A*03:01:01:01 | HLA-C=C*04:01:01:01 | HLA-B=B*35:01:01:02 | DRB345=Abs | DRB1=DRB1*01:01:01 | DQA1=DQA1*01:01:01:02SG | DQB1=DQB1*05:01:01:03 | DPA1=DPA1*01:03:01:03 | DPB1=DPB1*03:01:01,HLA-A=A*02:01:01:01 | HLA-C=C*03:03:01:01 | HLA-B=B*15:01:01:01 | DRB345=DRB4*01:03:01:01/DRB4*01:03:01:01:03 | DRB1=DRB1*04:01:01:01SG | DQA1=DQA1*03:01:01 | DQB1=DQB1*03:02:01 | DPA1=DPA1*01:03:01:05 | DPB1=DPB1*04:02:01:02,False,False,1.0,1.0,1.0,0.0,1.0,1.0,1.0,1.0,1.0
SYNTH_0995,Global,success,,199.3,0.91011236,2,0.4361,HLA-A=A*01:01:01:01 | HLA-C=C*07:01:01:01 | HLA-B=B*08:01:01:01 | DRB345=DRB3*01:01:02:01 | DRB1=DRB1*03:01:01:01SG | DQA1=DQA1*05:01:01:02 | DQB1=DQB1*02:01:01 | DPA1=DPA1*02:01:02 | DPB1=DPB1*01:01:01,HLA-A=A*02:01:01:01 | HLA-C=C*07:01:01:01 | HLA-B=B*18:01:01:02 | DRB345=DRB3*02:02:01:02 | DRB1=DRB1*11:04:01 | DQA1=DQA1*05:05:01:01SG | DQB1=DQB1*03:01:01:03 | DPA1=DPA1*01:03:01:04 | DPB1=DPB1*04:01:01:01/DPB1*04:01:01:02,False,False,1.0,1.0,1.0,1.0,1.0,1.0,1.0,1.0,0.0
SYNTH_0996,Global,success,,161.2,1.0,1,0.0,HLA-A=A*02:01:01:01 | HLA-C=C*01:02:01 | HLA-B=B*15:15 | DRB345=DRB4*01:03:02 | DRB1=DRB1*04:10:01 | DQA1=DQA1*03:01:01 | DQB1=DQB1*03:02:01 | DPA1=DPA1*01:03:01:05 | DPB1=DPB1*04:02:01:02,HLA-A=A*02:01:01:01 | HLA-C=C*07:02:01:03 | HLA-B=B*07:02:01 | DRB345=DRB5*01:01:01 | DRB1=DRB1*15:01:01:01SG | DQA1=DQA1*01:02:01:01SG | DQB1=DQB1*06:02:01 | DPA1=DPA1*01:03:01:02 | DPB1=DPB1*04:01:01:01/DPB1*04:01:01:02,False,False,1.0,1.0,1.0,1.0,1.0,1.0,1.0,1.0,0.0
SYNTH_0997,Global,success,,176.3,1.0,1,0.0,HLA-A=A*01:01:01:01 | HLA-C=C*06:02:01:01 | HLA-B=B*37:01:01 | DRB345=Abs | DRB1=DRB1*10:01:01:01 | DQA1=DQA1*01:05:01 | DQB1=DQB1*05:01:01:02 | DPA1=DPA1*01:03:01:02 | DPB1=DPB1*04:01:01:01/DPB1*04:01:01:02,HLA-A=A*26:01:01:01 | HLA-C=C*12:03:01:01 | HLA-B=B*38:01:01 | DRB345=DRB4*01:03:01:01/DRB4*01:03:01:01:03 | DRB1=DRB1*04:02:01 | DQA1=DQA1*03:01:01 | DQB1=DQB1*03:02:01 | DPA1=DPA1*01:03:01:04 | DPB1=DPB1*04:01:01:01/DPB1*04:01:01:02,False,False,1.0,1.0,1.0,0.0,1.0,1.0,1.0,1.0,0.0
SYNTH_0998,Global,success,,153.2,0.42857143,3,1.5567,HLA-A=A*03:01:01:01 | HLA-C=C*16:01:01:01 | HLA-B=B*44:03:01:01 | DRB345=DRB4*01:01:01:01 | DRB1=DRB1*07:01:01:01SG | DQA1=DQA1*02:01:01:01SG | DQB1=DQB1*02:02:01:01 | DPA1=DPA1*01:03:01:01 | DPB1=DPB1*02:01:02/DPB1*02:01:19,HLA-A=A*26:01:01:01 | HLA-C=C*12:03:01:01 | HLA-B=B*38:01:01 | DRB345=DRB3*03:01:01 | DRB1=DRB1*13:02:01 | DQA1=DQA1*01:02:01:04SG | DQB1=DQB1*06:09:01 | DPA1=DPA1*01:03:01:04 | DPB1=DPB1*04:01:01:01/DPB1*04:01:01:02,False,False,1.0,1.0,1.0,1.0,1.0,1.0,1.0,0.0,0.0
SYNTH_0999,Global,success,,126.1,1.0,1,0.0,HLA-A=A*01:01:01:01 | HLA-C=C*07:01:01:01 | HLA-B=B*08:01:01:01 | DRB345=DRB3*01:01:02:01 | DRB1=DRB1*03:01:01:01SG | DQA1=DQA1*05:01:01:02 | DQB1=DQB1*02:01:01 | DPA1=DPA1*01:03:01:02 | DPB1=DPB1*04:01:01:01/DPB1*04:01:01:02,HLA-A=A*02:01:01:01 | HLA-C=C*06:02:01:01 | HLA-B=B*57:01:01 | DRB345=DRB4*01:03:01:02N | DRB1=DRB1*07:01:01:01SG | DQA1=DQA1*02:01:01:01SG | DQB1=DQB1*03:03:02:01 | DPA1=DPA1*01:03:01:04 | DPB1=DPB1*04:01:01:01/DPB1*04:01:01:02,False,False,1.0,1.0,1.0,1.0,1.0,1.0,1.0,1.0,0.0
SYNTH_1000,Global,success,,125.1,0.6,2,0.971,HLA-A=A*24:02:01:01 | HLA-C=C*07:02:01:01 | HLA-B=B*39:05:01 | DRB345=DRB5*02:02 | DRB1=DRB1*16:02:01:02 | DQA1=DQA1*05:05:01:05SG | DQB1=DQB1*03:01:01:01 | DPA1=DPA1*01:03:01:05 | DPB1=DPB1*04:02:01:02,HLA-A=A*03:01:01:01 | HLA-C=C*07:02:01:03 | HLA-B=B*07:02:01 | DRB345=DRB3*02:02:01:02 | DRB1=DRB1*11:04:01 | DQA1=DQA1*05:05:01:01SG | DQB1=DQB1*03:01:01:03 | DPA1=DPA1*01:04 | DPB1=DPB1*15:01:01,True,False,1.0,1.0,1.0,1.0,1.0,1.0,1.0,1.0,1.0
