patient_id,ancestry,api_status,api_error,response_time_ms,top_posterior,total_pairs,entropy,top_haplotype_1,top_haplotype_2,full_concordance,phase_concordant,conc_A,conc_C,conc_B,conc_DRB345,conc_DRB1,conc_DQA1,conc_DQB1,conc_DPA1,conc_DPB1
SYNTH_0001,Global,success,,212.5,0.85802469,3,0.707,HLA-A=A*01:01:01:01 | HLA-C=C*07:01:01:01 | HLA-B=B*08:01:01:01 | DRB345=DRB3*01:01:02:01 | DRB1=DRB1*03:01:01:01SG | DQA1=DQA1*05:01:01:02 | DQB1=DQB1*02:01:01 | DPA1=DPA1*01:03:01:02 | DPB1=DPB1*04:01:01:01/DPB1*04:01:01:02,HLA-A=A*02:01:01:01 | HLA-C=C*02:02:02:01 | HLA-B=B*27:05:02 | DRB345=Abs | DRB1=DRB1*01:01:01 | DQA1=DQA1*01:01:01:02SG | DQB1=DQB1*05:01:01:03 | DPA1=DPA1*01:03:01:03 | DPB1=DPB1*03:01:01,False,False,1.0,1.0,1.0,1.0,1.0,1.0,1.0,1.0,0.0
SYNTH_0002,Global,success,,194.8,1.0,1,0.0,HLA-A=A*02:01:01:01 | HLA-C=C*04:01:01:01 | HLA-B=B*35:03:01 | DRB345=DRB3*02:02:01:02 | DRB1=DRB1*11:01:01:01 | DQA1=DQA1*05:05:01:01SG | DQB1=DQB1*03:01:01:03 | DPA1=DPA1*01:03:01:04 | DPB1=DPB1*04:01:01:01/DPB1*04:01:01:02,HLA-A=A*68:03:01 | HLA-C=C*07:02:01:01 | HLA-B=B*39:05:01 | DRB345=DRB4*01:03:02 | DRB1=DRB1*04:07:01 | DQA1=DQA1*03:01:01 | DQB1=DQB1*03:02:01 | DPA1=DPA1*01:03:01:05 | DPB1=DPB1*04:02:01:02,False,False,1.0,1.0,1.0,1.0,1.0,1.0,1.0,1.0,0.0
SYNTH_0003,Global,success,,194.8,0.57142857,2,0.9852,HLA-A=A*01:01:01:01 | HLA-C=C*06:02:01:01 | HLA-B=B*57:01:01 | DRB345=DRB4*01:03:01:02N | DRB1=DRB1*07:01:01:01SG | DQA1=DQA1*02:01:01:01SG | DQB1=DQB1*03:03:02:01 | DPA1=DPA1*01:03:01:02 | DPB1=DPB1*04:01:01:01/DPB1*04:01:01:02,HLA-A=A*02:01:01:01 | HLA-C=C*07:02:01:03 | HLA-B=B*07:02:01 | DRB345=Abs | DRB1=DRB1*01:01:01 | DQA1=DQA1*01:01:01:02SG | DQB1=DQB1*05:01:01:03 | DPA1=DPA1*01:03:01:02 | DPB1=DPB1*04:01:01:01/DPB1*04:01:01:02,False,False,1.0,0.0,1.0,1.0,1.0,1.0,1.0,1.0,0.0
SYNTH_0004,Global,success,,794.7,0.84210526,3,0.7742,HLA-A=A*01:01:01:01 | HLA-C=C*07:01:01:01 | HLA-B=B*08:01:01:01 | DRB345=DRB3*01:01:02:01 | DRB1=DRB1*03:01:01:01SG | DQA1=DQA1*05:01:01:02 | DQB1=DQB1*02:01:01 | DPA1=DPA1*01:03:01:02 | DPB1=DPB1*04:01:01:01/DPB1*04:01:01:02,HLA-A=A*02:01:01:01 | HLA-C=C*03:04:01:01 | HLA-B=B*15:01:01:01 | DRB345=DRB4*01:03:01:01/DRB4*01:03:01:01:03 | DRB1=DRB1*04:01:01:01SG | DQA1=DQA1*03:01:01 | DQB1=DQB1*03:02:01 | DPA1=DPA1*01:03:01:02 | DPB1=DPB1*04:01:01:01/DPB1*04:01:01:02,False,False,1.0,1.0,1.0,0.0,1.0,1.0,1.0,1.0,0.0
SYNTH_0005,Global,success,,195.5,1.0,1,0.0,HLA-A=A*29:02:01:01 | HLA-C=C*16:01:01:01 | HLA-B=B*44:03:01:01 | DRB345=DRB4*01:01:01:01 | DRB1=DRB1*07:01:01:01SG | DQA1=DQA1*02:01:01:01SG | DQB1=DQB1*02:02:01:01 | DPA1=DPA1*01:03:01:04 | DPB1=DPB1*04:01:01:01/DPB1*04:01:01:02,HLA-A=A*03:01:01:01 | HLA-C=C*04:01:01:01 | HLA-B=B*35:01:01:02 | DRB345=Abs | DRB1=DRB1*01:01:01 | DQA1=DQA1*01:01:01:02SG | DQB1=DQB1*05:01:01:03 | DPA1=DPA1*01:03:01:05 | DPB1=DPB1*04:02:01:02,False,False,1.0,1.0,1.0,1.0,1.0,1.0,1.0,1.0,0.0
SYNTH_0006,Global,success,,194.5,0.98245614,2,0.1274,HLA-A=A*03:01:01:01 | HLA-C=C*07:02:01:03 | HLA-B=B*07:02:01 | DRB345=DRB5*01:01:01 | DRB1=DRB1*15:01:01:01SG | DQA1=DQA1*01:02:01:01SG | DQB1=DQB1*06:02:01 | DPA1=DPA1*01:03:01:02 | DPB1=DPB1*04:01:01:01/DPB1*04:01:01:02,HLA-A=A*24:02:01:01 | HLA-C=C*04:01:01:06 | HLA-B=B*35:08:01 | DRB345=DRB4*01:03:01:01/DRB4*01:03:01:01:03 | DRB1=DRB1*04:03:01 | DQA1=DQA1*03:01:01 | DQB1=DQB1*03:02:01 | DPA1=DPA1*01:03:01:04 | DPB1=DPB1*04:01:01:01/DPB1*04:01:01:02,False,False,1.0,1.0,1.0,0.0,1.0,1.0,1.0,1.0,0.0
SYNTH_0007,Global,success,,195.2,0.57142857,2,0.9852,HLA-A=A*29:02:01:01 | HLA-C=C*16:01:01:01 | HLA-B=B*44:03:01:01 | DRB345=DRB4*01:01:01:01 | DRB1=DRB1*07:01:01:01SG | DQA1=DQA1*02:01:01:01SG | DQB1=DQB1*02:02:01:01 | DPA1=DPA1*02:01:01:01 | DPB1=DPB1*11:01:01,HLA-A=A*01:01:01:01 | HLA-C=C*07:01:01:01 | HLA-B=B*08:01:01:01 | DRB345=DRB5*01:01:01 | DRB1=DRB1*15:01:01:01SG | DQA1=DQA1*01:02:01:01SG | DQB1=DQB1*06:02:01 | DPA1=DPA1*01:03:01:04 | DPB1=DPB1*04:01:01:01/DPB1*04:01:01:02,False,False,1.0,1.0,1.0,1.0,1.0,1.0,1.0,1.0,0.0
SYNTH_0008,Global,success,,193.3,0.94285714,2,0.316,HLA-A=A*32:01:01 | HLA-C=C*04:01:01:01 | HLA-B=B*35:03:01 | DRB345=DRB3*02:02:01:02 | DRB1=DRB1*11:01:01:01 | DQA1=DQA1*05:05:01:01SG | DQB1=DQB1*03:01:01:03 | DPA1=DPA1*02:01:01:02 | DPB1=DPB1*14:01:01,HLA-A=A*03:01:01:01 | HLA-C=C*07:02:01:03 | HLA-B=B*07:02:01 | DRB345=DRB5*01:01:01 | DRB1=DRB1*15:01:01:01SG | DQA1=DQA1*01:02:01:01SG | DQB1=DQB1*06:02:01 | DPA1=DPA1*01:03:01:04 | DPB1=DPB1*04:01:01:01/DPB1*04:01:01:02,False,False,1.0,1.0,1.0,1.0,1.0,1.0,1.0,1.0,0.0
SYNTH_0009,Global,success,,193.9,1.0,1,0.0,HLA-A=A*24:02:01:01 | HLA-C=C*04:01:01:06 | HLA-B=B*35:01:01:01 | DRB345=DRB3*02:02:01:02 | DRB1=DRB1*13:01:01:01SG | DQA1=DQA1*01:03:01:02SG | DQB1=DQB1*06:03:01 | DPA1=DPA1*01:03:01:01 | DPB1=DPB1*02:01:02/DPB1*02:01:19,HLA-A=A*03:01:01:07 | HLA-C=C*04:01:01:01 | HLA-B=B*35:01:01:02 | DRB345=DRB3*01:01:02:01 | DRB1=DRB1*12:01:01:03 | DQA1=DQA1*01:05:01 | DQB1=DQB1*05:01:01:02 | DPA1=DPA1*01:03:01:02 | DPB1=DPB1*02:01:02/DPB1*02:01:19,False,False,1.0,1.0,1.0,1.0,1.0,1.0,1.0,1.0,0.0
SYNTH_0010,Global,success,,199.2,0.70714286,4,1.0589,HLA-A=A*01:01:01:01 | HLA-C=C*07:01:01:01 | HLA-B=B*08:01:01:01 | DRB345=DRB3*01:01:02:01 | DRB1=DRB1*03:01:01:01SG | DQA1=DQA1*05:01:01:02 | DQB1=DQB1*02:01:01 | DPA1=DPA1*02:01:02 | DPB1=DPB1*01:01:01,HLA-A=A*03:01:01:01 | HLA-C=C*04:01:01:01 | HLA-B=B*35:01:01:02 | DRB345=Abs | DRB1=DRB1*01:01:01 | DQA1=DQA1*01:01:01:02SG | DQB1=DQB1*05:01:01:03 | DPA1=DPA1*01:03:01:02 | DPB1=DPB1*04:01:01:01/DPB1*04:01:01:02,False,False,1.0,1.0,1.0,1.0,1.0,1.0,1.0,1.0,0.0
SYNTH_0011,Global,success,,262.2,1.0,1,0.0,HLA-A=A*01:01:01:01 | HLA-C=C*07:01:01:01 | HLA-B=B*08:01:01:01 | DRB345=DRB4*01:03:01:01/DRB4*01:03:01:01:03 | DRB1=DRB1*04:01:01:01SG | DQA1=DQA1*03:03:01:01 | DQB1=DQB1*03:01:01:01 | DPA1=DPA1*01:03:01:04 | DPB1=DPB1*04:01:01:01/DPB1*04:01:01:02,HLA-A=A*03:01:01:01 | HLA-C=C*03:04:01:01 | HLA-B=B*15:01:01:01 | DRB345=DRB4*01:03:01:01/DRB4*01:03:01:01:03 | DRB1=DRB1*04:01:01:01SG | DQA1=DQA1*03:01:01 | DQB1=DQB1*03:02:01 | DPA1=DPA1*01:03:01:02 | DPB1=DPB1*04:01:01:01/DPB1*04:01:01:02,False,False,1.0,1.0,1.0,0.0,1.0,1.0,1.0,1.0,0.0
SYNTH_0012,Global,success,,220.3,1.0,1,0.0,HLA-A=A*24:02:01:01 | HLA-C=C*04:01:01:06 | HLA-B=B*35:02:01 | DRB345=DRB3*02:02:01:02 | DRB1=DRB1*11:04:01 | DQA1=DQA1*05:05:01:01SG | DQB1=DQB1*03:01:01:02 | DPA1=DPA1*01:03:01:02 | DPB1=DPB1*04:01:01:01/DPB1*04:01:01:02,HLA-A=A*26:01:01:01 | HLA-C=C*12:03:01:01 | HLA-B=B*38:01:01 | DRB345=DRB4*01:03:01:01/DRB4*01:03:01:01:03 | DRB1=DRB1*04:02:01 | DQA1=DQA1*03:01:01 | DQB1=DQB1*03:02:01 | DPA1=DPA1*01:03:01:04 | DPB1=DPB1*04:01:01:01/DPB1*04:01:01:02,False,False,1.0,1.0,1.0,0.0,1.0,1.0,1.0,1.0,0.0
SYNTH_0013,Global,success,,477.7,1.0,1,0.0,HLA-A=A*03:01:01:01 | HLA-C=C*07:02:01:03 | HLA-B=B*07:02:01 | DRB345=DRB5*01:01:01 | DRB1=DRB1*15:01:01:01SG | DQA1=DQA1*01:02:01:01SG | DQB1=DQB1*06:02:01 | DPA1=DPA1*01:03:01:05 | DPB1=DPB1*04:02:01:02,HLA-A=A*02:01:01:01 | HLA-C=C*07:01:01:01 | HLA-B=B*08:01:01:01 | DRB345=DRB3*01:01:02:01 | DRB1=DRB1*03:01:01:01SG | DQA1=DQA1*05:01:01:02 | DQB1=DQB1*02:01:01 | DPA1=DPA1*01:03:01:02 | DPB1=DPB1*04:01:01:01/DPB1*04:01:01:02,False,False,1.0,1.0,1.0,1.0,1.0,1.0,1.0,1.0,0.0
SYNTH_0014,Global,success,,220.6,0.66666667,2,0.9183,HLA-A=A*25:01:01 | HLA-C=C*12:03:01:01 | HLA-B=B*18:01:01:02 | DRB345=DRB5*01:01:01 | DRB1=DRB1*15:01:01:01SG | DQA1=DQA1*01:02:01:01SG | DQB1=DQB1*06:02:01 | DPA1=DPA1*01:03:01:01 | DPB1=DPB1*02:01:02/DPB1*02:01:19,HLA-A=A*02:01:01:01 | HLA-C=C*07:02:01:03 | HLA-B=B*07:02:01 | DRB345=Abs | DRB1=DRB1*01:03 | DQA1=DQA1*01:01:01:02SG | DQB1=DQB1*05:01:01:03 | DPA1=DPA1*01:03:01:01 | DPB1=DPB1*02:01:02/DPB1*02:01:19,False,False,1.0,1.0,1.0,1.0,1.0,1.0,1.0,1.0,0.0
SYNTH_0015,Global,success,,221.3,1.0,1,0.0,HLA-A=A*11:01:01:01 | HLA-C=C*01:02:01 | HLA-B=B*56:01:01:03 | DRB345=Abs | DRB1=DRB1*01:01:01 | DQA1=DQA1*01:01:01:02SG | DQB1=DQB1*05:01:01:03 | DPA1=DPA1*01:03:01:03 | DPB1=DPB1*06:01:01,HLA-A=A*02:01:01:01 | HLA-C=C*04:01:01:01 | HLA-B=B*35:03:01 | DRB345=DRB3*02:02:01:02 | DRB1=DRB1*12:01:01:03 | DQA1=DQA1*05:05:01:05SG | DQB1=DQB1*03:01:01:01 | DPA1=DPA1*02:01:01:02 | DPB1=DPB1*04:01:01:01/DPB1*04:01:01:02,False,False,1.0,1.0,1.0,1.0,1.0,1.0,1.0,1.0,0.0
SYNTH_0016,Global,success,,437.8,0.24633431,15,3.42,HLA-A=A*03:01:01:01 | HLA-C=C*07:02:01:03 | HLA-B=B*07:02:01 | DRB345=Abs | DRB1=DRB1*01:01:01 | DQA1=DQA1*01:01:01:02SG | DQB1=DQB1*05:01:01:03 | DPA1=DPA1*01:03:01:05 | DPB1=DPB1*04:02:01:02,HLA-A=A*02:01:01:01 | HLA-C=C*03:04:01:01 | HLA-B=B*40:01:02 | DRB345=DRB3*03:01:01 | DRB1=DRB1*13:02:01 | DQA1=DQA1*01:02:01:04SG | DQB1=DQB1*06:04:01 | DPA1=DPA1*01:03:01:02 | DPB1=DPB1*04:01:01:01/DPB1*04:01:01:02,False,False,1.0,1.0,1.0,1.0,1.0,1.0,1.0,0.0,0.0
SYNTH_0017,Global,success,,8763.5,1.0,1,0.0,HLA-A=A*29:02:01:01 | HLA-C=C*16:01:01:01 | HLA-B=B*44:03:01:01 | DRB345=DRB4*01:01:01:01 | DRB1=DRB1*07:01:01:01SG | DQA1=DQA1*02:01:01:01SG | DQB1=DQB1*02:02:01:01 | DPA1=DPA1*02:01:01:01 | DPB1=DPB1*11:01:01,HLA-A=A*01:01:01:01 | HLA-C=C*07:01:01:01 | HLA-B=B*08:01:01:01 | DRB345=DRB3*01:01:02:01 | DRB1=DRB1*03:01:01:01SG | DQA1=DQA1*05:01:01:02 | DQB1=DQB1*02:01:01 | DPA1=DPA1*01:03:01:03 | DPB1=DPB1*03:01:01,True,False,1.0,1.0,1.0,1.0,1.0,1.0,1.0,1.0,1.0
SYNTH_0018,Global,success,,203.7,1.0,1,0.0,HLA-A=A*02:01:01:01 | HLA-C=C*07:04:01:01 | HLA-B=B*44:02:01:03 | DRB345=DRB3*02:02:01:02 | DRB1=DRB1*11:01:01:01 | DQA1=DQA1*05:05:01:01SG | DQB1=DQB1*03:01:01:03 | DPA1=DPA1*01:03:01:02 | DPB1=DPB1*04:01:01:01/DPB1*04:01:01:02,HLA-A=A*23:01:01 | HLA-C=C*07:01:01:01 | HLA-B=B*49:01:01 | DRB345=DRB3*02:02:01:02 | DRB1=DRB1*11:01:01:01 | DQA1=DQA1*05:05:01:01SG | DQB1=DQB1*03:01:01:03 | DPA1=DPA1*01:03:01:02 | DPB1=DPB1*04:01:01:01/DPB1*04:01:01:02,False,False,1.0,1.0,1.0,1.0,1.0,1.0,1.0,1.0,0.0
SYNTH_0019,Global,success,,191.9,0.92307692,2,0.3912,HLA-A=A*01:01:01:01 | HLA-C=C*07:01:01:01 | HLA-B=B*08:01:01:01 | DRB345=DRB3*01:01:02:02 | DRB1=DRB1*03:01:01:01SG | DQA1=DQA1*05:01:01:02 | DQB1=DQB1*02:01:01 | DPA1=DPA1*02:01:02 | DPB1=DPB1*01:01:01,HLA-A=A*03:01:01:01 | HLA-C=C*04:01:01:01 | HLA-B=B*35:01:01:02 | DRB345=Abs | DRB1=DRB1*01:01:01 | DQA1=DQA1*01:01:01:02SG | DQB1=DQB1*05:01:01:03 | DPA1=DPA1*01:03:01:05 | DPB1=DPB1*04:02:01:02,True,False,1.0,1.0,1.0,1.0,1.0,1.0,1.0,1.0,1.0
SYNTH_0020,Global,success,,264.1,1.0,1,0.0,HLA-A=A*26:01:01:01 | HLA-C=C*01:02:01 | HLA-B=B*27:05:02 | DRB345=Abs | DRB1=DRB1*01:01:01 | DQA1=DQA1*01:01:01:02SG | DQB1=DQB1*05:01:01:03 | DPA1=DPA1*01:03:01:05 | DPB1=DPB1*04:02:01:02,HLA-A=A*24:02:01:01 | HLA-C=C*07:02:01:03 | HLA-B=B*07:02:01 | DRB345=DRB5*01:01:01 | DRB1=DRB1*15:01:01:01SG | DQA1=DQA1*01:02:01:01SG | DQB1=DQB1*06:02:01 | DPA1=DPA1*01:03:01:02 | DPB1=DPB1*04:01:01:01/DPB1*04:01:01:02,False,False,1.0,1.0,1.0,1.0,1.0,1.0,1.0,1.0,0.0
SYNTH_0021,Global,success,,384.8,0.52380952,3,1.418,HLA-A=A*02:01:01:01 | HLA-C=C*03:04:01:01 | HLA-B=B*40:01:02 | DRB345=DRB3*03:01:01 | DRB1=DRB1*13:02:01 | DQA1=DQA1*01:02:01:04SG | DQB1=DQB1*06:04:01 | DPA1=DPA1*01:03:01:02 | DPB1=DPB1*04:01:01:01/DPB1*04:01:01:02,HLA-A=A*02:01:01:01 | HLA-C=C*06:02:01:01 | HLA-B=B*57:01:01 | DRB345=DRB4*01:03:01:02N | DRB1=DRB1*07:01:01:01SG | DQA1=DQA1*02:01:01:01SG | DQB1=DQB1*03:03:02:01 | DPA1=DPA1*01:03:01:02 | DPB1=DPB1*04:01:01:01/DPB1*04:01:01:02,False,False,1.0,1.0,1.0,1.0,1.0,1.0,1.0,0.0,0.0
SYNTH_0022,Global,success,,256.6,0.42857143,3,1.5567,HLA-A=A*24:02:01:01 | HLA-C=C*03:03:01:01 | HLA-B=B*15:07:01 | DRB345=DRB4*01:03:01:01/DRB4*01:03:01:01:03 | DRB1=DRB1*04:04:01 | DQA1=DQA1*03:01:01 | DQB1=DQB1*03:02:01 | DPA1=DPA1*01:03:01:03 | DPB1=DPB1*06:01:01,HLA-A=A*03:01:01:01 | HLA-C=C*04:01:01:01 | HLA-B=B*35:01:01:02 | DRB345=Abs | DRB1=DRB1*01:01:01 | DQA1=DQA1*01:01:01:02SG | DQB1=DQB1*05:01:01:03 | DPA1=DPA1*01:03:01:04 | DPB1=DPB1*04:01:01:01/DPB1*04:01:01:02,False,False,1.0,1.0,1.0,0.0,1.0,1.0,1.0,1.0,0.0
SYNTH_0023,Global,success,,256.5,0.96428571,2,0.2223,HLA-A=A*01:01:01:01 | HLA-C=C*07:01:01:01 | HLA-B=B*08:01:01:01 | DRB345=DRB3*01:01:02:01 | DRB1=DRB1*03:01:01:01SG | DQA1=DQA1*05:01:01:02 | DQB1=DQB1*02:01:01 | DPA1=DPA1*02:01:02 | DPB1=DPB1*01:01:01,HLA-A=A*29:02:01:01 | HLA-C=C*16:01:01:01 | HLA-B=B*44:03:01:01 | DRB345=DRB4*01:01:01:01 | DRB1=DRB1*07:01:01:01SG | DQA1=DQA1*02:01:01:01SG | DQB1=DQB1*02:02:01:01 | DPA1=DPA1*02:01:01:01 | DPB1=DPB1*17:01,True,True,1.0,1.0,1.0,1.0,1.0,1.0,1.0,1.0,1.0
SYNTH_0024,Global,success,,249.1,1.0,1,0.0,HLA-A=A*26:01:01:01 | HLA-C=C*12:03:01:01 | HLA-B=B*38:01:01 | DRB345=DRB4*01:03:01:01/DRB4*01:03:01:01:03 | DRB1=DRB1*04:02:01 | DQA1=DQA1*03:01:01 | DQB1=DQB1*03:02:01 | DPA1=DPA1*01:03:01:04 | DPB1=DPB1*04:01:01:01/DPB1*04:01:01:02,HLA-A=A*03:01:01:01 | HLA-C=C*07:02:01:03 | HLA-B=B*07:02:01 | DRB345=DRB5*01:01:01 | DRB1=DRB1*15:01:01:01SG | DQA1=DQA1*01:02:01:01SG | DQB1=DQB1*06:02:01 | DPA1=DPA1*01:03:01:04 | DPB1=DPB1*04:01:01:01/DPB1*04:01:01:02,False,False,1.0,1.0,1.0,0.0,1.0,1.0,1.0,1.0,0.0
SYNTH_0025,Global,success,,243.1,1.0,1,0.0,HLA-A=A*01:01:01:01 | HLA-C=C*07:01:01:01 | HLA-B=B*08:01:01:01 | DRB345=DRB3*01:01:02:01 | DRB1=DRB1*03:01:01:01SG | DQA1=DQA1*05:01:01:02 | DQB1=DQB1*02:01:01 | DPA1=DPA1*01:03:01:02 | DPB1=DPB1*04:01:01:01/DPB1*04:01:01:02,HLA-A=A*29:02:01:02 | HLA-C=C*18:01 | HLA-B=B*81:01 | DRB345=Abs | DRB1=DRB1*08:04:01 | DQA1=DQA1*04:01:02:02 | DQB1=DQB1*04:02:01 | DPA1=DPA1*01:03:01:02 | DPB1=DPB1*18:01,False,False,1.0,1.0,1.0,1.0,1.0,1.0,1.0,1.0,0.0
SYNTH_0026,Global,success,,247.2,1.0,1,0.0,HLA-A=A*02:01:01:01 | HLA-C=C*07:02:01:01 | HLA-B=B*39:02:02 | DRB345=DRB5*02:02 | DRB1=DRB1*16:02:01:02 | DQA1=DQA1*05:05:01:05SG | DQB1=DQB1*03:01:01:01 | DPA1=DPA1*01:03:01:02 | DPB1=DPB1*04:01:01:01/DPB1*04:01:01:02,HLA-A=A*01:01:01:01 | HLA-C=C*07:01:01:01 | HLA-B=B*08:01:01:01 | DRB345=DRB5*01:01:01 | DRB1=DRB1*15:01:01:01SG | DQA1=DQA1*01:02:01:01SG | DQB1=DQB1*06:02:01 | DPA1=DPA1*01:03:01:02 | DPB1=DPB1*04:01:01:01/DPB1*04:01:01:02,False,False,1.0,1.0,1.0,1.0,1.0,1.0,1.0,1.0,0.0
SYNTH_0027,Global,success,,317.6,1.0,1,0.0,HLA-A=A*30:01:01 | HLA-C=C*06:02:01:01 | HLA-B=B*13:02:01 | DRB345=DRB4*01:03:01:01/DRB4*01:03:01:01:03 | DRB1=DRB1*07:01:01:01SG | DQA1=DQA1*02:01:01:01SG | DQB1=DQB1*02:02:01:01 | DPA1=DPA1*01:03:01:05 | DPB1=DPB1*04:02:01:02,HLA-A=A*33:03:01 | HLA-C=C*04:01:01:01 | HLA-B=B*53:01:01 | DRB345=Abs | DRB1=DRB1*08:04:01 | DQA1=DQA1*04:01:02:02 | DQB1=DQB1*03:19:01 | DPA1=DPA1*02:01:01:02 | DPB1=DPB1*01:01:02,False,False,1.0,1.0,1.0,0.0,1.0,1.0,1.0,1.0,1.0
SYNTH_0028,Global,success,,323.3,1.0,1,0.0,HLA-A=A*02:01:01:01 | HLA-C=C*08:02:01:01 | HLA-B=B*14:02:01:01 | DRB345=Abs | DRB1=DRB1*01:02:01 | DQA1=DQA1*01:01:02 | DQB1=DQB1*05:01:01:01 | DPA1=DPA1*01:03:01:02 | DPB1=DPB1*04:01:01:01/DPB1*04:01:01:02,HLA-A=A*30:01:01 | HLA-C=C*06:02:01:01 | HLA-B=B*13:02:01 | DRB345=DRB4*01:03:01:01/DRB4*01:03:01:01:03 | DRB1=DRB1*07:01:01:01SG | DQA1=DQA1*02:01:01:01SG | DQB1=DQB1*02:02:01:01 | DPA1=DPA1*02:01:01:01 | DPB1=DPB1*17:01,False,False,1.0,1.0,1.0,0.0,1.0,1.0,1.0,1.0,0.0
SYNTH_0029,Global,success,,174.3,1.0,1,0.0,HLA-A=A*02:01:01:01 | HLA-C=C*06:02:01:01 | HLA-B=B*57:01:01 | DRB345=DRB4*01:03:01:02N | DRB1=DRB1*07:01:01:01SG | DQA1=DQA1*02:01:01:01SG | DQB1=DQB1*03:03:02:01 | DPA1=DPA1*01:03:01:01 | DPB1=DPB1*04:01:01:01/DPB1*04:01:01:02,HLA-A=A*68:01:02:02 | HLA-C=C*07:04:01:01 | HLA-B=B*44:02:01:03 | DRB345=DRB3*02:02:01:02 | DRB1=DRB1*11:01:01:01 | DQA1=DQA1*05:05:01:01SG | DQB1=DQB1*03:01:01:03 | DPA1=DPA1*01:03:01:02 | DPB1=DPB1*04:01:01:01/DPB1*04:01:01:02,False,False,1.0,1.0,1.0,1.0,1.0,1.0,1.0,1.0,0.0
SYNTH_0030,Global,success,,966.2,0.61538462,3,1.3347,HLA-A=A*02:01:01:01 | HLA-C=C*03:04:01:01 | HLA-B=B*40:01:02 | DRB345=DRB3*03:01:01 | DRB1=DRB1*13:02:01 | DQA1=DQA1*01:02:01:04SG | DQB1=DQB1*06:04:01 | DPA1=DPA1*01:03:01:03 | DPB1=DPB1*03:01:01,HLA-A=A*02:01:01:01 | HLA-C=C*16:01:01:01 | HLA-B=B*44:03:01:01 | DRB345=DRB3*02:02:01:02 | DRB1=DRB1*11:01:02 | DQA1=DQA1*01:02:01:01SG | DQB1=DQB1*06:02:01 | DPA1=DPA1*01:03:01:02 | DPB1=DPB1*18:01,True,True,1.0,1.0,1.0,1.0,1.0,1.0,1.0,1.0,1.0
SYNTH_0031,Global,success,,314.8,1.0,1,0.0,HLA-A=A*02:01:01:01 | HLA-C=C*07:02:01:01 | HLA-B=B*07:02:01 | DRB345=DRB5*01:01:01 | DRB1=DRB1*15:01:01:01SG | DQA1=DQA1*01:02:01:01SG | DQB1=DQB1*06:02:01 | DPA1=DPA1*01:03:01:02 | DPB1=DPB1*04:01:01:01/DPB1*04:01:01:02,HLA-A=A*01:01:01:01 | HLA-C=C*07:01:01:01 | HLA-B=B*08:01:01:01 | DRB345=DRB3*02:02:01:02 | DRB1=DRB1*11:01:01:01 | DQA1=DQA1*05:05:01:01SG | DQB1=DQB1*03:01:01:03 | DPA1=DPA1*01:03:01:03 | DPB1=DPB1*03:01:01,False,False,1.0,1.0,1.0,1.0,1.0,1.0,1.0,1.0,0.0
SYNTH_0032,Global,success,,283.5,1.0,1,0.0,HLA-A=A*01:01:01:01 | HLA-C=C*07:01:01:01 | HLA-B=B*08:01:01:01 | DRB345=DRB3*01:01:02:01 | DRB1=DRB1*03:01:01:01SG | DQA1=DQA1*05:01:01:01 | DQB1=DQB1*02:01:01 | DPA1=DPA1*02:01:02 | DPB1=DPB1*01:01:01,HLA-A=A*33:01:01 | HLA-C=C*08:02:01:01 | HLA-B=B*14:02:01:01 | DRB345=Abs | DRB1=DRB1*01:02:01 | DQA1=DQA1*01:01:02 | DQB1=DQB1*05:01:01:01 | DPA1=DPA1*01:03:01:02 | DPB1=DPB1*04:01:01:01/DPB1*04:01:01:02,False,False,1.0,1.0,1.0,1.0,1.0,1.0,1.0,1.0,0.0
SYNTH_0033,Global,success,,254.5,1.0,1,0.0,HLA-A=A*02:01:01:01 | HLA-C=C*05:01:01:02 | HLA-B=B*44:02:01:01 | DRB345=DRB3*02:02:01:02 | DRB1=DRB1*11:03:01 | DQA1=DQA1*05:05:01:01SG | DQB1=DQB1*03:01:01:02 | DPA1=DPA1*01:03:01:02 | DPB1=DPB1*04:01:01:01/DPB1*04:01:01:02,HLA-A=A*03:01:01:01 | HLA-C=C*07:02:01:03 | HLA-B=B*07:02:01 | DRB345=DRB3*01:01:02:01 | DRB1=DRB1*03:01:01:01SG | DQA1=DQA1*05:01:01:02 | DQB1=DQB1*02:01:01 | DPA1=DPA1*02:01:02 | DPB1=DPB1*01:01:01,False,False,1.0,1.0,1.0,1.0,1.0,1.0,1.0,1.0,0.0
SYNTH_0034,Global,success,,237.4,1.0,1,0.0,HLA-A=A*01:01:01:01 | HLA-C=C*06:02:01:01 | HLA-B=B*57:01:01 | DRB345=DRB4*01:03:01:02N | DRB1=DRB1*07:01:01:01SG | DQA1=DQA1*02:01:01:01SG | DQB1=DQB1*03:03:02:01 | DPA1=DPA1*02:01:01:01 | DPB1=DPB1*13:01:01/DPB1*107:01,HLA-A=A*02:01:01:01 | HLA-C=C*14:02:01:01 | HLA-B=B*51:01:01:01 | DRB345=DRB5*02:02 | DRB1=DRB1*16:01:01 | DQA1=DQA1*01:02:02 | DQB1=DQB1*05:02:01 | DPA1=DPA1*01:03:01:02 | DPB1=DPB1*04:01:01:01/DPB1*04:01:01:02,False,False,1.0,1.0,1.0,1.0,1.0,1.0,1.0,1.0,0.0
SYNTH_0035,Global,success,,289.0,0.7804878,3,0.9609,HLA-A=A*11:01:01:01 | HLA-C=C*04:01:01:05 | HLA-B=B*35:01:01:02 | DRB345=DRB4*01:03:01:01/DRB4*01:03:01:01:03 | DRB1=DRB1*04:07:01 | DQA1=DQA1*03:03:01:01 | DQB1=DQB1*03:01:01:01 | DPA1=DPA1*01:03:01:03 | DPB1=DPB1*03:01:01,HLA-A=A*02:01:01:01 | HLA-C=C*03:04:01:01 | HLA-B=B*15:01:01:01 | DRB345=DRB4*01:03:01:01/DRB4*01:03:01:01:03 | DRB1=DRB1*04:01:01:01SG | DQA1=DQA1*03:01:01 | DQB1=DQB1*03:02:01 | DPA1=DPA1*01:03:01:02 | DPB1=DPB1*04:01:01:01/DPB1*04:01:01:02,False,False,1.0,1.0,1.0,0.0,1.0,1.0,1.0,1.0,0.0
SYNTH_0036,Global,success,,243.3,0.58021978,4,1.2772,HLA-A=A*03:01:01:01 | HLA-C=C*07:02:01:03 | HLA-B=B*07:02:01 | DRB345=DRB5*01:01:01 | DRB1=DRB1*15:01:01:01SG | DQA1=DQA1*01:02:01:01SG | DQB1=DQB1*06:02:01 | DPA1=DPA1*01:03:01:04 | DPB1=DPB1*04:01:01:01/DPB1*04:01:01:02,HLA-A=A*68:03:01 | HLA-C=C*07:02:01:01 | HLA-B=B*39:05:01 | DRB345=DRB4*01:03:01:01/DRB4*01:03:01:01:03 | DRB1=DRB1*04:07:01 | DQA1=DQA1*03:01:01 | DQB1=DQB1*03:02:01 | DPA1=DPA1*01:03:01:05 | DPB1=DPB1*04:02:01:02,False,False,1.0,1.0,1.0,0.0,1.0,1.0,1.0,1.0,0.0
SYNTH_0037,Global,success,,594.2,0.68,4,1.3844,HLA-A=A*25:01:01 | HLA-C=C*12:03:01:01 | HLA-B=B*18:01:01:02 | DRB345=DRB5*01:01:01 | DRB1=DRB1*15:01:01:01SG | DQA1=DQA1*01:02:01:01SG | DQB1=DQB1*06:02:01 | DPA1=DPA1*01:03:01:04 | DPB1=DPB1*23:01:01,HLA-A=A*01:01:01:01 | HLA-C=C*07:01:01:01 | HLA-B=B*08:01:01:01 | DRB345=DRB3*01:01:02:01 | DRB1=DRB1*03:01:01:01SG | DQA1=DQA1*05:01:01:02 | DQB1=DQB1*02:01:01 | DPA1=DPA1*01:03:01:04 | DPB1=DPB1*04:01:01:01/DPB1*04:01:01:02,False,False,1.0,1.0,1.0,1.0,1.0,1.0,1.0,1.0,0.0
SYNTH_0038,Global,success,,359.5,0.70731707,3,1.0624,HLA-A=A*02:01:01:01 | HLA-C=C*05:01:01:02 | HLA-B=B*44:02:01:01 | DRB345=DRB4*01:03:01:01/DRB4*01:03:01:01:03 | DRB1=DRB1*04:01:01:01SG | DQA1=DQA1*03:03:01:01 | DQB1=DQB1*03:01:01:01 | DPA1=DPA1*01:03:01:04 | DPB1=DPB1*04:01:01:01/DPB1*04:01:01:02,HLA-A=A*02:01:01:01 | HLA-C=C*02:02:02:01 | HLA-B=B*51:01:01:01 | DRB345=DRB3*02:02:01:02 | DRB1=DRB1*11:01:01:01 | DQA1=DQA1*05:05:01:01SG | DQB1=DQB1*03:01:01:03 | DPA1=DPA1*01:03:01:01 | DPB1=DPB1*02:01:02/DPB1*02:01:19,False,False,1.0,1.0,1.0,0.0,1.0,1.0,1.0,1.0,0.0
SYNTH_0039,Global,success,,307.2,1.0,1,0.0,HLA-A=A*01:01:01:01 | HLA-C=C*07:01:01:01 | HLA-B=B*08:01:01:01 | DRB345=DRB3*01:01:02:01 | DRB1=DRB1*03:01:01:01SG | DQA1=DQA1*05:01:01:02 | DQB1=DQB1*02:01:01 | DPA1=DPA1*01:03:01:02 | DPB1=DPB1*04:01:01:01/DPB1*04:01:01:02,HLA-A=A*30:02:01:01 | HLA-C=C*05:01:01:01 | HLA-B=B*18:01:01:01 | DRB345=DRB3*02:02:01:01 | DRB1=DRB1*03:01:01:01SG | DQA1=DQA1*05:01:01:01 | DQB1=DQB1*02:01:01 | DPA1=DPA1*01:03:01:02 | DPB1=DPB1*04:01:01:01/DPB1*04:01:01:02,False,False,1.0,1.0,1.0,1.0,1.0,1.0,1.0,1.0,0.0
SYNTH_0040,Global,success,,563.6,0.86170213,4,0.7939,HLA-A=A*01:01:01:01 | HLA-C=C*07:01:01:01 | HLA-B=B*08:01:01:01 | DRB345=DRB3*01:01:02:01 | DRB1=DRB1*03:01:01:01SG | DQA1=DQA1*05:01:01:02 | DQB1=DQB1*02:01:01 | DPA1=DPA1*02:01:02 | DPB1=DPB1*01:01:01,HLA-A=A*02:01:01:01 | HLA-C=C*07:02:01:03 | HLA-B=B*07:02:01 | DRB345=DRB3*03:01:01 | DRB1=DRB1*13:02:01 | DQA1=DQA1*01:02:01:04SG | DQB1=DQB1*06:04:01 | DPA1=DPA1*01:03:01:03 | DPB1=DPB1*03:01:01,True,True,1.0,1.0,1.0,1.0,1.0,1.0,1.0,1.0,1.0
SYNTH_0041,Global,success,,9782.9,0.4,3,1.571,HLA-A=A*02:01:01:01 | HLA-C=C*07:04:01:01 | HLA-B=B*44:27:01 | DRB345=DRB5*02:02 | DRB1=DRB1*16:01:01 | DQA1=DQA1*01:02:02 | DQB1=DQB1*05:02:01 | DPA1=DPA1*01:03:01:04 | DPB1=DPB1*04:01:01:01/DPB1*04:01:01:02,HLA-A=A*24:03:01:01 | HLA-C=C*03:03:01:01 | HLA-B=B*15:12 | DRB345=DRB3*03:01:03 | DRB1=DRB1*12:02:01 | DQA1=DQA1*06:01:01 | DQB1=DQB1*03:01:01:01 | DPA1=DPA1*02:02:05 | DPB1=DPB1*05:01:01,False,False,0.0,0.0,0.0,1.0,1.0,1.0,1.0,0.0,0.0
SYNTH_0042,Global,success,,298.8,1.0,1,0.0,HLA-A=A*29:02:01:01 | HLA-C=C*16:01:01:01 | HLA-B=B*44:03:01:01 | DRB345=DRB4*01:01:01:01 | DRB1=DRB1*07:01:01:01SG | DQA1=DQA1*02:01:01:01SG | DQB1=DQB1*02:02:01:01 | DPA1=DPA1*01:03:01:04 | DPB1=DPB1*04:01:01:01/DPB1*04:01:01:02,HLA-A=A*02:01:01:01 | HLA-C=C*05:01:01:02 | HLA-B=B*44:02:01:01 | DRB345=DRB4*01:03:01:01/DRB4*01:03:01:01:03 | DRB1=DRB1*07:01:01:01SG | DQA1=DQA1*02:01:01:01SG | DQB1=DQB1*02:02:01:01 | DPA1=DPA1*01:03:01:02 | DPB1=DPB1*02:01:02/DPB1*02:01:19,False,False,1.0,1.0,1.0,0.0,1.0,1.0,1.0,1.0,0.0
SYNTH_0043,Global,success,,429.8,1.0,1,0.0,HLA-A=A*11:01:01:01 | HLA-C=C*07:02:01:03 | HLA-B=B*07:02:01 | DRB345=DRB5*01:01:01 | DRB1=DRB1*15:01:01:01SG | DQA1=DQA1*01:02:01:01SG | DQB1=DQB1*06:02:01 | DPA1=DPA1*01:03:01:02 | DPB1=DPB1*04:01:01:01/DPB1*04:01:01:02,HLA-A=A*02:01:01:01 | HLA-C=C*07:02:01:03 | HLA-B=B*07:02:01 | DRB345=DRB5*01:01:01 | DRB1=DRB1*15:01:01:01SG | DQA1=DQA1*01:02:01:01SG | DQB1=DQB1*06:02:01 | DPA1=DPA1*01:03:01:02 | DPB1=DPB1*04:01:01:01/DPB1*04:01:01:02,False,False,1.0,1.0,1.0,1.0,1.0,1.0,1.0,1.0,0.0
SYNTH_0044,Global,success,,497.8,0.66666667,4,1.3355,HLA-A=A*03:01:01:01 | HLA-C=C*04:01:01:01 | HLA-B=B*35:01:01:02 | DRB345=Abs | DRB1=DRB1*01:01:01 | DQA1=DQA1*01:01:01:02SG | DQB1=DQB1*05:01:01:03 | DPA1=DPA1*01:03:01:05 | DPB1=DPB1*04:02:01:02,HLA-A=A*11:01:01:01 | HLA-C=C*04:01:01:01 | HLA-B=B*35:03:01 | DRB345=DRB3*02:02:01:02 | DRB1=DRB1*11:01:01:01 | DQA1=DQA1*05:05:01:01SG | DQB1=DQB1*03:01:01:03 | DPA1=DPA1*01:03:01:02 | DPB1=DPB1*04:01:01:01/DPB1*04:01:01:02,False,False,1.0,1.0,1.0,1.0,1.0,1.0,1.0,1.0,0.0
SYNTH_0045,Global,success,,330.8,1.0,1,0.0,HLA-A=A*03:01:01:01 | HLA-C=C*07:02:01:03 | HLA-B=B*07:02:01 | DRB345=DRB5*01:01:01 | DRB1=DRB1*15:01:01:01SG | DQA1=DQA1*01:02:01:01SG | DQB1=DQB1*06:02:01 | DPA1=DPA1*01:03:01:02 | DPB1=DPB1*04:01:01:01/DPB1*04:01:01:02,HLA-A=A*29:02:01:02 | HLA-C=C*06:02:01:03 | HLA-B=B*45:01:01 | DRB345=DRB5*01:01:01 | DRB1=DRB1*15:01:01:01SG | DQA1=DQA1*01:02:01:01SG | DQB1=DQB1*06:02:01 | DPA1=DPA1*01:03:01:03 | DPB1=DPB1*03:01:01,False,False,1.0,1.0,1.0,1.0,1.0,1.0,1.0,1.0,0.0
SYNTH_0046,Global,success,,308.1,1.0,1,0.0,HLA-A=A*02:01:01:01 | HLA-C=C*07:02:01:03 | HLA-B=B*07:02:01 | DRB345=DRB5*01:01:01 | DRB1=DRB1*15:01:01:01SG | DQA1=DQA1*01:02:01:01SG | DQB1=DQB1*06:02:01 | DPA1=DPA1*01:03:01:05 | DPB1=DPB1*04:02:01:02,HLA-A=A*02:01:01:01 | HLA-C=C*15:02:01:01 | HLA-B=B*51:01:01:01 | DRB345=Abs | DRB1=DRB1*01:01:01 | DQA1=DQA1*01:01:01:02SG | DQB1=DQB1*05:01:01:03 | DPA1=DPA1*01:03:01:04 | DPB1=DPB1*04:01:01:01/DPB1*04:01:01:02,False,False,1.0,1.0,1.0,1.0,1.0,1.0,1.0,1.0,0.0
SYNTH_0047,Global,success,,308.4,1.0,1,0.0,HLA-A=A*30:01:01 | HLA-C=C*04:01:01:06 | HLA-B=B*35:02:01 | DRB345=DRB3*02:02:01:02 | DRB1=DRB1*11:04:01 | DQA1=DQA1*05:05:01:01SG | DQB1=DQB1*03:01:01:02 | DPA1=DPA1*01:03:01:02 | DPB1=DPB1*104:01,HLA-A=A*03:01:01:01 | HLA-C=C*04:01:01:01 | HLA-B=B*35:01:01:02 | DRB345=Abs | DRB1=DRB1*01:01:01 | DQA1=DQA1*01:01:01:02SG | DQB1=DQB1*05:01:01:03 | DPA1=DPA1*01:03:01:01 | DPB1=DPB1*02:01:02/DPB1*02:01:19,False,False,1.0,1.0,1.0,1.0,1.0,1.0,1.0,1.0,0.0
SYNTH_0048,Global,success,,217.4,0.22485294,60,4.179,HLA-A=A*01:01:01:01 | HLA-C=C*07:01:01:01 | HLA-B=B*08:01:01:01 | DRB345=DRB3*01:01:02:01 | DRB1=DRB1*03:01:01:01SG | DQA1=DQA1*05:01:01:02 | DQB1=DQB1*02:01:01 | DPA1=DPA1*01:03:01:02 | DPB1=DPB1*04:01:01:01/DPB1*04:01:01:02,HLA-A=A*29:02:01:01 | HLA-C=C*16:01:01:01 | HLA-B=B*44:03:01:01 | DRB345=DRB4*01:01:01:01 | DRB1=DRB1*07:01:01:01SG | DQA1=DQA1*02:01:01:01SG | DQB1=DQB1*02:02:01:01 | DPA1=DPA1*02:01:01:01 | DPB1=DPB1*11:01:01,False,False,1.0,1.0,1.0,1.0,1.0,1.0,1.0,0.0,0.0
SYNTH_0049,Global,success,,194.6,0.57142857,2,0.9852,HLA-A=A*31:01:02:01 | HLA-C=C*07:02:01:03 | HLA-B=B*07:02:01 | DRB345=DRB5*01:01:01 | DRB1=DRB1*15:01:01:01SG | DQA1=DQA1*01:02:01:01SG | DQB1=DQB1*06:02:01 | DPA1=DPA1*01:03:01:01 | DPB1=DPB1*02:01:02/DPB1*02:01:19,HLA-A=A*01:01:01:01 | HLA-C=C*06:02:01:01 | HLA-B=B*57:01:01 | DRB345=DRB4*01:03:01:02N | DRB1=DRB1*07:01:01:01SG | DQA1=DQA1*02:01:01:01SG | DQB1=DQB1*03:03:02:01 | DPA1=DPA1*01:03:01:02 | DPB1=DPB1*04:01:01:01/DPB1*04:01:01:02,False,False,1.0,1.0,1.0,1.0,1.0,1.0,1.0,1.0,0.0
SYNTH_0050,Global,success,,133.9,0.86170213,4,0.7939,HLA-A=A*01:01:01:01 | HLA-C=C*07:01:01:01 | HLA-B=B*08:01:01:01 | DRB345=DRB3*01:01:02:01 | DRB1=DRB1*03:01:01:01SG | DQA1=DQA1*05:01:01:02 | DQB1=DQB1*02:01:01 | DPA1=DPA1*02:01:02 | DPB1=DPB1*01:01:01,HLA-A=A*01:01:01:01 | HLA-C=C*07:01:01:01 | HLA-B=B*08:01:01:01 | DRB345=DRB5*01:01:01 | DRB1=DRB1*15:01:01:01SG | DQA1=DQA1*01:02:01:01SG | DQB1=DQB1*05:01:01:03 | DPA1=DPA1*01:03:01:05 | DPB1=DPB1*04:02:01:02,True,True,1.0,1.0,1.0,1.0,1.0,1.0,1.0,1.0,1.0
SYNTH_0051,Global,success,,369.0,0.16116557,76,4.5396,HLA-A=A*03:01:01:01 | HLA-C=C*07:02:01:03 | HLA-B=B*07:02:01 | DRB345=DRB5*01:01:01 | DRB1=DRB1*15:01:01:01SG | DQA1=DQA1*01:02:01:01SG | DQB1=DQB1*06:02:01 | DPA1=DPA1*01:03:01:02 | DPB1=DPB1*04:01:01:01/DPB1*04:01:01:02,HLA-A=A*03:01:01:01 | HLA-C=C*07:02:01:03 | HLA-B=B*07:02:01 | DRB345=DRB5*01:01:01 | DRB1=DRB1*15:01:01:01SG | DQA1=DQA1*01:02:01:01SG | DQB1=DQB1*06:02:01 | DPA1=DPA1*01:03:01:02 | DPB1=DPB1*04:01:01:01/DPB1*04:01:01:02,False,False,1.0,1.0,1.0,1.0,1.0,1.0,1.0,0.0,0.0
SYNTH_0052,Global,success,,287.2,0.57142857,2,0.9852,HLA-A=A*24:02:01:01 | HLA-C=C*08:02:01:01 | HLA-B=B*14:02:01:01 | DRB345=DRB3*02:02:01:01 | DRB1=DRB1*03:01:01:01SG | DQA1=DQA1*05:01:01:03 | DQB1=DQB1*02:01:01 | DPA1=DPA1*01:03:01:03 | DPB1=DPB1*03:01:01,HLA-A=A*11:01:01:01 | HLA-C=C*03:04:01:01 | HLA-B=B*40:01:02 | DRB345=DRB3*03:01:01 | DRB1=DRB1*13:02:01 | DQA1=DQA1*01:02:01:04SG | DQB1=DQB1*06:04:01 | DPA1=DPA1*01:03:01:04 | DPB1=DPB1*04:01:01:01/DPB1*04:01:01:02,False,False,0.0,1.0,1.0,1.0,1.0,1.0,1.0,1.0,0.0
SYNTH_0053,Global,success,,569.6,0.27950089,18,3.1371,HLA-A=A*03:01:01:01 | HLA-C=C*07:02:01:03 | HLA-B=B*07:02:01 | DRB345=DRB5*01:01:01 | DRB1=DRB1*15:01:01:01SG | DQA1=DQA1*01:02:01:01SG | DQB1=DQB1*06:02:01 | DPA1=DPA1*01:03:01:02 | DPB1=DPB1*04:01:01:01/DPB1*04:01:01:02,HLA-A=A*30:01:01 | HLA-C=C*06:02:01:01 | HLA-B=B*13:02:01 | DRB345=DRB4*01:03:01:01/DRB4*01:03:01:01:03 | DRB1=DRB1*07:01:01:01SG | DQA1=DQA1*02:01:01:01SG | DQB1=DQB1*02:02:01:01 | DPA1=DPA1*01:03:01:04 | DPB1=DPB1*04:01:01:01/DPB1*04:01:01:02,False,False,0.0,1.0,1.0,0.0,1.0,1.0,1.0,1.0,0.0
SYNTH_0054,Global,success,,265.6,0.5,2,1.0,HLA-A=A*29:02:01:01 | HLA-C=C*16:01:01:01 | HLA-B=B*44:03:01:01 | DRB345=DRB4*01:01:01:01 | DRB1=DRB1*07:01:01:01SG | DQA1=DQA1*02:01:01:01SG | DQB1=DQB1*02:02:01:01 | DPA1=DPA1*01:03:01:01 | DPB1=DPB1*02:01:02/DPB1*02:01:19,HLA-A=A*11:01:01:01 | HLA-C=C*06:02:01:01 | HLA-B=B*57:01:01 | DRB345=DRB4*01:03:01:02N | DRB1=DRB1*07:01:01:01SG | DQA1=DQA1*02:01:01:01SG | DQB1=DQB1*03:03:02:01 | DPA1=DPA1*01:03:01:03 | DPB1=DPB1*03:01:01,False,False,1.0,1.0,1.0,1.0,1.0,1.0,1.0,1.0,0.0
SYNTH_0055,Global,success,,198.1,1.0,1,0.0,HLA-A=A*11:01:01:01 | HLA-C=C*03:03:01:01 | HLA-B=B*15:01:01:01 | DRB345=DRB4*01:03:01:01/DRB4*01:03:01:01:03 | DRB1=DRB1*04:01:01:01SG | DQA1=DQA1*03:01:01 | DQB1=DQB1*03:02:01 | DPA1=DPA1*01:03:01:02 | DPB1=DPB1*04:01:01:01/DPB1*04:01:01:02,HLA-A=A*03:01:01:01 | HLA-C=C*08:02:01:01 | HLA-B=B*14:02:01:01 | DRB345=DRB3*03:01:01 | DRB1=DRB1*13:02:01 | DQA1=DQA1*01:02:01:04SG | DQB1=DQB1*06:09:01 | DPA1=DPA1*02:01:01:01 | DPB1=DPB1*05:01:01,False,False,1.0,1.0,1.0,0.0,1.0,1.0,1.0,1.0,0.0
SYNTH_0056,Global,success,,205.1,0.66666667,2,0.9183,HLA-A=A*33:01:01 | HLA-C=C*08:02:01:01 | HLA-B=B*14:02:01:01 | DRB345=Abs | DRB1=DRB1*01:02:01 | DQA1=DQA1*01:01:02 | DQB1=DQB1*05:01:01:01 | DPA1=DPA1*01:03:01:02 | DPB1=DPB1*04:01:01:01/DPB1*04:01:01:02,HLA-A=A*01:01:01:01 | HLA-C=C*06:02:01:01 | HLA-B=B*37:01:01 | DRB345=DRB5*01:01:01 | DRB1=DRB1*15:01:01:01SG | DQA1=DQA1*01:02:01:01SG | DQB1=DQB1*06:02:01 | DPA1=DPA1*01:03:01:04 | DPB1=DPB1*04:01:01:01/DPB1*04:01:01:02,False,False,1.0,1.0,1.0,1.0,1.0,1.0,1.0,1.0,0.0
SYNTH_0057,Global,success,,226.4,0.85802469,3,0.707,HLA-A=A*01:01:01:01 | HLA-C=C*07:01:01:01 | HLA-B=B*08:01:01:01 | DRB345=DRB3*01:01:02:01 | DRB1=DRB1*03:01:01:01SG | DQA1=DQA1*05:01:01:02 | DQB1=DQB1*02:01:01 | DPA1=DPA1*01:03:01:02 | DPB1=DPB1*04:01:01:01/DPB1*04:01:01:02,HLA-A=A*01:01:01:01 | HLA-C=C*07:01:01:01 | HLA-B=B*08:01:01:01 | DRB345=DRB5*01:01:01 | DRB1=DRB1*15:01:01:01SG | DQA1=DQA1*01:02:01:01SG | DQB1=DQB1*06:02:01 | DPA1=DPA1*01:03:01:02 | DPB1=DPB1*04:01:01:01/DPB1*04:01:01:02,False,False,1.0,1.0,1.0,1.0,1.0,1.0,1.0,1.0,0.0
SYNTH_0058,Global,success,,145.3,1.0,1,0.0,HLA-A=A*29:02:01:01 | HLA-C=C*16:01:01:01 | HLA-B=B*44:03:01:01 | DRB345=DRB4*01:03:01:01/DRB4*01:03:01:01:03 | DRB1=DRB1*07:01:01:01SG | DQA1=DQA1*02:01:01:01SG | DQB1=DQB1*02:02:01:01 | DPA1=DPA1*01:03:01:02 | DPB1=DPB1*04:01:01:01/DPB1*04:01:01:02,HLA-A=A*32:01:01 | HLA-C=C*07:02:01:01 | HLA-B=B*07:02:01 | DRB345=DRB4*01:03:01:01/DRB4*01:03:01:01:03 | DRB1=DRB1*04:04:01 | DQA1=DQA1*03:01:01 | DQB1=DQB1*03:02:01 | DPA1=DPA1*01:03:01:02 | DPB1=DPB1*04:01:01:01/DPB1*04:01:01:02,False,False,1.0,1.0,1.0,0.0,1.0,1.0,1.0,1.0,0.0
SYNTH_0059,Global,success,,354.6,1.0,1,0.0,HLA-A=A*01:01:01:01 | HLA-C=C*07:01:01:01 | HLA-B=B*08:01:01:01 | DRB345=DRB3*01:01:02:01 | DRB1=DRB1*03:01:01:01SG | DQA1=DQA1*05:01:01:02 | DQB1=DQB1*02:01:01 | DPA1=DPA1*01:03:01:05 | DPB1=DPB1*04:02:01:02,HLA-A=A*25:01:01 | HLA-C=C*12:03:01:01 | HLA-B=B*39:01:01:03 | DRB345=DRB4*01:01:01:01 | DRB1=DRB1*07:01:01:01SG | DQA1=DQA1*02:01:01:01SG | DQB1=DQB1*02:02:01:01 | DPA1=DPA1*02:02:02 | DPB1=DPB1*04:02:01:02,True,False,1.0,1.0,1.0,1.0,1.0,1.0,1.0,1.0,1.0
SYNTH_0060,Global,success,,423.4,0.89102564,2,0.4968,HLA-A=A*01:01:01:01 | HLA-C=C*07:01:01:01 | HLA-B=B*08:01:01:01 | DRB345=DRB3*01:01:02:01 | DRB1=DRB1*03:01:01:01SG | DQA1=DQA1*05:01:01:02 | DQB1=DQB1*02:01:01 | DPA1=DPA1*01:03:01:02 | DPB1=DPB1*04:01:01:01/DPB1*04:01:01:02,HLA-A=A*02:01:01:01 | HLA-C=C*03:04:01:01 | HLA-B=B*40:01:02 | DRB345=DRB4*01:03:01:01/DRB4*01:03:01:01:03 | DRB1=DRB1*04:01:01:01SG | DQA1=DQA1*03:01:01 | DQB1=DQB1*03:02:01 | DPA1=DPA1*02:01:01:02 | DPB1=DPB1*10:01:01,False,False,1.0,1.0,1.0,0.0,1.0,1.0,1.0,0.0,0.0
SYNTH_0061,Global,success,,462.6,1.0,1,0.0,HLA-A=A*25:01:01 | HLA-C=C*12:03:01:01 | HLA-B=B*18:01:01:02 | DRB345=DRB5*01:01:01 | DRB1=DRB1*15:01:01:01SG | DQA1=DQA1*01:02:01:01SG | DQB1=DQB1*06:02:01 | DPA1=DPA1*01:03:01:02 | DPB1=DPB1*04:01:01:01/DPB1*04:01:01:02,HLA-A=A*30:02:01:01 | HLA-C=C*05:01:01:01 | HLA-B=B*18:01:01:01 | DRB345=DRB3*02:02:01:01 | DRB1=DRB1*03:01:01:01SG | DQA1=DQA1*05:01:01:01 | DQB1=DQB1*02:01:01 | DPA1=DPA1*01:03:01:02 | DPB1=DPB1*04:01:01:01/DPB1*04:01:01:02,False,False,1.0,1.0,1.0,1.0,1.0,1.0,1.0,1.0,0.0
SYNTH_0062,Global,success,,304.1,1.0,1,0.0,HLA-A=A*03:01:01:05 | HLA-C=C*06:02:01:01 | HLA-B=B*47:01:01:03 | DRB345=DRB4*01:01:01:01 | DRB1=DRB1*07:01:01:01SG | DQA1=DQA1*02:01:01:01SG | DQB1=DQB1*02:02:01:01 | DPA1=DPA1*01:03:01:03 | DPB1=DPB1*06:01:01,HLA-A=A*68:03:01 | HLA-C=C*03:05 | HLA-B=B*35:01:01:02 | DRB345=DRB4*01:03:01:01/DRB4*01:03:01:01:03 | DRB1=DRB1*04:07:01 | DQA1=DQA1*03:01:01 | DQB1=DQB1*03:02:01 | DPA1=DPA1*01:03:01:05 | DPB1=DPB1*04:02:01:02,False,False,1.0,1.0,1.0,0.0,1.0,1.0,1.0,1.0,1.0
SYNTH_0063,Global,success,,416.3,0.96428571,2,0.2223,HLA-A=A*01:01:01:01 | HLA-C=C*07:01:01:01 | HLA-B=B*08:01:01:01 | DRB345=DRB3*01:01:02:01 | DRB1=DRB1*03:01:01:01SG | DQA1=DQA1*05:01:01:02 | DQB1=DQB1*02:01:01 | DPA1=DPA1*02:01:02 | DPB1=DPB1*01:01:01,HLA-A=A*24:02:01:01 | HLA-C=C*04:01:01:01 | HLA-B=B*35:01:01:02 | DRB345=DRB4*01:03:01:02N | DRB1=DRB1*07:01:01:01SG | DQA1=DQA1*02:01:01:01SG | DQB1=DQB1*03:03:02:01 | DPA1=DPA1*01:03:01:01 | DPB1=DPB1*02:01:02/DPB1*02:01:19,False,False,1.0,1.0,1.0,1.0,1.0,1.0,1.0,1.0,0.0
SYNTH_0064,Global,success,,719.6,1.0,1,0.0,HLA-A=A*03:01:01:01 | HLA-C=C*07:02:01:03 | HLA-B=B*07:02:01 | DRB345=DRB5*01:01:01 | DRB1=DRB1*15:01:01:01SG | DQA1=DQA1*01:02:01:01SG | DQB1=DQB1*06:02:01 | DPA1=DPA1*01:03:01:01 | DPB1=DPB1*02:01:02/DPB1*02:01:19,HLA-A=A*03:01:01:01 | HLA-C=C*07:02:01:03 | HLA-B=B*07:02:01 | DRB345=DRB3*01:01:02:01 | DRB1=DRB1*13:01:01:01SG | DQA1=DQA1*01:03:01:02SG | DQB1=DQB1*06:03:01 | DPA1=DPA1*01:03:01:01 | DPB1=DPB1*02:01:02/DPB1*02:01:19,False,False,1.0,1.0,1.0,1.0,1.0,1.0,1.0,1.0,0.0
SYNTH_0065,Global,success,,697.9,1.0,1,0.0,HLA-A=A*03:01:01:01 | HLA-C=C*07:02:01:03 | HLA-B=B*07:02:01 | DRB345=DRB5*01:01:01 | DRB1=DRB1*15:01:01:01SG | DQA1=DQA1*01:02:01:01SG | DQB1=DQB1*06:02:01 | DPA1=DPA1*01:03:01:02 | DPB1=DPB1*04:01:01:01/DPB1*04:01:01:02,HLA-A=A*02:01:01:01 | HLA-C=C*06:02:01:01 | HLA-B=B*57:01:01 | DRB345=DRB4*01:03:01:02N | DRB1=DRB1*07:01:01:01SG | DQA1=DQA1*02:01:01:01SG | DQB1=DQB1*03:03:02:01 | DPA1=DPA1*01:03:01:04 | DPB1=DPB1*04:01:01:01/DPB1*04:01:01:02,False,False,1.0,1.0,1.0,1.0,1.0,1.0,1.0,1.0,0.0
SYNTH_0066,Global,success,,676.2,0.70731707,3,1.0624,HLA-A=A*02:01:01:01 | HLA-C=C*05:01:01:02 | HLA-B=B*44:02:01:01 | DRB345=DRB4*01:03:01:01/DRB4*01:03:01:01:03 | DRB1=DRB1*04:01:01:01SG | DQA1=DQA1*03:03:01:01 | DQB1=DQB1*03:01:01:01 | DPA1=DPA1*01:03:01:04 | DPB1=DPB1*04:01:01:01/DPB1*04:01:01:02,HLA-A=A*24:02:01:01 | HLA-C=C*07:02:01:03 | HLA-B=B*07:02:01 | DRB345=DRB5*01:01:01 | DRB1=DRB1*15:01:01:01SG | DQA1=DQA1*01:02:01:01SG | DQB1=DQB1*06:02:01 | DPA1=DPA1*01:03:01:01 | DPB1=DPB1*02:01:02/DPB1*02:01:19,False,False,1.0,1.0,1.0,0.0,1.0,1.0,1.0,1.0,0.0
SYNTH_0067,Global,success,,658.2,0.66666667,2,0.9183,HLA-A=A*02:01:01:01 | HLA-C=C*07:02:01:03 | HLA-B=B*07:02:01 | DRB345=Abs | DRB1=DRB1*01:03 | DQA1=DQA1*01:01:01:02SG | DQB1=DQB1*05:01:01:03 | DPA1=DPA1*01:03:01:01 | DPB1=DPB1*02:01:02/DPB1*02:01:19,HLA-A=A*23:01:01 | HLA-C=C*07:01:01:01 | HLA-B=B*49:01:01 | DRB345=DRB5*01:01:01 | DRB1=DRB1*15:01:01:01SG | DQA1=DQA1*01:02:01:01SG | DQB1=DQB1*06:02:01 | DPA1=DPA1*01:03:01:04 | DPB1=DPB1*02:01:02/DPB1*02:01:19,False,False,1.0,1.0,1.0,1.0,0.0,1.0,1.0,1.0,0.0
SYNTH_0068,Global,success,,540.9,0.5,2,1.0,HLA-A=A*74:01:01 | HLA-C=C*07:18 | HLA-B=B*35:01:01:02 | DRB345=DRB3*03:01:01 | DRB1=DRB1*13:02:01 | DQA1=DQA1*01:02:01:04SG | DQB1=DQB1*03:19:01 | DPA1=DPA1*02:02:02 | DPB1=DPB1*01:01:01,HLA-A=A*02:01:01:01 | HLA-C=C*07:02:01:03 | HLA-B=B*07:02:01 | DRB345=DRB3*01:01:02:01 | DRB1=DRB1*13:01:01:01SG | DQA1=DQA1*01:03:01:02SG | DQB1=DQB1*06:03:01 | DPA1=DPA1*01:03:01:03 | DPB1=DPB1*03:01:01,False,False,0.0,1.0,1.0,1.0,1.0,1.0,1.0,1.0,1.0
SYNTH_0069,Global,success,,9579.5,0.07661692,56,5.4246,HLA-A=A*01:01:01:01 | HLA-C=C*06:02:01:01 | HLA-B=B*57:01:01 | DRB345=DRB4*01:03:01:02N | DRB1=DRB1*07:01:01:01SG | DQA1=DQA1*02:01:01:01SG | DQB1=DQB1*03:03:02:01 | DPA1=DPA1*01:03:01:04 | DPB1=DPB1*04:01:01:01/DPB1*04:01:01:02,HLA-A=A*02:01:01:01 | HLA-C=C*07:02:01:03 | HLA-B=B*07:02:01 | DRB345=Abs | DRB1=DRB1*01:01:01 | DQA1=DQA1*01:01:01:02SG | DQB1=DQB1*05:01:01:03 | DPA1=DPA1*01:03:01:02 | DPB1=DPB1*04:01:01:01/DPB1*04:01:01:02,False,False,0.0,0.0,0.0,1.0,1.0,1.0,1.0,1.0,0.0
SYNTH_0070,Global,success,,721.8,0.89102564,2,0.4968,HLA-A=A*01:01:01:01 | HLA-C=C*07:01:01:01 | HLA-B=B*08:01:01:01 | DRB345=DRB3*01:01:02:01 | DRB1=DRB1*03:01:01:01SG | DQA1=DQA1*05:01:01:02 | DQB1=DQB1*02:01:01 | DPA1=DPA1*01:03:01:02 | DPB1=DPB1*04:01:01:01/DPB1*04:01:01:02,HLA-A=A*02:01:01:01 | HLA-C=C*03:04:01:01 | HLA-B=B*40:01:02 | DRB345=DRB3*03:01:01 | DRB1=DRB1*13:02:01 | DQA1=DQA1*01:02:01:04SG | DQB1=DQB1*06:04:01 | DPA1=DPA1*02:06 | DPB1=DPB1*05:01:01,False,False,1.0,1.0,1.0,1.0,1.0,1.0,1.0,1.0,0.0
SYNTH_0071,Global,success,,683.0,0.4,6,2.2566,HLA-A=A*03:01:01:01 | HLA-C=C*07:02:01:03 | HLA-B=B*07:02:01 | DRB345=DRB3*01:01:02:01 | DRB1=DRB1*13:01:01:01SG | DQA1=DQA1*01:03:01:02SG | DQB1=DQB1*06:03:01 | DPA1=DPA1*01:03:01:02 | DPB1=DPB1*04:01:01:01/DPB1*04:01:01:02,HLA-A=A*30:01:01 | HLA-C=C*06:02:01:01 | HLA-B=B*13:02:01 | DRB345=DRB4*01:03:01:01/DRB4*01:03:01:01:03 | DRB1=DRB1*07:01:01:01SG | DQA1=DQA1*02:01:01:01SG | DQB1=DQB1*02:02:01:01 | DPA1=DPA1*02:01:01:01 | DPB1=DPB1*17:01,False,False,0.0,1.0,1.0,0.0,1.0,1.0,1.0,1.0,0.0
SYNTH_0072,Global,success,,360.4,1.0,1,0.0,HLA-A=A*01:01:01:01 | HLA-C=C*07:01:01:01 | HLA-B=B*08:01:01:01 | DRB345=DRB3*01:01:02:01 | DRB1=DRB1*03:01:01:01SG | DQA1=DQA1*05:01:01:02 | DQB1=DQB1*02:01:01 | DPA1=DPA1*01:03:01:02 | DPB1=DPB1*04:01:01:01/DPB1*04:01:01:02,HLA-A=A*02:01:01:01 | HLA-C=C*03:04:01:01 | HLA-B=B*40:01:02 | DRB345=DRB4*01:03:01:01/DRB4*01:03:01:01:03 | DRB1=DRB1*04:04:01 | DQA1=DQA1*03:01:01 | DQB1=DQB1*03:02:01 | DPA1=DPA1*01:03:01:02 | DPB1=DPB1*04:01:01:01/DPB1*04:01:01:02,False,False,1.0,1.0,1.0,0.0,1.0,1.0,1.0,1.0,0.0
SYNTH_0073,Global,success,,345.5,1.0,1,0.0,HLA-A=A*29:02:01:01 | HLA-C=C*16:01:01:01 | HLA-B=B*44:03:01:01 | DRB345=DRB4*01:01:01:01 | DRB1=DRB1*07:01:01:01SG | DQA1=DQA1*02:01:01:01SG | DQB1=DQB1*02:02:01:01 | DPA1=DPA1*02:01:01:01 | DPB1=DPB1*11:01:01,HLA-A=A*29:02:01:01 | HLA-C=C*16:01:01:01 | HLA-B=B*44:03:01:01 | DRB345=DRB4*01:03:01:01/DRB4*01:03:01:01:03 | DRB1=DRB1*07:01:01:01SG | DQA1=DQA1*02:01:01:01SG | DQB1=DQB1*02:02:01:01 | DPA1=DPA1*01:03:01:02 | DPB1=DPB1*04:01:01:01/DPB1*04:01:01:02,False,False,1.0,1.0,1.0,0.0,1.0,1.0,1.0,1.0,0.0
SYNTH_0074,Global,success,,265.5,1.0,1,0.0,HLA-A=A*02:01:01:01 | HLA-C=C*03:04:01:01 | HLA-B=B*15:01:01:01 | DRB345=DRB4*01:03:01:01/DRB4*01:03:01:01:03 | DRB1=DRB1*04:01:01:01SG | DQA1=DQA1*03:01:01 | DQB1=DQB1*03:02:01 | DPA1=DPA1*01:03:01:02 | DPB1=DPB1*04:01:01:01/DPB1*04:01:01:02,HLA-A=A*30:01:01 | HLA-C=C*17:01:01:02 | HLA-B=B*42:01:01 | DRB345=DRB3*01:01:02:01 | DRB1=DRB1*03:02:01 | DQA1=DQA1*04:01:01 | DQB1=DQB1*04:02:01 | DPA1=DPA1*02:02:02 | DPB1=DPB1*01:01:01,False,False,1.0,1.0,1.0,0.0,1.0,1.0,1.0,1.0,0.0
SYNTH_0075,Global,success,,258.3,1.0,1,0.0,HLA-A=A*01:01:01:01 | HLA-C=C*07:01:01:01 | HLA-B=B*08:01:01:01 | DRB345=DRB3*01:01:02:01 | DRB1=DRB1*03:01:01:01SG | DQA1=DQA1*05:01:01:02 | DQB1=DQB1*02:01:01 | DPA1=DPA1*01:03:01:02 | DPB1=DPB1*04:01:01:01/DPB1*04:01:01:02,HLA-A=A*02:01:01:01 | HLA-C=C*05:01:01:02 | HLA-B=B*44:02:01:01 | DRB345=DRB3*01:01:02:01 | DRB1=DRB1*13:01:01:01SG | DQA1=DQA1*01:03:01:02SG | DQB1=DQB1*06:03:01 | DPA1=DPA1*01:03:01:02 | DPB1=DPB1*04:01:01:01/DPB1*04:01:01:02,False,False,1.0,1.0,1.0,1.0,1.0,1.0,1.0,1.0,0.0
SYNTH_0076,Global,success,,252.7,1.0,1,0.0,HLA-A=A*30:01:01 | HLA-C=C*03:04:02 | HLA-B=B*15:10:01 | DRB345=DRB3*02:02:01:01 | DRB1=DRB1*03:01:01:01SG | DQA1=DQA1*05:01:01:01 | DQB1=DQB1*02:01:01 | DPA1=DPA1*01:03:01:01 | DPB1=DPB1*02:01:02/DPB1*02:01:19,HLA-A=A*02:01:01:01 | HLA-C=C*08:02:01:01 | HLA-B=B*14:02:01:01 | DRB345=DRB4*01:03:01:01/DRB4*01:03:01:01:03 | DRB1=DRB1*07:01:01:01SG | DQA1=DQA1*02:01:01:01SG | DQB1=DQB1*02:02:01:01 | DPA1=DPA1*01:03:01:03 | DPB1=DPB1*03:01:01,False,False,1.0,1.0,1.0,0.0,1.0,1.0,1.0,1.0,0.0
SYNTH_0077,Global,success,,150.6,1.0,1,0.0,HLA-A=A*03:01:01:05 | HLA-C=C*17:01:01:05 | HLA-B=B*41:01:01 | DRB345=DRB4*01:03:01:01/DRB4*01:03:01:01:03 | DRB1=DRB1*04:04:01 | DQA1=DQA1*03:03:01:01 | DQB1=DQB1*04:02:01 | DPA1=DPA1*01:03:01:04 | DPB1=DPB1*04:01:01:01/DPB1*04:01:01:02,HLA-A=A*29:02:01:01 | HLA-C=C*16:01:01:01 | HLA-B=B*44:03:01:01 | DRB345=DRB4*01:01:01:01 | DRB1=DRB1*07:01:01:01SG | DQA1=DQA1*02:01:01:01SG | DQB1=DQB1*02:02:01:01 | DPA1=DPA1*01:03:01:02 | DPB1=DPB1*04:01:01:01/DPB1*04:01:01:02,False,False,1.0,1.0,1.0,0.0,1.0,1.0,1.0,1.0,0.0
SYNTH_0078,Global,success,,149.7,0.89102564,2,0.4968,HLA-A=A*01:01:01:01 | HLA-C=C*07:01:01:01 | HLA-B=B*08:01:01:01 | DRB345=DRB3*01:01:02:01 | DRB1=DRB1*03:01:01:01SG | DQA1=DQA1*05:01:01:02 | DQB1=DQB1*02:01:01 | DPA1=DPA1*01:03:01:02 | DPB1=DPB1*04:01:01:01/DPB1*04:01:01:02,HLA-A=A*02:01:01:01 | HLA-C=C*03:04:01:01 | HLA-B=B*40:01:02 | DRB345=DRB4*01:03:01:01/DRB4*01:03:01:01:03 | DRB1=DRB1*04:01:01:01SG | DQA1=DQA1*03:01:01 | DQB1=DQB1*03:02:01 | DPA1=DPA1*02:01:01:02 | DPB1=DPB1*10:01:01,False,False,1.0,1.0,1.0,0.0,1.0,1.0,1.0,1.0,0.0
SYNTH_0079,Global,success,,136.7,1.0,1,0.0,HLA-A=A*29:02:01:01 | HLA-C=C*16:01:01:01 | HLA-B=B*44:03:01:01 | DRB345=DRB4*01:01:01:01 | DRB1=DRB1*07:01:01:01SG | DQA1=DQA1*02:01:01:01SG | DQB1=DQB1*02:02:01:01 | DPA1=DPA1*02:01:01:01 | DPB1=DPB1*11:01:01,HLA-A=A*31:01:02:01 | HLA-C=C*05:01:01:02 | HLA-B=B*44:02:01:01 | DRB345=DRB4*01:03:01:01/DRB4*01:03:01:01:03 | DRB1=DRB1*04:01:01:01SG | DQA1=DQA1*03:03:01:01 | DQB1=DQB1*03:01:01:01 | DPA1=DPA1*01:03:01:04 | DPB1=DPB1*04:01:01:01/DPB1*04:01:01:02,False,False,1.0,1.0,1.0,0.0,1.0,1.0,1.0,1.0,0.0
SYNTH_0080,Global,success,,148.2,0.77777778,2,0.7642,HLA-A=A*11:01:01:01 | HLA-C=C*04:01:01:01 | HLA-B=B*35:01:01:02 | DRB345=Abs | DRB1=DRB1*01:01:01 | DQA1=DQA1*01:01:01:02SG | DQB1=DQB1*05:01:01:03 | DPA1=DPA1*01:03:01:02 | DPB1=DPB1*04:01:01:01/DPB1*04:01:01:02,HLA-A=A*11:01:01:01 | HLA-C=C*04:01:01:05 | HLA-B=B*35:01:01:02 | DRB345=Abs | DRB1=DRB1*01:03 | DQA1=DQA1*01:01:01:02SG | DQB1=DQB1*05:01:01:03 | DPA1=DPA1*01:03:01:05 | DPB1=DPB1*04:02:01:02,False,False,1.0,1.0,1.0,1.0,1.0,1.0,1.0,1.0,0.0
SYNTH_0081,Global,success,,185.0,0.96428571,2,0.2223,HLA-A=A*01:01:01:01 | HLA-C=C*07:01:01:01 | HLA-B=B*08:01:01:01 | DRB345=DRB3*01:01:02:01 | DRB1=DRB1*03:01:01:01SG | DQA1=DQA1*05:01:01:02 | DQB1=DQB1*02:01:01 | DPA1=DPA1*02:01:02 | DPB1=DPB1*01:01:01,HLA-A=A*03:01:01:01 | HLA-C=C*08:02:01:01 | HLA-B=B*14:02:01:01 | DRB345=Abs | DRB1=DRB1*01:02:01 | DQA1=DQA1*01:01:02 | DQB1=DQB1*05:01:01:01 | DPA1=DPA1*01:03:01:01 | DPB1=DPB1*02:01:02/DPB1*02:01:19,False,False,1.0,1.0,1.0,1.0,1.0,1.0,1.0,1.0,0.0
SYNTH_0082,Global,success,,190.2,0.53846154,3,1.4196,HLA-A=A*02:01:01:01 | HLA-C=C*07:01:01:01 | HLA-B=B*18:01:01:02 | DRB345=DRB3*02:02:01:02 | DRB1=DRB1*11:04:01 | DQA1=DQA1*05:05:01:01SG | DQB1=DQB1*03:01:01:02 | DPA1=DPA1*01:03:01:05 | DPB1=DPB1*04:02:01:01,HLA-A=A*02:01:01:01 | HLA-C=C*03:03:01:01 | HLA-B=B*15:01:01:01 | DRB345=DRB3*02:02:01:02 | DRB1=DRB1*13:01:01:01SG | DQA1=DQA1*01:03:01:02SG | DQB1=DQB1*06:03:01 | DPA1=DPA1*01:03:01:02 | DPB1=DPB1*04:01:01:01/DPB1*04:01:01:02,False,False,1.0,1.0,1.0,1.0,1.0,1.0,1.0,1.0,0.0
SYNTH_0083,Global,success,,350.3,0.71508828,4,1.1857,HLA-A=A*01:01:01:01 | HLA-C=C*07:01:01:01 | HLA-B=B*08:01:01:01 | DRB345=DRB3*01:01:02:01 | DRB1=DRB1*03:01:01:01SG | DQA1=DQA1*05:01:01:02 | DQB1=DQB1*02:01:01 | DPA1=DPA1*02:01:02 | DPB1=DPB1*01:01:01,HLA-A=A*02:01:01:01 | HLA-C=C*07:01:01:01 | HLA-B=B*18:01:01:02 | DRB345=DRB3*02:02:01:02 | DRB1=DRB1*11:04:01 | DQA1=DQA1*05:05:01:01SG | DQB1=DQB1*03:01:01:03 | DPA1=DPA1*01:03:01:05 | DPB1=DPB1*04:02:01:01,True,True,1.0,1.0,1.0,1.0,1.0,1.0,1.0,1.0,1.0
SYNTH_0084,Global,success,,528.0,1.0,1,0.0,HLA-A=A*01:01:01:01 | HLA-C=C*07:01:01:01 | HLA-B=B*08:01:01:01 | DRB345=DRB3*01:01:02:01 | DRB1=DRB1*03:01:01:01SG | DQA1=DQA1*05:01:01:02 | DQB1=DQB1*02:01:01 | DPA1=DPA1*02:01:02 | DPB1=DPB1*01:01:01,HLA-A=A*03:01:01:01 | HLA-C=C*03:04:01:01 | HLA-B=B*40:01:02 | DRB345=DRB4*01:03:01:01/DRB4*01:03:01:01:03 | DRB1=DRB1*04:04:01 | DQA1=DQA1*03:01:01 | DQB1=DQB1*03:02:01 | DPA1=DPA1*01:03:01:03 | DPB1=DPB1*06:01:01,False,False,1.0,1.0,1.0,0.0,1.0,1.0,1.0,1.0,1.0
SYNTH_0085,Global,success,,539.9,0.89473684,2,0.4855,HLA-A=A*01:01:01:01 | HLA-C=C*07:01:01:01 | HLA-B=B*08:01:01:01 | DRB345=DRB3*01:01:02:01 | DRB1=DRB1*03:01:01:01SG | DQA1=DQA1*05:01:01:02 | DQB1=DQB1*02:01:01 | DPA1=DPA1*01:03:01:02 | DPB1=DPB1*04:01:01:01/DPB1*04:01:01:02,HLA-A=A*01:01:01:01 | HLA-C=C*07:01:01:01 | HLA-B=B*08:01:01:01 | DRB345=DRB3*01:01:02:01 | DRB1=DRB1*03:01:01:01SG | DQA1=DQA1*05:01:01:02 | DQB1=DQB1*02:01:01 | DPA1=DPA1*01:03:01:04 | DPB1=DPB1*04:01:01:01/DPB1*04:01:01:02,False,False,1.0,1.0,1.0,1.0,1.0,1.0,1.0,1.0,0.0
SYNTH_0086,Global,success,,551.7,0.54885655,4,1.4554,HLA-A=A*29:02:01:01 | HLA-C=C*16:01:01:01 | HLA-B=B*44:03:01:01 | DRB345=DRB4*01:01:01:01 | DRB1=DRB1*07:01:01:01SG | DQA1=DQA1*02:01:01:01SG | DQB1=DQB1*02:02:01:01 | DPA1=DPA1*02:01:01:01 | DPB1=DPB1*11:01:01,HLA-A=A*68:03:01 | HLA-C=C*07:02:01:01 | HLA-B=B*39:05:01 | DRB345=DRB4*01:03:01:01/DRB4*01:03:01:01:03 | DRB1=DRB1*04:07:01 | DQA1=DQA1*03:01:01 | DQB1=DQB1*03:02:01 | DPA1=DPA1*01:03:01:05 | DPB1=DPB1*04:02:01:02,False,False,1.0,1.0,1.0,0.0,1.0,1.0,1.0,1.0,1.0
SYNTH_0087,Global,success,,539.9,1.0,1,0.0,HLA-A=A*03:01:01:01 | HLA-C=C*07:02:01:03 | HLA-B=B*07:02:01 | DRB345=DRB5*01:01:01 | DRB1=DRB1*15:01:01:01SG | DQA1=DQA1*01:02:01:01SG | DQB1=DQB1*06:02:01 | DPA1=DPA1*01:03:01:05 | DPB1=DPB1*04:02:01:02,HLA-A=A*02:01:01:01 | HLA-C=C*06:02:01:01 | HLA-B=B*37:01:01 | DRB345=DRB3*02:02:01:02 | DRB1=DRB1*11:01:01:01 | DQA1=DQA1*05:05:01:01SG | DQB1=DQB1*03:01:01:03 | DPA1=DPA1*01:03:01:02 | DPB1=DPB1*04:01:01:01/DPB1*04:01:01:02,False,False,1.0,1.0,1.0,1.0,1.0,1.0,1.0,1.0,0.0
SYNTH_0088,Global,success,,481.0,1.0,1,0.0,HLA-A=A*24:02:01:01 | HLA-C=C*05:01:01:02 | HLA-B=B*44:02:01:01 | DRB345=DRB3*02:02:01:02 | DRB1=DRB1*11:01:01:01 | DQA1=DQA1*05:05:01:01SG | DQB1=DQB1*03:01:01:03 | DPA1=DPA1*01:03:01:02 | DPB1=DPB1*04:01:01:01/DPB1*04:01:01:02,HLA-A=A*68:02:01:01 | HLA-C=C*08:02:01:01 | HLA-B=B*14:02:01:01 | DRB345=DRB3*01:01:02:01 | DRB1=DRB1*13:03:01 | DQA1=DQA1*05:05:01:01SG | DQB1=DQB1*03:01:01:03 | DPA1=DPA1*01:03:01:01 | DPB1=DPB1*02:01:02/DPB1*02:01:19,False,False,1.0,1.0,1.0,1.0,1.0,1.0,1.0,1.0,0.0
SYNTH_0089,Global,success,,497.9,1.0,1,0.0,HLA-A=A*02:01:01:01 | HLA-C=C*16:01:01:01 | HLA-B=B*44:03:01:01 | DRB345=DRB3*02:02:01:02 | DRB1=DRB1*11:01:02 | DQA1=DQA1*01:02:01:01SG | DQB1=DQB1*06:02:01 | DPA1=DPA1*01:03:01:02 | DPB1=DPB1*18:01,HLA-A=A*01:01:01:01 | HLA-C=C*07:01:01:01 | HLA-B=B*08:01:01:01 | DRB345=Abs | DRB1=DRB1*01:01:01 | DQA1=DQA1*01:01:01:02SG | DQB1=DQB1*05:01:01:03 | DPA1=DPA1*01:03:01:02 | DPB1=DPB1*04:01:01:01/DPB1*04:01:01:02,False,False,1.0,1.0,1.0,1.0,1.0,1.0,1.0,1.0,0.0
SYNTH_0090,Global,success,,331.4,1.0,1,0.0,HLA-A=A*02:01:01:01 | HLA-C=C*03:04:01:01 | HLA-B=B*15:01:01:01 | DRB345=DRB4*01:03:01:01/DRB4*01:03:01:01:03 | DRB1=DRB1*04:01:01:01SG | DQA1=DQA1*03:01:01 | DQB1=DQB1*03:02:01 | DPA1=DPA1*01:03:01:02 | DPB1=DPB1*04:01:01:01/DPB1*04:01:01:02,HLA-A=A*31:01:02:01 | HLA-C=C*07:02:01:03 | HLA-B=B*07:02:01 | DRB345=DRB5*01:01:01 | DRB1=DRB1*15:01:01:01SG | DQA1=DQA1*01:02:01:01SG | DQB1=DQB1*06:02:01 | DPA1=DPA1*01:03:01:01 | DPB1=DPB1*02:01:02/DPB1*02:01:19,False,False,1.0,1.0,1.0,0.0,1.0,1.0,1.0,1.0,0.0
SYNTH_0091,Global,success,,912.0,1.0,1,0.0,HLA-A=A*03:01:01:07 | HLA-C=C*04:01:01:01 | HLA-B=B*35:01:01:02 | DRB345=DRB3*01:01:02:01 | DRB1=DRB1*12:01:01:03 | DQA1=DQA1*01:05:01 | DQB1=DQB1*05:01:01:02 | DPA1=DPA1*01:03:01:02 | DPB1=DPB1*02:01:02/DPB1*02:01:19,HLA-A=A*01:01:01:01 | HLA-C=C*02:02:02:01 | HLA-B=B*27:05:02 | DRB345=DRB4*01:03:01:01/DRB4*01:03:01:01:03 | DRB1=DRB1*04:01:01:01SG | DQA1=DQA1*03:03:01:01 | DQB1=DQB1*03:02:01 | DPA1=DPA1*01:03:01:05 | DPB1=DPB1*04:02:01:02,False,False,1.0,1.0,1.0,0.0,1.0,1.0,1.0,1.0,0.0
SYNTH_0092,Global,success,,617.6,0.96666667,2,0.2108,HLA-A=A*02:01:01:01 | HLA-C=C*05:01:01:02 | HLA-B=B*44:02:01:01 | DRB345=DRB4*01:03:01:01/DRB4*01:03:01:01:03 | DRB1=DRB1*04:01:01:01SG | DQA1=DQA1*03:03:01:01 | DQB1=DQB1*03:01:01:01 | DPA1=DPA1*01:03:01:04 | DPB1=DPB1*04:01:01:01/DPB1*04:01:01:02,HLA-A=A*01:01:01:01 | HLA-C=C*07:01:01:01 | HLA-B=B*08:01:01:01 | DRB345=DRB3*01:01:02:01 | DRB1=DRB1*03:01:01:01SG | DQA1=DQA1*05:01:01:02 | DQB1=DQB1*02:01:01 | DPA1=DPA1*01:03:01:03 | DPB1=DPB1*03:01:01,False,False,1.0,1.0,1.0,0.0,1.0,1.0,1.0,1.0,0.0
SYNTH_0093,Global,success,,910.2,0.0,0,0.0,,,False,False,,,,,,,,,
SYNTH_0094,Global,success,,941.7,0.55555556,2,0.9911,HLA-A=A*30:01:01 | HLA-C=C*17:01:01:02 | HLA-B=B*42:01:01 | DRB345=DRB3*02:02:01:02 | DRB1=DRB1*03:02:01 | DQA1=DQA1*04:01:01 | DQB1=DQB1*04:02:01 | DPA1=DPA1*02:02:02 | DPB1=DPB1*01:01:01,HLA-A=A*02:01:01:01 | HLA-C=C*05:01:01:02 | HLA-B=B*44:02:01:01 | DRB345=DRB3*01:01:02:01 | DRB1=DRB1*13:01:01:01SG | DQA1=DQA1*01:03:01:02SG | DQB1=DQB1*06:03:01 | DPA1=DPA1*01:03:01:04 | DPB1=DPB1*04:01:01:01/DPB1*04:01:01:02,False,False,1.0,0.0,0.0,1.0,1.0,1.0,1.0,1.0,0.0
SYNTH_0095,Global,success,,829.5,1.0,1,0.0,HLA-A=A*01:01:01:01 | HLA-C=C*07:01:01:01 | HLA-B=B*08:01:01:01 | DRB345=DRB3*01:01:02:01 | DRB1=DRB1*03:01:01:01SG | DQA1=DQA1*05:01:01:02 | DQB1=DQB1*02:01:01 | DPA1=DPA1*01:03:01:02 | DPB1=DPB1*04:01:01:01/DPB1*04:01:01:02,HLA-A=A*11:01:01:01 | HLA-C=C*02:02:02:01 | HLA-B=B*27:05:02 | DRB345=DRB3*02:02:01:02 | DRB1=DRB1*13:01:01:01SG | DQA1=DQA1*01:03:01:02SG | DQB1=DQB1*06:03:01 | DPA1=DPA1*01:03:01:05 | DPB1=DPB1*04:02:01:02,False,False,1.0,1.0,1.0,1.0,1.0,1.0,1.0,1.0,0.0
SYNTH_0096,Global,success,,812.3,0.98245614,2,0.1274,HLA-A=A*03:01:01:01 | HLA-C=C*07:02:01:03 | HLA-B=B*07:02:01 | DRB345=DRB5*01:01:01 | DRB1=DRB1*15:01:01:01SG | DQA1=DQA1*01:02:01:01SG | DQB1=DQB1*06:02:01 | DPA1=DPA1*01:03:01:02 | DPB1=DPB1*04:01:01:01/DPB1*04:01:01:02,HLA-A=A*02:01:01:01 | HLA-C=C*12:03:01:01 | HLA-B=B*38:01:01 | DRB345=DRB3*01:01:02:01 | DRB1=DRB1*13:01:01:01SG | DQA1=DQA1*01:03:01:02SG | DQB1=DQB1*06:03:01 | DPA1=DPA1*01:03:01:02 | DPB1=DPB1*04:01:01:01/DPB1*04:01:01:02,False,False,1.0,1.0,1.0,1.0,1.0,1.0,1.0,1.0,0.0
SYNTH_0097,Global,success,,413.6,0.59259259,7,1.7742,HLA-A=A*03:01:01:01 | HLA-C=C*07:02:01:03 | HLA-B=B*07:02:01 | DRB345=DRB5*01:01:01 | DRB1=DRB1*15:01:01:01SG | DQA1=DQA1*01:02:01:01SG | DQB1=DQB1*06:02:01 | DPA1=DPA1*01:03:01:02 | DPB1=DPB1*04:01:01:01/DPB1*04:01:01:02,HLA-A=A*11:01:01:01 | HLA-C=C*04:01:01:01 | HLA-B=B*15:01:01:01 | DRB345=DRB4*01:03:01:01/DRB4*01:03:01:01:03 | DRB1=DRB1*04:06:01 | DQA1=DQA1*03:01:01 | DQB1=DQB1*03:02:01 | DPA1=DPA1*02:02:02 | DPB1=DPB1*05:01:01,False,False,1.0,1.0,1.0,0.0,1.0,1.0,1.0,1.0,0.0
SYNTH_0098,Global,success,,640.8,0.32941176,18,3.0443,HLA-A=A*03:01:01:01 | HLA-C=C*07:02:01:03 | HLA-B=B*07:02:01 | DRB345=DRB5*01:01:01 | DRB1=DRB1*15:01:01:01SG | DQA1=DQA1*01:02:01:01SG | DQB1=DQB1*06:02:01 | DPA1=DPA1*01:03:01:02 | DPB1=DPB1*04:01:01:01/DPB1*04:01:01:02,HLA-A=A*03:01:01:01 | HLA-C=C*04:01:01:01 | HLA-B=B*35:01:01:02 | DRB345=Abs | DRB1=DRB1*01:01:01 | DQA1=DQA1*01:01:01:02SG | DQB1=DQB1*05:01:01:03 | DPA1=DPA1*01:03:01:02 | DPB1=DPB1*04:01:01:01/DPB1*04:01:01:02,False,False,0.0,1.0,1.0,1.0,1.0,1.0,1.0,1.0,0.0
SYNTH_0099,Global,success,,336.2,1.0,1,0.0,HLA-A=A*01:01:01:01 | HLA-C=C*08:02:01:01 | HLA-B=B*14:02:01:01 | DRB345=Abs | DRB1=DRB1*01:02:01 | DQA1=DQA1*01:01:02 | DQB1=DQB1*05:01:01:01 | DPA1=DPA1*01:03:01:01 | DPB1=DPB1*04:01:01:01/DPB1*04:01:01:02,HLA-A=A*30:02:01:01 | HLA-C=C*05:01:01:01 | HLA-B=B*18:01:01:01 | DRB345=DRB3*02:02:01:01 | DRB1=DRB1*03:01:01:01SG | DQA1=DQA1*05:01:01:01 | DQB1=DQB1*02:01:01 | DPA1=DPA1*01:03:01:01 | DPB1=DPB1*02:02,False,False,1.0,1.0,1.0,1.0,1.0,1.0,1.0,1.0,0.0
SYNTH_0100,Global,success,,381.5,1.0,1,0.0,HLA-A=A*01:01:01:01 | HLA-C=C*06:02:01:01 | HLA-B=B*57:01:01 | DRB345=DRB4*01:03:01:02N | DRB1=DRB1*07:01:01:01SG | DQA1=DQA1*02:01:01:01SG | DQB1=DQB1*03:03:02:01 | DPA1=DPA1*01:03:01:04 | DPB1=DPB1*04:01:01:01/DPB1*04:01:01:02,HLA-A=A*01:01:01:01 | HLA-C=C*04:01:01:01 | HLA-B=B*35:01:01:02 | DRB345=Abs | DRB1=DRB1*01:01:01 | DQA1=DQA1*01:01:01:02SG | DQB1=DQB1*05:01:01:03 | DPA1=DPA1*01:03:01:01 | DPB1=DPB1*02:01:02/DPB1*02:01:19,False,False,1.0,1.0,1.0,1.0,1.0,1.0,1.0,1.0,0.0
SYNTH_0101,Global,success,,300.5,0.38461538,6,2.2891,HLA-A=A*68:03:01 | HLA-C=C*07:02:01:01 | HLA-B=B*39:05:01 | DRB345=DRB4*01:03:01:01/DRB4*01:03:01:01:03 | DRB1=DRB1*04:07:01 | DQA1=DQA1*03:01:01 | DQB1=DQB1*03:02:01 | DPA1=DPA1*01:03:01:05 | DPB1=DPB1*04:02:01:02,HLA-A=A*02:01:01:01 | HLA-C=C*02:02:02:01 | HLA-B=B*27:05:02 | DRB345=Abs | DRB1=DRB1*01:01:01 | DQA1=DQA1*01:01:01:02SG | DQB1=DQB1*05:01:01:03 | DPA1=DPA1*01:03:01:02 | DPB1=DPB1*04:01:01:01/DPB1*04:01:01:02,False,False,1.0,1.0,1.0,0.0,1.0,1.0,1.0,1.0,0.0
SYNTH_0102,Global,success,,692.6,0.4994012,8,1.8304,HLA-A=A*01:01:01:01 | HLA-C=C*07:01:01:01 | HLA-B=B*08:01:01:01 | DRB345=DRB3*01:01:02:01 | DRB1=DRB1*03:01:01:01SG | DQA1=DQA1*05:01:01:02 | DQB1=DQB1*02:01:01 | DPA1=DPA1*01:03:01:02 | DPB1=DPB1*04:01:01:01/DPB1*04:01:01:02,HLA-A=A*01:01:01:01 | HLA-C=C*07:01:01:01 | HLA-B=B*08:01:01:01 | DRB345=DRB4*01:03:01:01/DRB4*01:03:01:01:03 | DRB1=DRB1*04:04:01 | DQA1=DQA1*03:01:01 | DQB1=DQB1*03:02:01 | DPA1=DPA1*01:03:01:04 | DPB1=DPB1*04:01:01:01/DPB1*04:01:01:02,False,False,1.0,1.0,1.0,0.0,1.0,1.0,1.0,1.0,0.0
SYNTH_0103,Global,success,,249.5,1.0,1,0.0,HLA-A=A*01:01:01:01 | HLA-C=C*07:01:01:01 | HLA-B=B*08:01:01:01 | DRB345=DRB3*01:01:02:01 | DRB1=DRB1*03:01:01:01SG | DQA1=DQA1*05:01:01:01 | DQB1=DQB1*02:01:01 | DPA1=DPA1*01:03:01:01 | DPB1=DPB1*04:01:01:01/DPB1*04:01:01:02,HLA-A=A*68:02:01:01 | HLA-C=C*08:02:01:01 | HLA-B=B*14:02:01:01 | DRB345=DRB3*01:01:02:01 | DRB1=DRB1*13:03:01 | DQA1=DQA1*05:05:01:05SG | DQB1=DQB1*03:01:01:03 | DPA1=DPA1*01:03:01:02 | DPB1=DPB1*04:01:01:01/DPB1*04:01:01:02,False,False,1.0,1.0,1.0,1.0,1.0,1.0,1.0,1.0,0.0
SYNTH_0104,Global,success,,768.6,1.0,1,0.0,HLA-A=A*01:01:01:01 | HLA-C=C*07:01:01:01 | HLA-B=B*08:01:01:01 | DRB345=DRB3*01:01:02:01 | DRB1=DRB1*03:01:01:01SG | DQA1=DQA1*05:01:01:02 | DQB1=DQB1*02:01:01 | DPA1=DPA1*01:03:01:02 | DPB1=DPB1*04:01:01:01/DPB1*04:01:01:02,HLA-A=A*23:01:01 | HLA-C=C*04:01:01:01 | HLA-B=B*44:03:01:01 | DRB345=DRB4*01:01:01:01 | DRB1=DRB1*07:01:01:01SG | DQA1=DQA1*02:01:01:01SG | DQB1=DQB1*02:02:01:01 | DPA1=DPA1*01:03:01:01 | DPB1=DPB1*02:01:02/DPB1*02:01:19,False,False,1.0,1.0,1.0,1.0,1.0,1.0,1.0,1.0,0.0
SYNTH_0105,Global,success,,838.7,0.61538462,2,0.9612,HLA-A=A*02:01:01:01 | HLA-C=C*04:01:01:01 | HLA-B=B*35:01:01:02 | DRB345=DRB3*01:01:02:01 | DRB1=DRB1*03:02:01 | DQA1=DQA1*04:01:01 | DQB1=DQB1*04:02:01 | DPA1=DPA1*02:02:02 | DPB1=DPB1*01:01:01,HLA-A=A*68:03:01 | HLA-C=C*07:02:01:01 | HLA-B=B*39:05:01 | DRB345=DRB4*01:03:01:01/DRB4*01:03:01:01:03 | DRB1=DRB1*04:07:01 | DQA1=DQA1*03:01:01 | DQB1=DQB1*03:02:01 | DPA1=DPA1*01:03:01:05 | DPB1=DPB1*04:02:01:02,False,False,1.0,1.0,1.0,0.0,1.0,1.0,1.0,1.0,1.0
SYNTH_0106,Global,success,,1112.2,0.78571429,2,0.7496,HLA-A=A*02:01:01:01 | HLA-C=C*07:01:01:01 | HLA-B=B*18:01:01:02 | DRB345=DRB3*02:02:01:02 | DRB1=DRB1*11:04:01 | DQA1=DQA1*05:05:01:01SG | DQB1=DQB1*03:01:01:03 | DPA1=DPA1*01:03:01:05 | DPB1=DPB1*04:02:01:01,HLA-A=A*68:01:01:02 | HLA-C=C*06:02:01:01 | HLA-B=B*58:02:01 | DRB345=DRB3*02:02:01:02 | DRB1=DRB1*12:01:01:03 | DQA1=DQA1*01:05:01 | DQB1=DQB1*05:01:01:02 | DPA1=DPA1*01:03:01:02 | DPB1=DPB1*18:01,False,False,1.0,1.0,1.0,1.0,1.0,1.0,0.0,1.0,1.0
SYNTH_0107,Global,success,,917.4,0.0,0,0.0,,,False,False,,,,,,,,,
SYNTH_0108,Global,success,,713.8,0.21078431,49,4.044,HLA-A=A*02:01:01:01 | HLA-C=C*07:02:01:03 | HLA-B=B*07:02:01 | DRB345=DRB5*01:01:01 | DRB1=DRB1*15:01:01:01SG | DQA1=DQA1*01:02:01:01SG | DQB1=DQB1*06:02:01 | DPA1=DPA1*01:03:01:04 | DPB1=DPB1*04:01:01:01/DPB1*04:01:01:02,HLA-A=A*03:01:01:01 | HLA-C=C*04:01:01:01 | HLA-B=B*35:01:01:02 | DRB345=Abs | DRB1=DRB1*01:01:01 | DQA1=DQA1*01:01:01:02SG | DQB1=DQB1*05:01:01:03 | DPA1=DPA1*01:03:01:05 | DPB1=DPB1*04:02:01:02,False,False,1.0,1.0,1.0,1.0,1.0,1.0,1.0,0.0,0.0
SYNTH_0109,Global,success,,848.1,1.0,1,0.0,HLA-A=A*01:01:01:01 | HLA-C=C*06:02:01:01 | HLA-B=B*37:01:01 | DRB345=Abs | DRB1=DRB1*10:01:01:01 | DQA1=DQA1*01:05:01 | DQB1=DQB1*05:01:01:02 | DPA1=DPA1*01:03:01:02 | DPB1=DPB1*04:01:01:01/DPB1*04:01:01:02,HLA-A=A*26:01:01:01 | HLA-C=C*12:03:01:01 | HLA-B=B*38:01:01 | DRB345=DRB4*01:03:01:01/DRB4*01:03:01:01:03 | DRB1=DRB1*04:02:01 | DQA1=DQA1*03:01:01 | DQB1=DQB1*03:02:01 | DPA1=DPA1*01:03:01:04 | DPB1=DPB1*04:01:01:01/DPB1*04:01:01:02,False,False,1.0,1.0,1.0,0.0,1.0,1.0,1.0,1.0,0.0
SYNTH_0110,Global,success,,150.2,1.0,1,0.0,HLA-A=A*01:01:01:01 | HLA-C=C*06:02:01:01 | HLA-B=B*57:01:01 | DRB345=DRB4*01:03:01:02N | DRB1=DRB1*07:01:01:01SG | DQA1=DQA1*02:01:01:01SG | DQB1=DQB1*03:03:02:01 | DPA1=DPA1*01:03:01:04 | DPB1=DPB1*04:01:01:01/DPB1*04:01:01:02,HLA-A=A*01:01:01:01 | HLA-C=C*06:02:01:01 | HLA-B=B*37:01:01 | DRB345=DRB5*01:01:01 | DRB1=DRB1*15:01:01:01SG | DQA1=DQA1*01:02:01:01SG | DQB1=DQB1*06:02:01 | DPA1=DPA1*01:03:01:01 | DPB1=DPB1*02:01:02/DPB1*02:01:19,False,False,1.0,1.0,1.0,1.0,1.0,1.0,1.0,1.0,0.0
SYNTH_0111,Global,success,,578.2,1.0,1,0.0,HLA-A=A*02:01:01:01 | HLA-C=C*05:01:01:02 | HLA-B=B*44:02:01:01 | DRB345=DRB4*01:03:01:01/DRB4*01:03:01:01:03 | DRB1=DRB1*04:01:01:01SG | DQA1=DQA1*03:03:01:01 | DQB1=DQB1*03:01:01:01 | DPA1=DPA1*01:03:01:03 | DPB1=DPB1*03:01:01,HLA-A=A*02:01:01:01 | HLA-C=C*05:01:01:02 | HLA-B=B*44:02:01:01 | DRB345=DRB4*01:03:01:01/DRB4*01:03:01:01:03 | DRB1=DRB1*07:01:01:01SG | DQA1=DQA1*02:01:01:01SG | DQB1=DQB1*02:02:01:01 | DPA1=DPA1*01:03:01:02 | DPB1=DPB1*02:01:02/DPB1*02:01:19,False,False,1.0,1.0,1.0,0.0,1.0,1.0,1.0,1.0,0.0
SYNTH_0112,Global,success,,627.9,1.0,1,0.0,HLA-A=A*02:01:01:01 | HLA-C=C*03:04:01:01 | HLA-B=B*40:01:02 | DRB345=DRB3*03:01:01 | DRB1=DRB1*13:02:01 | DQA1=DQA1*01:02:01:04SG | DQB1=DQB1*06:04:01 | DPA1=DPA1*01:03:01:03 | DPB1=DPB1*03:01:01,HLA-A=A*02:01:01:01 | HLA-C=C*07:02:01:03 | HLA-B=B*07:02:01 | DRB345=DRB4*01:01:01:01 | DRB1=DRB1*07:01:01:01SG | DQA1=DQA1*02:01:01:01SG | DQB1=DQB1*02:02:01:01 | DPA1=DPA1*01:03:01:02 | DPB1=DPB1*04:01:01:01/DPB1*04:01:01:02,False,False,1.0,1.0,1.0,1.0,1.0,1.0,1.0,1.0,0.0
SYNTH_0113,Global,success,,610.1,0.85802469,3,0.707,HLA-A=A*01:01:01:01 | HLA-C=C*07:01:01:01 | HLA-B=B*08:01:01:01 | DRB345=DRB3*01:01:02:01 | DRB1=DRB1*03:01:01:01SG | DQA1=DQA1*05:01:01:02 | DQB1=DQB1*02:01:01 | DPA1=DPA1*01:03:01:02 | DPB1=DPB1*04:01:01:01/DPB1*04:01:01:02,HLA-A=A*30:01:01 | HLA-C=C*04:01:01:01 | HLA-B=B*53:01:01 | DRB345=Abs | DRB1=DRB1*08:04:01 | DQA1=DQA1*04:01:02:02 | DQB1=DQB1*06:02:01 | DPA1=DPA1*03:01 | DPB1=DPB1*105:01,False,False,1.0,1.0,1.0,1.0,1.0,1.0,1.0,1.0,0.0
SYNTH_0114,Global,success,,703.3,1.0,1,0.0,HLA-A=A*29:02:01:02 | HLA-C=C*18:01 | HLA-B=B*81:01 | DRB345=Abs | DRB1=DRB1*08:04:01 | DQA1=DQA1*04:01:02:02 | DQB1=DQB1*04:02:01 | DPA1=DPA1*01:03:01:02 | DPB1=DPB1*18:01,HLA-A=A*01:01:01:01 | HLA-C=C*07:01:01:01 | HLA-B=B*08:01:01:01 | DRB345=Abs | DRB1=DRB1*01:01:01 | DQA1=DQA1*01:01:01:02SG | DQB1=DQB1*05:01:01:03 | DPA1=DPA1*01:03:01:02 | DPB1=DPB1*04:01:01:01/DPB1*04:01:01:02,False,False,1.0,1.0,1.0,1.0,1.0,1.0,1.0,1.0,0.0
SYNTH_0115,Global,success,,630.5,1.0,1,0.0,HLA-A=A*03:01:01:01 | HLA-C=C*07:02:01:03 | HLA-B=B*07:02:01 | DRB345=DRB3*01:01:02:01 | DRB1=DRB1*13:01:01:01SG | DQA1=DQA1*01:03:01:02SG | DQB1=DQB1*06:03:01 | DPA1=DPA1*01:03:01:02 | DPB1=DPB1*04:01:01:01/DPB1*04:01:01:02,HLA-A=A*24:02:01:01 | HLA-C=C*04:01:01:06 | HLA-B=B*35:02:01 | DRB345=DRB3*02:02:01:02 | DRB1=DRB1*11:04:01 | DQA1=DQA1*05:05:01:01SG | DQB1=DQB1*03:01:01:02 | DPA1=DPA1*01:03:01:01 | DPB1=DPB1*02:01:02/DPB1*02:01:19,False,False,1.0,1.0,1.0,1.0,1.0,1.0,1.0,1.0,0.0
SYNTH_0116,Global,success,,1452.9,0.53701016,20,2.6095,HLA-A=A*02:01:01:01 | HLA-C=C*07:02:01:03 | HLA-B=B*07:02:01 | DRB345=DRB5*01:01:01 | DRB1=DRB1*15:01:01:01SG | DQA1=DQA1*01:02:01:01SG | DQB1=DQB1*06:02:01 | DPA1=DPA1*01:03:01:02 | DPB1=DPB1*04:01:01:01/DPB1*04:01:01:02,HLA-A=A*02:01:01:01 | HLA-C=C*05:01:01:02 | HLA-B=B*44:02:01:01 | DRB345=DRB4*01:03:01:01/DRB4*01:03:01:01:03 | DRB1=DRB1*04:01:01:01SG | DQA1=DQA1*03:03:01:01 | DQB1=DQB1*03:01:01:01 | DPA1=DPA1*01:03:01:02 | DPB1=DPB1*04:01:01:01/DPB1*04:01:01:02,False,False,1.0,0.0,0.0,0.0,1.0,1.0,1.0,1.0,0.0
SYNTH_0117,Global,success,,447.9,1.0,1,0.0,HLA-A=A*01:01:01:01 | HLA-C=C*07:01:01:01 | HLA-B=B*08:01:01:01 | DRB345=DRB3*01:01:02:02 | DRB1=DRB1*03:01:01:01SG | DQA1=DQA1*05:01:01:02 | DQB1=DQB1*02:01:01 | DPA1=DPA1*02:01:02 | DPB1=DPB1*01:01:01,HLA-A=A*11:01:01:01 | HLA-C=C*12:02:02 | HLA-B=B*52:01:01:02 | DRB345=DRB3*03:01:01 | DRB1=DRB1*13:02:01 | DQA1=DQA1*01:02:01:04SG | DQB1=DQB1*06:09:01 | DPA1=DPA1*01:03:01:04 | DPB1=DPB1*04:01:01:01/DPB1*04:01:01:02,False,False,1.0,1.0,1.0,1.0,1.0,1.0,1.0,1.0,0.0
SYNTH_0118,Global,success,,391.6,1.0,1,0.0,HLA-A=A*02:01:01:01 | HLA-C=C*07:02:01:03 | HLA-B=B*07:02:01 | DRB345=DRB5*01:01:01 | DRB1=DRB1*15:01:01:01SG | DQA1=DQA1*01:02:01:01SG | DQB1=DQB1*06:02:01 | DPA1=DPA1*01:03:01:02 | DPB1=DPB1*04:01:01:01/DPB1*04:01:01:02,HLA-A=A*02:01:01:01 | HLA-C=C*02:02:02:01 | HLA-B=B*27:05:02 | DRB345=Abs | DRB1=DRB1*01:01:01 | DQA1=DQA1*01:01:01:02SG | DQB1=DQB1*05:01:01:03 | DPA1=DPA1*01:03:01:03 | DPB1=DPB1*03:01:01,False,False,1.0,1.0,1.0,1.0,1.0,1.0,1.0,1.0,0.0
SYNTH_0119,Global,success,,557.2,0.77777778,2,0.7642,HLA-A=A*02:01:01:01 | HLA-C=C*03:04:01:01 | HLA-B=B*40:01:02 | DRB345=DRB4*01:03:01:01/DRB4*01:03:01:01:03 | DRB1=DRB1*04:04:01 | DQA1=DQA1*03:01:01 | DQB1=DQB1*03:02:01 | DPA1=DPA1*01:03:01:03 | DPB1=DPB1*06:01:01,HLA-A=A*26:01:01:01 | HLA-C=C*12:03:01:01 | HLA-B=B*38:01:01 | DRB345=DRB4*01:03:01:01/DRB4*01:03:01:01:03 | DRB1=DRB1*04:02:01 | DQA1=DQA1*03:01:01 | DQB1=DQB1*03:02:01 | DPA1=DPA1*01:03:01:04 | DPB1=DPB1*04:01:01:01/DPB1*04:01:01:02,False,False,0.0,1.0,1.0,0.0,1.0,1.0,1.0,1.0,0.0
SYNTH_0120,Global,success,,334.1,0.75675676,3,0.9011,HLA-A=A*03:01:01:01 | HLA-C=C*07:02:01:03 | HLA-B=B*07:02:01 | DRB345=DRB5*01:01:01 | DRB1=DRB1*15:01:01:01SG | DQA1=DQA1*01:02:01:01SG | DQB1=DQB1*06:02:01 | DPA1=DPA1*01:03:01:02 | DPB1=DPB1*04:01:01:01/DPB1*04:01:01:02,HLA-A=A*03:01:01:01 | HLA-C=C*08:02:01:01 | HLA-B=B*14:02:01:01 | DRB345=DRB3*03:01:01 | DRB1=DRB1*13:02:01 | DQA1=DQA1*01:02:01:04SG | DQB1=DQB1*06:09:01 | DPA1=DPA1*01:03:01:02 | DPB1=DPB1*04:01:01:01/DPB1*04:01:01:02,False,False,1.0,1.0,1.0,1.0,1.0,1.0,1.0,1.0,0.0
SYNTH_0121,Global,success,,367.6,1.0,1,0.0,HLA-A=A*02:01:01:01 | HLA-C=C*05:01:01:02 | HLA-B=B*44:02:01:01 | DRB345=DRB3*02:02:01:02 | DRB1=DRB1*11:03:01 | DQA1=DQA1*05:05:01:01SG | DQB1=DQB1*03:01:01:02 | DPA1=DPA1*01:03:01:02 | DPB1=DPB1*04:01:01:01/DPB1*04:01:01:02,HLA-A=A*03:01:01:01 | HLA-C=C*01:02:01 | HLA-B=B*51:01:01:01 | DRB345=Abs | DRB1=DRB1*01:01:01 | DQA1=DQA1*01:01:01:02SG | DQB1=DQB1*05:01:01:03 | DPA1=DPA1*01:03:01:03 | DPB1=DPB1*03:01:01,False,False,1.0,1.0,1.0,1.0,1.0,1.0,1.0,1.0,0.0
SYNTH_0122,Global,success,,607.3,1.0,1,0.0,HLA-A=A*01:01:01:01 | HLA-C=C*07:01:01:01 | HLA-B=B*08:01:01:01 | DRB345=DRB3*01:01:02:02 | DRB1=DRB1*03:01:01:01SG | DQA1=DQA1*05:01:01:02 | DQB1=DQB1*02:01:01 | DPA1=DPA1*01:03:01:04 | DPB1=DPB1*04:01:01:01/DPB1*04:01:01:02,HLA-A=A*02:01:01:01 | HLA-C=C*07:02:01:01 | HLA-B=B*07:02:01 | DRB345=DRB5*01:01:01 | DRB1=DRB1*15:01:01:01SG | DQA1=DQA1*01:02:01:01SG | DQB1=DQB1*06:02:01 | DPA1=DPA1*01:03:01:02 | DPB1=DPB1*04:01:01:01/DPB1*04:01:01:02,False,False,1.0,1.0,1.0,1.0,1.0,1.0,1.0,1.0,0.0
SYNTH_0123,Global,success,,83.1,1.0,1,0.0,HLA-A=A*23:01:01 | HLA-C=C*04:01:01:01 | HLA-B=B*44:03:01:01 | DRB345=DRB4*01:01:01:01 | DRB1=DRB1*07:01:01:01SG | DQA1=DQA1*02:01:01:01SG | DQB1=DQB1*02:02:01:01 | DPA1=DPA1*01:03:01:04 | DPB1=DPB1*04:01:01:01/DPB1*04:01:01:02,HLA-A=A*26:01:01:01 | HLA-C=C*03:04:01:02 | HLA-B=B*40:02:01 | DRB345=DRB4*01:03:02 | DRB1=DRB1*09:01:02 | DQA1=DQA1*03:02 | DQB1=DQB1*03:03:02:02/DQB1*03:03:02:03 | DPA1=DPA1*02:01:01:02 | DPB1=DPB1*09:01:01,False,False,1.0,1.0,1.0,1.0,1.0,1.0,0.0,1.0,0.0
SYNTH_0124,Global,success,,316.2,1.0,1,0.0,HLA-A=A*01:01:01:01 | HLA-C=C*07:01:01:01 | HLA-B=B*08:01:01:01 | DRB345=DRB3*01:01:02:01 | DRB1=DRB1*03:01:01:01SG | DQA1=DQA1*05:01:01:02 | DQB1=DQB1*02:01:01 | DPA1=DPA1*01:03:01:02 | DPB1=DPB1*04:01:01:01/DPB1*04:01:01:02,HLA-A=A*02:05:01 | HLA-C=C*06:02:01:02 | HLA-B=B*50:01:01 | DRB345=DRB4*01:03:01:01/DRB4*01:03:01:01:03 | DRB1=DRB1*07:01:01:01SG | DQA1=DQA1*02:01:01:01SG | DQB1=DQB1*02:02:01:01 | DPA1=DPA1*01:03:01:04 | DPB1=DPB1*04:01:01:01/DPB1*04:01:01:02,False,False,1.0,1.0,1.0,0.0,1.0,1.0,1.0,1.0,0.0
SYNTH_0125,Global,success,,299.5,0.21083875,118,4.4004,HLA-A=A*01:01:01:01 | HLA-C=C*07:01:01:01 | HLA-B=B*08:01:01:01 | DRB345=DRB3*01:01:02:01 | DRB1=DRB1*03:01:01:01SG | DQA1=DQA1*05:01:01:02 | DQB1=DQB1*02:01:01 | DPA1=DPA1*01:03:01:02 | DPB1=DPB1*04:01:01:01/DPB1*04:01:01:02,HLA-A=A*01:01:01:01 | HLA-C=C*07:01:01:01 | HLA-B=B*08:01:01:01 | DRB345=DRB3*01:01:02:01 | DRB1=DRB1*03:01:01:01SG | DQA1=DQA1*05:01:01:02 | DQB1=DQB1*02:01:01 | DPA1=DPA1*02:01:02 | DPB1=DPB1*01:01:01,False,False,1.0,1.0,1.0,1.0,1.0,1.0,1.0,1.0,0.0
SYNTH_0126,Global,success,,241.5,1.0,1,0.0,HLA-A=A*02:01:01:01 | HLA-C=C*04:01:01:01 | HLA-B=B*35:01:01:02 | DRB345=DRB3*02:02:01:02 | DRB1=DRB1*13:01:01:01SG | DQA1=DQA1*01:03:01:02SG | DQB1=DQB1*06:03:01 | DPA1=DPA1*01:03:01:02 | DPB1=DPB1*04:01:01:01/DPB1*04:01:01:02,HLA-A=A*68:02:01:01 | HLA-C=C*08:02:01:01 | HLA-B=B*14:02:01:01 | DRB345=DRB3*01:01:02:01 | DRB1=DRB1*13:03:01 | DQA1=DQA1*05:05:01:01SG | DQB1=DQB1*03:01:01:03 | DPA1=DPA1*01:03:01:01 | DPB1=DPB1*02:01:02/DPB1*02:01:19,False,False,1.0,1.0,1.0,1.0,1.0,1.0,1.0,1.0,0.0
SYNTH_0127,Global,success,,96.2,0.70731707,3,1.0624,HLA-A=A*02:01:01:01 | HLA-C=C*05:01:01:02 | HLA-B=B*44:02:01:01 | DRB345=DRB4*01:03:01:01/DRB4*01:03:01:01:03 | DRB1=DRB1*04:01:01:01SG | DQA1=DQA1*03:03:01:01 | DQB1=DQB1*03:01:01:01 | DPA1=DPA1*01:03:01:04 | DPB1=DPB1*04:01:01:01/DPB1*04:01:01:02,HLA-A=A*11:01:01:01 | HLA-C=C*07:02:01:03 | HLA-B=B*07:02:01 | DRB345=DRB5*01:01:01 | DRB1=DRB1*15:01:01:01SG | DQA1=DQA1*01:02:01:01SG | DQB1=DQB1*06:02:01 | DPA1=DPA1*01:03:01:03 | DPB1=DPB1*03:01:01,False,False,1.0,1.0,1.0,0.0,1.0,1.0,1.0,1.0,0.0
SYNTH_0128,Global,success,,499.3,0.84615385,2,0.6194,HLA-A=A*29:02:01:01 | HLA-C=C*16:01:01:01 | HLA-B=B*44:03:01:01 | DRB345=DRB4*01:01:01:01 | DRB1=DRB1*07:01:01:01SG | DQA1=DQA1*02:01:01:01SG | DQB1=DQB1*02:02:01:01 | DPA1=DPA1*02:02:02 | DPB1=DPB1*01:01:01,HLA-A=A*02:01:01:01 | HLA-C=C*07:01:01:01 | HLA-B=B*49:01:01 | DRB345=DRB4*01:01:01:01 | DRB1=DRB1*09:01:02 | DQA1=DQA1*03:03:01:01 | DQB1=DQB1*02:02:01:02 | DPA1=DPA1*02:01:01:01 | DPB1=DPB1*02:01:02/DPB1*02:01:19,False,False,1.0,1.0,1.0,1.0,1.0,1.0,1.0,1.0,0.0
SYNTH_0129,Global,success,,499.3,0.98245614,2,0.1274,HLA-A=A*03:01:01:01 | HLA-C=C*07:02:01:03 | HLA-B=B*07:02:01 | DRB345=DRB5*01:01:01 | DRB1=DRB1*15:01:01:01SG | DQA1=DQA1*01:02:01:01SG | DQB1=DQB1*06:02:01 | DPA1=DPA1*01:03:01:02 | DPB1=DPB1*04:01:01:01/DPB1*04:01:01:02,HLA-A=A*11:01:01:01 | HLA-C=C*07:01:01:01 | HLA-B=B*08:01:01:01 | DRB345=DRB3*01:01:02:01 | DRB1=DRB1*03:01:01:01SG | DQA1=DQA1*05:01:01:02 | DQB1=DQB1*02:01:01 | DPA1=DPA1*01:03:01:04 | DPB1=DPB1*04:01:01:01/DPB1*04:01:01:02,False,False,1.0,1.0,1.0,1.0,1.0,1.0,1.0,1.0,0.0
SYNTH_0130,Global,success,,634.4,1.0,1,0.0,HLA-A=A*03:01:01:01 | HLA-C=C*04:01:01:01 | HLA-B=B*35:01:01:02 | DRB345=Abs | DRB1=DRB1*01:01:01 | DQA1=DQA1*01:01:01:02SG | DQB1=DQB1*05:01:01:03 | DPA1=DPA1*01:03:01:04 | DPB1=DPB1*04:01:01:01/DPB1*04:01:01:02,HLA-A=A*02:01:01:01 | HLA-C=C*04:01:01:01 | HLA-B=B*35:01:01:02 | DRB345=Abs | DRB1=DRB1*01:01:01 | DQA1=DQA1*01:01:01:02SG | DQB1=DQB1*05:01:01:03 | DPA1=DPA1*01:03:01:05 | DPB1=DPB1*04:02:01:02,False,False,1.0,1.0,1.0,1.0,1.0,1.0,1.0,1.0,0.0
SYNTH_0131,Global,success,,997.3,1.0,1,0.0,HLA-A=A*29:02:01:01 | HLA-C=C*16:01:01:01 | HLA-B=B*44:03:01:01 | DRB345=DRB4*01:01:01:01 | DRB1=DRB1*07:01:01:01SG | DQA1=DQA1*02:01:01:01SG | DQB1=DQB1*02:02:01:01 | DPA1=DPA1*01:03:01:04 | DPB1=DPB1*04:01:01:01/DPB1*04:01:01:02,HLA-A=A*31:01:02:01 | HLA-C=C*03:04:01:01 | HLA-B=B*40:01:02 | DRB345=DRB4*01:03:01:01/DRB4*01:03:01:01:03 | DRB1=DRB1*04:04:01 | DQA1=DQA1*03:01:01 | DQB1=DQB1*03:02:01 | DPA1=DPA1*01:03:01:02 | DPB1=DPB1*04:01:01:01/DPB1*04:01:01:02,False,False,1.0,1.0,1.0,0.0,1.0,1.0,1.0,1.0,0.0
SYNTH_0132,Global,success,,700.7,1.0,1,0.0,HLA-A=A*03:01:01:05 | HLA-C=C*06:02:01:01 | HLA-B=B*47:01:01:03 | DRB345=DRB4*01:01:01:01 | DRB1=DRB1*07:01:01:01SG | DQA1=DQA1*02:01:01:01SG | DQB1=DQB1*02:02:01:01 | DPA1=DPA1*01:03:01:03 | DPB1=DPB1*06:01:01,HLA-A=A*02:01:01:01 | HLA-C=C*01:02:01 | HLA-B=B*27:05:02 | DRB345=Abs | DRB1=DRB1*01:01:01 | DQA1=DQA1*01:01:01:02SG | DQB1=DQB1*05:01:01:03 | DPA1=DPA1*01:03:01:03 | DPB1=DPB1*20:01:01,True,False,1.0,1.0,1.0,1.0,1.0,1.0,1.0,1.0,1.0
SYNTH_0133,Global,success,,378.8,1.0,1,0.0,HLA-A=A*01:01:01:01 | HLA-C=C*06:02:01:01 | HLA-B=B*57:01:01 | DRB345=DRB4*01:03:01:02N | DRB1=DRB1*07:01:01:01SG | DQA1=DQA1*02:01:01:01SG | DQB1=DQB1*03:03:02:01 | DPA1=DPA1*01:03:01:04 | DPB1=DPB1*04:01:01:01/DPB1*04:01:01:02,HLA-A=A*01:01:01:01 | HLA-C=C*07:01:01:01 | HLA-B=B*08:01:01:01 | DRB345=DRB3*01:01:02:01 | DRB1=DRB1*03:01:01:01SG | DQA1=DQA1*05:01:01:02 | DQB1=DQB1*02:01:01 | DPA1=DPA1*01:03:01:05 | DPB1=DPB1*04:02:01:02,False,False,1.0,1.0,1.0,1.0,1.0,1.0,1.0,1.0,0.0
SYNTH_0134,Global,success,,510.9,1.0,1,0.0,HLA-A=A*03:01:01:01 | HLA-C=C*07:02:01:03 | HLA-B=B*07:02:01 | DRB345=Abs | DRB1=DRB1*08:01:01 | DQA1=DQA1*04:01:01 | DQB1=DQB1*04:02:01 | DPA1=DPA1*01:03:01:02 | DPB1=DPB1*04:01:01:01/DPB1*04:01:01:02,HLA-A=A*31:01:02:01 | HLA-C=C*05:01:01:02 | HLA-B=B*44:02:01:01 | DRB345=DRB4*01:03:01:01/DRB4*01:03:01:01:03 | DRB1=DRB1*04:01:01:01SG | DQA1=DQA1*03:03:01:01 | DQB1=DQB1*03:01:01:01 | DPA1=DPA1*01:03:01:04 | DPB1=DPB1*04:01:01:01/DPB1*04:01:01:02,False,False,1.0,1.0,1.0,0.0,1.0,1.0,1.0,1.0,0.0
SYNTH_0135,Global,success,,510.8,0.4673913,6,1.8169,HLA-A=A*02:01:01:01 | HLA-C=C*07:02:01:03 | HLA-B=B*07:02:01 | DRB345=DRB5*01:01:01 | DRB1=DRB1*15:01:01:01SG | DQA1=DQA1*01:02:01:01SG | DQB1=DQB1*06:02:01 | DPA1=DPA1*01:03:01:04 | DPB1=DPB1*04:01:01:01/DPB1*04:01:01:02,HLA-A=A*33:01:01 | HLA-C=C*08:02:01:01 | HLA-B=B*14:02:01:01 | DRB345=Abs | DRB1=DRB1*01:02:01 | DQA1=DQA1*01:01:02 | DQB1=DQB1*05:01:01:01 | DPA1=DPA1*01:03:01:03 | DPB1=DPB1*03:01:01,False,False,1.0,1.0,1.0,1.0,1.0,1.0,1.0,1.0,0.0
SYNTH_0136,Global,success,,325.9,1.0,1,0.0,HLA-A=A*02:06:01:01 | HLA-C=C*03:03:01:01 | HLA-B=B*52:01:02 | DRB345=Abs | DRB1=DRB1*08:02:01 | DQA1=DQA1*04:01:01 | DQB1=DQB1*04:02:01 | DPA1=DPA1*01:03:01:02 | DPB1=DPB1*04:01:01:01/DPB1*04:01:01:02,HLA-A=A*68:03:01 | HLA-C=C*07:02:01:01 | HLA-B=B*39:05:01 | DRB345=DRB4*01:03:01:01/DRB4*01:03:01:01:03 | DRB1=DRB1*04:07:01 | DQA1=DQA1*03:01:01 | DQB1=DQB1*03:02:01 | DPA1=DPA1*01:03:01:05 | DPB1=DPB1*04:02:01:02,False,False,1.0,1.0,1.0,0.0,1.0,1.0,1.0,1.0,0.0
SYNTH_0137,Global,success,,191.3,0.85802469,3,0.707,HLA-A=A*01:01:01:01 | HLA-C=C*07:01:01:01 | HLA-B=B*08:01:01:01 | DRB345=DRB3*01:01:02:01 | DRB1=DRB1*03:01:01:01SG | DQA1=DQA1*05:01:01:02 | DQB1=DQB1*02:01:01 | DPA1=DPA1*01:03:01:02 | DPB1=DPB1*04:01:01:01/DPB1*04:01:01:02,HLA-A=A*68:01:02:01 | HLA-C=C*08:01:01 | HLA-B=B*48:01:01 | DRB345=DRB4*01:03:01:01/DRB4*01:03:01:01:03 | DRB1=DRB1*04:04:01 | DQA1=DQA1*03:01:01 | DQB1=DQB1*03:02:01 | DPA1=DPA1*01:03:01:05 | DPB1=DPB1*04:02:01:02,False,False,0.0,1.0,1.0,0.0,1.0,1.0,1.0,1.0,0.0
SYNTH_0138,Global,success,,552.3,1.0,1,0.0,HLA-A=A*02:01:01:01 | HLA-C=C*03:04:01:01 | HLA-B=B*40:01:02 | DRB345=DRB4*01:03:01:01/DRB4*01:03:01:01:03 | DRB1=DRB1*04:04:01 | DQA1=DQA1*03:01:01 | DQB1=DQB1*03:02:01 | DPA1=DPA1*01:03:01:02 | DPB1=DPB1*04:01:01:01/DPB1*04:01:01:02,HLA-A=A*30:01:01 | HLA-C=C*06:02:01:01 | HLA-B=B*13:02:01 | DRB345=Abs | DRB1=DRB1*01:01:01 | DQA1=DQA1*01:01:01:02SG | DQB1=DQB1*05:01:01:03 | DPA1=DPA1*01:03:01:05 | DPB1=DPB1*04:02:01:02,False,False,1.0,1.0,1.0,0.0,1.0,1.0,1.0,1.0,0.0
SYNTH_0139,Global,success,,545.9,0.37333333,6,2.2089,HLA-A=A*03:01:01:01 | HLA-C=C*04:01:01:01 | HLA-B=B*35:01:01:02 | DRB345=Abs | DRB1=DRB1*01:01:01 | DQA1=DQA1*01:01:01:02SG | DQB1=DQB1*05:01:01:03 | DPA1=DPA1*01:03:01:03 | DPB1=DPB1*03:01:01,HLA-A=A*02:01:01:01 | HLA-C=C*06:02:01:01 | HLA-B=B*13:02:01 | DRB345=DRB4*01:03:01:01/DRB4*01:03:01:01:03 | DRB1=DRB1*07:01:01:01SG | DQA1=DQA1*02:01:01:01SG | DQB1=DQB1*02:02:01:01 | DPA1=DPA1*01:03:01:02 | DPB1=DPB1*04:01:01:01/DPB1*04:01:01:02,False,False,0.0,1.0,1.0,0.0,1.0,1.0,1.0,1.0,0.0
SYNTH_0140,Global,success,,546.5,1.0,1,0.0,HLA-A=A*02:01:01:01 | HLA-C=C*06:02:01:01 | HLA-B=B*13:02:01 | DRB345=DRB4*01:03:01:01/DRB4*01:03:01:01:03 | DRB1=DRB1*07:01:01:01SG | DQA1=DQA1*02:01:01:01SG | DQB1=DQB1*02:02:01:01 | DPA1=DPA1*01:03:01:04 | DPB1=DPB1*04:01:01:01/DPB1*04:01:01:02,HLA-A=A*02:01:01:01 | HLA-C=C*07:02:01:03 | HLA-B=B*07:02:01 | DRB345=Abs | DRB1=DRB1*01:01:01 | DQA1=DQA1*01:01:01:02SG | DQB1=DQB1*05:01:01:03 | DPA1=DPA1*01:03:01:01 | DPB1=DPB1*02:01:02/DPB1*02:01:19,False,False,1.0,1.0,1.0,0.0,1.0,1.0,1.0,1.0,0.0
SYNTH_0141,Global,success,,506.9,1.0,1,0.0,HLA-A=A*30:02:01:01 | HLA-C=C*05:01:01:01 | HLA-B=B*18:01:01:01 | DRB345=Abs | DRB1=DRB1*01:01:01 | DQA1=DQA1*01:01:01:02SG | DQB1=DQB1*05:01:01:03 | DPA1=DPA1*01:03:01:03 | DPB1=DPB1*03:01:01,HLA-A=A*03:01:01:01 | HLA-C=C*04:01:01:01 | HLA-B=B*35:01:01:02 | DRB345=Abs | DRB1=DRB1*01:01:01 | DQA1=DQA1*01:01:01:02SG | DQB1=DQB1*05:01:01:03 | DPA1=DPA1*01:03:01:03 | DPB1=DPB1*03:01:01,True,True,1.0,1.0,1.0,1.0,1.0,1.0,1.0,1.0,1.0
SYNTH_0142,Global,success,,311.7,0.77241379,2,0.7738,HLA-A=A*03:01:01:01 | HLA-C=C*07:02:01:03 | HLA-B=B*07:02:01 | DRB345=DRB5*01:01:01 | DRB1=DRB1*15:01:01:01SG | DQA1=DQA1*01:02:01:01SG | DQB1=DQB1*06:02:01 | DPA1=DPA1*01:03:01:02 | DPB1=DPB1*04:01:01:01/DPB1*04:01:01:02,HLA-A=A*03:01:01:01 | HLA-C=C*17:03 | HLA-B=B*41:02:01 | DRB345=DRB3*01:01:02:01 | DRB1=DRB1*13:03:01 | DQA1=DQA1*05:05:01:01SG | DQB1=DQB1*03:01:01:03 | DPA1=DPA1*01:03:01:05 | DPB1=DPB1*04:02:01:02,False,False,1.0,1.0,1.0,1.0,1.0,1.0,1.0,1.0,0.0
SYNTH_0143,Global,success,,334.3,1.0,1,0.0,HLA-A=A*03:01:01:01 | HLA-C=C*07:02:01:03 | HLA-B=B*07:02:01 | DRB345=DRB5*01:01:01 | DRB1=DRB1*15:01:01:01SG | DQA1=DQA1*01:02:01:01SG | DQB1=DQB1*06:02:01 | DPA1=DPA1*01:03:01:02 | DPB1=DPB1*04:01:01:01/DPB1*04:01:01:02,HLA-A=A*02:01:01:01 | HLA-C=C*05:01:01:02 | HLA-B=B*44:02:01:01 | DRB345=DRB5*01:01:01 | DRB1=DRB1*15:01:01:01SG | DQA1=DQA1*01:02:01:01SG | DQB1=DQB1*06:02:01 | DPA1=DPA1*01:03:01:02 | DPB1=DPB1*04:01:01:01/DPB1*04:01:01:02,False,False,1.0,1.0,1.0,1.0,1.0,1.0,1.0,1.0,0.0
SYNTH_0144,Global,success,,288.8,1.0,1,0.0,HLA-A=A*01:01:01:01 | HLA-C=C*07:01:01:01 | HLA-B=B*08:01:01:01 | DRB345=DRB3*01:01:02:01 | DRB1=DRB1*03:01:01:01SG | DQA1=DQA1*05:01:01:02 | DQB1=DQB1*02:01:01 | DPA1=DPA1*01:03:01:02 | DPB1=DPB1*04:01:01:01/DPB1*04:01:01:02,HLA-A=A*02:01:01:01 | HLA-C=C*12:02:02 | HLA-B=B*52:01:01:02 | DRB345=DRB5*01:02 | DRB1=DRB1*15:02:01:01SG | DQA1=DQA1*01:03:01:01 | DQB1=DQB1*06:01:01 | DPA1=DPA1*01:03:01:04 | DPB1=DPB1*04:01:01:01/DPB1*04:01:01:02,False,False,1.0,1.0,1.0,1.0,1.0,1.0,1.0,1.0,0.0
SYNTH_0145,Global,success,,169.0,1.0,1,0.0,HLA-A=A*23:01:01 | HLA-C=C*04:01:01:01 | HLA-B=B*44:03:01:01 | DRB345=DRB4*01:01:01:01 | DRB1=DRB1*07:01:01:01SG | DQA1=DQA1*02:01:01:01SG | DQB1=DQB1*02:02:01:01 | DPA1=DPA1*01:03:01:01 | DPB1=DPB1*02:01:02/DPB1*02:01:19,HLA-A=A*24:02:01:01 | HLA-C=C*07:01:01:01 | HLA-B=B*18:01:01:02 | DRB345=DRB3*02:02:01:02 | DRB1=DRB1*11:04:01 | DQA1=DQA1*05:05:01:01SG | DQB1=DQB1*03:01:01:03 | DPA1=DPA1*01:03:01:02 | DPB1=DPB1*04:01:01:01/DPB1*04:01:01:02,False,False,1.0,1.0,1.0,1.0,1.0,1.0,1.0,1.0,0.0
SYNTH_0146,Global,success,,566.3,1.0,1,0.0,HLA-A=A*01:01:01:01 | HLA-C=C*06:02:01:01 | HLA-B=B*57:01:01 | DRB345=DRB5*01:01:01 | DRB1=DRB1*15:01:01:01SG | DQA1=DQA1*01:02:01:01SG | DQB1=DQB1*06:02:01 | DPA1=DPA1*01:03:01:04 | DPB1=DPB1*04:01:01:01/DPB1*04:01:01:02,HLA-A=A*02:01:01:01 | HLA-C=C*16:01:01:01 | HLA-B=B*44:03:01:01 | DRB345=DRB4*01:01:01:01 | DRB1=DRB1*07:01:01:01SG | DQA1=DQA1*02:01:01:01SG | DQB1=DQB1*02:02:01:01 | DPA1=DPA1*02:01:02 | DPB1=DPB1*01:01:01,False,False,1.0,1.0,1.0,1.0,1.0,1.0,1.0,1.0,0.0
SYNTH_0147,Global,success,,520.6,1.0,1,0.0,HLA-A=A*31:01:02:01 | HLA-C=C*05:01:01:02 | HLA-B=B*44:02:01:01 | DRB345=DRB4*01:03:01:01/DRB4*01:03:01:01:03 | DRB1=DRB1*04:01:01:01SG | DQA1=DQA1*03:03:01:01 | DQB1=DQB1*03:01:01:01 | DPA1=DPA1*01:03:01:04 | DPB1=DPB1*04:01:01:01/DPB1*04:01:01:02,HLA-A=A*02:01:01:01 | HLA-C=C*05:01:01:02 | HLA-B=B*44:02:01:01 | DRB345=DRB4*01:03:01:01/DRB4*01:03:01:01:03 | DRB1=DRB1*04:01:01:01SG | DQA1=DQA1*03:03:01:01 | DQB1=DQB1*03:01:01:01 | DPA1=DPA1*01:04 | DPB1=DPB1*15:01:01,False,False,1.0,1.0,1.0,0.0,1.0,1.0,1.0,1.0,0.0
SYNTH_0148,Global,success,,504.7,1.0,1,0.0,HLA-A=A*30:02:01:01 | HLA-C=C*05:01:01:01 | HLA-B=B*18:01:01:01 | DRB345=DRB3*02:02:01:01 | DRB1=DRB1*03:01:01:01SG | DQA1=DQA1*05:01:01:01 | DQB1=DQB1*02:01:01 | DPA1=DPA1*01:03:01:02 | DPB1=DPB1*04:01:01:01/DPB1*04:01:01:02,HLA-A=A*03:01:01:01 | HLA-C=C*03:04:01:01 | HLA-B=B*15:01:01:01 | DRB345=DRB4*01:03:01:01/DRB4*01:03:01:01:03 | DRB1=DRB1*04:01:01:01SG | DQA1=DQA1*03:01:01 | DQB1=DQB1*03:02:01 | DPA1=DPA1*01:03:01:03 | DPB1=DPB1*03:01:01,False,False,1.0,1.0,1.0,0.0,1.0,1.0,1.0,1.0,0.0
SYNTH_0149,Global,success,,487.4,1.0,1,0.0,HLA-A=A*11:01:01:01 | HLA-C=C*03:03:01:01 | HLA-B=B*55:01:01 | DRB345=DRB4*01:03:01:01/DRB4*01:03:01:01:03 | DRB1=DRB1*04:07:01 | DQA1=DQA1*03:03:01:01 | DQB1=DQB1*03:01:01:01 | DPA1=DPA1*01:03:01:03 | DPB1=DPB1*03:01:01,HLA-A=A*66:01:01 | HLA-C=C*04:01:01:06 | HLA-B=B*14:02:01:01 | DRB345=DRB3*02:02:01:02 | DRB1=DRB1*11:04:01 | DQA1=DQA1*05:05:01:01SG | DQB1=DQB1*03:01:01:02 | DPA1=DPA1*01:03:01:04 | DPB1=DPB1*04:01:01:01/DPB1*04:01:01:02,False,False,1.0,1.0,1.0,0.0,1.0,1.0,1.0,1.0,0.0
SYNTH_0150,Global,success,,610.2,1.0,1,0.0,HLA-A=A*29:01:01:01 | HLA-C=C*16:02:01 | HLA-B=B*51:08:01 | DRB345=DRB3*01:01:02:01 | DRB1=DRB1*13:03:01 | DQA1=DQA1*05:05:01:01SG | DQB1=DQB1*03:01:01:03 | DPA1=DPA1*01:03:01:02 | DPB1=DPB1*104:01,HLA-A=A*02:01:01:01 | HLA-C=C*07:02:01:03 | HLA-B=B*07:02:01 | DRB345=DRB4*01:01:01:01 | DRB1=DRB1*07:01:01:01SG | DQA1=DQA1*02:01:01:01SG | DQB1=DQB1*02:02:01:01 | DPA1=DPA1*01:03:01:02 | DPB1=DPB1*04:01:01:01/DPB1*04:01:01:02,False,False,1.0,1.0,1.0,1.0,1.0,1.0,1.0,1.0,0.0
SYNTH_0151,Global,success,,454.4,0.77777778,2,0.7642,HLA-A=A*02:01:01:01 | HLA-C=C*03:04:01:01 | HLA-B=B*40:01:02 | DRB345=DRB5*01:01:01 | DRB1=DRB1*15:01:01:01SG | DQA1=DQA1*01:02:01:01SG | DQB1=DQB1*06:02:01 | DPA1=DPA1*01:03:01:04 | DPB1=DPB1*04:01:01:01/DPB1*04:01:01:02,HLA-A=A*03:01:01:01 | HLA-C=C*08:02:01:01 | HLA-B=B*14:02:01:01 | DRB345=DRB3*03:01:01 | DRB1=DRB1*13:02:01 | DQA1=DQA1*01:02:01:04SG | DQB1=DQB1*06:09:01 | DPA1=DPA1*02:01:01:01 | DPB1=DPB1*05:01:01,False,False,0.0,1.0,1.0,1.0,1.0,1.0,1.0,1.0,0.0
SYNTH_0152,Global,success,,546.1,1.0,1,0.0,HLA-A=A*02:01:01:01 | HLA-C=C*07:02:01:03 | HLA-B=B*07:02:01 | DRB345=DRB5*01:01:01 | DRB1=DRB1*15:01:01:01SG | DQA1=DQA1*01:02:01:01SG | DQB1=DQB1*06:02:01 | DPA1=DPA1*01:03:01:02 | DPB1=DPB1*04:01:01:01/DPB1*04:01:01:02,HLA-A=A*24:02:01:01 | HLA-C=C*07:02:01:03 | HLA-B=B*07:02:01 | DRB345=DRB5*01:01:01 | DRB1=DRB1*15:01:01:01SG | DQA1=DQA1*01:02:01:01SG | DQB1=DQB1*06:02:01 | DPA1=DPA1*01:03:01:01 | DPB1=DPB1*02:01:02/DPB1*02:01:19,False,False,1.0,1.0,1.0,1.0,1.0,1.0,1.0,1.0,0.0
SYNTH_0153,Global,success,,318.2,1.0,1,0.0,HLA-A=A*31:01:02:01 | HLA-C=C*01:02:01 | HLA-B=B*27:05:02 | DRB345=DRB4*01:03:01:01/DRB4*01:03:01:01:03 | DRB1=DRB1*04:04:01 | DQA1=DQA1*03:01:01 | DQB1=DQB1*03:02:01 | DPA1=DPA1*01:03:01:04 | DPB1=DPB1*04:01:01:01/DPB1*04:01:01:02,HLA-A=A*26:01:01:01 | HLA-C=C*12:03:01:01 | HLA-B=B*18:01:01:02 | DRB345=DRB3*02:02:01:02 | DRB1=DRB1*11:04:01 | DQA1=DQA1*05:05:01:01SG | DQB1=DQB1*03:01:01:03 | DPA1=DPA1*01:03:01:04 | DPB1=DPB1*04:01:01:01/DPB1*04:01:01:02,False,False,1.0,1.0,1.0,0.0,1.0,1.0,1.0,1.0,0.0
SYNTH_0154,Global,success,,480.4,1.0,1,0.0,HLA-A=A*02:01:01:01 | HLA-C=C*06:02:01:01 | HLA-B=B*13:02:01 | DRB345=DRB4*01:03:01:01/DRB4*01:03:01:01:03 | DRB1=DRB1*07:01:01:01SG | DQA1=DQA1*02:01:01:01SG | DQB1=DQB1*02:02:01:01 | DPA1=DPA1*01:03:01:02 | DPB1=DPB1*04:01:01:01/DPB1*04:01:01:02,HLA-A=A*02:01:01:01 | HLA-C=C*07:02:01:03 | HLA-B=B*07:02:01 | DRB345=Abs | DRB1=DRB1*01:01:01 | DQA1=DQA1*01:01:01:02SG | DQB1=DQB1*05:01:01:03 | DPA1=DPA1*01:03:01:02 | DPB1=DPB1*04:01:01:01/DPB1*04:01:01:02,False,False,1.0,1.0,1.0,0.0,1.0,1.0,1.0,1.0,0.0
SYNTH_0155,Global,success,,491.8,0.89102564,2,0.4968,HLA-A=A*01:01:01:01 | HLA-C=C*07:01:01:01 | HLA-B=B*08:01:01:01 | DRB345=DRB3*01:01:02:01 | DRB1=DRB1*03:01:01:01SG | DQA1=DQA1*05:01:01:02 | DQB1=DQB1*02:01:01 | DPA1=DPA1*01:03:01:02 | DPB1=DPB1*04:01:01:01/DPB1*04:01:01:02,HLA-A=A*02:01:01:01 | HLA-C=C*01:02:01 | HLA-B=B*15:15 | DRB345=DRB4*01:03:02 | DRB1=DRB1*04:10:01 | DQA1=DQA1*03:01:01 | DQB1=DQB1*03:02:01 | DPA1=DPA1*01:03:01:05 | DPB1=DPB1*04:02:01:02,False,False,1.0,1.0,1.0,1.0,1.0,1.0,1.0,1.0,0.0
SYNTH_0156,Global,success,,356.2,1.0,1,0.0,HLA-A=A*02:01:01:01 | HLA-C=C*02:02:02:01 | HLA-B=B*27:05:02 | DRB345=DRB4*01:03:01:01/DRB4*01:03:01:01:03 | DRB1=DRB1*04:01:01:01SG | DQA1=DQA1*03:01:01 | DQB1=DQB1*03:02:01 | DPA1=DPA1*01:03:01:04 | DPB1=DPB1*04:01:01:01/DPB1*04:01:01:02,HLA-A=A*31:01:02:01 | HLA-C=C*07:02:01:03 | HLA-B=B*07:02:01 | DRB345=DRB5*01:01:01 | DRB1=DRB1*15:01:01:01SG | DQA1=DQA1*01:02:01:01SG | DQB1=DQB1*06:02:01 | DPA1=DPA1*01:03:01:02 | DPB1=DPB1*04:01:01:01/DPB1*04:01:01:02,False,False,1.0,1.0,1.0,0.0,1.0,1.0,1.0,1.0,0.0
SYNTH_0157,Global,success,,502.4,0.74331551,7,1.365,HLA-A=A*01:01:01:01 | HLA-C=C*07:01:01:01 | HLA-B=B*08:01:01:01 | DRB345=DRB3*01:01:02:01 | DRB1=DRB1*03:01:01:01SG | DQA1=DQA1*05:01:01:02 | DQB1=DQB1*02:01:01 | DPA1=DPA1*01:03:01:02 | DPB1=DPB1*04:01:01:01/DPB1*04:01:01:02,HLA-A=A*03:01:01:01 | HLA-C=C*04:01:01:01 | HLA-B=B*35:01:01:02 | DRB345=Abs | DRB1=DRB1*01:01:01 | DQA1=DQA1*01:01:01:02SG | DQB1=DQB1*05:01:01:03 | DPA1=DPA1*01:03:01:04 | DPB1=DPB1*02:02,False,False,1.0,1.0,1.0,1.0,1.0,1.0,1.0,1.0,0.0
SYNTH_0158,Global,success,,381.9,1.0,1,0.0,HLA-A=A*01:01:01:01 | HLA-C=C*07:01:01:01 | HLA-B=B*08:01:01:01 | DRB345=DRB3*01:01:02:01 | DRB1=DRB1*03:01:01:01SG | DQA1=DQA1*05:01:01:02 | DQB1=DQB1*02:01:01 | DPA1=DPA1*01:03:01:02 | DPB1=DPB1*04:01:01:01/DPB1*04:01:01:02,HLA-A=A*02:01:01:01 | HLA-C=C*05:01:01:02 | HLA-B=B*44:02:01:01 | DRB345=DRB3*02:02:01:02 | DRB1=DRB1*12:01:01:03 | DQA1=DQA1*05:05:01:05SG | DQB1=DQB1*03:01:01:01 | DPA1=DPA1*01:03:01:02 | DPB1=DPB1*04:01:01:01/DPB1*04:01:01:02,False,False,1.0,1.0,1.0,1.0,1.0,1.0,1.0,1.0,0.0
SYNTH_0159,Global,success,,140.9,1.0,1,0.0,HLA-A=A*24:02:01:01 | HLA-C=C*07:02:01:01 | HLA-B=B*08:01:01:01 | DRB345=DRB3*02:02:01:01 | DRB1=DRB1*03:01:01:01SG | DQA1=DQA1*05:01:01:03 | DQB1=DQB1*02:01:01 | DPA1=DPA1*01:03:01:04 | DPB1=DPB1*04:01:01:01/DPB1*04:01:01:02,HLA-A=A*11:01:01:01 | HLA-C=C*07:02:01:03 | HLA-B=B*07:02:01 | DRB345=DRB5*01:01:01 | DRB1=DRB1*15:01:01:01SG | DQA1=DQA1*01:02:01:01SG | DQB1=DQB1*06:02:01 | DPA1=DPA1*01:03:01:04 | DPB1=DPB1*04:01:01:01/DPB1*04:01:01:02,False,False,1.0,1.0,1.0,1.0,1.0,1.0,1.0,1.0,0.0
SYNTH_0160,Global,success,,336.7,0.97391304,2,0.1744,HLA-A=A*03:01:01:01 | HLA-C=C*07:02:01:03 | HLA-B=B*07:02:01 | DRB345=DRB5*01:01:01 | DRB1=DRB1*15:01:01:01SG | DQA1=DQA1*01:02:01:01SG | DQB1=DQB1*06:02:01 | DPA1=DPA1*01:03:01:02 | DPB1=DPB1*04:01:01:01/DPB1*04:01:01:02,HLA-A=A*02:01:01:01 | HLA-C=C*12:03:01:01 | HLA-B=B*38:01:01 | DRB345=Abs | DRB1=DRB1*10:01:01:01 | DQA1=DQA1*01:05:01 | DQB1=DQB1*05:01:01:02 | DPA1=DPA1*01:03:01:01 | DPB1=DPB1*02:01:02/DPB1*02:01:19,False,False,1.0,1.0,1.0,1.0,1.0,1.0,1.0,1.0,0.0
SYNTH_0161,Global,success,,312.4,0.66666667,2,0.9183,HLA-A=A*11:01:01:01 | HLA-C=C*12:02:02 | HLA-B=B*52:01:01:02 | DRB345=DRB5*01:02 | DRB1=DRB1*15:02:01:01SG | DQA1=DQA1*01:03:01:01 | DQB1=DQB1*06:01:01 | DPA1=DPA1*01:03:01:02 | DPB1=DPB1*02:01:02/DPB1*02:01:19,HLA-A=A*02:01:01:01 | HLA-C=C*07:02:01:01 | HLA-B=B*39:02:02 | DRB345=DRB5*02:02 | DRB1=DRB1*16:02:01:02 | DQA1=DQA1*05:05:01:05SG | DQB1=DQB1*03:01:01:01 | DPA1=DPA1*01:03:01:05 | DPB1=DPB1*04:02:01:02,False,False,0.0,1.0,0.0,1.0,1.0,1.0,1.0,1.0,0.0
SYNTH_0162,Global,success,,341.7,1.0,1,0.0,HLA-A=A*31:01:02:01 | HLA-C=C*01:02:01 | HLA-B=B*27:05:02 | DRB345=DRB4*01:03:01:01/DRB4*01:03:01:01:03 | DRB1=DRB1*04:04:01 | DQA1=DQA1*03:01:01 | DQB1=DQB1*03:02:01 | DPA1=DPA1*01:03:01:04 | DPB1=DPB1*04:01:01:01/DPB1*04:01:01:02,HLA-A=A*03:01:01:01 | HLA-C=C*07:02:01:03 | HLA-B=B*07:02:01 | DRB345=DRB5*01:01:01 | DRB1=DRB1*15:01:01:01SG | DQA1=DQA1*01:02:01:01SG | DQB1=DQB1*06:02:01 | DPA1=DPA1*01:03:01:03 | DPB1=DPB1*03:01:01,False,False,1.0,1.0,1.0,0.0,1.0,1.0,1.0,1.0,0.0
SYNTH_0163,Global,success,,267.9,1.0,1,0.0,HLA-A=A*30:01:01 | HLA-C=C*17:01:01:02 | HLA-B=B*18:01:01:01 | DRB345=Abs | DRB1=DRB1*08:04:01 | DQA1=DQA1*05:05:01:01SG | DQB1=DQB1*02:01:01 | DPA1=DPA1*02:01:01:01 | DPB1=DPB1*131:01,HLA-A=A*02:01:01:01 | HLA-C=C*03:04:01:01 | HLA-B=B*40:01:02 | DRB345=DRB4*01:03:01:01/DRB4*01:03:01:01:03 | DRB1=DRB1*04:01:01:01SG | DQA1=DQA1*03:01:01 | DQB1=DQB1*03:02:01 | DPA1=DPA1*02:01:01:02 | DPB1=DPB1*10:01:01,False,False,1.0,1.0,1.0,0.0,1.0,1.0,1.0,1.0,1.0
SYNTH_0164,Global,success,,214.5,1.0,1,0.0,HLA-A=A*01:01:01:01 | HLA-C=C*07:01:01:01 | HLA-B=B*08:01:01:01 | DRB345=DRB4*01:03:01:01/DRB4*01:03:01:01:03 | DRB1=DRB1*04:04:01 | DQA1=DQA1*03:01:01 | DQB1=DQB1*03:02:01 | DPA1=DPA1*01:03:01:04 | DPB1=DPB1*04:01:01:01/DPB1*04:01:01:02,HLA-A=A*02:01:01:01 | HLA-C=C*03:03:01:01 | HLA-B=B*55:01:01 | DRB345=DRB4*01:03:01:01/DRB4*01:03:01:01:03 | DRB1=DRB1*04:07:01 | DQA1=DQA1*03:03:01:01 | DQB1=DQB1*03:01:01:01 | DPA1=DPA1*01:03:01:04 | DPB1=DPB1*04:01:01:01/DPB1*04:01:01:02,False,False,1.0,1.0,1.0,0.0,1.0,1.0,1.0,1.0,0.0
SYNTH_0165,Global,success,,149.3,0.97391304,2,0.1744,HLA-A=A*03:01:01:01 | HLA-C=C*07:02:01:03 | HLA-B=B*07:02:01 | DRB345=DRB5*01:01:01 | DRB1=DRB1*15:01:01:01SG | DQA1=DQA1*01:02:01:01SG | DQB1=DQB1*06:02:01 | DPA1=DPA1*01:03:01:02 | DPB1=DPB1*04:01:01:01/DPB1*04:01:01:02,HLA-A=A*02:01:01:01 | HLA-C=C*07:02:01:03 | HLA-B=B*07:02:01 | DRB345=DRB5*01:01:01 | DRB1=DRB1*15:01:01:01SG | DQA1=DQA1*01:02:01:01SG | DQB1=DQB1*06:02:01 | DPA1=DPA1*01:03:01:04 | DPB1=DPB1*04:01:01:01/DPB1*04:01:01:02,False,False,1.0,1.0,1.0,1.0,1.0,1.0,1.0,1.0,0.0
SYNTH_0166,Global,success,,127.0,0.91666667,2,0.4138,HLA-A=A*01:01:01:01 | HLA-C=C*07:01:01:01 | HLA-B=B*08:01:01:01 | DRB345=DRB3*01:01:02:01 | DRB1=DRB1*03:01:01:01SG | DQA1=DQA1*05:01:01:02 | DQB1=DQB1*02:01:01 | DPA1=DPA1*01:03:01:03 | DPB1=DPB1*03:01:01,HLA-A=A*24:02:01:01 | HLA-C=C*04:01:01:06 | HLA-B=B*35:02:01 | DRB345=DRB3*02:02:01:02 | DRB1=DRB1*11:04:01 | DQA1=DQA1*05:05:01:01SG | DQB1=DQB1*03:01:01:02 | DPA1=DPA1*01:03:01:01 | DPB1=DPB1*02:01:02/DPB1*02:01:19,False,False,1.0,1.0,1.0,1.0,1.0,1.0,1.0,1.0,0.0
SYNTH_0167,Global,success,,137.0,0.5375,2,0.9959,HLA-A=A*02:01:01:01 | HLA-C=C*07:02:01:03 | HLA-B=B*07:02:01 | DRB345=DRB5*01:01:01 | DRB1=DRB1*15:01:01:01SG | DQA1=DQA1*01:02:01:01SG | DQB1=DQB1*06:02:01 | DPA1=DPA1*01:03:01:04 | DPB1=DPB1*04:01:01:01/DPB1*04:01:01:02,HLA-A=A*02:01:01:01 | HLA-C=C*07:02:01:01 | HLA-B=B*39:02:02 | DRB345=DRB5*02:02 | DRB1=DRB1*16:02:01:02 | DQA1=DQA1*05:05:01:05SG | DQB1=DQB1*03:01:01:01 | DPA1=DPA1*01:03:01:05 | DPB1=DPB1*04:02:01:02,False,False,1.0,1.0,1.0,1.0,1.0,1.0,1.0,1.0,0.0
SYNTH_0168,Global,success,,534.6,1.0,1,0.0,HLA-A=A*23:01:01 | HLA-C=C*07:01:01:01 | HLA-B=B*49:01:01 | DRB345=DRB3*02:02:01:02 | DRB1=DRB1*11:01:01:01 | DQA1=DQA1*05:05:01:01SG | DQB1=DQB1*03:01:01:03 | DPA1=DPA1*01:03:01:02 | DPB1=DPB1*04:01:01:01/DPB1*04:01:01:02,HLA-A=A*01:01:01:01 | HLA-C=C*07:01:01:01 | HLA-B=B*08:01:01:01 | DRB345=DRB3*01:01:02:01 | DRB1=DRB1*03:01:01:01SG | DQA1=DQA1*05:01:01:02 | DQB1=DQB1*02:01:01 | DPA1=DPA1*01:03:01:03 | DPB1=DPB1*03:01:01,False,False,1.0,1.0,1.0,1.0,1.0,1.0,1.0,1.0,0.0
SYNTH_0169,Global,success,,128.5,1.0,1,0.0,HLA-A=A*24:03:01:01 | HLA-C=C*03:03:01:01 | HLA-B=B*15:12 | DRB345=DRB3*03:01:03 | DRB1=DRB1*12:02:01 | DQA1=DQA1*06:01:01 | DQB1=DQB1*03:01:01:01 | DPA1=DPA1*02:02:05 | DPB1=DPB1*05:01:01,HLA-A=A*03:01:01:01 | HLA-C=C*07:02:01:03 | HLA-B=B*07:02:01 | DRB345=DRB3*01:01:02:01 | DRB1=DRB1*03:01:01:01SG | DQA1=DQA1*05:01:01:02 | DQB1=DQB1*02:01:01 | DPA1=DPA1*02:01:02 | DPB1=DPB1*01:01:01,True,True,1.0,1.0,1.0,1.0,1.0,1.0,1.0,1.0,1.0
SYNTH_0170,Global,success,,566.3,0.96428571,2,0.2223,HLA-A=A*01:01:01:01 | HLA-C=C*07:01:01:01 | HLA-B=B*08:01:01:01 | DRB345=DRB3*01:01:02:01 | DRB1=DRB1*03:01:01:01SG | DQA1=DQA1*05:01:01:02 | DQB1=DQB1*02:01:01 | DPA1=DPA1*02:01:02 | DPB1=DPB1*01:01:01,HLA-A=A*02:01:01:01 | HLA-C=C*04:01:01:01 | HLA-B=B*44:03:01:01 | DRB345=DRB4*01:01:01:01 | DRB1=DRB1*07:01:01:01SG | DQA1=DQA1*02:01:01:01SG | DQB1=DQB1*02:02:01:01 | DPA1=DPA1*01:03:01:03 | DPB1=DPB1*03:01:01,True,True,1.0,1.0,1.0,1.0,1.0,1.0,1.0,1.0,1.0
SYNTH_0171,Global,success,,105.7,1.0,1,0.0,HLA-A=A*01:01:01:01 | HLA-C=C*07:01:01:01 | HLA-B=B*08:01:01:01 | DRB345=Abs | DRB1=DRB1*01:01:01 | DQA1=DQA1*01:01:01:02SG | DQB1=DQB1*05:01:01:03 | DPA1=DPA1*01:03:01:02 | DPB1=DPB1*04:01:01:01/DPB1*04:01:01:02,HLA-A=A*01:01:01:01 | HLA-C=C*07:01:01:01 | HLA-B=B*08:01:01:01 | DRB345=DRB3*02:02:01:02 | DRB1=DRB1*11:01:01:01 | DQA1=DQA1*05:05:01:01SG | DQB1=DQB1*03:01:01:03 | DPA1=DPA1*01:03:01:03 | DPB1=DPB1*03:01:01,False,False,1.0,1.0,1.0,1.0,1.0,1.0,1.0,1.0,0.0
SYNTH_0172,Global,success,,104.8,1.0,1,0.0,HLA-A=A*03:01:01:01 | HLA-C=C*08:02:01:01 | HLA-B=B*14:02:01:01 | DRB345=Abs | DRB1=DRB1*01:02:01 | DQA1=DQA1*01:01:02 | DQB1=DQB1*05:01:01:01 | DPA1=DPA1*01:03:01:01 | DPB1=DPB1*02:01:02/DPB1*02:01:19,HLA-A=A*32:01:01 | HLA-C=C*02:02:02:01 | HLA-B=B*27:05:02 | DRB345=DRB4*01:03:02 | DRB1=DRB1*09:01:02 | DQA1=DQA1*03:02 | DQB1=DQB1*03:03:02:02/DQB1*03:03:02:03 | DPA1=DPA1*01:03:01:05 | DPB1=DPB1*04:02:01:02,False,False,1.0,1.0,1.0,1.0,1.0,1.0,0.0,1.0,0.0
SYNTH_0173,Global,success,,655.3,0.66735254,6,1.4712,HLA-A=A*01:01:01:01 | HLA-C=C*07:01:01:01 | HLA-B=B*08:01:01:01 | DRB345=DRB3*01:01:02:01 | DRB1=DRB1*03:01:01:01SG | DQA1=DQA1*05:01:01:02 | DQB1=DQB1*02:01:01 | DPA1=DPA1*01:03:01:02 | DPB1=DPB1*04:01:01:01/DPB1*04:01:01:02,HLA-A=A*02:01:01:01 | HLA-C=C*03:04:01:01 | HLA-B=B*40:01:02 | DRB345=DRB4*01:03:01:01/DRB4*01:03:01:01:03 | DRB1=DRB1*04:04:01 | DQA1=DQA1*03:01:01 | DQB1=DQB1*03:02:01 | DPA1=DPA1*01:03:01:03 | DPB1=DPB1*06:01:01,False,False,1.0,1.0,1.0,0.0,1.0,1.0,1.0,1.0,0.0
SYNTH_0174,Global,success,,393.0,1.0,1,0.0,HLA-A=A*01:01:01:01 | HLA-C=C*07:01:01:01 | HLA-B=B*08:01:01:01 | DRB345=DRB3*01:01:02:01 | DRB1=DRB1*03:01:01:01SG | DQA1=DQA1*05:01:01:02 | DQB1=DQB1*02:01:01 | DPA1=DPA1*01:03:01:05 | DPB1=DPB1*04:02:01:02,HLA-A=A*03:01:01:01 | HLA-C=C*07:02:01:03 | HLA-B=B*07:02:01 | DRB345=Abs | DRB1=DRB1*01:01:01 | DQA1=DQA1*01:01:01:02SG | DQB1=DQB1*05:01:01:03 | DPA1=DPA1*01:03:01:05 | DPB1=DPB1*04:02:01:02,True,False,1.0,1.0,1.0,1.0,1.0,1.0,1.0,1.0,1.0
SYNTH_0175,Global,success,,603.1,0.36842105,3,1.5683,HLA-A=A*23:01:01 | HLA-C=C*07:01:01:01 | HLA-B=B*49:01:01 | DRB345=DRB3*02:02:01:02 | DRB1=DRB1*11:04:01 | DQA1=DQA1*05:05:01:01SG | DQB1=DQB1*03:01:01:03 | DPA1=DPA1*01:03:01:04 | DPB1=DPB1*04:01:01:01/DPB1*04:01:01:02,HLA-A=A*24:02:01:01 | HLA-C=C*04:01:01:06 | HLA-B=B*35:02:01 | DRB345=DRB3*02:02:01:02 | DRB1=DRB1*11:04:01 | DQA1=DQA1*05:05:01:01SG | DQB1=DQB1*03:01:01:02 | DPA1=DPA1*01:03:01:02 | DPB1=DPB1*04:01:01:01/DPB1*04:01:01:02,False,False,1.0,1.0,1.0,1.0,1.0,1.0,1.0,1.0,0.0
SYNTH_0176,Global,success,,651.1,0.6,2,0.971,HLA-A=A*11:01:01:01 | HLA-C=C*05:01:01:01 | HLA-B=B*18:01:01:01 | DRB345=DRB3*02:02:01:01 | DRB1=DRB1*03:01:01:01SG | DQA1=DQA1*05:01:01:01 | DQB1=DQB1*02:01:01 | DPA1=DPA1*01:03:01:04 | DPB1=DPB1*04:01:01:01/DPB1*04:01:01:02,HLA-A=A*02:01:01:01 | HLA-C=C*03:04:01:01 | HLA-B=B*40:01:02 | DRB345=DRB3*03:01:01 | DRB1=DRB1*13:02:01 | DQA1=DQA1*01:02:01:04SG | DQB1=DQB1*06:04:01 | DPA1=DPA1*01:03:01:01 | DPB1=DPB1*02:01:02/DPB1*02:01:19,False,False,0.0,1.0,1.0,1.0,1.0,1.0,1.0,1.0,0.0
SYNTH_0177,Global,success,,609.0,1.0,1,0.0,HLA-A=A*03:01:01:01 | HLA-C=C*07:02:01:03 | HLA-B=B*07:02:01 | DRB345=DRB5*01:01:01 | DRB1=DRB1*15:01:01:01SG | DQA1=DQA1*01:02:01:01SG | DQB1=DQB1*06:02:01 | DPA1=DPA1*01:03:01:04 | DPB1=DPB1*04:01:01:01/DPB1*04:01:01:02,HLA-A=A*01:01:01:01 | HLA-C=C*06:02:01:01 | HLA-B=B*13:02:01 | DRB345=DRB5*01:01:01 | DRB1=DRB1*15:01:01:01SG | DQA1=DQA1*01:02:01:01SG | DQB1=DQB1*06:02:01 | DPA1=DPA1*01:03:01:02 | DPB1=DPB1*04:01:01:01/DPB1*04:01:01:02,False,False,1.0,1.0,1.0,1.0,1.0,1.0,1.0,1.0,0.0
SYNTH_0178,Global,success,,729.4,1.0,1,0.0,HLA-A=A*01:01:01:01 | HLA-C=C*07:01:01:01 | HLA-B=B*08:01:01:01 | DRB345=DRB3*01:01:02:01 | DRB1=DRB1*03:01:01:01SG | DQA1=DQA1*05:01:01:02 | DQB1=DQB1*02:01:01 | DPA1=DPA1*02:01:02 | DPB1=DPB1*01:01:01,HLA-A=A*68:02:01:01 | HLA-C=C*08:02:01:01 | HLA-B=B*14:02:01:01 | DRB345=DRB3*01:01:02:01 | DRB1=DRB1*13:03:01 | DQA1=DQA1*05:05:01:01SG | DQB1=DQB1*03:01:01:03 | DPA1=DPA1*01:03:01:01 | DPB1=DPB1*02:01:02/DPB1*02:01:19,False,False,1.0,1.0,1.0,1.0,1.0,1.0,1.0,1.0,0.0
SYNTH_0179,Global,success,,522.8,1.0,1,0.0,HLA-A=A*02:01:01:01 | HLA-C=C*05:01:01:02 | HLA-B=B*44:02:01:01 | DRB345=DRB3*01:01:02:01 | DRB1=DRB1*13:01:01:01SG | DQA1=DQA1*01:03:01:02SG | DQB1=DQB1*06:03:01 | DPA1=DPA1*01:03:01:02 | DPB1=DPB1*04:01:01:01/DPB1*04:01:01:02,HLA-A=A*01:01:01:01 | HLA-C=C*07:01:01:01 | HLA-B=B*08:01:01:01 | DRB345=DRB3*01:01:02:01 | DRB1=DRB1*03:01:01:01SG | DQA1=DQA1*05:01:01:02 | DQB1=DQB1*02:01:01 | DPA1=DPA1*02:01:02 | DPB1=DPB1*01:01:01,False,False,1.0,1.0,1.0,1.0,1.0,1.0,1.0,1.0,0.0
SYNTH_0180,Global,success,,416.7,0.28942308,4,1.9917,HLA-A=A*01:01:01:01 | HLA-C=C*06:02:01:01 | HLA-B=B*57:01:01 | DRB345=DRB4*01:03:01:02N | DRB1=DRB1*07:01:01:01SG | DQA1=DQA1*02:01:01:01SG | DQB1=DQB1*03:03:02:01 | DPA1=DPA1*01:03:01:04 | DPB1=DPB1*04:01:01:01/DPB1*04:01:01:02,HLA-A=A*02:01:01:01 | HLA-C=C*07:02:01:03 | HLA-B=B*07:02:01 | DRB345=DRB5*01:01:01 | DRB1=DRB1*15:01:01:01SG | DQA1=DQA1*01:02:01:01SG | DQB1=DQB1*06:02:01 | DPA1=DPA1*01:03:01:04 | DPB1=DPB1*04:01:01:01/DPB1*04:01:01:02,False,False,1.0,1.0,1.0,1.0,1.0,1.0,1.0,1.0,0.0
SYNTH_0181,Global,success,,191.7,0.75,2,0.8113,HLA-A=A*11:01:01:01 | HLA-C=C*04:01:01:01 | HLA-B=B*35:01:01:02 | DRB345=Abs | DRB1=DRB1*01:01:01 | DQA1=DQA1*01:01:01:02SG | DQB1=DQB1*05:01:01:03 | DPA1=DPA1*01:03:01:03 | DPB1=DPB1*03:01:01,HLA-A=A*32:01:01 | HLA-C=C*08:02:01:02 | HLA-B=B*14:01:01 | DRB345=DRB4*01:01:01:01 | DRB1=DRB1*07:01:01:01SG | DQA1=DQA1*02:01:01:01SG | DQB1=DQB1*02:02:01:01 | DPA1=DPA1*01:03:01:02 | DPB1=DPB1*04:01:01:01/DPB1*04:01:01:02,False,False,1.0,1.0,1.0,1.0,1.0,1.0,1.0,1.0,0.0
SYNTH_0182,Global,success,,197.9,1.0,1,0.0,HLA-A=A*01:01:01:01 | HLA-C=C*07:01:01:01 | HLA-B=B*08:01:01:01 | DRB345=DRB3*01:01:02:01 | DRB1=DRB1*03:01:01:01SG | DQA1=DQA1*05:01:01:02 | DQB1=DQB1*02:01:01 | DPA1=DPA1*02:01:02 | DPB1=DPB1*01:01:01,HLA-A=A*02:01:01:01 | HLA-C=C*02:02:02:01 | HLA-B=B*27:05:02 | DRB345=DRB4*01:03:01:01/DRB4*01:03:01:01:03 | DRB1=DRB1*04:04:01 | DQA1=DQA1*03:01:01 | DQB1=DQB1*03:02:01 | DPA1=DPA1*01:03:01:01 | DPB1=DPB1*02:01:02/DPB1*02:01:19,False,False,1.0,1.0,1.0,0.0,1.0,1.0,1.0,1.0,0.0
SYNTH_0183,Global,success,,167.2,1.0,1,0.0,HLA-A=A*01:01:01:01 | HLA-C=C*07:01:01:01 | HLA-B=B*08:01:01:01 | DRB345=DRB3*01:01:02:01 | DRB1=DRB1*03:01:01:01SG | DQA1=DQA1*05:01:01:02 | DQB1=DQB1*02:01:01 | DPA1=DPA1*01:03:01:02 | DPB1=DPB1*04:01:01:01/DPB1*04:01:01:02,HLA-A=A*11:01:01:01 | HLA-C=C*01:02:01 | HLA-B=B*56:01:01:03 | DRB345=Abs | DRB1=DRB1*01:01:01 | DQA1=DQA1*01:01:01:02SG | DQB1=DQB1*05:01:01:03 | DPA1=DPA1*01:03:01:03 | DPB1=DPB1*06:01:01,False,False,1.0,1.0,1.0,1.0,1.0,1.0,1.0,1.0,0.0
SYNTH_0184,Global,success,,1220.5,0.96666667,2,0.2108,HLA-A=A*02:01:01:01 | HLA-C=C*05:01:01:02 | HLA-B=B*44:02:01:01 | DRB345=DRB4*01:03:01:01/DRB4*01:03:01:01:03 | DRB1=DRB1*04:01:01:01SG | DQA1=DQA1*03:03:01:01 | DQB1=DQB1*03:01:01:01 | DPA1=DPA1*01:03:01:04 | DPB1=DPB1*04:01:01:01/DPB1*04:01:01:02,HLA-A=A*03:01:01:01 | HLA-C=C*07:02:01:03 | HLA-B=B*07:02:01 | DRB345=DRB5*01:01:01 | DRB1=DRB1*15:01:01:01SG | DQA1=DQA1*01:02:01:01SG | DQB1=DQB1*06:02:01 | DPA1=DPA1*01:03:01:04 | DPB1=DPB1*04:01:01:01/DPB1*04:01:01:02,False,False,1.0,1.0,1.0,0.0,1.0,1.0,1.0,1.0,0.0
SYNTH_0185,Global,success,,172.2,0.66666667,2,0.9183,HLA-A=A*02:01:01:01 | HLA-C=C*03:04:01:01 | HLA-B=B*40:01:02 | DRB345=DRB5*01:01:01 | DRB1=DRB1*15:01:01:01SG | DQA1=DQA1*01:02:01:01SG | DQB1=DQB1*06:02:01 | DPA1=DPA1*01:03:01:02 | DPB1=DPB1*04:01:01:01/DPB1*04:01:01:02,HLA-A=A*24:02:01:01 | HLA-C=C*07:02:01:01 | HLA-B=B*39:05:01 | DRB345=DRB5*02:02 | DRB1=DRB1*16:02:01:02 | DQA1=DQA1*05:05:01:05SG | DQB1=DQB1*03:01:01:01 | DPA1=DPA1*01:03:01:05 | DPB1=DPB1*04:02:01:02,False,False,1.0,1.0,0.0,1.0,1.0,1.0,1.0,1.0,0.0
SYNTH_0186,Global,success,,556.3,1.0,1,0.0,HLA-A=A*01:01:01:01 | HLA-C=C*07:01:01:01 | HLA-B=B*08:01:01:01 | DRB345=DRB3*01:01:02:01 | DRB1=DRB1*03:01:01:01SG | DQA1=DQA1*05:01:01:01 | DQB1=DQB1*02:01:01 | DPA1=DPA1*01:03:01:01 | DPB1=DPB1*04:01:01:01/DPB1*04:01:01:02,HLA-A=A*01:01:01:01 | HLA-C=C*06:02:01:01 | HLA-B=B*57:01:01 | DRB345=DRB5*01:01:01 | DRB1=DRB1*15:01:01:01SG | DQA1=DQA1*01:02:01:01SG | DQB1=DQB1*06:02:01 | DPA1=DPA1*01:03:01:02 | DPB1=DPB1*04:01:01:01/DPB1*04:01:01:02,False,False,1.0,1.0,1.0,1.0,1.0,1.0,1.0,1.0,0.0
SYNTH_0187,Global,success,,91.8,1.0,1,0.0,HLA-A=A*01:01:01:01 | HLA-C=C*07:02:01:03 | HLA-B=B*07:02:01 | DRB345=Abs | DRB1=DRB1*01:01:01 | DQA1=DQA1*01:01:01:02SG | DQB1=DQB1*05:01:01:03 | DPA1=DPA1*01:03:01:02 | DPB1=DPB1*04:01:01:01/DPB1*04:01:01:02,HLA-A=A*32:01:01 | HLA-C=C*05:01:01:02 | HLA-B=B*44:02:01:01 | DRB345=DRB4*01:03:01:01/DRB4*01:03:01:01:03 | DRB1=DRB1*04:01:01:01SG | DQA1=DQA1*03:03:01:01 | DQB1=DQB1*03:01:01:01 | DPA1=DPA1*01:03:01:01 | DPB1=DPB1*02:01:02/DPB1*02:01:19,False,False,1.0,1.0,1.0,0.0,1.0,1.0,1.0,1.0,0.0
SYNTH_0188,Global,success,,218.5,1.0,1,0.0,HLA-A=A*02:06:01:01 | HLA-C=C*08:01:01 | HLA-B=B*40:06:01:01 | DRB345=DRB4*01:03:02 | DRB1=DRB1*09:01:02 | DQA1=DQA1*03:02 | DQB1=DQB1*03:03:02:02/DQB1*03:03:02:03 | DPA1=DPA1*02:01:01:02 | DPB1=DPB1*09:01:01,HLA-A=A*01:01:01:01 | HLA-C=C*06:02:01:01 | HLA-B=B*57:01:01 | DRB345=DRB4*01:03:01:02N | DRB1=DRB1*07:01:01:01SG | DQA1=DQA1*02:01:01:01SG | DQB1=DQB1*03:03:02:01 | DPA1=DPA1*01:03:01:02 | DPB1=DPB1*04:01:01:01/DPB1*04:01:01:02,False,False,1.0,1.0,1.0,1.0,1.0,1.0,0.0,1.0,0.0
SYNTH_0189,Global,success,,79.8,1.0,1,0.0,HLA-A=A*02:01:01:01 | HLA-C=C*05:01:01:02 | HLA-B=B*44:02:01:01 | DRB345=DRB4*01:03:01:01/DRB4*01:03:01:01:03 | DRB1=DRB1*04:01:01:01SG | DQA1=DQA1*03:03:01:01 | DQB1=DQB1*03:01:01:01 | DPA1=DPA1*01:03:01:03 | DPB1=DPB1*03:01:01,HLA-A=A*11:01:01:01 | HLA-C=C*04:01:01:01 | HLA-B=B*35:03:01 | DRB345=DRB3*02:02:01:02 | DRB1=DRB1*11:01:01:01 | DQA1=DQA1*05:05:01:01SG | DQB1=DQB1*03:01:01:03 | DPA1=DPA1*01:03:01:02 | DPB1=DPB1*04:01:01:01/DPB1*04:01:01:02,False,False,1.0,1.0,1.0,0.0,1.0,1.0,1.0,1.0,0.0
SYNTH_0190,Global,success,,242.0,0.16116557,76,4.5396,HLA-A=A*03:01:01:01 | HLA-C=C*07:02:01:03 | HLA-B=B*07:02:01 | DRB345=DRB5*01:01:01 | DRB1=DRB1*15:01:01:01SG | DQA1=DQA1*01:02:01:01SG | DQB1=DQB1*06:02:01 | DPA1=DPA1*01:03:01:02 | DPB1=DPB1*04:01:01:01/DPB1*04:01:01:02,HLA-A=A*03:01:01:01 | HLA-C=C*07:02:01:03 | HLA-B=B*07:02:01 | DRB345=DRB5*01:01:01 | DRB1=DRB1*15:01:01:01SG | DQA1=DQA1*01:02:01:01SG | DQB1=DQB1*06:02:01 | DPA1=DPA1*01:03:01:02 | DPB1=DPB1*04:01:01:01/DPB1*04:01:01:02,False,False,1.0,1.0,1.0,1.0,1.0,1.0,1.0,1.0,0.0
SYNTH_0191,Global,success,,440.0,1.0,1,0.0,HLA-A=A*03:01:01:01 | HLA-C=C*07:02:01:03 | HLA-B=B*07:02:01 | DRB345=DRB5*01:01:01 | DRB1=DRB1*15:01:01:01SG | DQA1=DQA1*01:02:01:01SG | DQB1=DQB1*06:02:01 | DPA1=DPA1*01:03:01:02 | DPB1=DPB1*04:01:01:01/DPB1*04:01:01:02,HLA-A=A*02:01:01:01 | HLA-C=C*03:04:01:01 | HLA-B=B*15:01:01:01 | DRB345=DRB4*01:03:01:01/DRB4*01:03:01:01:03 | DRB1=DRB1*04:01:01:01SG | DQA1=DQA1*03:01:01 | DQB1=DQB1*03:02:01 | DPA1=DPA1*01:03:01:02 | DPB1=DPB1*04:01:01:01/DPB1*04:01:01:02,False,False,1.0,1.0,1.0,0.0,1.0,1.0,1.0,1.0,0.0
SYNTH_0192,Global,success,,218.3,1.0,1,0.0,HLA-A=A*02:01:01:01 | HLA-C=C*03:04:01:01 | HLA-B=B*40:01:02 | DRB345=DRB5*01:01:01 | DRB1=DRB1*15:01:01:01SG | DQA1=DQA1*01:02:01:01SG | DQB1=DQB1*06:02:01 | DPA1=DPA1*01:03:01:04 | DPB1=DPB1*04:01:01:01/DPB1*04:01:01:02,HLA-A=A*29:02:01:01 | HLA-C=C*16:01:01:01 | HLA-B=B*44:03:01:01 | DRB345=DRB4*01:03:01:01/DRB4*01:03:01:01:03 | DRB1=DRB1*07:01:01:01SG | DQA1=DQA1*02:01:01:01SG | DQB1=DQB1*02:02:01:01 | DPA1=DPA1*02:01:01:01 | DPB1=DPB1*11:01:01,False,False,1.0,1.0,1.0,0.0,1.0,1.0,1.0,1.0,0.0
SYNTH_0193,Global,success,,475.1,0.40833333,6,1.973,HLA-A=A*02:01:01:01 | HLA-C=C*03:04:01:01 | HLA-B=B*40:01:02 | DRB345=DRB3*03:01:01 | DRB1=DRB1*13:02:01 | DQA1=DQA1*01:02:01:04SG | DQB1=DQB1*06:04:01 | DPA1=DPA1*01:03:01:02 | DPB1=DPB1*04:01:01:01/DPB1*04:01:01:02,HLA-A=A*30:01:01 | HLA-C=C*06:02:01:01 | HLA-B=B*13:02:01 | DRB345=DRB4*01:03:01:01/DRB4*01:03:01:01:03 | DRB1=DRB1*07:01:01:01SG | DQA1=DQA1*02:01:01:01SG | DQB1=DQB1*02:02:01:01 | DPA1=DPA1*01:03:01:04 | DPB1=DPB1*04:01:01:01/DPB1*04:01:01:02,False,False,0.0,1.0,1.0,0.0,1.0,1.0,1.0,1.0,0.0
SYNTH_0194,Global,success,,427.9,0.83505155,5,0.9684,HLA-A=A*01:01:01:01 | HLA-C=C*07:01:01:01 | HLA-B=B*08:01:01:01 | DRB345=DRB3*01:01:02:01 | DRB1=DRB1*03:01:01:01SG | DQA1=DQA1*05:01:01:02 | DQB1=DQB1*02:01:01 | DPA1=DPA1*02:01:02 | DPB1=DPB1*01:01:01,HLA-A=A*02:01:01:01 | HLA-C=C*05:01:01:02 | HLA-B=B*44:02:01:01 | DRB345=DRB5*01:01:01 | DRB1=DRB1*15:01:01:01SG | DQA1=DQA1*01:02:01:01SG | DQB1=DQB1*06:02:01 | DPA1=DPA1*01:03:01:02 | DPB1=DPB1*04:01:01:01/DPB1*04:01:01:02,False,False,0.0,1.0,1.0,1.0,1.0,1.0,1.0,1.0,0.0
SYNTH_0195,Global,success,,614.8,0.4673913,6,1.8169,HLA-A=A*02:01:01:01 | HLA-C=C*07:02:01:03 | HLA-B=B*07:02:01 | DRB345=DRB5*01:01:01 | DRB1=DRB1*15:01:01:01SG | DQA1=DQA1*01:02:01:01SG | DQB1=DQB1*06:02:01 | DPA1=DPA1*01:03:01:04 | DPB1=DPB1*04:01:01:01/DPB1*04:01:01:02,HLA-A=A*02:01:01:01 | HLA-C=C*05:01:01:02 | HLA-B=B*44:02:01:01 | DRB345=DRB4*01:03:01:01/DRB4*01:03:01:01:03 | DRB1=DRB1*04:01:01:01SG | DQA1=DQA1*03:03:01:01 | DQB1=DQB1*03:01:01:01 | DPA1=DPA1*01:03:01:04 | DPB1=DPB1*02:01:02/DPB1*02:01:19,False,False,0.0,1.0,1.0,0.0,1.0,1.0,1.0,1.0,0.0
SYNTH_0196,Global,success,,498.6,1.0,1,0.0,HLA-A=A*30:01:01 | HLA-C=C*03:04:02 | HLA-B=B*15:10:01 | DRB345=DRB3*02:02:01:01 | DRB1=DRB1*03:01:01:01SG | DQA1=DQA1*05:01:01:01 | DQB1=DQB1*02:01:01 | DPA1=DPA1*01:03:01:01 | DPB1=DPB1*02:01:02/DPB1*02:01:19,HLA-A=A*01:01:01:01 | HLA-C=C*07:01:01:01 | HLA-B=B*08:01:01:01 | DRB345=DRB3*01:01:02:02 | DRB1=DRB1*03:01:01:01SG | DQA1=DQA1*05:01:01:02 | DQB1=DQB1*02:01:01 | DPA1=DPA1*02:01:02 | DPB1=DPB1*01:01:01,False,False,1.0,1.0,1.0,1.0,1.0,1.0,1.0,1.0,0.0
SYNTH_0197,Global,success,,510.8,0.42,8,2.3277,HLA-A=A*68:01:01:02 | HLA-C=C*07:02:01:01 | HLA-B=B*08:01:01:02 | DRB345=DRB3*02:02:01:01 | DRB1=DRB1*03:01:01:01SG | DQA1=DQA1*05:01:01:03 | DQB1=DQB1*02:01:01 | DPA1=DPA1*01:03:01:04 | DPB1=DPB1*04:01:01:01/DPB1*04:01:01:02,HLA-A=A*03:01:01:01 | HLA-C=C*07:02:01:03 | HLA-B=B*07:02:01 | DRB345=DRB5*01:01:01 | DRB1=DRB1*15:01:01:01SG | DQA1=DQA1*01:02:01:01SG | DQB1=DQB1*06:02:01 | DPA1=DPA1*01:03:01:03 | DPB1=DPB1*03:01:01,False,False,0.0,1.0,1.0,1.0,1.0,1.0,1.0,1.0,0.0
SYNTH_0198,Global,success,,296.0,1.0,1,0.0,HLA-A=A*24:02:01:01 | HLA-C=C*12:02:02 | HLA-B=B*52:01:01:01 | DRB345=DRB5*01:02 | DRB1=DRB1*15:02:01:01SG | DQA1=DQA1*01:03:01:01 | DQB1=DQB1*06:01:01 | DPA1=DPA1*02:02:02 | DPB1=DPB1*05:01:01,HLA-A=A*03:01:01:01 | HLA-C=C*04:01:01:01 | HLA-B=B*35:01:01:02 | DRB345=Abs | DRB1=DRB1*01:01:01 | DQA1=DQA1*01:01:01:02SG | DQB1=DQB1*05:01:01:03 | DPA1=DPA1*01:03:01:05 | DPB1=DPB1*04:02:01:02,True,False,1.0,1.0,1.0,1.0,1.0,1.0,1.0,1.0,1.0
SYNTH_0199,Global,success,,312.8,0.46040978,6,1.6962,HLA-A=A*01:01:01:01 | HLA-C=C*07:01:01:01 | HLA-B=B*08:01:01:01 | DRB345=DRB3*01:01:02:01 | DRB1=DRB1*03:01:01:01SG | DQA1=DQA1*05:01:01:02 | DQB1=DQB1*02:01:01 | DPA1=DPA1*02:01:02 | DPB1=DPB1*01:01:01,HLA-A=A*02:01:01:01 | HLA-C=C*07:02:01:03 | HLA-B=B*07:02:01 | DRB345=DRB5*01:01:01 | DRB1=DRB1*15:01:01:01SG | DQA1=DQA1*01:02:01:01SG | DQB1=DQB1*06:02:01 | DPA1=DPA1*01:03:01:04 | DPB1=DPB1*04:01:01:01/DPB1*04:01:01:02,False,False,1.0,1.0,1.0,1.0,1.0,1.0,1.0,1.0,0.0
SYNTH_0200,Global,success,,260.1,1.0,1,0.0,HLA-A=A*03:01:01:01 | HLA-C=C*07:02:01:03 | HLA-B=B*07:02:01 | DRB345=DRB5*01:01:01 | DRB1=DRB1*15:01:01:01SG | DQA1=DQA1*01:02:01:01SG | DQB1=DQB1*06:02:01 | DPA1=DPA1*01:03:01:02 | DPB1=DPB1*04:01:01:01/DPB1*04:01:01:02,HLA-A=A*02:01:01:01 | HLA-C=C*07:01:01:01 | HLA-B=B*08:01:01:01 | DRB345=DRB3*01:01:02:01 | DRB1=DRB1*03:01:01:01SG | DQA1=DQA1*05:01:01:02 | DQB1=DQB1*02:01:01 | DPA1=DPA1*02:01:02 | DPB1=DPB1*01:01:01,False,False,1.0,1.0,1.0,1.0,1.0,1.0,1.0,1.0,0.0
SYNTH_0201,Global,success,,247.6,1.0,1,0.0,HLA-A=A*01:01:01:01 | HLA-C=C*07:01:01:01 | HLA-B=B*08:01:01:01 | DRB345=DRB3*01:01:02:01 | DRB1=DRB1*03:01:01:01SG | DQA1=DQA1*05:01:01:02 | DQB1=DQB1*02:01:01 | DPA1=DPA1*01:03:01:02 | DPB1=DPB1*04:01:01:01/DPB1*04:01:01:02,HLA-A=A*03:01:01:01 | HLA-C=C*04:01:01:01 | HLA-B=B*35:01:01:02 | DRB345=Abs | DRB1=DRB1*01:01:01 | DQA1=DQA1*01:01:01:02SG | DQB1=DQB1*05:01:01:03 | DPA1=DPA1*01:03:01:02 | DPB1=DPB1*04:01:01:01/DPB1*04:01:01:02,False,False,1.0,1.0,1.0,1.0,1.0,1.0,1.0,1.0,0.0
SYNTH_0202,Global,success,,312.4,0.97391304,2,0.1744,HLA-A=A*03:01:01:01 | HLA-C=C*07:02:01:03 | HLA-B=B*07:02:01 | DRB345=DRB5*01:01:01 | DRB1=DRB1*15:01:01:01SG | DQA1=DQA1*01:02:01:01SG | DQB1=DQB1*06:02:01 | DPA1=DPA1*01:03:01:02 | DPB1=DPB1*04:01:01:01/DPB1*04:01:01:02,HLA-A=A*02:01:01:01 | HLA-C=C*05:01:01:02 | HLA-B=B*44:02:01:01 | DRB345=DRB3*01:01:02:01 | DRB1=DRB1*13:01:01:01SG | DQA1=DQA1*01:03:01:02SG | DQB1=DQB1*06:03:01 | DPA1=DPA1*01:03:01:02 | DPB1=DPB1*04:01:01:01/DPB1*04:01:01:02,False,False,1.0,1.0,1.0,1.0,1.0,1.0,1.0,1.0,0.0
SYNTH_0203,Global,success,,221.6,0.85802469,3,0.707,HLA-A=A*01:01:01:01 | HLA-C=C*07:01:01:01 | HLA-B=B*08:01:01:01 | DRB345=DRB3*01:01:02:01 | DRB1=DRB1*03:01:01:01SG | DQA1=DQA1*05:01:01:02 | DQB1=DQB1*02:01:01 | DPA1=DPA1*01:03:01:02 | DPB1=DPB1*04:01:01:01/DPB1*04:01:01:02,HLA-A=A*02:01:01:01 | HLA-C=C*01:02:01 | HLA-B=B*15:15 | DRB345=DRB4*01:03:02 | DRB1=DRB1*04:10:01 | DQA1=DQA1*03:01:01 | DQB1=DQB1*03:02:01 | DPA1=DPA1*01:03:01:05 | DPB1=DPB1*04:02:01:02,False,False,1.0,1.0,1.0,1.0,1.0,1.0,1.0,1.0,0.0
SYNTH_0204,Global,success,,220.9,1.0,1,0.0,HLA-A=A*01:01:01:01 | HLA-C=C*07:01:01:01 | HLA-B=B*08:01:01:01 | DRB345=DRB3*01:01:02:01 | DRB1=DRB1*03:01:01:01SG | DQA1=DQA1*05:01:01:02 | DQB1=DQB1*02:01:01 | DPA1=DPA1*01:03:01:02 | DPB1=DPB1*04:01:01:01/DPB1*04:01:01:02,HLA-A=A*25:01:01 | HLA-C=C*12:03:01:01 | HLA-B=B*39:01:01:03 | DRB345=DRB4*01:01:01:01 | DRB1=DRB1*07:01:01:01SG | DQA1=DQA1*02:01:01:01SG | DQB1=DQB1*02:02:01:01 | DPA1=DPA1*02:02:02 | DPB1=DPB1*04:02:01:02,False,False,1.0,1.0,1.0,1.0,1.0,1.0,1.0,1.0,0.0
SYNTH_0205,Global,success,,236.2,1.0,1,0.0,HLA-A=A*34:01:01 | HLA-C=C*04:03:01 | HLA-B=B*15:21 | DRB345=DRB5*01:01:01 | DRB1=DRB1*15:02:01:01SG | DQA1=DQA1*01:02:01:01SG | DQB1=DQB1*05:02:01 | DPA1=DPA1*02:02:02 | DPB1=DPB1*01:01:01,HLA-A=A*68:03:01 | HLA-C=C*07:02:01:01 | HLA-B=B*39:05:01 | DRB345=DRB4*01:03:01:01/DRB4*01:03:01:01:03 | DRB1=DRB1*04:07:01 | DQA1=DQA1*03:01:01 | DQB1=DQB1*03:02:01 | DPA1=DPA1*01:03:01:05 | DPB1=DPB1*04:02:01:02,False,False,1.0,1.0,1.0,0.0,1.0,1.0,1.0,1.0,1.0
SYNTH_0206,Global,success,,211.9,1.0,1,0.0,HLA-A=A*02:01:01:01 | HLA-C=C*05:01:01:02 | HLA-B=B*44:02:01:01 | DRB345=DRB3*01:01:02:01 | DRB1=DRB1*13:01:01:01SG | DQA1=DQA1*01:03:01:02SG | DQB1=DQB1*06:03:01 | DPA1=DPA1*01:03:01:04 | DPB1=DPB1*04:01:01:01/DPB1*04:01:01:02,HLA-A=A*01:01:01:01 | HLA-C=C*12:03:01:01 | HLA-B=B*38:01:01 | DRB345=DRB3*01:01:02:01 | DRB1=DRB1*13:01:01:01SG | DQA1=DQA1*01:03:01:02SG | DQB1=DQB1*06:03:01 | DPA1=DPA1*01:03:01:03 | DPB1=DPB1*03:01:01,False,False,1.0,1.0,1.0,1.0,1.0,1.0,1.0,1.0,0.0
SYNTH_0207,Global,success,,195.0,0.6882405,4,1.2706,HLA-A=A*01:01:01:01 | HLA-C=C*07:01:01:01 | HLA-B=B*08:01:01:01 | DRB345=DRB3*01:01:02:01 | DRB1=DRB1*03:01:01:01SG | DQA1=DQA1*05:01:01:02 | DQB1=DQB1*02:01:01 | DPA1=DPA1*01:03:01:02 | DPB1=DPB1*04:01:01:01/DPB1*04:01:01:02,HLA-A=A*03:01:01:01 | HLA-C=C*07:02:01:03 | HLA-B=B*07:02:01 | DRB345=DRB5*01:01:01 | DRB1=DRB1*15:01:01:01SG | DQA1=DQA1*01:02:01:01SG | DQB1=DQB1*06:02:01 | DPA1=DPA1*01:03:01:02 | DPB1=DPB1*04:01:01:01/DPB1*04:01:01:02,False,False,1.0,1.0,1.0,1.0,1.0,1.0,1.0,0.0,0.0
SYNTH_0208,Global,success,,194.2,1.0,1,0.0,HLA-A=A*02:01:01:01 | HLA-C=C*06:02:01:01 | HLA-B=B*13:02:01 | DRB345=DRB4*01:03:01:01/DRB4*01:03:01:01:03 | DRB1=DRB1*07:01:01:01SG | DQA1=DQA1*02:01:01:01SG | DQB1=DQB1*02:02:01:01 | DPA1=DPA1*01:03:01:02 | DPB1=DPB1*04:01:01:01/DPB1*04:01:01:02,HLA-A=A*24:02:01:01 | HLA-C=C*07:02:01:03 | HLA-B=B*07:02:01 | DRB345=DRB5*01:01:01 | DRB1=DRB1*15:01:01:01SG | DQA1=DQA1*01:02:01:01SG | DQB1=DQB1*06:02:01 | DPA1=DPA1*01:03:01:02 | DPB1=DPB1*04:01:01:01/DPB1*04:01:01:02,False,False,1.0,1.0,1.0,0.0,1.0,1.0,1.0,1.0,0.0
SYNTH_0209,Global,success,,207.2,1.0,1,0.0,HLA-A=A*01:01:01:01 | HLA-C=C*07:01:01:01 | HLA-B=B*08:01:01:01 | DRB345=DRB3*01:01:02:01 | DRB1=DRB1*03:01:01:01SG | DQA1=DQA1*05:01:01:02 | DQB1=DQB1*02:01:01 | DPA1=DPA1*01:03:01:02 | DPB1=DPB1*04:01:01:01/DPB1*04:01:01:02,HLA-A=A*01:01:01:01 | HLA-C=C*07:01:01:01 | HLA-B=B*08:01:01:01 | DRB345=DRB3*01:01:02:02 | DRB1=DRB1*03:01:01:01SG | DQA1=DQA1*05:01:01:02 | DQB1=DQB1*02:01:01 | DPA1=DPA1*02:01:02 | DPB1=DPB1*01:01:01,False,False,1.0,1.0,1.0,1.0,1.0,1.0,1.0,1.0,0.0
SYNTH_0210,Global,success,,63.3,1.0,1,0.0,HLA-A=A*01:01:01:01 | HLA-C=C*07:01:01:01 | HLA-B=B*08:01:01:01 | DRB345=DRB3*01:01:02:01 | DRB1=DRB1*03:01:01:01SG | DQA1=DQA1*05:01:01:02 | DQB1=DQB1*02:01:01 | DPA1=DPA1*01:03:01:02 | DPB1=DPB1*04:01:01:01/DPB1*04:01:01:02,HLA-A=A*02:01:01:01 | HLA-C=C*14:02:01:01 | HLA-B=B*51:01:01:01 | DRB345=DRB5*02:02 | DRB1=DRB1*16:01:01 | DQA1=DQA1*01:02:02 | DQB1=DQB1*05:02:01 | DPA1=DPA1*01:03:01:02 | DPB1=DPB1*04:01:01:01/DPB1*04:01:01:02,False,False,1.0,1.0,1.0,1.0,1.0,1.0,1.0,1.0,0.0
SYNTH_0211,Global,success,,321.6,0.33333333,4,1.9749,HLA-A=A*01:01:01:01 | HLA-C=C*07:01:01:01 | HLA-B=B*08:01:01:01 | DRB345=DRB3*01:01:02:01 | DRB1=DRB1*03:01:01:01SG | DQA1=DQA1*05:01:01:02 | DQB1=DQB1*02:01:01 | DPA1=DPA1*01:03:01:03 | DPB1=DPB1*03:01:01,HLA-A=A*02:01:01:01 | HLA-C=C*03:04:01:01 | HLA-B=B*40:01:02 | DRB345=Abs | DRB1=DRB1*01:01:01 | DQA1=DQA1*01:01:01:02SG | DQB1=DQB1*05:01:01:03 | DPA1=DPA1*01:03:01:02 | DPB1=DPB1*04:01:01:01/DPB1*04:01:01:02,False,False,1.0,1.0,1.0,1.0,1.0,1.0,1.0,1.0,0.0
SYNTH_0212,Global,success,,355.4,0.0747521,78,5.786,HLA-A=A*02:01:01:01 | HLA-C=C*06:02:01:01 | HLA-B=B*13:02:01 | DRB345=DRB4*01:03:01:01/DRB4*01:03:01:01:03 | DRB1=DRB1*07:01:01:01SG | DQA1=DQA1*02:01:01:01SG | DQB1=DQB1*02:02:01:01 | DPA1=DPA1*01:03:01:02 | DPB1=DPB1*04:01:01:01/DPB1*04:01:01:02,HLA-A=A*02:01:01:01 | HLA-C=C*03:03:01:01 | HLA-B=B*15:01:01:01 | DRB345=DRB3*02:02:01:02 | DRB1=DRB1*13:01:01:01SG | DQA1=DQA1*01:03:01:02SG | DQB1=DQB1*06:03:01 | DPA1=DPA1*01:03:01:02 | DPB1=DPB1*04:01:01:01/DPB1*04:01:01:02,False,False,0.0,1.0,1.0,0.0,1.0,1.0,1.0,1.0,0.0
SYNTH_0213,Global,success,,324.3,0.57259001,6,1.7649,HLA-A=A*02:01:01:01 | HLA-C=C*05:01:01:02 | HLA-B=B*44:02:01:01 | DRB345=DRB4*01:03:01:01/DRB4*01:03:01:01:03 | DRB1=DRB1*04:01:01:01SG | DQA1=DQA1*03:03:01:01 | DQB1=DQB1*03:01:01:01 | DPA1=DPA1*01:03:01:04 | DPB1=DPB1*04:01:01:01/DPB1*04:01:01:02,HLA-A=A*02:01:01:01 | HLA-C=C*07:01:01:01 | HLA-B=B*08:01:01:01 | DRB345=DRB3*01:01:02:01 | DRB1=DRB1*03:01:01:01SG | DQA1=DQA1*05:01:01:02 | DQB1=DQB1*02:01:01 | DPA1=DPA1*01:03:01:02 | DPB1=DPB1*04:01:01:01/DPB1*04:01:01:02,False,False,1.0,1.0,1.0,0.0,1.0,1.0,1.0,1.0,0.0
SYNTH_0214,Global,success,,359.2,1.0,1,0.0,HLA-A=A*01:01:01:01 | HLA-C=C*07:02:01:03 | HLA-B=B*07:02:01 | DRB345=DRB5*01:01:01 | DRB1=DRB1*15:01:01:01SG | DQA1=DQA1*01:02:01:01SG | DQB1=DQB1*06:02:01 | DPA1=DPA1*01:03:01:04 | DPB1=DPB1*04:01:01:01/DPB1*04:01:01:02,HLA-A=A*30:01:01 | HLA-C=C*06:02:01:01 | HLA-B=B*13:02:01 | DRB345=DRB4*01:03:01:01/DRB4*01:03:01:01:03 | DRB1=DRB1*07:01:01:01SG | DQA1=DQA1*02:01:01:01SG | DQB1=DQB1*02:02:01:01 | DPA1=DPA1*02:01:01:01 | DPB1=DPB1*17:01,False,False,1.0,1.0,1.0,0.0,1.0,1.0,1.0,1.0,0.0
SYNTH_0215,Global,success,,312.7,1.0,1,0.0,HLA-A=A*01:01:01:01 | HLA-C=C*07:01:01:01 | HLA-B=B*08:01:01:01 | DRB345=DRB3*01:01:02:01 | DRB1=DRB1*03:01:01:01SG | DQA1=DQA1*05:01:01:02 | DQB1=DQB1*02:01:01 | DPA1=DPA1*02:01:02 | DPB1=DPB1*01:01:01,HLA-A=A*02:01:01:01 | HLA-C=C*05:01:01:02 | HLA-B=B*44:02:01:01 | DRB345=Abs | DRB1=DRB1*08:01:01 | DQA1=DQA1*04:01:01 | DQB1=DQB1*04:02:01 | DPA1=DPA1*01:03:01:03 | DPB1=DPB1*03:01:01,True,True,1.0,1.0,1.0,1.0,1.0,1.0,1.0,1.0,1.0
SYNTH_0216,Global,success,,306.3,1.0,1,0.0,HLA-A=A*02:01:01:01 | HLA-C=C*03:04:01:01 | HLA-B=B*15:01:01:01 | DRB345=DRB4*01:03:01:01/DRB4*01:03:01:01:03 | DRB1=DRB1*04:01:01:01SG | DQA1=DQA1*03:01:01 | DQB1=DQB1*03:02:01 | DPA1=DPA1*01:03:01:02 | DPB1=DPB1*04:01:01:01/DPB1*04:01:01:02,HLA-A=A*29:02:01:01 | HLA-C=C*08:02:01:01 | HLA-B=B*14:02:01:01 | DRB345=DRB4*01:01:01:01 | DRB1=DRB1*07:01:01:01SG | DQA1=DQA1*02:01:01:01SG | DQB1=DQB1*02:02:01:01 | DPA1=DPA1*01:04 | DPB1=DPB1*15:01:01,False,False,1.0,1.0,1.0,0.0,1.0,1.0,1.0,1.0,0.0
SYNTH_0217,Global,success,,525.1,0.51389714,18,2.4146,HLA-A=A*01:01:01:01 | HLA-C=C*07:01:01:01 | HLA-B=B*08:01:01:01 | DRB345=DRB3*01:01:02:01 | DRB1=DRB1*03:01:01:01SG | DQA1=DQA1*05:01:01:02 | DQB1=DQB1*02:01:01 | DPA1=DPA1*01:03:01:02 | DPB1=DPB1*04:01:01:01/DPB1*04:01:01:02,HLA-A=A*03:01:01:01 | HLA-C=C*07:02:01:03 | HLA-B=B*07:02:01 | DRB345=DRB5*01:01:01 | DRB1=DRB1*15:01:01:01SG | DQA1=DQA1*01:02:01:01SG | DQB1=DQB1*06:02:01 | DPA1=DPA1*01:03:01:02 | DPB1=DPB1*04:01:01:01/DPB1*04:01:01:02,False,False,0.0,1.0,1.0,1.0,1.0,1.0,1.0,1.0,0.0
SYNTH_0218,Global,success,,299.8,0.96666667,2,0.2108,HLA-A=A*02:01:01:01 | HLA-C=C*05:01:01:02 | HLA-B=B*44:02:01:01 | DRB345=DRB4*01:03:01:01/DRB4*01:03:01:01:03 | DRB1=DRB1*04:01:01:01SG | DQA1=DQA1*03:03:01:01 | DQB1=DQB1*03:01:01:01 | DPA1=DPA1*01:03:01:04 | DPB1=DPB1*04:01:01:01/DPB1*04:01:01:02,HLA-A=A*03:01:01:05 | HLA-C=C*06:02:01:01 | HLA-B=B*47:01:01:03 | DRB345=DRB4*01:01:01:01 | DRB1=DRB1*07:01:01:01SG | DQA1=DQA1*02:01:01:01SG | DQB1=DQB1*02:02:01:01 | DPA1=DPA1*01:03:01:03 | DPB1=DPB1*06:01:01,False,False,1.0,1.0,1.0,0.0,1.0,1.0,1.0,1.0,0.0
SYNTH_0219,Global,success,,265.0,1.0,1,0.0,HLA-A=A*26:01:01:01 | HLA-C=C*12:03:01:01 | HLA-B=B*38:01:01 | DRB345=DRB3*02:02:01:02 | DRB1=DRB1*11:01:01:01 | DQA1=DQA1*05:05:01:01SG | DQB1=DQB1*03:01:01:03 | DPA1=DPA1*01:03:01:01 | DPB1=DPB1*02:01:02/DPB1*02:01:19,HLA-A=A*02:05:01 | HLA-C=C*06:02:01:02 | HLA-B=B*50:01:01 | DRB345=DRB4*01:03:01:01/DRB4*01:03:01:01:03 | DRB1=DRB1*07:01:01:01SG | DQA1=DQA1*02:01:01:01SG | DQB1=DQB1*02:02:01:01 | DPA1=DPA1*01:03:01:02 | DPB1=DPB1*104:01,False,False,1.0,1.0,1.0,0.0,1.0,1.0,1.0,1.0,0.0
SYNTH_0220,Global,success,,265.5,1.0,1,0.0,HLA-A=A*02:01:01:01 | HLA-C=C*05:01:01:02 | HLA-B=B*44:02:01:01 | DRB345=DRB4*01:03:01:01/DRB4*01:03:01:01:03 | DRB1=DRB1*04:01:01:01SG | DQA1=DQA1*03:03:01:01 | DQB1=DQB1*03:01:01:01 | DPA1=DPA1*01:03:01:03 | DPB1=DPB1*03:01:01,HLA-A=A*03:01:01:01 | HLA-C=C*03:04:01:01 | HLA-B=B*40:01:02 | DRB345=DRB4*01:03:01:01/DRB4*01:03:01:01:03 | DRB1=DRB1*04:01:01:01SG | DQA1=DQA1*03:01:01 | DQB1=DQB1*03:02:01 | DPA1=DPA1*01:03:01:02 | DPB1=DPB1*04:01:01:01/DPB1*04:01:01:02,False,False,1.0,1.0,1.0,0.0,1.0,1.0,1.0,1.0,0.0
SYNTH_0221,Global,success,,249.0,0.96666667,2,0.2108,HLA-A=A*02:01:01:01 | HLA-C=C*05:01:01:02 | HLA-B=B*44:02:01:01 | DRB345=DRB4*01:03:01:01/DRB4*01:03:01:01:03 | DRB1=DRB1*04:01:01:01SG | DQA1=DQA1*03:03:01:01 | DQB1=DQB1*03:01:01:01 | DPA1=DPA1*01:03:01:04 | DPB1=DPB1*04:01:01:01/DPB1*04:01:01:02,HLA-A=A*01:01:01:01 | HLA-C=C*01:02:01 | HLA-B=B*51:01:01:01 | DRB345=Abs | DRB1=DRB1*01:01:01 | DQA1=DQA1*01:01:01:02SG | DQB1=DQB1*05:01:01:03 | DPA1=DPA1*01:03:01:03 | DPB1=DPB1*03:01:01,False,False,1.0,1.0,1.0,0.0,1.0,1.0,1.0,1.0,0.0
SYNTH_0222,Global,success,,271.6,0.3963964,9,2.3191,HLA-A=A*03:01:01:01 | HLA-C=C*07:02:01:03 | HLA-B=B*07:02:01 | DRB345=DRB5*01:01:01 | DRB1=DRB1*15:01:01:01SG | DQA1=DQA1*01:02:01:01SG | DQB1=DQB1*06:02:01 | DPA1=DPA1*01:03:01:02 | DPB1=DPB1*04:01:01:01/DPB1*04:01:01:02,HLA-A=A*02:01:01:01 | HLA-C=C*06:02:01:01 | HLA-B=B*57:01:01 | DRB345=DRB4*01:03:01:02N | DRB1=DRB1*07:01:01:01SG | DQA1=DQA1*02:01:01:01SG | DQB1=DQB1*03:03:02:01 | DPA1=DPA1*01:03:01:02 | DPB1=DPB1*04:01:01:01/DPB1*04:01:01:02,False,False,1.0,0.0,1.0,1.0,1.0,1.0,1.0,1.0,0.0
SYNTH_0223,Global,success,,922.3,1.0,1,0.0,HLA-A=A*02:01:01:01 | HLA-C=C*12:02:02 | HLA-B=B*52:01:01:02 | DRB345=DRB5*01:02 | DRB1=DRB1*15:02:01:01SG | DQA1=DQA1*01:03:01:01 | DQB1=DQB1*06:01:01 | DPA1=DPA1*01:03:01:04 | DPB1=DPB1*04:01:01:01/DPB1*04:01:01:02,HLA-A=A*02:01:01:01 | HLA-C=C*03:04:01:01 | HLA-B=B*40:01:02 | DRB345=DRB3*03:01:01 | DRB1=DRB1*13:02:01 | DQA1=DQA1*01:02:01:04SG | DQB1=DQB1*06:04:01 | DPA1=DPA1*02:06 | DPB1=DPB1*05:01:01,False,False,1.0,1.0,1.0,1.0,1.0,1.0,1.0,1.0,0.0
SYNTH_0224,Global,success,,265.8,1.0,1,0.0,HLA-A=A*23:01:01 | HLA-C=C*07:01:01:01 | HLA-B=B*49:01:01 | DRB345=DRB4*01:03:01:01/DRB4*01:03:01:01:03 | DRB1=DRB1*04:05:01 | DQA1=DQA1*03:03:01:01 | DQB1=DQB1*03:02:01 | DPA1=DPA1*02:01:01:01 | DPB1=DPB1*17:01,HLA-A=A*01:01:01:01 | HLA-C=C*05:01:01:02 | HLA-B=B*44:02:01:01 | DRB345=DRB4*01:03:01:01/DRB4*01:03:01:01:03 | DRB1=DRB1*04:01:01:01SG | DQA1=DQA1*03:03:01:01 | DQB1=DQB1*03:01:01:01 | DPA1=DPA1*01:03:01:04 | DPB1=DPB1*04:01:01:01/DPB1*04:01:01:02,False,False,1.0,1.0,1.0,0.0,1.0,1.0,1.0,1.0,0.0
SYNTH_0225,Global,success,,446.1,0.4673913,6,1.8169,HLA-A=A*02:01:01:01 | HLA-C=C*07:02:01:03 | HLA-B=B*07:02:01 | DRB345=DRB5*01:01:01 | DRB1=DRB1*15:01:01:01SG | DQA1=DQA1*01:02:01:01SG | DQB1=DQB1*06:02:01 | DPA1=DPA1*01:03:01:04 | DPB1=DPB1*04:01:01:01/DPB1*04:01:01:02,HLA-A=A*01:01:01:01 | HLA-C=C*07:01:01:01 | HLA-B=B*08:01:01:01 | DRB345=DRB3*01:01:02:01 | DRB1=DRB1*03:01:01:01SG | DQA1=DQA1*05:01:01:02 | DQB1=DQB1*02:01:01 | DPA1=DPA1*01:03:01:03 | DPB1=DPB1*03:01:01,False,False,0.0,1.0,1.0,1.0,1.0,1.0,1.0,1.0,0.0
SYNTH_0226,Global,success,,231.5,0.77777778,2,0.7642,HLA-A=A*02:01:01:01 | HLA-C=C*03:03:01:01 | HLA-B=B*15:01:01:01 | DRB345=DRB3*02:02:01:02 | DRB1=DRB1*13:01:01:01SG | DQA1=DQA1*01:03:01:02SG | DQB1=DQB1*06:03:01 | DPA1=DPA1*01:03:01:02 | DPB1=DPB1*04:01:01:01/DPB1*04:01:01:02,HLA-A=A*02:01:01:01 | HLA-C=C*07:02:01:03 | HLA-B=B*07:02:01 | DRB345=Abs | DRB1=DRB1*01:01:01 | DQA1=DQA1*01:01:01:02SG | DQB1=DQB1*05:01:01:03 | DPA1=DPA1*01:03:01:02 | DPB1=DPB1*04:01:01:01/DPB1*04:01:01:02,False,False,1.0,1.0,1.0,1.0,1.0,1.0,1.0,1.0,0.0
SYNTH_0227,Global,success,,197.6,1.0,1,0.0,HLA-A=A*25:01:01 | HLA-C=C*12:03:01:01 | HLA-B=B*18:01:01:02 | DRB345=DRB5*01:01:01 | DRB1=DRB1*15:01:01:01SG | DQA1=DQA1*01:02:01:01SG | DQB1=DQB1*06:02:01 | DPA1=DPA1*01:03:01:04 | DPB1=DPB1*23:01:01,HLA-A=A*02:01:01:01 | HLA-C=C*05:01:01:02 | HLA-B=B*44:02:01:01 | DRB345=DRB4*01:03:01:01/DRB4*01:03:01:01:03 | DRB1=DRB1*07:01:01:01SG | DQA1=DQA1*02:01:01:01SG | DQB1=DQB1*02:02:01:01 | DPA1=DPA1*01:03:01:02 | DPB1=DPB1*02:01:02/DPB1*02:01:19,False,False,1.0,1.0,1.0,0.0,1.0,1.0,1.0,1.0,0.0
SYNTH_0228,Global,success,,209.4,0.0,0,0.0,,,False,False,,,,,,,,,
SYNTH_0229,Global,success,,301.5,1.0,1,0.0,HLA-A=A*02:01:01:01 | HLA-C=C*03:04:01:01 | HLA-B=B*40:01:02 | DRB345=DRB3*03:01:01 | DRB1=DRB1*13:02:01 | DQA1=DQA1*01:02:01:04SG | DQB1=DQB1*06:04:01 | DPA1=DPA1*01:03:01:02 | DPB1=DPB1*04:01:01:01/DPB1*04:01:01:02,HLA-A=A*68:02:01:01 | HLA-C=C*08:02:01:01 | HLA-B=B*14:02:01:01 | DRB345=DRB3*01:01:02:01 | DRB1=DRB1*13:03:01 | DQA1=DQA1*05:05:01:01SG | DQB1=DQB1*03:01:01:03 | DPA1=DPA1*01:03:01:01 | DPB1=DPB1*02:01:02/DPB1*02:01:19,False,False,1.0,1.0,1.0,1.0,1.0,1.0,1.0,1.0,0.0
SYNTH_0230,Global,success,,289.9,1.0,1,0.0,HLA-A=A*01:01:01:01 | HLA-C=C*07:01:01:01 | HLA-B=B*08:01:01:01 | DRB345=DRB3*01:01:02:01 | DRB1=DRB1*03:01:01:01SG | DQA1=DQA1*05:01:01:02 | DQB1=DQB1*02:01:01 | DPA1=DPA1*02:01:02 | DPB1=DPB1*01:01:01,HLA-A=A*02:01:01:01 | HLA-C=C*05:01:01:02 | HLA-B=B*44:02:01:01 | DRB345=DRB4*01:03:01:01/DRB4*01:03:01:01:03 | DRB1=DRB1*04:01:01:01SG | DQA1=DQA1*03:03:01:01 | DQB1=DQB1*03:01:01:01 | DPA1=DPA1*01:03:01:05 | DPB1=DPB1*04:02:01:02,False,False,1.0,1.0,1.0,0.0,1.0,1.0,1.0,1.0,1.0
SYNTH_0231,Global,success,,298.5,1.0,1,0.0,HLA-A=A*01:01:01:01 | HLA-C=C*07:01:01:01 | HLA-B=B*08:01:01:01 | DRB345=DRB3*01:01:02:02 | DRB1=DRB1*03:01:01:01SG | DQA1=DQA1*05:01:01:02 | DQB1=DQB1*02:01:01 | DPA1=DPA1*02:01:02 | DPB1=DPB1*01:01:01,HLA-A=A*30:01:01 | HLA-C=C*06:02:01:01 | HLA-B=B*13:02:01 | DRB345=DRB4*01:03:01:01/DRB4*01:03:01:01:03 | DRB1=DRB1*07:01:01:01SG | DQA1=DQA1*02:01:01:01SG | DQB1=DQB1*02:02:01:01 | DPA1=DPA1*02:01:01:01 | DPB1=DPB1*17:01,False,False,1.0,1.0,1.0,0.0,1.0,1.0,1.0,1.0,1.0
SYNTH_0232,Global,success,,267.3,1.0,1,0.0,HLA-A=A*24:02:01:01 | HLA-C=C*12:02:02 | HLA-B=B*52:01:01:01 | DRB345=DRB5*01:02 | DRB1=DRB1*15:02:01:01SG | DQA1=DQA1*01:03:01:01 | DQB1=DQB1*06:01:01 | DPA1=DPA1*02:02:02 | DPB1=DPB1*05:01:01,HLA-A=A*02:01:01:01 | HLA-C=C*03:04:01:01 | HLA-B=B*40:01:02 | DRB345=DRB5*01:01:01 | DRB1=DRB1*15:01:01:01SG | DQA1=DQA1*01:02:01:01SG | DQB1=DQB1*06:02:01 | DPA1=DPA1*01:03:01:04 | DPB1=DPB1*04:01:01:01/DPB1*04:01:01:02,False,False,1.0,1.0,1.0,1.0,1.0,1.0,1.0,1.0,0.0
SYNTH_0233,Global,success,,284.8,0.66666667,2,0.9183,HLA-A=A*33:01:01 | HLA-C=C*08:02:01:01 | HLA-B=B*14:02:01:01 | DRB345=Abs | DRB1=DRB1*01:02:01 | DQA1=DQA1*01:01:02 | DQB1=DQB1*05:01:01:01 | DPA1=DPA1*01:03:01:02 | DPB1=DPB1*04:01:01:01/DPB1*04:01:01:02,HLA-A=A*02:01:01:01 | HLA-C=C*16:01:01:01 | HLA-B=B*44:03:01:01 | DRB345=DRB4*01:01:01:01 | DRB1=DRB1*07:01:01:01SG | DQA1=DQA1*02:01:01:01SG | DQB1=DQB1*04:02:01 | DPA1=DPA1*02:01:08 | DPB1=DPB1*01:01:01,False,False,1.0,1.0,1.0,1.0,1.0,1.0,1.0,1.0,0.0
SYNTH_0234,Global,success,,186.7,1.0,1,0.0,HLA-A=A*03:01:01:01 | HLA-C=C*03:03:01:01 | HLA-B=B*15:01:01:01 | DRB345=DRB5*01:01:01 | DRB1=DRB1*15:01:01:01SG | DQA1=DQA1*01:02:01:01SG | DQB1=DQB1*06:02:01 | DPA1=DPA1*01:03:01:02 | DPB1=DPB1*04:01:01:01/DPB1*04:01:01:02,HLA-A=A*03:01:01:01 | HLA-C=C*07:02:01:03 | HLA-B=B*07:02:01 | DRB345=DRB4*01:03:01:01/DRB4*01:03:01:01:03 | DRB1=DRB1*04:04:01 | DQA1=DQA1*03:01:01 | DQB1=DQB1*03:02:01 | DPA1=DPA1*01:03:01:03 | DPB1=DPB1*03:01:01,False,False,1.0,1.0,1.0,0.0,1.0,1.0,1.0,1.0,0.0
SYNTH_0235,Global,success,,6236.9,0.0,0,0.0,,,False,False,,,,,,,,,
SYNTH_0236,Global,success,,187.4,0.4673913,6,1.8169,HLA-A=A*11:01:01:01 | HLA-C=C*01:02:01 | HLA-B=B*56:01:01:03 | DRB345=Abs | DRB1=DRB1*01:01:01 | DQA1=DQA1*01:01:01:02SG | DQB1=DQB1*05:01:01:03 | DPA1=DPA1*01:03:01:03 | DPB1=DPB1*06:01:01,HLA-A=A*02:01:01:01 | HLA-C=C*07:02:01:03 | HLA-B=B*07:02:01 | DRB345=DRB5*01:01:01 | DRB1=DRB1*15:01:01:01SG | DQA1=DQA1*01:02:01:01SG | DQB1=DQB1*06:02:01 | DPA1=DPA1*01:03:01:04 | DPB1=DPB1*04:01:01:01/DPB1*04:01:01:02,False,False,0.0,1.0,1.0,1.0,1.0,1.0,1.0,1.0,0.0
SYNTH_0237,Global,success,,163.7,1.0,1,0.0,HLA-A=A*23:01:01 | HLA-C=C*04:01:01:01 | HLA-B=B*44:03:01:01 | DRB345=DRB4*01:01:01:01 | DRB1=DRB1*07:01:01:01SG | DQA1=DQA1*02:01:01:01SG | DQB1=DQB1*02:02:01:01 | DPA1=DPA1*01:03:01:01 | DPB1=DPB1*02:01:02/DPB1*02:01:19,HLA-A=A*25:01:01 | HLA-C=C*12:03:01:01 | HLA-B=B*18:01:01:02 | DRB345=DRB5*01:01:01 | DRB1=DRB1*15:01:01:01SG | DQA1=DQA1*01:02:01:01SG | DQB1=DQB1*06:02:01 | DPA1=DPA1*01:03:01:04 | DPB1=DPB1*23:01:01,False,False,1.0,1.0,1.0,1.0,1.0,1.0,1.0,1.0,0.0
SYNTH_0238,Global,success,,215.3,1.0,1,0.0,HLA-A=A*02:01:01:01 | HLA-C=C*03:03:01:01 | HLA-B=B*15:01:01:01 | DRB345=DRB3*02:02:01:02 | DRB1=DRB1*13:01:01:01SG | DQA1=DQA1*01:03:01:02SG | DQB1=DQB1*06:03:01 | DPA1=DPA1*01:03:01:04 | DPB1=DPB1*04:01:01:01/DPB1*04:01:01:02,HLA-A=A*03:01:01:01 | HLA-C=C*07:02:01:03 | HLA-B=B*07:02:01 | DRB345=DRB3*01:01:02:01 | DRB1=DRB1*13:01:01:01SG | DQA1=DQA1*01:03:01:02SG | DQB1=DQB1*06:03:01 | DPA1=DPA1*01:03:01:03 | DPB1=DPB1*03:01:01,False,False,1.0,1.0,1.0,1.0,1.0,1.0,1.0,1.0,0.0
SYNTH_0239,Global,success,,286.4,1.0,1,0.0,HLA-A=A*01:01:01:01 | HLA-C=C*07:01:01:01 | HLA-B=B*08:01:01:01 | DRB345=DRB3*01:01:02:01 | DRB1=DRB1*03:01:01:01SG | DQA1=DQA1*05:01:01:02 | DQB1=DQB1*02:01:01 | DPA1=DPA1*01:03:01:02 | DPB1=DPB1*04:01:01:01/DPB1*04:01:01:02,HLA-A=A*24:02:01:01 | HLA-C=C*07:02:01:03 | HLA-B=B*07:02:01 | DRB345=DRB5*01:01:01 | DRB1=DRB1*15:01:01:01SG | DQA1=DQA1*01:02:01:01SG | DQB1=DQB1*06:02:01 | DPA1=DPA1*01:03:01:04 | DPB1=DPB1*04:01:01:01/DPB1*04:01:01:02,False,False,1.0,1.0,1.0,1.0,1.0,1.0,1.0,1.0,0.0
SYNTH_0240,Global,success,,176.0,1.0,1,0.0,HLA-A=A*01:01:01:01 | HLA-C=C*07:01:01:01 | HLA-B=B*08:01:01:01 | DRB345=DRB3*01:01:02:01 | DRB1=DRB1*03:01:01:01SG | DQA1=DQA1*05:01:01:02 | DQB1=DQB1*02:01:01 | DPA1=DPA1*01:03:01:02 | DPB1=DPB1*04:01:01:01/DPB1*04:01:01:02,HLA-A=A*03:01:01:01 | HLA-C=C*04:01:01:01 | HLA-B=B*35:03:01 | DRB345=Abs | DRB1=DRB1*01:01:01 | DQA1=DQA1*01:01:01:02SG | DQB1=DQB1*05:01:01:03 | DPA1=DPA1*01:03:01:02 | DPB1=DPB1*04:01:01:01/DPB1*04:01:01:02,False,False,1.0,1.0,1.0,1.0,1.0,1.0,1.0,1.0,0.0
SYNTH_0241,Global,success,,280.1,1.0,1,0.0,HLA-A=A*11:01:01:01 | HLA-C=C*04:01:01:05 | HLA-B=B*35:01:01:02 | DRB345=Abs | DRB1=DRB1*01:01:01 | DQA1=DQA1*01:01:01:02SG | DQB1=DQB1*05:01:01:03 | DPA1=DPA1*01:03:01:02 | DPB1=DPB1*04:01:01:01/DPB1*04:01:01:02,HLA-A=A*02:01:01:01 | HLA-C=C*05:01:01:02 | HLA-B=B*44:02:01:01 | DRB345=DRB4*01:03:01:01/DRB4*01:03:01:01:03 | DRB1=DRB1*04:01:01:01SG | DQA1=DQA1*03:03:01:01 | DQB1=DQB1*03:01:01:01 | DPA1=DPA1*01:03:01:02 | DPB1=DPB1*04:01:01:01/DPB1*04:01:01:02,False,False,1.0,1.0,1.0,0.0,1.0,1.0,1.0,1.0,0.0
SYNTH_0242,Global,success,,276.5,1.0,1,0.0,HLA-A=A*01:01:01:01 | HLA-C=C*07:01:01:01 | HLA-B=B*08:01:01:01 | DRB345=DRB3*01:01:02:01 | DRB1=DRB1*03:01:01:01SG | DQA1=DQA1*05:01:01:02 | DQB1=DQB1*02:01:01 | DPA1=DPA1*01:03:01:05 | DPB1=DPB1*04:02:01:02,HLA-A=A*01:01:01:01 | HLA-C=C*06:02:01:01 | HLA-B=B*57:01:01 | DRB345=DRB4*01:03:01:02N | DRB1=DRB1*07:01:01:01SG | DQA1=DQA1*02:01:01:01SG | DQB1=DQB1*03:03:02:01 | DPA1=DPA1*01:03:01:01 | DPB1=DPB1*02:01:02/DPB1*02:01:19,False,False,1.0,1.0,1.0,1.0,1.0,1.0,1.0,1.0,0.0
SYNTH_0243,Global,success,,104.1,1.0,1,0.0,HLA-A=A*02:01:01:01 | HLA-C=C*03:04:01:01 | HLA-B=B*40:01:02 | DRB345=DRB3*03:01:01 | DRB1=DRB1*13:02:01 | DQA1=DQA1*01:02:01:04SG | DQB1=DQB1*06:04:01 | DPA1=DPA1*01:03:01:02 | DPB1=DPB1*04:01:01:01/DPB1*04:01:01:02,HLA-A=A*02:01:01:01 | HLA-C=C*07:02:01:03 | HLA-B=B*07:02:01 | DRB345=DRB5*01:01:01 | DRB1=DRB1*15:01:01:01SG | DQA1=DQA1*01:02:01:01SG | DQB1=DQB1*06:02:01 | DPA1=DPA1*01:03:01:04 | DPB1=DPB1*04:01:01:01/DPB1*04:01:01:02,False,False,1.0,1.0,1.0,1.0,1.0,1.0,1.0,1.0,0.0
SYNTH_0244,Global,success,,206.3,0.57894737,3,1.3838,HLA-A=A*68:03:01 | HLA-C=C*03:05 | HLA-B=B*35:01:01:02 | DRB345=DRB4*01:03:01:01/DRB4*01:03:01:01:03 | DRB1=DRB1*04:07:01 | DQA1=DQA1*03:01:01 | DQB1=DQB1*03:02:01 | DPA1=DPA1*01:03:01:05 | DPB1=DPB1*04:02:01:02,HLA-A=A*02:01:01:01 | HLA-C=C*07:01:01:01 | HLA-B=B*18:01:01:02 | DRB345=DRB3*02:02:01:02 | DRB1=DRB1*11:04:01 | DQA1=DQA1*05:05:01:01SG | DQB1=DQB1*03:01:01:03 | DPA1=DPA1*01:03:01:05 | DPB1=DPB1*04:02:01:01,False,False,1.0,1.0,1.0,0.0,1.0,1.0,1.0,1.0,1.0
SYNTH_0245,Global,success,,185.9,1.0,1,0.0,HLA-A=A*03:01:01:01 | HLA-C=C*16:01:01:01 | HLA-B=B*44:03:01:01 | DRB345=DRB4*01:01:01:01 | DRB1=DRB1*07:01:01:01SG | DQA1=DQA1*02:01:01:01SG | DQB1=DQB1*02:02:01:01 | DPA1=DPA1*02:02:02 | DPB1=DPB1*01:01:01,HLA-A=A*01:01:01:01 | HLA-C=C*07:01:01:01 | HLA-B=B*08:01:01:01 | DRB345=Abs | DRB1=DRB1*01:01:01 | DQA1=DQA1*01:01:01:02SG | DQB1=DQB1*05:01:01:03 | DPA1=DPA1*01:03:01:02 | DPB1=DPB1*04:01:01:01/DPB1*04:01:01:02,False,False,1.0,1.0,1.0,1.0,1.0,1.0,1.0,1.0,0.0
SYNTH_0246,Global,success,,225.0,0.0,0,0.0,,,False,False,,,,,,,,,
SYNTH_0247,Global,success,,218.8,1.0,1,0.0,HLA-A=A*02:01:01:01 | HLA-C=C*03:03:01:01 | HLA-B=B*15:01:01:01 | DRB345=DRB3*02:02:01:02 | DRB1=DRB1*13:01:01:01SG | DQA1=DQA1*01:03:01:02SG | DQB1=DQB1*06:03:01 | DPA1=DPA1*01:03:01:04 | DPB1=DPB1*04:01:01:01/DPB1*04:01:01:02,HLA-A=A*02:01:01:01 | HLA-C=C*03:04:01:01 | HLA-B=B*15:01:01:01 | DRB345=DRB5*01:01:01 | DRB1=DRB1*15:01:01:01SG | DQA1=DQA1*01:02:01:01SG | DQB1=DQB1*06:02:01 | DPA1=DPA1*01:03:01:02 | DPB1=DPB1*04:01:01:01/DPB1*04:01:01:02,False,False,1.0,1.0,1.0,1.0,1.0,1.0,1.0,1.0,0.0
SYNTH_0248,Global,success,,207.6,0.7096786,6,1.2735,HLA-A=A*01:01:01:01 | HLA-C=C*07:01:01:01 | HLA-B=B*08:01:01:01 | DRB345=DRB3*01:01:02:01 | DRB1=DRB1*03:01:01:01SG | DQA1=DQA1*05:01:01:02 | DQB1=DQB1*02:01:01 | DPA1=DPA1*01:03:01:02 | DPB1=DPB1*04:01:01:01/DPB1*04:01:01:02,HLA-A=A*01:01:01:01 | HLA-C=C*07:01:01:01 | HLA-B=B*08:01:01:01 | DRB345=DRB3*01:01:02:01 | DRB1=DRB1*03:01:01:01SG | DQA1=DQA1*05:01:01:02 | DQB1=DQB1*02:01:01 | DPA1=DPA1*01:03:01:02 | DPB1=DPB1*04:01:01:01/DPB1*04:01:01:02,False,False,1.0,1.0,1.0,1.0,1.0,1.0,1.0,1.0,0.0
SYNTH_0249,Global,success,,158.7,1.0,1,0.0,HLA-A=A*03:01:01:01 | HLA-C=C*02:02:02:01 | HLA-B=B*51:01:01:01 | DRB345=Abs | DRB1=DRB1*01:01:01 | DQA1=DQA1*01:01:01:02SG | DQB1=DQB1*05:01:01:03 | DPA1=DPA1*01:03:01:05 | DPB1=DPB1*04:02:01:02,HLA-A=A*02:01:01:01 | HLA-C=C*06:02:01:01 | HLA-B=B*57:01:01 | DRB345=DRB4*01:03:01:02N | DRB1=DRB1*07:01:01:01SG | DQA1=DQA1*02:01:01:01SG | DQB1=DQB1*03:03:02:01 | DPA1=DPA1*01:03:01:04 | DPB1=DPB1*04:01:01:01/DPB1*04:01:01:02,False,False,1.0,1.0,1.0,1.0,1.0,1.0,1.0,1.0,0.0
SYNTH_0250,Global,success,,151.7,0.60869565,4,1.5645,HLA-A=A*02:01:01:01 | HLA-C=C*03:04:01:01 | HLA-B=B*40:01:02 | DRB345=DRB3*03:01:01 | DRB1=DRB1*13:02:01 | DQA1=DQA1*01:02:01:04SG | DQB1=DQB1*06:04:01 | DPA1=DPA1*01:03:01:02 | DPB1=DPB1*04:01:01:01/DPB1*04:01:01:02,HLA-A=A*29:01:01:01 | HLA-C=C*15:05:02 | HLA-B=B*07:05:01:01 | DRB345=Abs | DRB1=DRB1*10:01:01:01 | DQA1=DQA1*01:05:01 | DQB1=DQB1*05:01:01:02 | DPA1=DPA1*01:03:01:01 | DPB1=DPB1*02:01:02/DPB1*02:01:19,False,False,0.0,1.0,1.0,1.0,1.0,1.0,1.0,0.0,0.0
SYNTH_0251,Global,success,,146.8,1.0,1,0.0,HLA-A=A*68:01:01:02 | HLA-C=C*06:02:01:01 | HLA-B=B*58:02:01 | DRB345=DRB3*02:02:01:02 | DRB1=DRB1*12:01:01:03 | DQA1=DQA1*01:05:01 | DQB1=DQB1*05:01:01:02 | DPA1=DPA1*01:03:01:02 | DPB1=DPB1*18:01,HLA-A=A*03:01:01:01 | HLA-C=C*04:01:01:01 | HLA-B=B*35:01:01:02 | DRB345=Abs | DRB1=DRB1*01:01:01 | DQA1=DQA1*01:01:01:02SG | DQB1=DQB1*05:01:01:03 | DPA1=DPA1*01:03:01:01 | DPB1=DPB1*02:01:02/DPB1*02:01:19,False,False,1.0,1.0,1.0,1.0,1.0,1.0,1.0,1.0,0.0
SYNTH_0252,Global,success,,259.8,1.0,1,0.0,HLA-A=A*01:01:01:01 | HLA-C=C*07:01:01:01 | HLA-B=B*08:01:01:01 | DRB345=DRB3*01:01:02:01 | DRB1=DRB1*03:01:01:01SG | DQA1=DQA1*05:01:01:02 | DQB1=DQB1*02:01:01 | DPA1=DPA1*02:01:02 | DPB1=DPB1*01:01:01,HLA-A=A*02:01:01:01 | HLA-C=C*14:02:01:01 | HLA-B=B*51:01:01:01 | DRB345=DRB5*02:02 | DRB1=DRB1*16:01:01 | DQA1=DQA1*01:02:02 | DQB1=DQB1*05:02:01 | DPA1=DPA1*01:03:01:02 | DPB1=DPB1*04:01:01:01/DPB1*04:01:01:02,False,False,1.0,1.0,1.0,1.0,1.0,1.0,1.0,1.0,0.0
SYNTH_0253,Global,success,,138.1,1.0,1,0.0,HLA-A=A*01:01:01:01 | HLA-C=C*07:01:01:01 | HLA-B=B*08:01:01:01 | DRB345=DRB3*01:01:02:01 | DRB1=DRB1*03:01:01:01SG | DQA1=DQA1*05:01:01:02 | DQB1=DQB1*02:01:01 | DPA1=DPA1*01:03:01:02 | DPB1=DPB1*04:01:01:01/DPB1*04:01:01:02,HLA-A=A*01:01:01:01 | HLA-C=C*06:02:01:01 | HLA-B=B*37:01:01 | DRB345=DRB5*01:01:01 | DRB1=DRB1*15:01:01:01SG | DQA1=DQA1*01:02:01:01SG | DQB1=DQB1*06:02:01 | DPA1=DPA1*01:03:01:04 | DPB1=DPB1*04:01:01:01/DPB1*04:01:01:02,False,False,1.0,1.0,1.0,1.0,1.0,1.0,1.0,1.0,0.0
SYNTH_0254,Global,success,,189.9,0.98245614,2,0.1274,HLA-A=A*03:01:01:01 | HLA-C=C*07:02:01:03 | HLA-B=B*07:02:01 | DRB345=DRB5*01:01:01 | DRB1=DRB1*15:01:01:01SG | DQA1=DQA1*01:02:01:01SG | DQB1=DQB1*06:02:01 | DPA1=DPA1*01:03:01:02 | DPB1=DPB1*04:01:01:01/DPB1*04:01:01:02,HLA-A=A*24:02:01:01 | HLA-C=C*04:01:01:06 | HLA-B=B*35:08:01 | DRB345=DRB4*01:03:01:01/DRB4*01:03:01:01:03 | DRB1=DRB1*04:03:01 | DQA1=DQA1*03:01:01 | DQB1=DQB1*03:02:01 | DPA1=DPA1*01:03:01:01 | DPB1=DPB1*02:01:02/DPB1*02:01:19,False,False,1.0,1.0,1.0,0.0,1.0,1.0,1.0,1.0,0.0
SYNTH_0255,Global,success,,115.1,1.0,1,0.0,HLA-A=A*30:01:01 | HLA-C=C*06:02:01:01 | HLA-B=B*13:02:01 | DRB345=DRB4*01:03:01:01/DRB4*01:03:01:01:03 | DRB1=DRB1*07:01:01:01SG | DQA1=DQA1*02:01:01:01SG | DQB1=DQB1*02:02:01:01 | DPA1=DPA1*01:03:01:01 | DPB1=DPB1*02:01:02/DPB1*02:01:19,HLA-A=A*03:01:01:01 | HLA-C=C*07:02:01:03 | HLA-B=B*07:02:01 | DRB345=DRB5*01:01:01 | DRB1=DRB1*15:01:01:01SG | DQA1=DQA1*01:02:01:01SG | DQB1=DQB1*06:02:01 | DPA1=DPA1*01:03:01:02 | DPB1=DPB1*04:01:01:01/DPB1*04:01:01:02,False,False,1.0,1.0,1.0,0.0,1.0,1.0,1.0,1.0,0.0
SYNTH_0256,Global,success,,318.5,0.19964349,18,3.2926,HLA-A=A*03:01:01:01 | HLA-C=C*07:02:01:03 | HLA-B=B*07:02:01 | DRB345=DRB5*01:01:01 | DRB1=DRB1*15:01:01:01SG | DQA1=DQA1*01:02:01:01SG | DQB1=DQB1*06:02:01 | DPA1=DPA1*01:03:01:02 | DPB1=DPB1*04:01:01:01/DPB1*04:01:01:02,HLA-A=A*03:01:01:01 | HLA-C=C*07:01:01:01 | HLA-B=B*49:01:01 | DRB345=DRB3*02:02:01:02 | DRB1=DRB1*11:01:01:01 | DQA1=DQA1*05:05:01:01SG | DQB1=DQB1*03:01:01:03 | DPA1=DPA1*01:03:01:04 | DPB1=DPB1*04:01:01:01/DPB1*04:01:01:02,False,False,0.0,1.0,0.0,1.0,1.0,1.0,1.0,1.0,0.0
SYNTH_0257,Global,success,,232.4,0.57142857,2,0.9852,HLA-A=A*11:01:01:01 | HLA-C=C*12:02:02 | HLA-B=B*52:01:01:02 | DRB345=DRB5*01:02 | DRB1=DRB1*15:02:01:01SG | DQA1=DQA1*01:03:01:01 | DQB1=DQB1*06:01:01 | DPA1=DPA1*02:02:01 | DPB1=DPB1*04:01:01:01/DPB1*04:01:01:02,HLA-A=A*68:01:01:02 | HLA-C=C*06:02:01:01 | HLA-B=B*58:02:01 | DRB345=DRB3*02:02:01:02 | DRB1=DRB1*12:01:01:03 | DQA1=DQA1*01:05:01 | DQB1=DQB1*05:01:01:02 | DPA1=DPA1*01:03:01:02 | DPB1=DPB1*18:01,False,False,1.0,1.0,1.0,1.0,1.0,1.0,1.0,1.0,0.0
SYNTH_0258,Global,success,,269.5,0.88043478,3,0.6292,HLA-A=A*01:01:01:01 | HLA-C=C*07:01:01:01 | HLA-B=B*08:01:01:01 | DRB345=DRB3*01:01:02:01 | DRB1=DRB1*03:01:01:01SG | DQA1=DQA1*05:01:01:02 | DQB1=DQB1*02:01:01 | DPA1=DPA1*02:01:02 | DPB1=DPB1*01:01:01,HLA-A=A*24:02:01:01 | HLA-C=C*07:02:01:03 | HLA-B=B*07:02:01 | DRB345=DRB5*01:01:01 | DRB1=DRB1*15:01:01:01SG | DQA1=DQA1*01:02:01:01SG | DQB1=DQB1*06:02:01 | DPA1=DPA1*01:03:01:03 | DPB1=DPB1*03:01:01,True,False,1.0,1.0,1.0,1.0,1.0,1.0,1.0,1.0,1.0
SYNTH_0259,Global,success,,263.9,1.0,1,0.0,HLA-A=A*26:01:01:01 | HLA-C=C*12:03:01:01 | HLA-B=B*38:01:01 | DRB345=DRB4*01:03:01:01/DRB4*01:03:01:01:03 | DRB1=DRB1*04:02:01 | DQA1=DQA1*03:01:01 | DQB1=DQB1*03:02:01 | DPA1=DPA1*01:03:01:04 | DPB1=DPB1*04:01:01:01/DPB1*04:01:01:02,HLA-A=A*02:01:01:01 | HLA-C=C*05:01:01:02 | HLA-B=B*44:02:01:01 | DRB345=DRB4*01:03:01:01/DRB4*01:03:01:01:03 | DRB1=DRB1*07:01:01:01SG | DQA1=DQA1*02:01:01:01SG | DQB1=DQB1*02:02:01:01 | DPA1=DPA1*01:03:01:02 | DPB1=DPB1*02:01:02/DPB1*02:01:19,False,False,1.0,1.0,1.0,0.0,1.0,1.0,1.0,1.0,0.0
SYNTH_0260,Global,success,,116.2,0.56756757,6,1.7123,HLA-A=A*03:01:01:01 | HLA-C=C*07:02:01:03 | HLA-B=B*07:02:01 | DRB345=DRB5*01:01:01 | DRB1=DRB1*15:01:01:01SG | DQA1=DQA1*01:02:01:01SG | DQB1=DQB1*06:02:01 | DPA1=DPA1*01:03:01:02 | DPB1=DPB1*04:01:01:01/DPB1*04:01:01:02,HLA-A=A*32:01:01 | HLA-C=C*08:02:01:02 | HLA-B=B*14:01:01 | DRB345=DRB4*01:01:01:01 | DRB1=DRB1*07:01:01:01SG | DQA1=DQA1*02:01:01:01SG | DQB1=DQB1*02:02:01:01 | DPA1=DPA1*01:03:01:02 | DPB1=DPB1*04:01:01:01/DPB1*04:01:01:02,False,False,1.0,1.0,1.0,1.0,1.0,1.0,1.0,1.0,0.0
SYNTH_0261,Global,success,,269.7,0.91011236,2,0.4361,HLA-A=A*01:01:01:01 | HLA-C=C*07:01:01:01 | HLA-B=B*08:01:01:01 | DRB345=DRB3*01:01:02:01 | DRB1=DRB1*03:01:01:01SG | DQA1=DQA1*05:01:01:02 | DQB1=DQB1*02:01:01 | DPA1=DPA1*02:01:02 | DPB1=DPB1*01:01:01,HLA-A=A*23:01:01 | HLA-C=C*04:01:01:01 | HLA-B=B*44:03:01:01 | DRB345=DRB4*01:01:01:01 | DRB1=DRB1*07:01:01:01SG | DQA1=DQA1*02:01:01:01SG | DQB1=DQB1*02:02:01:01 | DPA1=DPA1*01:03:01:01 | DPB1=DPB1*02:01:02/DPB1*02:01:19,False,False,1.0,1.0,1.0,1.0,1.0,1.0,1.0,1.0,0.0
SYNTH_0262,Global,success,,250.6,1.0,1,0.0,HLA-A=A*02:01:01:01 | HLA-C=C*05:01:01:02 | HLA-B=B*44:02:01:01 | DRB345=Abs | DRB1=DRB1*01:01:01 | DQA1=DQA1*01:01:01:02SG | DQB1=DQB1*05:01:01:03 | DPA1=DPA1*01:03:01:02 | DPB1=DPB1*04:01:01:01/DPB1*04:01:01:02,HLA-A=A*30:01:01 | HLA-C=C*06:02:01:01 | HLA-B=B*13:02:01 | DRB345=DRB4*01:03:01:01/DRB4*01:03:01:01:03 | DRB1=DRB1*07:01:01:01SG | DQA1=DQA1*02:01:01:01SG | DQB1=DQB1*02:02:01:01 | DPA1=DPA1*01:03:01:04 | DPB1=DPB1*04:01:01:01/DPB1*04:01:01:02,False,False,1.0,1.0,1.0,0.0,1.0,1.0,1.0,1.0,0.0
SYNTH_0263,Global,success,,254.8,1.0,1,0.0,HLA-A=A*29:02:01:01 | HLA-C=C*16:01:01:01 | HLA-B=B*44:03:01:01 | DRB345=DRB4*01:01:01:01 | DRB1=DRB1*07:01:01:01SG | DQA1=DQA1*02:01:01:01SG | DQB1=DQB1*02:02:01:01 | DPA1=DPA1*02:01:01:01 | DPB1=DPB1*11:01:01,HLA-A=A*01:01:01:01 | HLA-C=C*07:01:01:01 | HLA-B=B*08:01:01:01 | DRB345=DRB3*01:01:02:01 | DRB1=DRB1*03:01:01:01SG | DQA1=DQA1*05:01:01:02 | DQB1=DQB1*02:01:01 | DPA1=DPA1*02:01:01:02 | DPB1=DPB1*09:01:01,True,False,1.0,1.0,1.0,1.0,1.0,1.0,1.0,1.0,1.0
SYNTH_0264,Global,success,,176.3,0.81756757,4,0.908,HLA-A=A*29:02:01:01 | HLA-C=C*16:01:01:01 | HLA-B=B*44:03:01:01 | DRB345=DRB4*01:01:01:01 | DRB1=DRB1*07:01:01:01SG | DQA1=DQA1*02:01:01:01SG | DQB1=DQB1*02:02:01:01 | DPA1=DPA1*02:01:01:01 | DPB1=DPB1*11:01:01,HLA-A=A*01:01:01:01 | HLA-C=C*07:01:01:01 | HLA-B=B*08:01:01:01 | DRB345=DRB3*01:01:02:01 | DRB1=DRB1*03:01:01:01SG | DQA1=DQA1*05:01:01:02 | DQB1=DQB1*02:01:01 | DPA1=DPA1*01:03:01:03 | DPB1=DPB1*03:01:01,False,False,1.0,1.0,1.0,0.0,1.0,1.0,1.0,1.0,1.0
SYNTH_0265,Global,success,,230.3,1.0,1,0.0,HLA-A=A*30:01:01 | HLA-C=C*17:01:01:02 | HLA-B=B*42:02:01:02 | DRB345=Abs | DRB1=DRB1*08:04:01 | DQA1=DQA1*05:05:01:01SG | DQB1=DQB1*03:01:04 | DPA1=DPA1*02:01:01:01 | DPB1=DPB1*11:01:01,HLA-A=A*02:01:01:01 | HLA-C=C*05:01:01:02 | HLA-B=B*44:02:01:01 | DRB345=DRB3*02:02:01:02 | DRB1=DRB1*12:01:01:03 | DQA1=DQA1*05:05:01:05SG | DQB1=DQB1*03:01:01:01 | DPA1=DPA1*01:03:01:02 | DPB1=DPB1*04:01:01:01/DPB1*04:01:01:02,False,False,1.0,1.0,1.0,1.0,1.0,1.0,1.0,1.0,0.0
SYNTH_0266,Global,success,,115.4,1.0,1,0.0,HLA-A=A*01:01:01:01 | HLA-C=C*07:01:01:01 | HLA-B=B*08:01:01:01 | DRB345=DRB3*01:01:02:01 | DRB1=DRB1*03:01:01:01SG | DQA1=DQA1*05:01:01:02 | DQB1=DQB1*02:01:01 | DPA1=DPA1*02:01:02 | DPB1=DPB1*01:01:01,HLA-A=A*25:01:01 | HLA-C=C*12:03:01:01 | HLA-B=B*18:01:01:02 | DRB345=DRB5*01:01:01 | DRB1=DRB1*15:01:01:01SG | DQA1=DQA1*01:02:01:01SG | DQB1=DQB1*06:02:01 | DPA1=DPA1*01:03:01:05 | DPB1=DPB1*04:02:01:02,True,False,1.0,1.0,1.0,1.0,1.0,1.0,1.0,1.0,1.0
SYNTH_0267,Global,success,,156.8,1.0,1,0.0,HLA-A=A*02:01:01:01 | HLA-C=C*05:01:01:02 | HLA-B=B*44:02:01:01 | DRB345=DRB3*02:02:01:02 | DRB1=DRB1*11:03:01 | DQA1=DQA1*05:05:01:01SG | DQB1=DQB1*03:01:01:02 | DPA1=DPA1*01:03:01:02 | DPB1=DPB1*04:01:01:01/DPB1*04:01:01:02,HLA-A=A*02:01:01:01 | HLA-C=C*05:01:01:02 | HLA-B=B*44:02:01:01 | DRB345=DRB4*01:03:01:01/DRB4*01:03:01:01:03 | DRB1=DRB1*04:01:01:01SG | DQA1=DQA1*03:03:01:01 | DQB1=DQB1*03:01:01:01 | DPA1=DPA1*01:03:01:04 | DPB1=DPB1*04:01:01:01/DPB1*04:01:01:02,False,False,1.0,1.0,1.0,0.0,1.0,1.0,1.0,1.0,0.0
SYNTH_0268,Global,success,,111.6,1.0,1,0.0,HLA-A=A*03:01:01:01 | HLA-C=C*02:02:02:01 | HLA-B=B*51:01:01:01 | DRB345=Abs | DRB1=DRB1*01:01:01 | DQA1=DQA1*01:01:01:02SG | DQB1=DQB1*05:01:01:03 | DPA1=DPA1*01:03:01:05 | DPB1=DPB1*04:02:01:02,HLA-A=A*24:02:01:01 | HLA-C=C*07:04:01:01 | HLA-B=B*44:02:01:03 | DRB345=DRB3*02:02:01:02 | DRB1=DRB1*11:01:01:01 | DQA1=DQA1*05:05:01:01SG | DQB1=DQB1*03:01:01:03 | DPA1=DPA1*01:03:01:01 | DPB1=DPB1*02:01:02/DPB1*02:01:19,False,False,1.0,1.0,1.0,1.0,1.0,1.0,1.0,1.0,0.0
SYNTH_0269,Global,success,,162.6,1.0,1,0.0,HLA-A=A*01:01:01:01 | HLA-C=C*07:01:01:01 | HLA-B=B*08:01:01:01 | DRB345=DRB3*01:01:02:01 | DRB1=DRB1*03:01:01:01SG | DQA1=DQA1*05:01:01:02 | DQB1=DQB1*02:01:01 | DPA1=DPA1*01:03:01:02 | DPB1=DPB1*04:01:01:01/DPB1*04:01:01:02,HLA-A=A*01:01:01:01 | HLA-C=C*06:02:01:01 | HLA-B=B*57:01:01 | DRB345=DRB3*02:02:01:02 | DRB1=DRB1*13:05:01 | DQA1=DQA1*05:05:01:01SG | DQB1=DQB1*03:01:01:03 | DPA1=DPA1*01:03:01:02 | DPB1=DPB1*04:01:01:01/DPB1*04:01:01:02,False,False,1.0,1.0,1.0,1.0,1.0,1.0,1.0,1.0,0.0
SYNTH_0270,Global,success,,129.3,0.33385093,12,2.68,HLA-A=A*02:01:01:01 | HLA-C=C*07:02:01:03 | HLA-B=B*07:02:01 | DRB345=DRB5*01:01:01 | DRB1=DRB1*15:01:01:01SG | DQA1=DQA1*01:02:01:01SG | DQB1=DQB1*06:02:01 | DPA1=DPA1*01:03:01:04 | DPB1=DPB1*04:01:01:01/DPB1*04:01:01:02,HLA-A=A*66:02 | HLA-C=C*07:18 | HLA-B=B*58:01:01:01 | DRB345=DRB5*01:01:01 | DRB1=DRB1*15:03:01:01SG | DQA1=DQA1*01:02:01:01SG | DQB1=DQB1*06:02:01 | DPA1=DPA1*01:03:01:01 | DPB1=DPB1*02:01:02/DPB1*02:01:19,False,False,0.0,1.0,1.0,1.0,1.0,1.0,1.0,1.0,0.0
SYNTH_0271,Global,success,,207.4,1.0,1,0.0,HLA-A=A*30:02:01:01 | HLA-C=C*05:01:01:01 | HLA-B=B*18:01:01:01 | DRB345=Abs | DRB1=DRB1*01:01:01 | DQA1=DQA1*01:01:01:02SG | DQB1=DQB1*05:01:01:03 | DPA1=DPA1*01:03:01:01 | DPB1=DPB1*02:01:02/DPB1*02:01:19,HLA-A=A*30:01:01 | HLA-C=C*06:02:01:01 | HLA-B=B*13:02:01 | DRB345=DRB4*01:03:01:01/DRB4*01:03:01:01:03 | DRB1=DRB1*07:01:01:01SG | DQA1=DQA1*02:01:01:01SG | DQB1=DQB1*02:02:01:01 | DPA1=DPA1*02:01:01:01 | DPB1=DPB1*17:01,False,False,1.0,1.0,1.0,0.0,1.0,1.0,1.0,1.0,0.0
SYNTH_0272,Global,success,,200.4,1.0,1,0.0,HLA-A=A*24:02:01:01 | HLA-C=C*07:01:01:01 | HLA-B=B*08:01:01:01 | DRB345=DRB3*01:01:02:01 | DRB1=DRB1*03:01:01:01SG | DQA1=DQA1*05:01:01:02 | DQB1=DQB1*02:01:01 | DPA1=DPA1*02:01:02 | DPB1=DPB1*01:01:01,HLA-A=A*01:01:01:01 | HLA-C=C*07:01:01:01 | HLA-B=B*08:01:01:01 | DRB345=DRB3*01:01:02:01 | DRB1=DRB1*03:01:01:01SG | DQA1=DQA1*05:01:01:02 | DQB1=DQB1*02:01:01 | DPA1=DPA1*01:03:01:03 | DPB1=DPB1*03:01:01,True,True,1.0,1.0,1.0,1.0,1.0,1.0,1.0,1.0,1.0
SYNTH_0273,Global,success,,188.1,1.0,1,0.0,HLA-A=A*01:01:01:01 | HLA-C=C*07:01:01:01 | HLA-B=B*08:01:01:01 | DRB345=DRB3*01:01:02:01 | DRB1=DRB1*03:01:01:01SG | DQA1=DQA1*05:01:01:02 | DQB1=DQB1*02:01:01 | DPA1=DPA1*01:03:01:02 | DPB1=DPB1*04:01:01:01/DPB1*04:01:01:02,HLA-A=A*02:01:01:01 | HLA-C=C*06:02:01:01 | HLA-B=B*13:02:01 | DRB345=DRB4*01:03:01:01/DRB4*01:03:01:01:03 | DRB1=DRB1*07:01:01:01SG | DQA1=DQA1*02:01:01:01SG | DQB1=DQB1*02:02:01:01 | DPA1=DPA1*01:03:01:04 | DPB1=DPB1*04:01:01:01/DPB1*04:01:01:02,False,False,1.0,1.0,1.0,0.0,1.0,1.0,1.0,1.0,0.0
SYNTH_0274,Global,success,,128.5,1.0,1,0.0,HLA-A=A*11:01:01:01 | HLA-C=C*12:02:02 | HLA-B=B*52:01:01:02 | DRB345=DRB5*01:02 | DRB1=DRB1*15:02:01:01SG | DQA1=DQA1*01:03:01:01 | DQB1=DQB1*06:01:01 | DPA1=DPA1*02:01:01:01 | DPB1=DPB1*17:01,HLA-A=A*11:01:01:01 | HLA-C=C*02:02:02:01 | HLA-B=B*27:05:02 | DRB345=DRB3*02:02:01:02 | DRB1=DRB1*13:01:01:01SG | DQA1=DQA1*01:03:01:02SG | DQB1=DQB1*06:03:01 | DPA1=DPA1*01:03:01:05 | DPB1=DPB1*04:02:01:02,True,False,1.0,1.0,1.0,1.0,1.0,1.0,1.0,1.0,1.0
SYNTH_0275,Global,success,,239.6,0.80487805,4,1.0047,HLA-A=A*01:01:01:01 | HLA-C=C*06:02:01:01 | HLA-B=B*13:02:01 | DRB345=DRB5*01:01:01 | DRB1=DRB1*15:01:01:01SG | DQA1=DQA1*01:02:01:01SG | DQB1=DQB1*06:02:01 | DPA1=DPA1*01:03:01:02 | DPB1=DPB1*04:01:01:01/DPB1*04:01:01:02,HLA-A=A*29:02:01:01 | HLA-C=C*16:01:01:01 | HLA-B=B*44:03:01:01 | DRB345=DRB4*01:01:01:01 | DRB1=DRB1*07:01:01:01SG | DQA1=DQA1*02:01:01:01SG | DQB1=DQB1*02:02:01:01 | DPA1=DPA1*02:01:01:01 | DPB1=DPB1*11:01:01,False,False,1.0,1.0,1.0,1.0,1.0,1.0,1.0,1.0,0.0
SYNTH_0276,Global,success,,225.8,1.0,1,0.0,HLA-A=A*11:01:01:01 | HLA-C=C*04:01:01:05 | HLA-B=B*35:01:01:02 | DRB345=DRB4*01:03:01:01/DRB4*01:03:01:01:03 | DRB1=DRB1*04:04:01 | DQA1=DQA1*03:01:01 | DQB1=DQB1*03:02:01 | DPA1=DPA1*01:03:01:03 | DPB1=DPB1*04:01:01:01/DPB1*04:01:01:02,HLA-A=A*01:01:01:01 | HLA-C=C*07:01:01:01 | HLA-B=B*57:01:01 | DRB345=DRB4*01:03:01:02N | DRB1=DRB1*07:01:01:01SG | DQA1=DQA1*02:01:01:01SG | DQB1=DQB1*03:03:02:01 | DPA1=DPA1*01:03:01:02 | DPB1=DPB1*04:01:01:01/DPB1*04:01:01:02,False,False,1.0,1.0,1.0,0.0,1.0,1.0,1.0,1.0,0.0
SYNTH_0277,Global,success,,217.0,1.0,1,0.0,HLA-A=A*23:01:01 | HLA-C=C*07:01:01:01 | HLA-B=B*49:01:01 | DRB345=DRB4*01:03:01:01/DRB4*01:03:01:01:03 | DRB1=DRB1*04:05:01 | DQA1=DQA1*03:03:01:01 | DQB1=DQB1*03:02:01 | DPA1=DPA1*02:01:01:01 | DPB1=DPB1*17:01,HLA-A=A*01:01:01:01 | HLA-C=C*07:01:01:01 | HLA-B=B*08:01:01:01 | DRB345=DRB3*01:01:02:01 | DRB1=DRB1*03:01:01:01SG | DQA1=DQA1*05:01:01:02 | DQB1=DQB1*02:01:01 | DPA1=DPA1*01:03:01:03 | DPB1=DPB1*03:01:01,False,False,1.0,1.0,1.0,0.0,1.0,1.0,1.0,1.0,1.0
SYNTH_0278,Global,success,,201.0,1.0,1,0.0,HLA-A=A*30:01:01 | HLA-C=C*17:01:01:02 | HLA-B=B*42:01:01 | DRB345=DRB3*01:01:02:01 | DRB1=DRB1*03:02:01 | DQA1=DQA1*04:01:01 | DQB1=DQB1*04:02:01 | DPA1=DPA1*02:02:02 | DPB1=DPB1*01:01:01,HLA-A=A*03:01:01:01 | HLA-C=C*16:01:01:01 | HLA-B=B*44:03:01:01 | DRB345=DRB4*01:01:01:01 | DRB1=DRB1*07:01:01:01SG | DQA1=DQA1*02:01:01:01SG | DQB1=DQB1*02:02:01:01 | DPA1=DPA1*01:03:01:01 | DPB1=DPB1*02:01:02/DPB1*02:01:19,False,False,1.0,1.0,1.0,1.0,1.0,1.0,1.0,1.0,0.0
SYNTH_0279,Global,success,,378.4,0.57142857,2,0.9852,HLA-A=A*02:01:01:01 | HLA-C=C*04:01:01:01 | HLA-B=B*35:01:01:02 | DRB345=DRB3*01:01:02:01 | DRB1=DRB1*03:02:01 | DQA1=DQA1*04:01:01 | DQB1=DQB1*04:02:01 | DPA1=DPA1*02:02:02 | DPB1=DPB1*01:01:01,HLA-A=A*02:01:01:01 | HLA-C=C*03:03:01:01 | HLA-B=B*15:01:01:01 | DRB345=DRB4*01:03:01:01/DRB4*01:03:01:01:03 | DRB1=DRB1*04:01:01:01SG | DQA1=DQA1*03:01:01 | DQB1=DQB1*03:02:01 | DPA1=DPA1*01:03:01:05 | DPB1=DPB1*04:02:01:02,False,False,1.0,1.0,1.0,0.0,1.0,1.0,1.0,1.0,1.0
SYNTH_0280,Global,success,,319.3,0.47058824,7,2.1996,HLA-A=A*03:01:01:01 | HLA-C=C*04:01:01:01 | HLA-B=B*35:01:01:02 | DRB345=Abs | DRB1=DRB1*01:01:01 | DQA1=DQA1*01:01:01:02SG | DQB1=DQB1*05:01:01:03 | DPA1=DPA1*01:03:01:05 | DPB1=DPB1*04:02:01:02,HLA-A=A*02:01:01:01 | HLA-C=C*07:02:01:03 | HLA-B=B*07:02:01 | DRB345=DRB3*01:01:02:01 | DRB1=DRB1*13:01:01:01SG | DQA1=DQA1*01:03:01:02SG | DQB1=DQB1*06:03:01 | DPA1=DPA1*01:03:01:03 | DPB1=DPB1*03:01:01,False,False,1.0,1.0,1.0,0.0,1.0,1.0,1.0,0.0,0.0
SYNTH_0281,Global,success,,319.3,0.94285714,2,0.316,HLA-A=A*01:01:01:01 | HLA-C=C*02:02:02:01 | HLA-B=B*27:05:02 | DRB345=DRB5*01:01:01 | DRB1=DRB1*15:01:01:01SG | DQA1=DQA1*01:02:01:01SG | DQB1=DQB1*06:02:01 | DPA1=DPA1*01:03:01:02 | DPB1=DPB1*04:01:01:01/DPB1*04:01:01:02,HLA-A=A*29:02:01:01 | HLA-C=C*16:01:01:01 | HLA-B=B*44:03:01:01 | DRB345=DRB4*01:01:01:01 | DRB1=DRB1*07:01:01:01SG | DQA1=DQA1*02:01:01:01SG | DQB1=DQB1*02:02:01:01 | DPA1=DPA1*02:01:01:01 | DPB1=DPB1*11:01:01,False,False,1.0,1.0,1.0,1.0,1.0,1.0,1.0,1.0,0.0
SYNTH_0282,Global,success,,846.0,0.40092166,9,1.9663,HLA-A=A*02:01:01:01 | HLA-C=C*05:01:01:02 | HLA-B=B*44:02:01:01 | DRB345=DRB4*01:03:01:01/DRB4*01:03:01:01:03 | DRB1=DRB1*04:01:01:01SG | DQA1=DQA1*03:03:01:01 | DQB1=DQB1*03:01:01:01 | DPA1=DPA1*01:03:01:04 | DPB1=DPB1*04:01:01:01/DPB1*04:01:01:02,HLA-A=A*11:01:01:01 | HLA-C=C*04:01:01:01 | HLA-B=B*35:01:01:02 | DRB345=Abs | DRB1=DRB1*01:01:01 | DQA1=DQA1*01:01:01:02SG | DQB1=DQB1*05:01:01:03 | DPA1=DPA1*01:03:01:03 | DPB1=DPB1*03:01:01,False,False,1.0,0.0,0.0,0.0,1.0,1.0,1.0,1.0,0.0
SYNTH_0283,Global,success,,164.3,1.0,1,0.0,HLA-A=A*32:01:01 | HLA-C=C*08:02:01:02 | HLA-B=B*14:01:01 | DRB345=DRB4*01:01:01:01 | DRB1=DRB1*07:01:01:01SG | DQA1=DQA1*02:01:01:01SG | DQB1=DQB1*02:02:01:01 | DPA1=DPA1*01:03:01:02 | DPB1=DPB1*02:01:02/DPB1*02:01:19,HLA-A=A*02:01:01:01 | HLA-C=C*07:02:01:03 | HLA-B=B*07:02:01 | DRB345=DRB5*01:01:01 | DRB1=DRB1*15:01:01:01SG | DQA1=DQA1*01:02:01:01SG | DQB1=DQB1*06:02:01 | DPA1=DPA1*01:03:01:02 | DPB1=DPB1*04:01:01:01/DPB1*04:01:01:02,False,False,1.0,1.0,1.0,1.0,1.0,1.0,1.0,1.0,0.0
SYNTH_0284,Global,success,,334.4,1.0,1,0.0,HLA-A=A*02:01:01:01 | HLA-C=C*07:02:01:03 | HLA-B=B*07:02:01 | DRB345=DRB5*01:01:01 | DRB1=DRB1*15:01:01:01SG | DQA1=DQA1*01:02:01:01SG | DQB1=DQB1*05:02:01 | DPA1=DPA1*01:03:01:02 | DPB1=DPB1*104:01,HLA-A=A*26:01:01:01 | HLA-C=C*12:03:01:01 | HLA-B=B*38:01:01 | DRB345=DRB4*01:03:01:01/DRB4*01:03:01:01:03 | DRB1=DRB1*04:02:01 | DQA1=DQA1*03:01:01 | DQB1=DQB1*03:02:01 | DPA1=DPA1*01:03:01:04 | DPB1=DPB1*04:01:01:01/DPB1*04:01:01:02,False,False,1.0,1.0,1.0,0.0,1.0,1.0,1.0,1.0,0.0
SYNTH_0285,Global,success,,334.4,1.0,1,0.0,HLA-A=A*02:01:01:01 | HLA-C=C*05:01:01:02 | HLA-B=B*44:02:01:01 | DRB345=DRB4*01:03:01:01/DRB4*01:03:01:01:03 | DRB1=DRB1*04:01:01:01SG | DQA1=DQA1*03:03:01:01 | DQB1=DQB1*03:01:01:01 | DPA1=DPA1*01:03:01:03 | DPB1=DPB1*03:01:01,HLA-A=A*32:01:01 | HLA-C=C*08:02:01:02 | HLA-B=B*14:01:01 | DRB345=DRB4*01:01:01:01 | DRB1=DRB1*07:01:01:01SG | DQA1=DQA1*02:01:01:01SG | DQB1=DQB1*02:02:01:01 | DPA1=DPA1*01:03:01:02 | DPB1=DPB1*02:01:02/DPB1*02:01:19,False,False,1.0,1.0,1.0,0.0,1.0,1.0,1.0,1.0,0.0
SYNTH_0286,Global,success,,311.5,0.96666667,2,0.2108,HLA-A=A*02:01:01:01 | HLA-C=C*05:01:01:02 | HLA-B=B*44:02:01:01 | DRB345=DRB4*01:03:01:01/DRB4*01:03:01:01:03 | DRB1=DRB1*04:01:01:01SG | DQA1=DQA1*03:03:01:01 | DQB1=DQB1*03:01:01:01 | DPA1=DPA1*01:03:01:04 | DPB1=DPB1*04:01:01:01/DPB1*04:01:01:02,HLA-A=A*26:01:01:01 | HLA-C=C*12:03:01:01 | HLA-B=B*38:01:01 | DRB345=DRB3*02:02:01:02 | DRB1=DRB1*11:01:01:01 | DQA1=DQA1*05:05:01:01SG | DQB1=DQB1*03:01:01:03 | DPA1=DPA1*01:03:01:01 | DPB1=DPB1*02:01:02/DPB1*02:01:19,False,False,1.0,1.0,1.0,0.0,1.0,1.0,1.0,1.0,0.0
SYNTH_0287,Global,success,,299.7,1.0,1,0.0,HLA-A=A*29:01:01:01 | HLA-C=C*15:05:02 | HLA-B=B*07:05:01:01 | DRB345=Abs | DRB1=DRB1*10:01:01:01 | DQA1=DQA1*01:05:01 | DQB1=DQB1*05:01:01:02 | DPA1=DPA1*01:03:01:01 | DPB1=DPB1*02:01:02/DPB1*02:01:19,HLA-A=A*01:01:01:01 | HLA-C=C*07:01:01:01 | HLA-B=B*08:01:01:01 | DRB345=DRB3*01:01:02:01 | DRB1=DRB1*03:01:01:01SG | DQA1=DQA1*05:01:01:02 | DQB1=DQB1*02:01:01 | DPA1=DPA1*01:03:01:03 | DPB1=DPB1*03:01:01,False,False,1.0,1.0,1.0,1.0,1.0,1.0,1.0,1.0,0.0
SYNTH_0288,Global,success,,326.3,1.0,1,0.0,HLA-A=A*02:01:01:01 | HLA-C=C*05:01:01:02 | HLA-B=B*44:02:01:01 | DRB345=DRB4*01:03:01:01/DRB4*01:03:01:01:03 | DRB1=DRB1*04:01:01:01SG | DQA1=DQA1*03:03:01:01 | DQB1=DQB1*03:01:01:01 | DPA1=DPA1*01:03:01:02 | DPB1=DPB1*04:01:01:01/DPB1*04:01:01:02,HLA-A=A*11:01:01:01 | HLA-C=C*12:02:02 | HLA-B=B*52:01:01:02 | DRB345=DRB5*01:02 | DRB1=DRB1*15:02:01:01SG | DQA1=DQA1*01:03:01:01 | DQB1=DQB1*06:01:01 | DPA1=DPA1*01:03:01:01 | DPB1=DPB1*02:01:02/DPB1*02:01:19,False,False,1.0,1.0,1.0,0.0,1.0,1.0,1.0,1.0,0.0
SYNTH_0289,Global,success,,173.9,0.70009158,4,1.2464,HLA-A=A*01:01:01:01 | HLA-C=C*07:01:01:01 | HLA-B=B*08:01:01:01 | DRB345=DRB3*01:01:02:01 | DRB1=DRB1*03:01:01:01SG | DQA1=DQA1*05:01:01:02 | DQB1=DQB1*02:01:01 | DPA1=DPA1*01:03:01:02 | DPB1=DPB1*04:01:01:01/DPB1*04:01:01:02,HLA-A=A*03:01:01:01 | HLA-C=C*04:01:01:01 | HLA-B=B*35:01:01:02 | DRB345=Abs | DRB1=DRB1*01:01:01 | DQA1=DQA1*01:01:01:02SG | DQB1=DQB1*05:01:01:03 | DPA1=DPA1*01:03:01:02 | DPB1=DPB1*04:01:01:01/DPB1*04:01:01:02,False,False,1.0,1.0,1.0,1.0,1.0,1.0,1.0,1.0,0.0
SYNTH_0290,Global,success,,179.7,0.85802469,3,0.707,HLA-A=A*01:01:01:01 | HLA-C=C*07:01:01:01 | HLA-B=B*08:01:01:01 | DRB345=DRB3*01:01:02:01 | DRB1=DRB1*03:01:01:01SG | DQA1=DQA1*05:01:01:02 | DQB1=DQB1*02:01:01 | DPA1=DPA1*01:03:01:02 | DPB1=DPB1*04:01:01:01/DPB1*04:01:01:02,HLA-A=A*26:01:01:01 | HLA-C=C*12:03:01:01 | HLA-B=B*38:01:01 | DRB345=DRB5*02:02 | DRB1=DRB1*16:01:01 | DQA1=DQA1*01:02:02 | DQB1=DQB1*05:02:01 | DPA1=DPA1*01:03:01:04 | DPB1=DPB1*04:01:01:01/DPB1*04:01:01:02,False,False,1.0,1.0,1.0,1.0,1.0,1.0,1.0,1.0,0.0
SYNTH_0291,Global,success,,373.3,0.77777778,2,0.7642,HLA-A=A*33:03:01 | HLA-C=C*03:02:02:01 | HLA-B=B*58:01:01:01 | DRB345=DRB3*03:01:01 | DRB1=DRB1*13:02:01 | DQA1=DQA1*01:02:01:04SG | DQB1=DQB1*06:09:01 | DPA1=DPA1*01:03:01:01 | DPB1=DPB1*02:01:02/DPB1*02:01:19,HLA-A=A*29:02:01:01 | HLA-C=C*16:01:01:01 | HLA-B=B*44:03:01:01 | DRB345=DRB4*01:01:01:01 | DRB1=DRB1*07:01:01:01SG | DQA1=DQA1*02:01:01:01SG | DQB1=DQB1*02:02:01:01 | DPA1=DPA1*01:03:01:02 | DPB1=DPB1*04:01:01:01/DPB1*04:01:01:02,False,False,1.0,1.0,1.0,1.0,1.0,1.0,1.0,1.0,0.0
SYNTH_0292,Global,success,,423.6,0.89189189,2,0.4942,HLA-A=A*29:02:01:01 | HLA-C=C*16:01:01:01 | HLA-B=B*44:03:01:01 | DRB345=DRB4*01:01:01:01 | DRB1=DRB1*07:01:01:01SG | DQA1=DQA1*02:01:01:01SG | DQB1=DQB1*02:02:01:01 | DPA1=DPA1*02:01:01:01 | DPB1=DPB1*11:01:01,HLA-A=A*32:01:01 | HLA-C=C*05:01:01:02 | HLA-B=B*44:02:01:01 | DRB345=DRB4*01:03:01:01/DRB4*01:03:01:01:03 | DRB1=DRB1*04:01:01:01SG | DQA1=DQA1*03:03:01:01 | DQB1=DQB1*03:01:01:01 | DPA1=DPA1*01:03:01:04 | DPB1=DPB1*04:01:01:01/DPB1*04:01:01:02,False,False,1.0,1.0,1.0,0.0,1.0,1.0,1.0,1.0,0.0
SYNTH_0293,Global,success,,263.8,0.57201646,6,1.6252,HLA-A=A*01:01:01:01 | HLA-C=C*07:01:01:01 | HLA-B=B*08:01:01:01 | DRB345=DRB3*01:01:02:01 | DRB1=DRB1*03:01:01:01SG | DQA1=DQA1*05:01:01:02 | DQB1=DQB1*02:01:01 | DPA1=DPA1*01:03:01:02 | DPB1=DPB1*04:01:01:01/DPB1*04:01:01:02,HLA-A=A*03:01:01:01 | HLA-C=C*04:01:01:01 | HLA-B=B*35:01:01:02 | DRB345=Abs | DRB1=DRB1*01:01:01 | DQA1=DQA1*01:01:01:02SG | DQB1=DQB1*05:01:01:03 | DPA1=DPA1*01:03:01:03 | DPB1=DPB1*03:01:01,False,False,1.0,1.0,1.0,1.0,1.0,1.0,1.0,1.0,0.0
SYNTH_0294,Global,success,,406.7,0.85802469,3,0.707,HLA-A=A*01:01:01:01 | HLA-C=C*07:01:01:01 | HLA-B=B*08:01:01:01 | DRB345=DRB3*01:01:02:01 | DRB1=DRB1*03:01:01:01SG | DQA1=DQA1*05:01:01:02 | DQB1=DQB1*02:01:01 | DPA1=DPA1*01:03:01:02 | DPB1=DPB1*04:01:01:01/DPB1*04:01:01:02,HLA-A=A*02:01:01:01 | HLA-C=C*07:02:01:03 | HLA-B=B*07:02:01 | DRB345=DRB4*01:03:01:02N | DRB1=DRB1*07:01:01:01SG | DQA1=DQA1*02:01:01:01SG | DQB1=DQB1*03:03:02:01 | DPA1=DPA1*01:03:01:04 | DPB1=DPB1*04:01:01:01/DPB1*04:01:01:02,False,False,1.0,1.0,1.0,1.0,1.0,1.0,1.0,1.0,0.0
SYNTH_0295,Global,success,,186.0,1.0,1,0.0,HLA-A=A*29:02:01:01 | HLA-C=C*16:01:01:01 | HLA-B=B*44:03:01:01 | DRB345=DRB4*01:01:01:01 | DRB1=DRB1*07:01:01:01SG | DQA1=DQA1*02:01:01:01SG | DQB1=DQB1*02:02:01:01 | DPA1=DPA1*02:01:01:01 | DPB1=DPB1*11:01:01,HLA-A=A*26:01:01:01 | HLA-C=C*12:03:01:01 | HLA-B=B*38:01:01 | DRB345=DRB3*03:01:01 | DRB1=DRB1*13:02:01 | DQA1=DQA1*01:02:01:04SG | DQB1=DQB1*06:09:01 | DPA1=DPA1*01:03:01:04 | DPB1=DPB1*04:01:01:01/DPB1*04:01:01:02,False,False,1.0,1.0,1.0,1.0,1.0,1.0,1.0,1.0,0.0
SYNTH_0296,Global,success,,200.4,1.0,1,0.0,HLA-A=A*24:02:01:01 | HLA-C=C*07:04:01:01 | HLA-B=B*44:02:01:03 | DRB345=DRB3*02:02:01:02 | DRB1=DRB1*11:01:01:01 | DQA1=DQA1*05:09 | DQB1=DQB1*03:01:01:03 | DPA1=DPA1*01:03:01:03 | DPB1=DPB1*03:01:01,HLA-A=A*24:02:01:01 | HLA-C=C*03:03:01:01 | HLA-B=B*15:01:01:01 | DRB345=DRB3*02:02:01:02 | DRB1=DRB1*13:01:01:01SG | DQA1=DQA1*01:03:01:02SG | DQB1=DQB1*06:03:01 | DPA1=DPA1*01:03:01:02 | DPB1=DPB1*04:01:01:01/DPB1*04:01:01:02,False,False,1.0,1.0,1.0,1.0,1.0,1.0,1.0,1.0,0.0
SYNTH_0297,Global,success,,211.0,1.0,1,0.0,HLA-A=A*24:02:01:01 | HLA-C=C*05:01:01:02 | HLA-B=B*44:02:01:01 | DRB345=DRB3*02:02:01:02 | DRB1=DRB1*11:01:01:01 | DQA1=DQA1*05:05:01:01SG | DQB1=DQB1*03:01:01:03 | DPA1=DPA1*01:03:01:02 | DPB1=DPB1*04:01:01:01/DPB1*04:01:01:02,HLA-A=A*23:17 | HLA-C=C*18:01 | HLA-B=B*81:01 | DRB345=DRB3*01:01:02:02 | DRB1=DRB1*14:06:01 | DQA1=DQA1*05:03 | DQB1=DQB1*03:01:01:01 | DPA1=DPA1*02:01:01:01 | DPB1=DPB1*14:01:01,False,False,1.0,1.0,1.0,1.0,1.0,1.0,1.0,1.0,0.0
SYNTH_0298,Global,success,,365.6,1.0,1,0.0,HLA-A=A*11:01:01:01 | HLA-C=C*01:02:01 | HLA-B=B*56:01:01:03 | DRB345=Abs | DRB1=DRB1*01:01:01 | DQA1=DQA1*01:01:01:02SG | DQB1=DQB1*05:01:01:03 | DPA1=DPA1*01:03:01:03 | DPB1=DPB1*06:01:01,HLA-A=A*03:01:01:01 | HLA-C=C*07:02:01:03 | HLA-B=B*07:02:01 | DRB345=DRB3*02:02:01:02 | DRB1=DRB1*11:04:01 | DQA1=DQA1*05:05:01:01SG | DQB1=DQB1*03:01:01:03 | DPA1=DPA1*01:04 | DPB1=DPB1*15:01:01,True,True,1.0,1.0,1.0,1.0,1.0,1.0,1.0,1.0,1.0
SYNTH_0299,Global,success,,143.2,1.0,1,0.0,HLA-A=A*02:01:01:01 | HLA-C=C*03:04:01:01 | HLA-B=B*15:01:01:01 | DRB345=DRB4*01:03:01:01/DRB4*01:03:01:01:03 | DRB1=DRB1*04:01:01:01SG | DQA1=DQA1*03:01:01 | DQB1=DQB1*03:02:01 | DPA1=DPA1*01:03:01:02 | DPB1=DPB1*04:01:01:01/DPB1*04:01:01:02,HLA-A=A*03:01:01:01 | HLA-C=C*04:01:01:01 | HLA-B=B*35:01:01:02 | DRB345=Abs | DRB1=DRB1*01:01:01 | DQA1=DQA1*01:01:01:02SG | DQB1=DQB1*05:01:01:03 | DPA1=DPA1*01:03:01:03 | DPB1=DPB1*03:01:01,False,False,1.0,1.0,1.0,0.0,1.0,1.0,1.0,1.0,0.0
SYNTH_0300,Global,success,,239.9,1.0,1,0.0,HLA-A=A*02:01:01:01 | HLA-C=C*05:01:01:02 | HLA-B=B*44:02:01:01 | DRB345=Abs | DRB1=DRB1*01:01:01 | DQA1=DQA1*01:01:01:02SG | DQB1=DQB1*05:01:01:03 | DPA1=DPA1*01:03:01:02 | DPB1=DPB1*04:01:01:01/DPB1*04:01:01:02,HLA-A=A*03:01:01:01 | HLA-C=C*03:04:01:01 | HLA-B=B*40:01:02 | DRB345=DRB3*03:01:01 | DRB1=DRB1*13:02:01 | DQA1=DQA1*01:02:01:04SG | DQB1=DQB1*06:04:01 | DPA1=DPA1*01:03:01:04 | DPB1=DPB1*04:01:01:01/DPB1*04:01:01:02,False,False,1.0,1.0,1.0,1.0,1.0,1.0,1.0,1.0,0.0
SYNTH_0301,Global,success,,222.8,1.0,1,0.0,HLA-A=A*01:01:01:01 | HLA-C=C*07:01:01:01 | HLA-B=B*08:01:01:01 | DRB345=DRB4*01:03:01:01/DRB4*01:03:01:01:03 | DRB1=DRB1*04:04:01 | DQA1=DQA1*03:01:01 | DQB1=DQB1*03:02:01 | DPA1=DPA1*01:03:01:03 | DPB1=DPB1*06:01:01,HLA-A=A*02:01:01:01 | HLA-C=C*03:03:01:01 | HLA-B=B*15:01:01:01 | DRB345=DRB4*01:03:01:01/DRB4*01:03:01:01:03 | DRB1=DRB1*04:01:01:01SG | DQA1=DQA1*03:01:01 | DQB1=DQB1*03:02:01 | DPA1=DPA1*01:03:01:05 | DPB1=DPB1*04:02:01:02,False,False,1.0,1.0,1.0,0.0,1.0,1.0,1.0,1.0,1.0
SYNTH_0302,Global,success,,186.6,1.0,1,0.0,HLA-A=A*23:01:01 | HLA-C=C*04:01:01:01 | HLA-B=B*44:03:01:01 | DRB345=DRB4*01:01:01:01 | DRB1=DRB1*07:01:01:01SG | DQA1=DQA1*02:01:01:01SG | DQB1=DQB1*02:02:01:01 | DPA1=DPA1*01:03:01:01 | DPB1=DPB1*02:01:02/DPB1*02:01:19,HLA-A=A*03:01:01:01 | HLA-C=C*07:02:01:03 | HLA-B=B*07:02:01 | DRB345=DRB4*01:03:01:01/DRB4*01:03:01:01:03 | DRB1=DRB1*04:01:01:01SG | DQA1=DQA1*03:01:01 | DQB1=DQB1*03:02:01 | DPA1=DPA1*01:03:01:02 | DPB1=DPB1*04:01:01:01/DPB1*04:01:01:02,False,False,1.0,1.0,1.0,0.0,1.0,1.0,1.0,1.0,0.0
SYNTH_0303,Global,success,,228.0,0.42857143,3,1.4488,HLA-A=A*03:01:01:01 | HLA-C=C*07:02:01:03 | HLA-B=B*07:02:01 | DRB345=DRB5*01:01:01 | DRB1=DRB1*15:01:01:01SG | DQA1=DQA1*01:02:01:01SG | DQB1=DQB1*06:02:01 | DPA1=DPA1*01:03:01:05 | DPB1=DPB1*04:02:01:02,HLA-A=A*02:01:01:01 | HLA-C=C*08:02:01:01 | HLA-B=B*14:02:01:01 | DRB345=DRB4*01:01:01:01 | DRB1=DRB1*07:01:01:01SG | DQA1=DQA1*02:01:01:01SG | DQB1=DQB1*02:02:01:01 | DPA1=DPA1*02:01:01:01 | DPB1=DPB1*13:01:01/DPB1*107:01,False,False,1.0,1.0,1.0,1.0,1.0,1.0,1.0,1.0,0.0
SYNTH_0304,Global,success,,133.6,1.0,1,0.0,HLA-A=A*02:01:01:01 | HLA-C=C*02:02:02:01 | HLA-B=B*27:05:02 | DRB345=Abs | DRB1=DRB1*01:01:01 | DQA1=DQA1*01:01:01:02SG | DQB1=DQB1*05:01:01:03 | DPA1=DPA1*01:03:01:03 | DPB1=DPB1*03:01:01,HLA-A=A*03:01:01:01 | HLA-C=C*03:04:01:01 | HLA-B=B*15:01:01:01 | DRB345=DRB4*01:03:01:01/DRB4*01:03:01:01:03 | DRB1=DRB1*04:01:01:01SG | DQA1=DQA1*03:01:01 | DQB1=DQB1*03:02:01 | DPA1=DPA1*01:03:01:03 | DPB1=DPB1*03:01:01,False,False,1.0,1.0,1.0,0.0,1.0,1.0,1.0,1.0,1.0
SYNTH_0305,Global,success,,137.9,0.92307692,2,0.3912,HLA-A=A*01:01:01:01 | HLA-C=C*07:01:01:01 | HLA-B=B*08:01:01:01 | DRB345=DRB3*01:01:02:01 | DRB1=DRB1*03:01:01:01SG | DQA1=DQA1*05:01:01:02 | DQB1=DQB1*02:01:01 | DPA1=DPA1*01:03:01:02 | DPB1=DPB1*04:01:01:01/DPB1*04:01:01:02,HLA-A=A*03:01:01:01 | HLA-C=C*04:01:01:01 | HLA-B=B*35:01:01:02 | DRB345=Abs | DRB1=DRB1*01:01:01 | DQA1=DQA1*01:01:01:02SG | DQB1=DQB1*05:01:01:03 | DPA1=DPA1*01:03:01:05 | DPB1=DPB1*04:02:01:02,False,False,1.0,1.0,1.0,1.0,1.0,1.0,1.0,1.0,0.0
SYNTH_0306,Global,success,,114.5,1.0,1,0.0,HLA-A=A*02:01:01:01 | HLA-C=C*14:02:01:01 | HLA-B=B*51:01:01:01 | DRB345=Abs | DRB1=DRB1*08:01:01 | DQA1=DQA1*04:01:01 | DQB1=DQB1*04:02:01 | DPA1=DPA1*01:03:01:04 | DPB1=DPB1*02:01:02/DPB1*02:01:19,HLA-A=A*02:01:01:01 | HLA-C=C*07:01:01:01 | HLA-B=B*08:01:01:01 | DRB345=DRB3*01:01:02:01 | DRB1=DRB1*03:01:01:01SG | DQA1=DQA1*05:01:01:02 | DQB1=DQB1*02:01:01 | DPA1=DPA1*01:03:01:02 | DPB1=DPB1*04:01:01:01/DPB1*04:01:01:02,False,False,1.0,1.0,1.0,1.0,1.0,1.0,1.0,1.0,0.0
SYNTH_0307,Global,success,,109.4,1.0,1,0.0,HLA-A=A*02:01:01:01 | HLA-C=C*02:02:02:01 | HLA-B=B*27:05:02 | DRB345=Abs | DRB1=DRB1*01:01:01 | DQA1=DQA1*01:01:01:02SG | DQB1=DQB1*05:01:01:03 | DPA1=DPA1*01:03:01:02 | DPB1=DPB1*04:01:01:01/DPB1*04:01:01:02,HLA-A=A*02:01:01:01 | HLA-C=C*03:03:01:01 | HLA-B=B*15:01:01:01 | DRB345=DRB4*01:03:01:01/DRB4*01:03:01:01:03 | DRB1=DRB1*04:01:01:01SG | DQA1=DQA1*03:01:01 | DQB1=DQB1*03:02:01 | DPA1=DPA1*01:03:01:05 | DPB1=DPB1*04:02:01:02,False,False,1.0,1.0,1.0,0.0,1.0,1.0,1.0,1.0,0.0
SYNTH_0308,Global,success,,121.2,1.0,1,0.0,HLA-A=A*31:01:02:01 | HLA-C=C*03:04:01:01 | HLA-B=B*40:01:02 | DRB345=DRB4*01:03:01:01/DRB4*01:03:01:01:03 | DRB1=DRB1*04:04:01 | DQA1=DQA1*03:01:01 | DQB1=DQB1*03:02:01 | DPA1=DPA1*01:03:01:02 | DPB1=DPB1*04:01:01:01/DPB1*04:01:01:02,HLA-A=A*30:04:01 | HLA-C=C*04:01:01:06 | HLA-B=B*35:02:01 | DRB345=DRB3*02:02:01:02 | DRB1=DRB1*11:04:01 | DQA1=DQA1*05:05:01:01SG | DQB1=DQB1*03:01:01:02 | DPA1=DPA1*01:03:01:01 | DPB1=DPB1*02:01:02/DPB1*02:01:19,False,False,1.0,1.0,1.0,0.0,1.0,1.0,1.0,1.0,0.0
SYNTH_0309,Global,success,,166.8,1.0,1,0.0,HLA-A=A*01:01:01:01 | HLA-C=C*07:01:01:01 | HLA-B=B*08:01:01:01 | DRB345=DRB3*01:01:02:01 | DRB1=DRB1*03:01:01:01SG | DQA1=DQA1*05:01:01:02 | DQB1=DQB1*02:01:01 | DPA1=DPA1*01:03:01:02 | DPB1=DPB1*04:01:01:01/DPB1*04:01:01:02,HLA-A=A*02:01:01:01 | HLA-C=C*07:02:01:01 | HLA-B=B*07:02:01 | DRB345=DRB5*01:01:01 | DRB1=DRB1*15:01:01:01SG | DQA1=DQA1*01:02:01:01SG | DQB1=DQB1*06:02:01 | DPA1=DPA1*01:03:01:02 | DPB1=DPB1*04:01:01:01/DPB1*04:01:01:02,False,False,1.0,1.0,1.0,1.0,1.0,1.0,1.0,1.0,0.0
SYNTH_0310,Global,success,,198.1,1.0,1,0.0,HLA-A=A*02:06:01:01 | HLA-C=C*08:01:01 | HLA-B=B*40:06:01:01 | DRB345=DRB4*01:03:02 | DRB1=DRB1*09:01:02 | DQA1=DQA1*03:02 | DQB1=DQB1*03:03:02:02/DQB1*03:03:02:03 | DPA1=DPA1*02:01:01:02 | DPB1=DPB1*09:01:01,HLA-A=A*24:02:01:01 | HLA-C=C*03:04:01:02 | HLA-B=B*39:01:01:03 | DRB345=DRB4*01:03:01:01/DRB4*01:03:01:01:03 | DRB1=DRB1*04:04:01 | DQA1=DQA1*03:01:01 | DQB1=DQB1*03:02:01 | DPA1=DPA1*01:03:01:05 | DPB1=DPB1*04:02:01:02,False,False,1.0,1.0,1.0,0.0,1.0,1.0,0.0,1.0,1.0
SYNTH_0311,Global,success,,139.3,0.0,0,0.0,,,False,False,,,,,,,,,
SYNTH_0312,Global,success,,112.0,0.35714286,4,1.8631,HLA-A=A*30:01:01 | HLA-C=C*17:01:01:02 | HLA-B=B*42:01:01 | DRB345=DRB3*01:01:02:01 | DRB1=DRB1*03:02:01 | DQA1=DQA1*04:01:01 | DQB1=DQB1*04:02:01 | DPA1=DPA1*02:02:02 | DPB1=DPB1*01:01:01,HLA-A=A*02:01:01:01 | HLA-C=C*06:02:01:02 | HLA-B=B*50:01:01 | DRB345=DRB4*01:03:01:01/DRB4*01:03:01:01:03 | DRB1=DRB1*07:01:01:01SG | DQA1=DQA1*02:01:01:01SG | DQB1=DQB1*02:02:01:01 | DPA1=DPA1*01:03:01:01 | DPB1=DPB1*02:01:02/DPB1*02:01:19,False,False,0.0,1.0,1.0,0.0,1.0,1.0,1.0,1.0,0.0
SYNTH_0313,Global,success,,186.8,1.0,1,0.0,HLA-A=A*01:01:01:01 | HLA-C=C*07:01:01:01 | HLA-B=B*08:01:01:01 | DRB345=DRB5*01:01:01 | DRB1=DRB1*15:01:01:01SG | DQA1=DQA1*01:02:01:01SG | DQB1=DQB1*06:02:01 | DPA1=DPA1*01:03:01:02 | DPB1=DPB1*04:01:01:01/DPB1*04:01:01:02,HLA-A=A*03:01:01:01 | HLA-C=C*07:02:01:03 | HLA-B=B*07:02:01 | DRB345=DRB3*02:02:01:02 | DRB1=DRB1*11:04:01 | DQA1=DQA1*05:05:01:01SG | DQB1=DQB1*03:01:01:03 | DPA1=DPA1*01:04 | DPB1=DPB1*15:01:01,False,False,1.0,1.0,1.0,1.0,1.0,1.0,1.0,1.0,0.0
SYNTH_0314,Global,success,,490.8,1.0,1,0.0,HLA-A=A*01:01:01:01 | HLA-C=C*07:01:01:01 | HLA-B=B*08:01:01:01 | DRB345=DRB3*01:01:02:01 | DRB1=DRB1*03:01:01:01SG | DQA1=DQA1*05:01:01:02 | DQB1=DQB1*02:01:01 | DPA1=DPA1*01:03:01:02 | DPB1=DPB1*04:01:01:01/DPB1*04:01:01:02,HLA-A=A*02:01:01:01 | HLA-C=C*07:02:01:03 | HLA-B=B*07:02:01 | DRB345=DRB5*01:01:01 | DRB1=DRB1*15:01:01:01SG | DQA1=DQA1*01:02:01:01SG | DQB1=DQB1*06:02:01 | DPA1=DPA1*01:03:01:01 | DPB1=DPB1*02:01:02/DPB1*02:01:19,False,False,1.0,1.0,1.0,1.0,1.0,1.0,1.0,1.0,0.0
SYNTH_0315,Global,success,,400.0,0.52380952,3,1.418,HLA-A=A*01:01:01:01 | HLA-C=C*07:01:01:01 | HLA-B=B*57:01:01 | DRB345=DRB4*01:03:01:02N | DRB1=DRB1*07:01:01:01SG | DQA1=DQA1*02:01:01:01SG | DQB1=DQB1*03:03:02:01 | DPA1=DPA1*01:03:01:02 | DPB1=DPB1*04:01:01:01/DPB1*04:01:01:02,HLA-A=A*02:01:01:01 | HLA-C=C*06:02:01:01 | HLA-B=B*57:01:01 | DRB345=DRB4*01:03:01:02N | DRB1=DRB1*07:01:01:01SG | DQA1=DQA1*02:01:01:01SG | DQB1=DQB1*03:03:02:01 | DPA1=DPA1*01:03:01:02 | DPB1=DPB1*04:01:01:01/DPB1*04:01:01:02,False,False,1.0,1.0,1.0,1.0,1.0,1.0,1.0,0.0,0.0
SYNTH_0316,Global,success,,377.0,0.6,2,0.971,HLA-A=A*03:01:01:01 | HLA-C=C*07:02:01:03 | HLA-B=B*07:02:01 | DRB345=DRB4*01:03:01:01/DRB4*01:03:01:01:03 | DRB1=DRB1*04:04:01 | DQA1=DQA1*03:01:01 | DQB1=DQB1*03:02:01 | DPA1=DPA1*01:03:01:03 | DPB1=DPB1*06:01:01,HLA-A=A*26:01:01:01 | HLA-C=C*12:03:01:01 | HLA-B=B*38:01:01 | DRB345=DRB4*01:03:01:01/DRB4*01:03:01:01:03 | DRB1=DRB1*04:02:01 | DQA1=DQA1*03:01:01 | DQB1=DQB1*03:02:01 | DPA1=DPA1*01:03:01:04 | DPB1=DPB1*04:01:01:01/DPB1*04:01:01:02,False,False,1.0,1.0,1.0,0.0,1.0,1.0,1.0,1.0,0.0
SYNTH_0317,Global,success,,359.2,0.1125,40,4.8398,HLA-A=A*33:01:01 | HLA-C=C*08:02:01:01 | HLA-B=B*14:02:01:01 | DRB345=Abs | DRB1=DRB1*01:02:01 | DQA1=DQA1*01:01:02 | DQB1=DQB1*05:01:01:01 | DPA1=DPA1*01:03:01:04 | DPB1=DPB1*04:01:01:01/DPB1*04:01:01:02,HLA-A=A*25:01:01 | HLA-C=C*12:03:01:01 | HLA-B=B*18:01:01:02 | DRB345=DRB5*01:01:01 | DRB1=DRB1*15:01:01:01SG | DQA1=DQA1*01:02:01:01SG | DQB1=DQB1*06:02:01 | DPA1=DPA1*01:03:01:02 | DPB1=DPB1*04:01:01:01/DPB1*04:01:01:02,False,False,1.0,1.0,1.0,1.0,1.0,1.0,1.0,1.0,0.0
SYNTH_0318,Global,success,,359.4,1.0,1,0.0,HLA-A=A*01:01:01:01 | HLA-C=C*06:02:01:01 | HLA-B=B*57:01:01 | DRB345=DRB4*01:03:01:02N | DRB1=DRB1*07:01:01:01SG | DQA1=DQA1*02:01:01:01SG | DQB1=DQB1*03:03:02:01 | DPA1=DPA1*01:03:01:04 | DPB1=DPB1*04:01:01:01/DPB1*04:01:01:02,HLA-A=A*01:01:01:01 | HLA-C=C*07:01:01:01 | HLA-B=B*57:01:01 | DRB345=DRB4*01:03:01:02N | DRB1=DRB1*07:01:01:01SG | DQA1=DQA1*02:01:01:01SG | DQB1=DQB1*03:03:02:01 | DPA1=DPA1*01:03:01:02 | DPB1=DPB1*04:01:01:01/DPB1*04:01:01:02,False,False,1.0,1.0,1.0,1.0,1.0,1.0,1.0,1.0,0.0
SYNTH_0319,Global,success,,390.8,0.875,2,0.5436,HLA-A=A*03:01:01:01 | HLA-C=C*07:02:01:03 | HLA-B=B*07:02:01 | DRB345=DRB5*01:01:01 | DRB1=DRB1*15:01:01:01SG | DQA1=DQA1*01:02:01:01SG | DQB1=DQB1*06:02:01 | DPA1=DPA1*01:03:01:03 | DPB1=DPB1*03:01:01,HLA-A=A*02:01:01:01 | HLA-C=C*03:04:01:01 | HLA-B=B*15:01:01:01 | DRB345=DRB4*01:03:01:01/DRB4*01:03:01:01:03 | DRB1=DRB1*04:01:01:01SG | DQA1=DQA1*03:01:01 | DQB1=DQB1*03:02:01 | DPA1=DPA1*01:03:01:02 | DPB1=DPB1*04:01:01:01/DPB1*04:01:01:02,False,False,1.0,1.0,1.0,0.0,1.0,1.0,1.0,1.0,0.0
SYNTH_0320,Global,success,,358.7,0.86170213,4,0.7939,HLA-A=A*01:01:01:01 | HLA-C=C*07:01:01:01 | HLA-B=B*08:01:01:01 | DRB345=DRB3*01:01:02:01 | DRB1=DRB1*03:01:01:01SG | DQA1=DQA1*05:01:01:02 | DQB1=DQB1*02:01:01 | DPA1=DPA1*02:01:02 | DPB1=DPB1*01:01:01,HLA-A=A*03:01:01:01 | HLA-C=C*07:02:01:03 | HLA-B=B*07:02:01 | DRB345=DRB3*01:01:02:01 | DRB1=DRB1*15:01:01:01SG | DQA1=DQA1*01:02:01:01SG | DQB1=DQB1*06:02:01 | DPA1=DPA1*01:03:01:01 | DPB1=DPB1*04:01:01:01/DPB1*04:01:01:02,False,False,1.0,1.0,1.0,1.0,1.0,1.0,1.0,1.0,0.0
SYNTH_0321,Global,success,,284.7,0.0,0,0.0,,,False,False,,,,,,,,,
SYNTH_0322,Global,success,,297.9,0.93478261,2,0.3478,HLA-A=A*02:01:01:01 | HLA-C=C*07:02:01:03 | HLA-B=B*07:02:01 | DRB345=DRB5*01:01:01 | DRB1=DRB1*15:01:01:01SG | DQA1=DQA1*01:02:01:01SG | DQB1=DQB1*06:02:01 | DPA1=DPA1*01:03:01:04 | DPB1=DPB1*04:01:01:01/DPB1*04:01:01:02,HLA-A=A*24:02:01:01 | HLA-C=C*04:01:01:06 | HLA-B=B*35:02:01 | DRB345=DRB3*02:02:01:02 | DRB1=DRB1*11:04:01 | DQA1=DQA1*05:05:01:01SG | DQB1=DQB1*03:01:01:02 | DPA1=DPA1*01:03:01:04 | DPB1=DPB1*04:01:01:01/DPB1*04:01:01:02,False,False,1.0,1.0,1.0,1.0,1.0,1.0,1.0,1.0,0.0
SYNTH_0323,Global,success,,194.0,1.0,1,0.0,HLA-A=A*01:01:01:01 | HLA-C=C*07:01:01:01 | HLA-B=B*08:01:01:01 | DRB345=DRB3*01:01:02:01 | DRB1=DRB1*03:01:01:01SG | DQA1=DQA1*05:01:01:02 | DQB1=DQB1*02:01:01 | DPA1=DPA1*01:03:01:05 | DPB1=DPB1*04:02:01:01,HLA-A=A*24:02:01:01 | HLA-C=C*04:01:01:05 | HLA-B=B*35:01:01:02 | DRB345=Abs | DRB1=DRB1*01:03 | DQA1=DQA1*01:01:01:02SG | DQB1=DQB1*05:01:01:03 | DPA1=DPA1*01:03:01:01 | DPB1=DPB1*02:01:02/DPB1*02:01:19,False,False,1.0,1.0,1.0,1.0,1.0,1.0,1.0,1.0,0.0
SYNTH_0324,Global,success,,187.3,1.0,1,0.0,HLA-A=A*01:01:01:01 | HLA-C=C*07:01:01:01 | HLA-B=B*08:01:01:01 | DRB345=DRB3*01:01:02:01 | DRB1=DRB1*03:01:01:01SG | DQA1=DQA1*05:01:01:02 | DQB1=DQB1*02:01:01 | DPA1=DPA1*01:03:01:02 | DPB1=DPB1*04:01:01:01/DPB1*04:01:01:02,HLA-A=A*02:01:01:01 | HLA-C=C*07:02:01:03 | HLA-B=B*07:02:01 | DRB345=DRB5*01:01:01 | DRB1=DRB1*15:01:01:01SG | DQA1=DQA1*01:02:01:01SG | DQB1=DQB1*06:02:01 | DPA1=DPA1*01:03:01:04 | DPB1=DPB1*04:01:01:01/DPB1*04:01:01:02,False,False,1.0,1.0,1.0,1.0,1.0,1.0,1.0,1.0,0.0
SYNTH_0325,Global,success,,143.6,1.0,1,0.0,HLA-A=A*01:01:01:01 | HLA-C=C*06:02:01:01 | HLA-B=B*57:01:01 | DRB345=DRB4*01:03:01:02N | DRB1=DRB1*07:01:01:01SG | DQA1=DQA1*02:01:01:01SG | DQB1=DQB1*03:03:02:01 | DPA1=DPA1*02:01:01:01 | DPB1=DPB1*13:01:01/DPB1*107:01,HLA-A=A*02:01:01:01 | HLA-C=C*04:01:01:01 | HLA-B=B*35:01:01:02 | DRB345=DRB5*01:01:01 | DRB1=DRB1*15:03:01:01SG | DQA1=DQA1*01:02:01:01SG | DQB1=DQB1*06:02:01 | DPA1=DPA1*01:03:01:02 | DPB1=DPB1*02:01:02/DPB1*02:01:19,False,False,1.0,1.0,1.0,1.0,1.0,1.0,1.0,1.0,0.0
SYNTH_0326,Global,success,,200.1,0.41666667,4,1.8879,HLA-A=A*02:01:01:01 | HLA-C=C*03:04:01:02 | HLA-B=B*40:01:02 | DRB345=DRB3*02:02:01:02 | DRB1=DRB1*11:01:01:01 | DQA1=DQA1*05:05:01:01SG | DQB1=DQB1*03:01:01:03 | DPA1=DPA1*01:03:01:02 | DPB1=DPB1*04:01:01:01/DPB1*04:01:01:02,HLA-A=A*24:02:01:01 | HLA-C=C*07:02:01:03 | HLA-B=B*07:02:01 | DRB345=DRB5*01:01:01 | DRB1=DRB1*15:01:01:01SG | DQA1=DQA1*01:02:01:01SG | DQB1=DQB1*06:02:01 | DPA1=DPA1*01:03:01:01 | DPB1=DPB1*02:01:02/DPB1*02:01:19,False,False,1.0,1.0,1.0,1.0,1.0,1.0,1.0,1.0,0.0
SYNTH_0327,Global,success,,210.9,0.84242424,3,0.7751,HLA-A=A*01:01:01:01 | HLA-C=C*07:01:01:01 | HLA-B=B*08:01:01:01 | DRB345=DRB3*01:01:02:01 | DRB1=DRB1*03:01:01:01SG | DQA1=DQA1*05:01:01:02 | DQB1=DQB1*02:01:01 | DPA1=DPA1*01:03:01:02 | DPB1=DPB1*04:01:01:01/DPB1*04:01:01:02,HLA-A=A*30:01:01 | HLA-C=C*06:02:01:01 | HLA-B=B*13:02:01 | DRB345=DRB4*01:03:01:01/DRB4*01:03:01:01:03 | DRB1=DRB1*07:01:01:01SG | DQA1=DQA1*02:01:01:01SG | DQB1=DQB1*02:02:01:01 | DPA1=DPA1*01:03:01:05 | DPB1=DPB1*04:02:01:02,False,False,1.0,1.0,1.0,0.0,1.0,1.0,1.0,1.0,0.0
SYNTH_0328,Global,success,,202.4,0.77777778,2,0.7642,HLA-A=A*31:01:02:01 | HLA-C=C*03:04:01:01 | HLA-B=B*40:01:02 | DRB345=DRB4*01:03:01:01/DRB4*01:03:01:01:03 | DRB1=DRB1*04:04:01 | DQA1=DQA1*03:01:01 | DQB1=DQB1*03:02:01 | DPA1=DPA1*01:03:01:02 | DPB1=DPB1*04:01:01:01/DPB1*04:01:01:02,HLA-A=A*02:01:01:01 | HLA-C=C*04:01:01:01 | HLA-B=B*35:03:01 | DRB345=DRB3*02:02:01:02 | DRB1=DRB1*12:01:01:03 | DQA1=DQA1*05:05:01:05SG | DQB1=DQB1*03:01:01:01 | DPA1=DPA1*02:01:01:02 | DPB1=DPB1*04:01:01:01/DPB1*04:01:01:02,False,False,1.0,1.0,1.0,0.0,1.0,1.0,1.0,1.0,0.0
SYNTH_0329,Global,success,,162.7,1.0,1,0.0,HLA-A=A*32:01:01 | HLA-C=C*07:02:01:01 | HLA-B=B*08:01:01:02 | DRB345=DRB3*02:02:01:01 | DRB1=DRB1*03:01:01:01SG | DQA1=DQA1*05:01:01:03 | DQB1=DQB1*02:01:01 | DPA1=DPA1*01:03:01:04 | DPB1=DPB1*04:01:01:01/DPB1*04:01:01:02,HLA-A=A*11:01:01:01 | HLA-C=C*05:01:01:01 | HLA-B=B*18:01:01:01 | DRB345=DRB3*02:02:01:01 | DRB1=DRB1*03:01:01:01SG | DQA1=DQA1*05:01:01:01 | DQB1=DQB1*02:01:01 | DPA1=DPA1*01:03:01:04 | DPB1=DPB1*04:01:01:01/DPB1*04:01:01:02,False,False,1.0,1.0,1.0,1.0,1.0,1.0,1.0,1.0,0.0
SYNTH_0330,Global,success,,168.8,0.36263736,10,2.7562,HLA-A=A*25:01:01 | HLA-C=C*12:03:01:01 | HLA-B=B*18:01:01:02 | DRB345=DRB5*01:01:01 | DRB1=DRB1*15:01:01:01SG | DQA1=DQA1*01:02:01:01SG | DQB1=DQB1*06:02:01 | DPA1=DPA1*01:03:01:02 | DPB1=DPB1*04:01:01:01/DPB1*04:01:01:02,HLA-A=A*02:01:01:01 | HLA-C=C*07:02:01:03 | HLA-B=B*07:02:01 | DRB345=Abs | DRB1=DRB1*01:01:01 | DQA1=DQA1*01:01:01:02SG | DQB1=DQB1*05:01:01:03 | DPA1=DPA1*01:03:01:02 | DPB1=DPB1*04:01:01:01/DPB1*04:01:01:02,False,False,1.0,1.0,1.0,1.0,1.0,1.0,1.0,0.0,0.0
SYNTH_0331,Global,success,,173.2,0.77777778,2,0.7642,HLA-A=A*02:01:01:01 | HLA-C=C*07:02:01:03 | HLA-B=B*07:02:01 | DRB345=DRB5*01:01:01 | DRB1=DRB1*15:01:01:01SG | DQA1=DQA1*01:02:01:01SG | DQB1=DQB1*06:02:01 | DPA1=DPA1*01:03:01:04 | DPB1=DPB1*04:01:01:01/DPB1*04:01:01:02,HLA-A=A*29:02:01:01 | HLA-C=C*16:01:01:01 | HLA-B=B*44:03:01:01 | DRB345=DRB4*01:01:01:01 | DRB1=DRB1*07:01:01:01SG | DQA1=DQA1*02:01:01:01SG | DQB1=DQB1*02:02:01:01 | DPA1=DPA1*01:03:01:02 | DPB1=DPB1*04:01:01:01/DPB1*04:01:01:02,False,False,1.0,1.0,1.0,1.0,1.0,1.0,1.0,1.0,0.0
SYNTH_0332,Global,success,,166.9,1.0,1,0.0,HLA-A=A*03:01:01:01 | HLA-C=C*07:02:01:03 | HLA-B=B*07:02:01 | DRB345=DRB5*01:01:01 | DRB1=DRB1*15:01:01:01SG | DQA1=DQA1*01:02:01:01SG | DQB1=DQB1*06:02:01 | DPA1=DPA1*01:03:01:02 | DPB1=DPB1*04:01:01:01/DPB1*04:01:01:02,HLA-A=A*02:01:01:01 | HLA-C=C*07:02:01:03 | HLA-B=B*07:02:01 | DRB345=DRB5*01:01:01 | DRB1=DRB1*15:01:01:01SG | DQA1=DQA1*01:02:01:01SG | DQB1=DQB1*06:02:01 | DPA1=DPA1*01:03:01:04 | DPB1=DPB1*04:01:01:01/DPB1*04:01:01:02,False,False,1.0,1.0,1.0,1.0,1.0,1.0,1.0,1.0,0.0
SYNTH_0333,Global,success,,105.0,1.0,1,0.0,HLA-A=A*33:03:01 | HLA-C=C*04:01:01:01 | HLA-B=B*53:01:01 | DRB345=Abs | DRB1=DRB1*08:04:01 | DQA1=DQA1*04:01:02:02 | DQB1=DQB1*03:19:01 | DPA1=DPA1*02:01:01:02 | DPB1=DPB1*01:01:02,HLA-A=A*02:01:01:01 | HLA-C=C*03:04:01:01 | HLA-B=B*40:01:02 | DRB345=DRB3*03:01:01 | DRB1=DRB1*13:02:01 | DQA1=DQA1*01:02:01:04SG | DQB1=DQB1*06:04:01 | DPA1=DPA1*02:06 | DPB1=DPB1*05:01:01,True,True,1.0,1.0,1.0,1.0,1.0,1.0,1.0,1.0,1.0
SYNTH_0334,Global,success,,115.5,1.0,1,0.0,HLA-A=A*25:01:01 | HLA-C=C*12:03:01:01 | HLA-B=B*18:01:01:02 | DRB345=DRB5*01:01:01 | DRB1=DRB1*15:01:01:01SG | DQA1=DQA1*01:02:01:01SG | DQB1=DQB1*06:02:01 | DPA1=DPA1*01:03:01:04 | DPB1=DPB1*23:01:01,HLA-A=A*68:02:01:01 | HLA-C=C*07:02:01:01 | HLA-B=B*07:02:01 | DRB345=DRB5*01:01:01 | DRB1=DRB1*15:03:01:01SG | DQA1=DQA1*01:02:01:01SG | DQB1=DQB1*06:02:01 | DPA1=DPA1*01:03:01:01 | DPB1=DPB1*02:01:02/DPB1*02:01:19,False,False,1.0,1.0,1.0,1.0,1.0,1.0,1.0,1.0,0.0
SYNTH_0335,Global,success,,206.0,1.0,1,0.0,HLA-A=A*24:02:01:01 | HLA-C=C*04:01:01:06 | HLA-B=B*35:02:01 | DRB345=DRB3*02:02:01:02 | DRB1=DRB1*11:04:01 | DQA1=DQA1*05:05:01:01SG | DQB1=DQB1*03:01:01:02 | DPA1=DPA1*01:03:01:02 | DPB1=DPB1*04:01:01:01/DPB1*04:01:01:02,HLA-A=A*66:02 | HLA-C=C*07:18 | HLA-B=B*58:01:01:01 | DRB345=DRB5*01:01:01 | DRB1=DRB1*15:03:01:01SG | DQA1=DQA1*01:02:01:01SG | DQB1=DQB1*06:02:01 | DPA1=DPA1*01:03:01:01 | DPB1=DPB1*02:01:02/DPB1*02:01:19,False,False,1.0,1.0,1.0,1.0,1.0,1.0,1.0,1.0,0.0
SYNTH_0336,Global,success,,183.9,1.0,1,0.0,HLA-A=A*01:01:01:01 | HLA-C=C*07:02:01:03 | HLA-B=B*07:02:01 | DRB345=DRB5*01:01:01 | DRB1=DRB1*15:01:01:01SG | DQA1=DQA1*01:02:01:01SG | DQB1=DQB1*06:02:01 | DPA1=DPA1*01:03:01:05 | DPB1=DPB1*04:02:01:02,HLA-A=A*02:06:01:01 | HLA-C=C*08:01:01 | HLA-B=B*40:06:01:01 | DRB345=DRB4*01:03:02 | DRB1=DRB1*09:01:02 | DQA1=DQA1*03:02 | DQB1=DQB1*03:03:02:02/DQB1*03:03:02:03 | DPA1=DPA1*02:01:01:02 | DPB1=DPB1*09:01:01,False,False,1.0,1.0,1.0,1.0,1.0,1.0,0.0,1.0,1.0
SYNTH_0337,Global,success,,180.0,0.83426966,4,0.8499,HLA-A=A*01:01:01:01 | HLA-C=C*07:01:01:01 | HLA-B=B*08:01:01:01 | DRB345=DRB3*01:01:02:01 | DRB1=DRB1*03:01:01:01SG | DQA1=DQA1*05:01:01:02 | DQB1=DQB1*02:01:01 | DPA1=DPA1*02:01:02 | DPB1=DPB1*01:01:01,HLA-A=A*01:01:01:01 | HLA-C=C*07:01:01:01 | HLA-B=B*08:01:01:01 | DRB345=DRB3*01:01:02:01 | DRB1=DRB1*03:01:01:01SG | DQA1=DQA1*05:01:01:02 | DQB1=DQB1*02:01:01 | DPA1=DPA1*01:03:01:03 | DPB1=DPB1*03:01:01,True,True,1.0,1.0,1.0,1.0,1.0,1.0,1.0,1.0,1.0
SYNTH_0338,Global,success,,184.1,1.0,1,0.0,HLA-A=A*02:01:01:01 | HLA-C=C*05:01:01:02 | HLA-B=B*44:02:01:01 | DRB345=Abs | DRB1=DRB1*08:01:01 | DQA1=DQA1*04:01:01 | DQB1=DQB1*04:02:01 | DPA1=DPA1*01:03:01:02 | DPB1=DPB1*04:01:01:01/DPB1*04:01:01:02,HLA-A=A*24:07:01 | HLA-C=C*07:02:01:01 | HLA-B=B*35:05:01 | DRB345=DRB3*03:01:03 | DRB1=DRB1*12:02:01 | DQA1=DQA1*06:01:01 | DQB1=DQB1*03:01:01:01 | DPA1=DPA1*02:02:02 | DPB1=DPB1*01:01:01,False,False,1.0,1.0,1.0,1.0,1.0,1.0,1.0,1.0,0.0
SYNTH_0339,Global,success,,311.5,1.0,1,0.0,HLA-A=A*03:01:01:01 | HLA-C=C*07:02:01:03 | HLA-B=B*07:02:01 | DRB345=DRB5*01:01:01 | DRB1=DRB1*15:01:01:01SG | DQA1=DQA1*01:02:01:01SG | DQB1=DQB1*06:02:01 | DPA1=DPA1*01:03:01:02 | DPB1=DPB1*04:01:01:01/DPB1*04:01:01:02,HLA-A=A*02:01:01:01 | HLA-C=C*05:01:01:02 | HLA-B=B*44:02:01:01 | DRB345=DRB4*01:03:01:01/DRB4*01:03:01:01:03 | DRB1=DRB1*04:01:01:01SG | DQA1=DQA1*03:03:01:01 | DQB1=DQB1*03:01:01:01 | DPA1=DPA1*01:03:01:03 | DPB1=DPB1*03:01:01,False,False,1.0,1.0,1.0,0.0,1.0,1.0,1.0,1.0,0.0
SYNTH_0340,Global,success,,145.2,0.11290323,26,4.3099,HLA-A=A*01:01:01:01 | HLA-C=C*06:02:01:01 | HLA-B=B*57:01:01 | DRB345=DRB4*01:03:01:02N | DRB1=DRB1*07:01:01:01SG | DQA1=DQA1*02:01:01:01SG | DQB1=DQB1*03:03:02:01 | DPA1=DPA1*01:03:01:04 | DPB1=DPB1*04:01:01:01/DPB1*04:01:01:02,HLA-A=A*68:01:01:02 | HLA-C=C*04:01:01:01 | HLA-B=B*35:03:01 | DRB345=Abs | DRB1=DRB1*08:01:01 | DQA1=DQA1*04:01:01 | DQB1=DQB1*04:02:01 | DPA1=DPA1*01:03:01:03 | DPB1=DPB1*03:01:01,False,False,1.0,1.0,0.0,0.0,0.0,0.0,0.0,0.0,0.0
SYNTH_0341,Global,success,,270.4,1.0,1,0.0,HLA-A=A*26:01:01:01 | HLA-C=C*01:02:01 | HLA-B=B*27:05:02 | DRB345=Abs | DRB1=DRB1*01:01:01 | DQA1=DQA1*01:01:01:02SG | DQB1=DQB1*05:01:01:03 | DPA1=DPA1*01:03:01:05 | DPB1=DPB1*04:02:01:02,HLA-A=A*24:02:01:01 | HLA-C=C*01:02:01 | HLA-B=B*51:01:01:01 | DRB345=DRB3*02:02:01:02 | DRB1=DRB1*11:01:01:01 | DQA1=DQA1*05:05:01:01SG | DQB1=DQB1*03:01:01:03 | DPA1=DPA1*01:03:01:02 | DPB1=DPB1*04:01:01:01/DPB1*04:01:01:02,False,False,1.0,1.0,1.0,1.0,1.0,1.0,1.0,1.0,0.0
SYNTH_0342,Global,success,,141.3,1.0,1,0.0,HLA-A=A*24:02:01:01 | HLA-C=C*04:01:01:06 | HLA-B=B*35:02:01 | DRB345=DRB3*02:02:01:02 | DRB1=DRB1*11:04:01 | DQA1=DQA1*05:05:01:01SG | DQB1=DQB1*03:01:01:02 | DPA1=DPA1*01:03:01:02 | DPB1=DPB1*04:01:01:01/DPB1*04:01:01:02,HLA-A=A*02:01:01:01 | HLA-C=C*07:02:01:03 | HLA-B=B*07:02:01 | DRB345=Abs | DRB1=DRB1*01:01:01 | DQA1=DQA1*01:01:01:02SG | DQB1=DQB1*05:01:01:03 | DPA1=DPA1*01:03:01:02 | DPB1=DPB1*04:01:01:01/DPB1*04:01:01:02,False,False,1.0,1.0,1.0,1.0,1.0,1.0,1.0,1.0,0.0
SYNTH_0343,Global,success,,220.3,1.0,1,0.0,HLA-A=A*01:01:01:01 | HLA-C=C*07:01:01:01 | HLA-B=B*08:01:01:01 | DRB345=DRB3*01:01:02:01 | DRB1=DRB1*03:01:01:01SG | DQA1=DQA1*05:01:01:02 | DQB1=DQB1*02:01:01 | DPA1=DPA1*01:03:01:02 | DPB1=DPB1*04:01:01:01/DPB1*04:01:01:02,HLA-A=A*02:01:01:01 | HLA-C=C*07:02:01:03 | HLA-B=B*07:02:01 | DRB345=DRB5*01:01:01 | DRB1=DRB1*15:01:01:01SG | DQA1=DQA1*01:02:01:01SG | DQB1=DQB1*06:02:01 | DPA1=DPA1*02:06 | DPB1=DPB1*05:01:01,False,False,1.0,1.0,1.0,1.0,1.0,1.0,1.0,1.0,0.0
SYNTH_0344,Global,success,,215.4,1.0,1,0.0,HLA-A=A*02:01:01:01 | HLA-C=C*03:04:01:01 | HLA-B=B*40:01:02 | DRB345=DRB3*03:01:01 | DRB1=DRB1*13:02:01 | DQA1=DQA1*01:02:01:04SG | DQB1=DQB1*06:04:01 | DPA1=DPA1*01:03:01:02 | DPB1=DPB1*04:01:01:01/DPB1*04:01:01:02,HLA-A=A*26:01:01:01 | HLA-C=C*12:03:01:01 | HLA-B=B*38:01:01 | DRB345=DRB4*01:03:01:01/DRB4*01:03:01:01:03 | DRB1=DRB1*04:02:01 | DQA1=DQA1*03:01:01 | DQB1=DQB1*03:02:01 | DPA1=DPA1*01:03:01:04 | DPB1=DPB1*04:01:01:01/DPB1*04:01:01:02,False,False,1.0,1.0,1.0,0.0,1.0,1.0,1.0,1.0,0.0
SYNTH_0345,Global,success,,194.1,0.82352941,2,0.6723,HLA-A=A*02:01:01:01 | HLA-C=C*05:01:01:02 | HLA-B=B*44:02:01:01 | DRB345=DRB4*01:03:01:01/DRB4*01:03:01:01:03 | DRB1=DRB1*04:01:01:01SG | DQA1=DQA1*03:03:01:01 | DQB1=DQB1*03:01:01:01 | DPA1=DPA1*01:03:01:02 | DPB1=DPB1*04:01:01:01/DPB1*04:01:01:02,HLA-A=A*01:01:01:01 | HLA-C=C*07:01:01:01 | HLA-B=B*08:01:01:01 | DRB345=DRB3*01:01:02:01 | DRB1=DRB1*03:01:01:01SG | DQA1=DQA1*05:01:01:02 | DQB1=DQB1*02:01:01 | DPA1=DPA1*01:03:01:05 | DPB1=DPB1*04:02:01:02,False,False,1.0,1.0,1.0,0.0,1.0,1.0,1.0,1.0,0.0
SYNTH_0346,Global,success,,186.0,0.64837398,6,1.4762,HLA-A=A*02:01:01:01 | HLA-C=C*05:01:01:02 | HLA-B=B*44:02:01:01 | DRB345=DRB4*01:03:01:01/DRB4*01:03:01:01:03 | DRB1=DRB1*04:01:01:01SG | DQA1=DQA1*03:03:01:01 | DQB1=DQB1*03:01:01:01 | DPA1=DPA1*01:03:01:04 | DPB1=DPB1*04:01:01:01/DPB1*04:01:01:02,HLA-A=A*01:01:01:01 | HLA-C=C*07:01:01:01 | HLA-B=B*08:01:01:01 | DRB345=DRB3*01:01:02:01 | DRB1=DRB1*03:01:01:01SG | DQA1=DQA1*05:01:01:02 | DQB1=DQB1*02:01:01 | DPA1=DPA1*01:03:01:03 | DPB1=DPB1*03:01:01,False,False,1.0,1.0,1.0,0.0,1.0,1.0,1.0,0.0,0.0
SYNTH_0347,Global,success,,200.5,0.53846154,2,0.9957,HLA-A=A*01:01:01:01 | HLA-C=C*06:02:01:01 | HLA-B=B*57:01:01 | DRB345=DRB4*01:03:01:02N | DRB1=DRB1*07:01:01:01SG | DQA1=DQA1*02:01:01:01SG | DQB1=DQB1*03:03:02:01 | DPA1=DPA1*01:03:01:04 | DPB1=DPB1*04:01:01:01/DPB1*04:01:01:02,HLA-A=A*68:02:01:01 | HLA-C=C*08:02:01:01 | HLA-B=B*14:02:01:01 | DRB345=DRB3*01:01:02:01 | DRB1=DRB1*13:03:01 | DQA1=DQA1*05:05:01:01SG | DQB1=DQB1*03:01:01:03 | DPA1=DPA1*01:03:01:01 | DPB1=DPB1*02:01:02/DPB1*02:01:19,False,False,1.0,1.0,1.0,1.0,1.0,1.0,1.0,1.0,0.0
SYNTH_0348,Global,success,,164.3,1.0,1,0.0,HLA-A=A*24:02:01:01 | HLA-C=C*07:02:01:01 | HLA-B=B*39:06:02 | DRB345=DRB3*01:01:02:01 | DRB1=DRB1*14:06:01 | DQA1=DQA1*05:03 | DQB1=DQB1*03:01:01:01 | DPA1=DPA1*01:03:01:05 | DPB1=DPB1*04:02:01:02,HLA-A=A*02:01:01:01 | HLA-C=C*03:04:01:01 | HLA-B=B*40:01:02 | DRB345=DRB3*03:01:01 | DRB1=DRB1*13:02:01 | DQA1=DQA1*01:02:01:04SG | DQB1=DQB1*06:04:01 | DPA1=DPA1*01:03:01:01 | DPB1=DPB1*02:01:02/DPB1*02:01:19,False,False,1.0,1.0,1.0,1.0,1.0,1.0,1.0,1.0,0.0
SYNTH_0349,Global,success,,257.0,1.0,1,0.0,HLA-A=A*01:01:01:01 | HLA-C=C*06:02:01:01 | HLA-B=B*57:01:01 | DRB345=DRB3*02:02:01:02 | DRB1=DRB1*13:05:01 | DQA1=DQA1*05:05:01:01SG | DQB1=DQB1*03:01:01:03 | DPA1=DPA1*01:03:01:02 | DPB1=DPB1*04:01:01:01/DPB1*04:01:01:02,HLA-A=A*02:01:01:01 | HLA-C=C*07:02:01:03 | HLA-B=B*07:02:01 | DRB345=DRB5*01:01:01 | DRB1=DRB1*15:01:01:01SG | DQA1=DQA1*01:02:01:01SG | DQB1=DQB1*05:02:01 | DPA1=DPA1*01:03:01:02 | DPB1=DPB1*104:01,False,False,1.0,1.0,1.0,1.0,1.0,1.0,1.0,1.0,0.0
SYNTH_0350,Global,success,,148.7,0.85802469,3,0.707,HLA-A=A*01:01:01:01 | HLA-C=C*07:01:01:01 | HLA-B=B*08:01:01:01 | DRB345=DRB3*01:01:02:01 | DRB1=DRB1*03:01:01:01SG | DQA1=DQA1*05:01:01:02 | DQB1=DQB1*02:01:01 | DPA1=DPA1*01:03:01:02 | DPB1=DPB1*04:01:01:01/DPB1*04:01:01:02,HLA-A=A*02:01:01:01 | HLA-C=C*07:02:01:01 | HLA-B=B*39:06:02 | DRB345=Abs | DRB1=DRB1*08:01:01 | DQA1=DQA1*04:01:01 | DQB1=DQB1*04:02:01 | DPA1=DPA1*01:03:01:02 | DPB1=DPB1*04:01:01:01/DPB1*04:01:01:02,False,False,1.0,1.0,1.0,1.0,1.0,1.0,1.0,1.0,0.0
SYNTH_0351,Global,success,,110.8,0.86170213,4,0.7939,HLA-A=A*01:01:01:01 | HLA-C=C*07:01:01:01 | HLA-B=B*08:01:01:01 | DRB345=DRB3*01:01:02:01 | DRB1=DRB1*03:01:01:01SG | DQA1=DQA1*05:01:01:02 | DQB1=DQB1*02:01:01 | DPA1=DPA1*02:01:02 | DPB1=DPB1*01:01:01,HLA-A=A*03:01:01:01 | HLA-C=C*07:01:01:01 | HLA-B=B*07:02:01 | DRB345=DRB5*01:01:01 | DRB1=DRB1*15:01:01:01SG | DQA1=DQA1*01:02:01:01SG | DQB1=DQB1*06:02:01 | DPA1=DPA1*01:03:01:02 | DPB1=DPB1*04:01:01:01/DPB1*04:01:01:02,False,False,1.0,1.0,1.0,1.0,1.0,1.0,1.0,1.0,0.0
SYNTH_0352,Global,success,,306.4,1.0,1,0.0,HLA-A=A*01:01:01:01 | HLA-C=C*07:01:01:01 | HLA-B=B*08:01:01:01 | DRB345=DRB3*01:01:02:01 | DRB1=DRB1*03:01:01:01SG | DQA1=DQA1*05:01:01:01 | DQB1=DQB1*02:01:01 | DPA1=DPA1*01:03:01:01 | DPB1=DPB1*04:01:01:01/DPB1*04:01:01:02,HLA-A=A*24:02:01:01 | HLA-C=C*03:04:01:01 | HLA-B=B*15:01:01:01 | DRB345=DRB4*01:03:01:01/DRB4*01:03:01:01:03 | DRB1=DRB1*04:01:01:01SG | DQA1=DQA1*03:01:01 | DQB1=DQB1*03:02:01 | DPA1=DPA1*01:03:01:01 | DPB1=DPB1*02:01:02/DPB1*02:01:19,False,False,1.0,1.0,1.0,0.0,1.0,1.0,1.0,1.0,0.0
SYNTH_0353,Global,success,,380.5,0.82352941,2,0.6723,HLA-A=A*01:01:01:01 | HLA-C=C*07:01:01:01 | HLA-B=B*08:01:01:01 | DRB345=DRB3*01:01:02:01 | DRB1=DRB1*03:01:01:01SG | DQA1=DQA1*05:01:01:02 | DQB1=DQB1*02:01:01 | DPA1=DPA1*01:03:01:05 | DPB1=DPB1*04:02:01:02,HLA-A=A*01:01:01:01 | HLA-C=C*07:01:01:01 | HLA-B=B*08:01:01:01 | DRB345=DRB3*01:01:02:01 | DRB1=DRB1*03:01:01:01SG | DQA1=DQA1*05:01:01:02 | DQB1=DQB1*02:01:01 | DPA1=DPA1*02:01:02 | DPB1=DPB1*01:01:01,True,False,1.0,1.0,1.0,1.0,1.0,1.0,1.0,1.0,1.0
SYNTH_0354,Global,success,,368.8,0.0,0,0.0,,,False,False,,,,,,,,,
SYNTH_0355,Global,success,,291.8,0.5,2,1.0,HLA-A=A*02:01:01:01 | HLA-C=C*03:03:01:01 | HLA-B=B*15:01:01:01 | DRB345=DRB4*01:03:01:01/DRB4*01:03:01:01:03 | DRB1=DRB1*04:01:01:01SG | DQA1=DQA1*03:01:01 | DQB1=DQB1*03:02:01 | DPA1=DPA1*01:03:01:02 | DPB1=DPB1*04:01:01:01/DPB1*04:01:01:02,HLA-A=A*01:01:01:01 | HLA-C=C*06:02:01:02 | HLA-B=B*50:01:01 | DRB345=DRB4*01:03:01:01/DRB4*01:03:01:01:03 | DRB1=DRB1*07:01:01:01SG | DQA1=DQA1*02:01:01:01SG | DQB1=DQB1*02:02:01:01 | DPA1=DPA1*01:03:01:01 | DPB1=DPB1*04:01:01:01/DPB1*04:01:01:02,False,False,1.0,1.0,1.0,0.0,1.0,1.0,1.0,0.0,0.0
SYNTH_0356,Global,success,,281.5,0.0,0,0.0,,,False,False,,,,,,,,,
SYNTH_0357,Global,success,,998.7,0.32222222,21,3.0785,HLA-A=A*02:01:01:01 | HLA-C=C*05:01:01:02 | HLA-B=B*44:02:01:01 | DRB345=DRB4*01:03:01:01/DRB4*01:03:01:01:03 | DRB1=DRB1*04:01:01:01SG | DQA1=DQA1*03:03:01:01 | DQB1=DQB1*03:01:01:01 | DPA1=DPA1*01:03:01:04 | DPB1=DPB1*04:01:01:01/DPB1*04:01:01:02,HLA-A=A*03:01:01:01 | HLA-C=C*03:04:01:01 | HLA-B=B*15:01:01:01 | DRB345=DRB4*01:03:01:01/DRB4*01:03:01:01:03 | DRB1=DRB1*04:01:01:01SG | DQA1=DQA1*03:01:01 | DQB1=DQB1*03:02:01 | DPA1=DPA1*01:03:01:02 | DPB1=DPB1*04:01:01:01/DPB1*04:01:01:02,False,False,1.0,1.0,0.0,0.0,1.0,1.0,1.0,1.0,0.0
SYNTH_0358,Global,success,,420.8,1.0,1,0.0,HLA-A=A*02:01:01:01 | HLA-C=C*05:01:01:02 | HLA-B=B*44:02:01:01 | DRB345=DRB4*01:03:01:01/DRB4*01:03:01:01:03 | DRB1=DRB1*04:01:01:01SG | DQA1=DQA1*03:03:01:01 | DQB1=DQB1*03:01:01:01 | DPA1=DPA1*01:03:01:04 | DPB1=DPB1*04:01:01:01/DPB1*04:01:01:02,HLA-A=A*02:06:01:01 | HLA-C=C*08:01:01 | HLA-B=B*40:06:01:01 | DRB345=DRB4*01:03:02 | DRB1=DRB1*09:01:02 | DQA1=DQA1*03:02 | DQB1=DQB1*03:03:02:02/DQB1*03:03:02:03 | DPA1=DPA1*01:03:01:01 | DPB1=DPB1*04:01:01:01/DPB1*04:01:01:02,False,False,1.0,1.0,1.0,0.0,1.0,1.0,0.0,1.0,0.0
SYNTH_0359,Global,success,,414.0,0.5375,2,0.9959,HLA-A=A*01:01:01:01 | HLA-C=C*07:01:01:01 | HLA-B=B*08:01:01:01 | DRB345=DRB3*01:01:02:01 | DRB1=DRB1*03:01:01:01SG | DQA1=DQA1*05:01:01:02 | DQB1=DQB1*02:01:01 | DPA1=DPA1*02:01:02 | DPB1=DPB1*01:01:01,HLA-A=A*02:01:01:01 | HLA-C=C*07:02:01:03 | HLA-B=B*07:02:01 | DRB345=DRB5*01:01:01 | DRB1=DRB1*15:01:01:01SG | DQA1=DQA1*01:02:01:01SG | DQB1=DQB1*06:02:01 | DPA1=DPA1*01:03:01:04 | DPB1=DPB1*04:01:01:01/DPB1*04:01:01:02,False,False,1.0,1.0,1.0,1.0,1.0,1.0,1.0,0.0,0.0
SYNTH_0360,Global,success,,392.2,1.0,1,0.0,HLA-A=A*02:01:01:01 | HLA-C=C*05:01:01:02 | HLA-B=B*44:02:01:01 | DRB345=DRB3*01:01:02:01 | DRB1=DRB1*13:01:01:01SG | DQA1=DQA1*01:03:01:02SG | DQB1=DQB1*06:03:01 | DPA1=DPA1*01:03:01:02 | DPB1=DPB1*04:01:01:01/DPB1*04:01:01:02,HLA-A=A*11:01:01:01 | HLA-C=C*04:01:01:05 | HLA-B=B*35:01:01:02 | DRB345=Abs | DRB1=DRB1*01:03 | DQA1=DQA1*01:01:01:02SG | DQB1=DQB1*05:01:01:03 | DPA1=DPA1*01:03:01:05 | DPB1=DPB1*04:02:01:02,False,False,1.0,1.0,1.0,1.0,1.0,1.0,1.0,1.0,0.0
SYNTH_0361,Global,success,,304.0,1.0,1,0.0,HLA-A=A*02:01:01:01 | HLA-C=C*07:02:01:03 | HLA-B=B*07:02:01 | DRB345=DRB5*01:01:01 | DRB1=DRB1*15:01:01:01SG | DQA1=DQA1*01:02:01:01SG | DQB1=DQB1*06:02:01 | DPA1=DPA1*01:03:01:02 | DPB1=DPB1*04:01:01:01/DPB1*04:01:01:02,HLA-A=A*30:01:01 | HLA-C=C*17:01:01:02 | HLA-B=B*42:01:01 | DRB345=DRB3*02:02:01:02 | DRB1=DRB1*03:02:01 | DQA1=DQA1*04:01:01 | DQB1=DQB1*04:02:01 | DPA1=DPA1*02:02:02 | DPB1=DPB1*01:01:01,False,False,1.0,1.0,1.0,1.0,1.0,1.0,1.0,1.0,0.0
SYNTH_0362,Global,success,,207.9,1.0,1,0.0,HLA-A=A*26:01:01:01 | HLA-C=C*12:03:01:01 | HLA-B=B*38:01:01 | DRB345=DRB5*02:02 | DRB1=DRB1*16:01:01 | DQA1=DQA1*01:02:02 | DQB1=DQB1*05:02:01 | DPA1=DPA1*01:03:01:04 | DPB1=DPB1*04:01:01:01/DPB1*04:01:01:02,HLA-A=A*02:01:01:01 | HLA-C=C*07:02:01:01 | HLA-B=B*39:02:02 | DRB345=DRB5*02:02 | DRB1=DRB1*16:02:01:02 | DQA1=DQA1*05:05:01:05SG | DQB1=DQB1*03:01:01:01 | DPA1=DPA1*01:03:01:05 | DPB1=DPB1*04:02:01:02,False,False,1.0,1.0,1.0,1.0,1.0,1.0,1.0,1.0,0.0
SYNTH_0363,Global,success,,268.4,1.0,1,0.0,HLA-A=A*30:01:01 | HLA-C=C*06:02:01:01 | HLA-B=B*13:02:01 | DRB345=DRB4*01:03:01:01/DRB4*01:03:01:01:03 | DRB1=DRB1*07:01:01:01SG | DQA1=DQA1*02:01:01:01SG | DQB1=DQB1*02:02:01:01 | DPA1=DPA1*02:01:01:01 | DPB1=DPB1*17:01,HLA-A=A*01:01:01:01 | HLA-C=C*07:01:01:01 | HLA-B=B*49:01:01 | DRB345=DRB3*03:01:01 | DRB1=DRB1*13:02:01 | DQA1=DQA1*01:02:01:04SG | DQB1=DQB1*06:04:01 | DPA1=DPA1*01:03:01:02 | DPB1=DPB1*04:01:01:01/DPB1*04:01:01:02,False,False,1.0,1.0,1.0,0.0,1.0,1.0,1.0,1.0,0.0
SYNTH_0364,Global,success,,182.1,0.5,3,1.4316,HLA-A=A*02:01:01:01 | HLA-C=C*14:02:01:01 | HLA-B=B*51:01:01:01 | DRB345=Abs | DRB1=DRB1*08:01:01 | DQA1=DQA1*04:01:01 | DQB1=DQB1*04:02:01 | DPA1=DPA1*01:03:01:04 | DPB1=DPB1*02:01:02/DPB1*02:01:19,HLA-A=A*24:02:01:01 | HLA-C=C*04:01:01:06 | HLA-B=B*35:02:01 | DRB345=DRB3*02:02:01:02 | DRB1=DRB1*11:04:01 | DQA1=DQA1*05:05:01:01SG | DQB1=DQB1*03:01:01:02 | DPA1=DPA1*01:03:01:02 | DPB1=DPB1*04:01:01:01/DPB1*04:01:01:02,False,False,1.0,1.0,1.0,1.0,1.0,1.0,1.0,1.0,0.0
SYNTH_0365,Global,success,,137.9,1.0,1,0.0,HLA-A=A*03:01:01:01 | HLA-C=C*05:01:01:02 | HLA-B=B*44:02:01:01 | DRB345=Abs | DRB1=DRB1*01:01:01 | DQA1=DQA1*01:01:01:02SG | DQB1=DQB1*05:01:01:03 | DPA1=DPA1*01:03:01:02 | DPB1=DPB1*04:01:01:01/DPB1*04:01:01:02,HLA-A=A*26:01:01:01 | HLA-C=C*12:03:01:01 | HLA-B=B*38:01:01 | DRB345=DRB4*01:03:01:01/DRB4*01:03:01:01:03 | DRB1=DRB1*04:02:01 | DQA1=DQA1*03:01:01 | DQB1=DQB1*03:02:01 | DPA1=DPA1*01:03:01:04 | DPB1=DPB1*04:01:01:01/DPB1*04:01:01:02,False,False,1.0,1.0,1.0,0.0,1.0,1.0,1.0,1.0,0.0
SYNTH_0366,Global,success,,120.1,1.0,1,0.0,HLA-A=A*01:01:01:01 | HLA-C=C*07:01:01:01 | HLA-B=B*57:01:01 | DRB345=DRB4*01:03:01:02N | DRB1=DRB1*07:01:01:01SG | DQA1=DQA1*02:01:01:01SG | DQB1=DQB1*03:03:02:01 | DPA1=DPA1*01:03:01:02 | DPB1=DPB1*04:01:01:01/DPB1*04:01:01:02,HLA-A=A*01:01:01:01 | HLA-C=C*12:02:02 | HLA-B=B*52:01:01:02 | DRB345=DRB5*01:02 | DRB1=DRB1*15:02:01:01SG | DQA1=DQA1*01:03:01:01 | DQB1=DQB1*06:01:01 | DPA1=DPA1*01:03:01:04 | DPB1=DPB1*04:01:01:01/DPB1*04:01:01:02,False,False,1.0,1.0,1.0,1.0,1.0,1.0,1.0,1.0,0.0
SYNTH_0367,Global,success,,327.4,0.23697825,112,4.4612,HLA-A=A*01:01:01:01 | HLA-C=C*07:01:01:01 | HLA-B=B*08:01:01:01 | DRB345=DRB3*01:01:02:01 | DRB1=DRB1*03:01:01:01SG | DQA1=DQA1*05:01:01:02 | DQB1=DQB1*02:01:01 | DPA1=DPA1*01:03:01:02 | DPB1=DPB1*04:01:01:01/DPB1*04:01:01:02,HLA-A=A*02:01:01:01 | HLA-C=C*05:01:01:02 | HLA-B=B*44:02:01:01 | DRB345=DRB4*01:03:01:01/DRB4*01:03:01:01:03 | DRB1=DRB1*04:01:01:01SG | DQA1=DQA1*03:03:01:01 | DQB1=DQB1*03:01:01:01 | DPA1=DPA1*01:03:01:04 | DPB1=DPB1*04:01:01:01/DPB1*04:01:01:02,False,False,1.0,1.0,1.0,0.0,1.0,1.0,1.0,0.0,0.0
SYNTH_0368,Global,success,,314.7,0.36352657,12,2.5811,HLA-A=A*02:01:01:01 | HLA-C=C*07:02:01:03 | HLA-B=B*07:02:01 | DRB345=DRB5*01:01:01 | DRB1=DRB1*15:01:01:01SG | DQA1=DQA1*01:02:01:01SG | DQB1=DQB1*06:02:01 | DPA1=DPA1*01:03:01:04 | DPB1=DPB1*04:01:01:01/DPB1*04:01:01:02,HLA-A=A*03:01:01:01 | HLA-C=C*08:02:01:01 | HLA-B=B*14:02:01:01 | DRB345=DRB3*03:01:01 | DRB1=DRB1*13:02:01 | DQA1=DQA1*01:02:01:04SG | DQB1=DQB1*06:09:01 | DPA1=DPA1*02:01:01:01 | DPB1=DPB1*05:01:01,False,False,0.0,1.0,1.0,1.0,1.0,1.0,1.0,1.0,0.0
SYNTH_0369,Global,success,,196.2,1.0,1,0.0,HLA-A=A*02:06:01:01 | HLA-C=C*03:03:01:01 | HLA-B=B*52:01:02 | DRB345=Abs | DRB1=DRB1*08:02:01 | DQA1=DQA1*04:01:01 | DQB1=DQB1*04:02:01 | DPA1=DPA1*01:03:01:02 | DPB1=DPB1*04:01:01:01/DPB1*04:01:01:02,HLA-A=A*02:01:01:01 | HLA-C=C*07:02:01:03 | HLA-B=B*07:02:01 | DRB345=Abs | DRB1=DRB1*01:01:01 | DQA1=DQA1*01:01:01:02SG | DQB1=DQB1*05:01:01:03 | DPA1=DPA1*01:03:01:01 | DPB1=DPB1*02:01:02/DPB1*02:01:19,False,False,1.0,1.0,1.0,1.0,1.0,1.0,1.0,1.0,0.0
SYNTH_0370,Global,success,,196.4,1.0,1,0.0,HLA-A=A*25:01:01 | HLA-C=C*12:03:01:01 | HLA-B=B*18:01:01:02 | DRB345=DRB5*01:01:01 | DRB1=DRB1*15:01:01:01SG | DQA1=DQA1*01:02:01:01SG | DQB1=DQB1*06:03:01 | DPA1=DPA1*01:03:01:01 | DPB1=DPB1*02:01:02/DPB1*02:01:19,HLA-A=A*02:01:01:01 | HLA-C=C*12:02:02 | HLA-B=B*52:01:01:02 | DRB345=DRB5*01:02 | DRB1=DRB1*15:02:01:01SG | DQA1=DQA1*01:03:01:01 | DQB1=DQB1*06:01:01 | DPA1=DPA1*01:03:01:04 | DPB1=DPB1*04:01:01:01/DPB1*04:01:01:02,False,False,1.0,1.0,1.0,1.0,1.0,1.0,1.0,1.0,0.0
SYNTH_0371,Global,success,,114.5,0.98245614,2,0.1274,HLA-A=A*03:01:01:01 | HLA-C=C*07:02:01:03 | HLA-B=B*07:02:01 | DRB345=DRB5*01:01:01 | DRB1=DRB1*15:01:01:01SG | DQA1=DQA1*01:02:01:01SG | DQB1=DQB1*06:02:01 | DPA1=DPA1*01:03:01:02 | DPB1=DPB1*04:01:01:01/DPB1*04:01:01:02,HLA-A=A*33:01:01 | HLA-C=C*08:02:01:01 | HLA-B=B*14:02:01:01 | DRB345=Abs | DRB1=DRB1*01:02:01 | DQA1=DQA1*01:01:02 | DQB1=DQB1*05:01:01:01 | DPA1=DPA1*01:03:01:04 | DPB1=DPB1*04:01:01:01/DPB1*04:01:01:02,False,False,1.0,1.0,1.0,1.0,1.0,1.0,1.0,1.0,0.0
SYNTH_0372,Global,success,,252.3,1.0,1,0.0,HLA-A=A*03:01:01:01 | HLA-C=C*04:01:01:01 | HLA-B=B*35:01:01:02 | DRB345=DRB3*02:02:01:02 | DRB1=DRB1*13:01:01:01SG | DQA1=DQA1*01:03:01:02SG | DQB1=DQB1*06:03:01 | DPA1=DPA1*01:03:01:02 | DPB1=DPB1*04:01:01:01/DPB1*04:01:01:02,HLA-A=A*02:01:01:01 | HLA-C=C*05:01:01:02 | HLA-B=B*44:02:01:01 | DRB345=DRB4*01:03:01:01/DRB4*01:03:01:01:03 | DRB1=DRB1*04:01:01:01SG | DQA1=DQA1*03:03:01:01 | DQB1=DQB1*03:01:01:01 | DPA1=DPA1*01:03:01:02 | DPB1=DPB1*04:01:01:01/DPB1*04:01:01:02,False,False,1.0,1.0,1.0,0.0,1.0,1.0,1.0,1.0,0.0
SYNTH_0373,Global,success,,291.1,0.85802469,3,0.707,HLA-A=A*01:01:01:01 | HLA-C=C*07:01:01:01 | HLA-B=B*08:01:01:01 | DRB345=DRB3*01:01:02:01 | DRB1=DRB1*03:01:01:01SG | DQA1=DQA1*05:01:01:02 | DQB1=DQB1*02:01:01 | DPA1=DPA1*01:03:01:02 | DPB1=DPB1*04:01:01:01/DPB1*04:01:01:02,HLA-A=A*33:01:01 | HLA-C=C*08:02:01:01 | HLA-B=B*14:02:01:01 | DRB345=Abs | DRB1=DRB1*01:02:01 | DQA1=DQA1*01:01:02 | DQB1=DQB1*05:01:01:01 | DPA1=DPA1*02:02:02 | DPB1=DPB1*01:01:01,False,False,1.0,1.0,1.0,1.0,1.0,1.0,1.0,1.0,0.0
SYNTH_0374,Global,success,,171.3,1.0,1,0.0,HLA-A=A*02:01:01:01 | HLA-C=C*07:01:01:01 | HLA-B=B*08:01:01:01 | DRB345=DRB3*01:01:02:01 | DRB1=DRB1*03:01:01:01SG | DQA1=DQA1*05:01:01:02 | DQB1=DQB1*02:01:01 | DPA1=DPA1*01:03:01:02 | DPB1=DPB1*04:01:01:01/DPB1*04:01:01:02,HLA-A=A*03:01:01:01 | HLA-C=C*07:02:01:03 | HLA-B=B*07:02:01 | DRB345=DRB5*01:01:01 | DRB1=DRB1*15:01:01:01SG | DQA1=DQA1*01:02:01:01SG | DQB1=DQB1*06:02:01 | DPA1=DPA1*01:03:01:04 | DPB1=DPB1*04:01:01:01/DPB1*04:01:01:02,False,False,1.0,1.0,1.0,1.0,1.0,1.0,1.0,1.0,0.0
SYNTH_0375,Global,success,,362.9,1.0,1,0.0,HLA-A=A*02:01:01:01 | HLA-C=C*16:01:01:01 | HLA-B=B*44:03:01:01 | DRB345=DRB3*02:02:01:02 | DRB1=DRB1*11:01:02 | DQA1=DQA1*01:02:01:01SG | DQB1=DQB1*06:02:01 | DPA1=DPA1*01:03:01:02 | DPB1=DPB1*18:01,HLA-A=A*01:01:01:01 | HLA-C=C*07:01:01:01 | HLA-B=B*08:01:01:01 | DRB345=DRB3*01:01:02:01 | DRB1=DRB1*03:01:01:01SG | DQA1=DQA1*05:01:01:02 | DQB1=DQB1*02:01:01 | DPA1=DPA1*01:03:01:03 | DPB1=DPB1*03:01:01,True,False,1.0,1.0,1.0,1.0,1.0,1.0,1.0,1.0,1.0
SYNTH_0376,Global,success,,229.2,0.875,2,0.5436,HLA-A=A*02:01:01:01 | HLA-C=C*16:02:01 | HLA-B=B*51:01:01:01 | DRB345=DRB3*02:02:01:01 | DRB1=DRB1*03:01:01:01SG | DQA1=DQA1*05:01:01:03 | DQB1=DQB1*02:01:01 | DPA1=DPA1*01:03:01:03 | DPB1=DPB1*03:01:01,HLA-A=A*02:01:01:01 | HLA-C=C*03:04:01:01 | HLA-B=B*40:01:02 | DRB345=DRB3*03:01:01 | DRB1=DRB1*13:02:01 | DQA1=DQA1*01:02:01:04SG | DQB1=DQB1*06:04:01 | DPA1=DPA1*01:03:01:02 | DPB1=DPB1*04:01:01:01/DPB1*04:01:01:02,False,False,1.0,1.0,1.0,1.0,1.0,1.0,1.0,1.0,0.0
SYNTH_0377,Global,success,,222.9,1.0,1,0.0,HLA-A=A*01:01:01:01 | HLA-C=C*03:04:01:01 | HLA-B=B*15:01:01:01 | DRB345=DRB4*01:03:01:01/DRB4*01:03:01:01:03 | DRB1=DRB1*04:01:01:01SG | DQA1=DQA1*03:01:01 | DQB1=DQB1*03:02:01 | DPA1=DPA1*01:03:01:02 | DPB1=DPB1*04:01:01:01/DPB1*04:01:01:02,HLA-A=A*36:01 | HLA-C=C*04:01:01:01 | HLA-B=B*53:01:01 | DRB345=DRB3*01:01:02:01 | DRB1=DRB1*03:01:01:01SG | DQA1=DQA1*04:01:01 | DQB1=DQB1*04:02:01 | DPA1=DPA1*02:01:08 | DPB1=DPB1*01:01:01,False,False,1.0,1.0,1.0,0.0,1.0,1.0,1.0,1.0,0.0
SYNTH_0378,Global,success,,312.3,1.0,1,0.0,HLA-A=A*02:01:01:01 | HLA-C=C*05:01:01:02 | HLA-B=B*44:02:01:01 | DRB345=DRB3*01:01:02:01 | DRB1=DRB1*13:01:01:01SG | DQA1=DQA1*01:03:01:02SG | DQB1=DQB1*06:03:01 | DPA1=DPA1*01:03:01:02 | DPB1=DPB1*04:01:01:01/DPB1*04:01:01:02,HLA-A=A*11:01:01:01 | HLA-C=C*03:03:01:01 | HLA-B=B*55:01:01 | DRB345=DRB4*01:03:01:01/DRB4*01:03:01:01:03 | DRB1=DRB1*04:07:01 | DQA1=DQA1*03:03:01:01 | DQB1=DQB1*03:01:01:01 | DPA1=DPA1*01:03:01:04 | DPB1=DPB1*04:01:01:01/DPB1*04:01:01:02,False,False,1.0,1.0,1.0,0.0,1.0,1.0,1.0,1.0,0.0
SYNTH_0379,Global,success,,226.0,0.91666667,2,0.4138,HLA-A=A*24:02:01:01 | HLA-C=C*08:02:01:01 | HLA-B=B*14:02:01:01 | DRB345=DRB3*02:02:01:01 | DRB1=DRB1*03:01:01:01SG | DQA1=DQA1*05:01:01:03 | DQB1=DQB1*02:01:01 | DPA1=DPA1*01:03:01:03 | DPB1=DPB1*03:01:01,HLA-A=A*01:01:01:01 | HLA-C=C*07:01:01:01 | HLA-B=B*08:01:01:01 | DRB345=DRB3*01:01:02:01 | DRB1=DRB1*03:01:01:01SG | DQA1=DQA1*05:01:01:02 | DQB1=DQB1*02:01:01 | DPA1=DPA1*01:03:01:03 | DPB1=DPB1*03:01:01,True,False,1.0,1.0,1.0,1.0,1.0,1.0,1.0,1.0,1.0
SYNTH_0380,Global,success,,306.2,0.59893048,6,1.7076,HLA-A=A*03:01:01:01 | HLA-C=C*07:02:01:03 | HLA-B=B*07:02:01 | DRB345=DRB5*01:01:01 | DRB1=DRB1*15:01:01:01SG | DQA1=DQA1*01:02:01:01SG | DQB1=DQB1*06:02:01 | DPA1=DPA1*01:03:01:02 | DPB1=DPB1*04:01:01:01/DPB1*04:01:01:02,HLA-A=A*11:01:01:01 | HLA-C=C*04:01:01:05 | HLA-B=B*35:01:01:02 | DRB345=DRB4*01:03:01:01/DRB4*01:03:01:01:03 | DRB1=DRB1*04:07:01 | DQA1=DQA1*03:03:01:01 | DQB1=DQB1*03:01:01:01 | DPA1=DPA1*01:03:01:03 | DPB1=DPB1*03:01:01,False,False,1.0,1.0,1.0,0.0,1.0,1.0,1.0,1.0,0.0
SYNTH_0381,Global,success,,293.7,0.21455939,40,3.8795,HLA-A=A*03:01:01:01 | HLA-C=C*07:02:01:03 | HLA-B=B*07:02:01 | DRB345=DRB5*01:01:01 | DRB1=DRB1*15:01:01:01SG | DQA1=DQA1*01:02:01:01SG | DQB1=DQB1*06:02:01 | DPA1=DPA1*01:03:01:02 | DPB1=DPB1*04:01:01:01/DPB1*04:01:01:02,HLA-A=A*02:01:01:01 | HLA-C=C*02:02:02:01 | HLA-B=B*27:05:02 | DRB345=Abs | DRB1=DRB1*01:01:01 | DQA1=DQA1*01:01:01:02SG | DQB1=DQB1*05:01:01:03 | DPA1=DPA1*01:03:01:02 | DPB1=DPB1*04:01:01:01/DPB1*04:01:01:02,False,False,1.0,0.0,1.0,1.0,1.0,1.0,1.0,0.0,0.0
SYNTH_0382,Global,success,,158.2,1.0,1,0.0,HLA-A=A*01:01:01:01 | HLA-C=C*06:02:01:01 | HLA-B=B*57:01:01 | DRB345=DRB4*01:03:01:02N | DRB1=DRB1*07:01:01:01SG | DQA1=DQA1*02:01:01:01SG | DQB1=DQB1*03:03:02:01 | DPA1=DPA1*02:01:01:01 | DPB1=DPB1*13:01:01/DPB1*107:01,HLA-A=A*68:02:01:01 | HLA-C=C*07:02:01:01 | HLA-B=B*07:02:01 | DRB345=DRB5*01:01:01 | DRB1=DRB1*15:03:01:01SG | DQA1=DQA1*01:02:01:01SG | DQB1=DQB1*06:02:01 | DPA1=DPA1*01:03:01:01 | DPB1=DPB1*02:01:02/DPB1*02:01:19,False,False,1.0,1.0,1.0,1.0,1.0,1.0,1.0,1.0,0.0
SYNTH_0383,Global,success,,171.6,1.0,1,0.0,HLA-A=A*01:01:01:01 | HLA-C=C*07:01:01:01 | HLA-B=B*08:01:01:01 | DRB345=DRB3*01:01:02:01 | DRB1=DRB1*03:01:01:01SG | DQA1=DQA1*05:01:01:02 | DQB1=DQB1*02:01:01 | DPA1=DPA1*01:03:01:02 | DPB1=DPB1*04:01:01:01/DPB1*04:01:01:02,HLA-A=A*24:02:01:01 | HLA-C=C*02:02:02:01 | HLA-B=B*44:05:01 | DRB345=DRB3*02:02:01:02 | DRB1=DRB1*11:04:01 | DQA1=DQA1*05:05:01:01SG | DQB1=DQB1*03:01:01:02 | DPA1=DPA1*02:01:01:02 | DPB1=DPB1*14:01:01,False,False,1.0,1.0,1.0,1.0,1.0,1.0,1.0,1.0,0.0
SYNTH_0384,Global,success,,171.4,1.0,1,0.0,HLA-A=A*01:01:01:01 | HLA-C=C*06:02:01:01 | HLA-B=B*57:01:01 | DRB345=DRB3*01:01:02:01 | DRB1=DRB1*03:01:01:01SG | DQA1=DQA1*05:01:01:02 | DQB1=DQB1*02:01:01 | DPA1=DPA1*02:01:02 | DPB1=DPB1*01:01:01,HLA-A=A*32:01:01 | HLA-C=C*07:02:01:01 | HLA-B=B*07:02:01 | DRB345=DRB4*01:03:01:01/DRB4*01:03:01:01:03 | DRB1=DRB1*04:04:01 | DQA1=DQA1*03:01:01 | DQB1=DQB1*03:02:01 | DPA1=DPA1*01:03:01:02 | DPB1=DPB1*04:01:01:01/DPB1*04:01:01:02,False,False,1.0,1.0,1.0,0.0,1.0,1.0,1.0,1.0,0.0
SYNTH_0385,Global,success,,146.0,1.0,1,0.0,HLA-A=A*02:01:01:01 | HLA-C=C*05:01:01:02 | HLA-B=B*44:02:01:01 | DRB345=DRB4*01:03:01:01/DRB4*01:03:01:01:03 | DRB1=DRB1*04:01:01:01SG | DQA1=DQA1*03:03:01:01 | DQB1=DQB1*03:01:01:01 | DPA1=DPA1*01:03:01:04 | DPB1=DPB1*04:01:01:01/DPB1*04:01:01:02,HLA-A=A*11:01:01:01 | HLA-C=C*12:03:01:01 | HLA-B=B*35:03:01 | DRB345=DRB4*01:03:01:01/DRB4*01:03:01:01:03 | DRB1=DRB1*04:08:01 | DQA1=DQA1*03:03:01:01 | DQB1=DQB1*03:04:01 | DPA1=DPA1*01:04 | DPB1=DPB1*15:01:01,False,False,1.0,1.0,1.0,0.0,1.0,1.0,1.0,1.0,0.0
SYNTH_0386,Global,success,,157.9,0.47058824,7,2.1996,HLA-A=A*03:01:01:01 | HLA-C=C*04:01:01:01 | HLA-B=B*35:01:01:02 | DRB345=Abs | DRB1=DRB1*01:01:01 | DQA1=DQA1*01:01:01:02SG | DQB1=DQB1*05:01:01:03 | DPA1=DPA1*01:03:01:05 | DPB1=DPB1*04:02:01:02,HLA-A=A*03:01:01:01 | HLA-C=C*03:04:01:01 | HLA-B=B*40:01:02 | DRB345=DRB4*01:03:01:01/DRB4*01:03:01:01:03 | DRB1=DRB1*04:04:01 | DQA1=DQA1*03:01:01 | DQB1=DQB1*03:02:01 | DPA1=DPA1*01:03:01:03 | DPB1=DPB1*06:01:01,False,False,1.0,1.0,1.0,0.0,1.0,1.0,1.0,1.0,0.0
SYNTH_0387,Global,success,,151.7,0.66666667,2,0.9183,HLA-A=A*01:01:01:01 | HLA-C=C*07:01:01:01 | HLA-B=B*08:01:01:01 | DRB345=DRB5*01:01:01 | DRB1=DRB1*15:01:01:01SG | DQA1=DQA1*01:02:01:01SG | DQB1=DQB1*06:02:01 | DPA1=DPA1*01:03:01:04 | DPB1=DPB1*04:01:01:01/DPB1*04:01:01:02,HLA-A=A*33:01:01 | HLA-C=C*08:02:01:01 | HLA-B=B*14:02:01:01 | DRB345=Abs | DRB1=DRB1*01:02:01 | DQA1=DQA1*01:01:02 | DQB1=DQB1*05:01:01:01 | DPA1=DPA1*01:03:01:02 | DPB1=DPB1*04:01:01:01/DPB1*04:01:01:02,False,False,1.0,1.0,1.0,1.0,1.0,1.0,1.0,1.0,0.0
SYNTH_0388,Global,success,,146.2,0.88095238,2,0.5266,HLA-A=A*02:01:01:01 | HLA-C=C*07:02:01:03 | HLA-B=B*07:02:01 | DRB345=DRB3*03:01:01 | DRB1=DRB1*13:02:01 | DQA1=DQA1*01:02:01:04SG | DQB1=DQB1*06:04:01 | DPA1=DPA1*01:03:01:03 | DPB1=DPB1*03:01:01,HLA-A=A*02:01:01:01 | HLA-C=C*07:02:01:03 | HLA-B=B*07:02:01 | DRB345=DRB5*01:01:01 | DRB1=DRB1*15:01:01:01SG | DQA1=DQA1*01:02:01:01SG | DQB1=DQB1*06:02:01 | DPA1=DPA1*01:03:01:02 | DPB1=DPB1*04:01:01:01/DPB1*04:01:01:02,False,False,1.0,1.0,1.0,1.0,1.0,1.0,1.0,1.0,0.0
SYNTH_0389,Global,success,,125.0,1.0,1,0.0,HLA-A=A*03:01:01:01 | HLA-C=C*01:02:01 | HLA-B=B*51:01:01:01 | DRB345=Abs | DRB1=DRB1*01:01:01 | DQA1=DQA1*01:01:01:02SG | DQB1=DQB1*05:01:01:03 | DPA1=DPA1*01:03:01:03 | DPB1=DPB1*03:01:01,HLA-A=A*24:02:01:01 | HLA-C=C*03:03:01:01 | HLA-B=B*15:01:01:01 | DRB345=DRB3*02:02:01:02 | DRB1=DRB1*13:01:01:01SG | DQA1=DQA1*01:03:01:02SG | DQB1=DQB1*06:03:01 | DPA1=DPA1*01:03:01:02 | DPB1=DPB1*04:01:01:01/DPB1*04:01:01:02,False,False,1.0,1.0,1.0,1.0,1.0,1.0,1.0,1.0,0.0
SYNTH_0390,Global,success,,141.8,1.0,1,0.0,HLA-A=A*01:01:01:01 | HLA-C=C*07:01:01:01 | HLA-B=B*08:01:01:01 | DRB345=DRB3*01:01:02:01 | DRB1=DRB1*03:01:01:01SG | DQA1=DQA1*05:01:01:02 | DQB1=DQB1*02:01:01 | DPA1=DPA1*01:03:01:05 | DPB1=DPB1*04:02:01:02,HLA-A=A*24:02:01:01 | HLA-C=C*04:01:01:06 | HLA-B=B*35:02:01 | DRB345=DRB3*02:02:01:02 | DRB1=DRB1*11:04:01 | DQA1=DQA1*05:05:01:01SG | DQB1=DQB1*03:01:01:02 | DPA1=DPA1*01:03:01:02 | DPB1=DPB1*04:01:01:01/DPB1*04:01:01:02,False,False,1.0,1.0,1.0,1.0,1.0,1.0,1.0,1.0,0.0
SYNTH_0391,Global,success,,113.6,0.85802469,3,0.707,HLA-A=A*01:01:01:01 | HLA-C=C*07:01:01:01 | HLA-B=B*08:01:01:01 | DRB345=DRB3*01:01:02:01 | DRB1=DRB1*03:01:01:01SG | DQA1=DQA1*05:01:01:02 | DQB1=DQB1*02:01:01 | DPA1=DPA1*01:03:01:02 | DPB1=DPB1*04:01:01:01/DPB1*04:01:01:02,HLA-A=A*66:01:01 | HLA-C=C*12:02:02 | HLA-B=B*52:01:01:01 | DRB345=DRB5*01:02 | DRB1=DRB1*15:02:01:01SG | DQA1=DQA1*01:03:01:01 | DQB1=DQB1*06:01:01 | DPA1=DPA1*02:01:01:01 | DPB1=DPB1*13:01:01/DPB1*107:01,False,False,1.0,1.0,1.0,1.0,1.0,1.0,1.0,1.0,0.0
SYNTH_0392,Global,success,,141.9,1.0,1,0.0,HLA-A=A*11:01:01:01 | HLA-C=C*03:04:01:01 | HLA-B=B*40:01:02 | DRB345=DRB3*03:01:01 | DRB1=DRB1*13:02:01 | DQA1=DQA1*01:02:01:04SG | DQB1=DQB1*06:04:01 | DPA1=DPA1*01:03:01:04 | DPB1=DPB1*04:01:01:01/DPB1*04:01:01:02,HLA-A=A*02:01:01:01 | HLA-C=C*03:04:01:01 | HLA-B=B*40:01:02 | DRB345=DRB4*01:03:01:01/DRB4*01:03:01:01:03 | DRB1=DRB1*04:04:01 | DQA1=DQA1*03:01:01 | DQB1=DQB1*03:02:01 | DPA1=DPA1*01:03:01:03 | DPB1=DPB1*06:01:01,False,False,1.0,1.0,1.0,0.0,1.0,1.0,1.0,1.0,0.0
SYNTH_0393,Global,success,,136.6,0.53846154,2,0.9957,HLA-A=A*01:01:01:01 | HLA-C=C*06:02:01:01 | HLA-B=B*57:01:01 | DRB345=DRB4*01:03:01:02N | DRB1=DRB1*07:01:01:01SG | DQA1=DQA1*02:01:01:01SG | DQB1=DQB1*03:03:02:01 | DPA1=DPA1*01:03:01:04 | DPB1=DPB1*04:01:01:01/DPB1*04:01:01:02,HLA-A=A*03:02:01 | HLA-C=C*07:01:01:01 | HLA-B=B*08:01:01:01 | DRB345=DRB3*01:01:02:01 | DRB1=DRB1*03:01:01:01SG | DQA1=DQA1*05:01:01:02 | DQB1=DQB1*02:01:01 | DPA1=DPA1*01:03:01:04 | DPB1=DPB1*04:01:01:01/DPB1*04:01:01:02,False,False,1.0,1.0,1.0,1.0,1.0,1.0,1.0,1.0,0.0
SYNTH_0394,Global,success,,134.6,1.0,1,0.0,HLA-A=A*30:01:01 | HLA-C=C*06:02:01:01 | HLA-B=B*13:02:01 | DRB345=DRB4*01:03:01:01/DRB4*01:03:01:01:03 | DRB1=DRB1*07:01:01:01SG | DQA1=DQA1*02:01:01:01SG | DQB1=DQB1*02:02:01:01 | DPA1=DPA1*01:03:01:04 | DPB1=DPB1*04:01:01:01/DPB1*04:01:01:02,HLA-A=A*68:01:02:02 | HLA-C=C*07:04:01:01 | HLA-B=B*44:02:01:03 | DRB345=DRB3*02:02:01:02 | DRB1=DRB1*11:01:01:01 | DQA1=DQA1*05:05:01:01SG | DQB1=DQB1*03:01:01:03 | DPA1=DPA1*01:03:01:02 | DPB1=DPB1*04:01:01:01/DPB1*04:01:01:02,False,False,1.0,1.0,1.0,0.0,1.0,1.0,1.0,1.0,0.0
SYNTH_0395,Global,success,,134.7,0.79392669,3,0.7994,HLA-A=A*01:01:01:01 | HLA-C=C*07:01:01:01 | HLA-B=B*08:01:01:01 | DRB345=DRB3*01:01:02:01 | DRB1=DRB1*03:01:01:01SG | DQA1=DQA1*05:01:01:02 | DQB1=DQB1*02:01:01 | DPA1=DPA1*01:03:01:02 | DPB1=DPB1*04:01:01:01/DPB1*04:01:01:02,HLA-A=A*01:01:01:01 | HLA-C=C*07:01:01:01 | HLA-B=B*08:01:01:01 | DRB345=DRB3*01:01:02:01 | DRB1=DRB1*03:01:01:01SG | DQA1=DQA1*05:01:01:02 | DQB1=DQB1*02:01:01 | DPA1=DPA1*01:03:01:02 | DPB1=DPB1*04:01:01:01/DPB1*04:01:01:02,False,False,1.0,1.0,1.0,1.0,1.0,1.0,1.0,1.0,0.0
SYNTH_0396,Global,success,,437.3,0.32080549,52,3.7051,HLA-A=A*03:01:01:01 | HLA-C=C*07:02:01:03 | HLA-B=B*07:02:01 | DRB345=DRB5*01:01:01 | DRB1=DRB1*15:01:01:01SG | DQA1=DQA1*01:02:01:01SG | DQB1=DQB1*06:02:01 | DPA1=DPA1*01:03:01:02 | DPB1=DPB1*04:01:01:01/DPB1*04:01:01:02,HLA-A=A*29:02:01:01 | HLA-C=C*16:01:01:01 | HLA-B=B*44:03:01:01 | DRB345=DRB4*01:01:01:01 | DRB1=DRB1*07:01:01:01SG | DQA1=DQA1*02:01:01:01SG | DQB1=DQB1*02:02:01:01 | DPA1=DPA1*02:01:01:01 | DPB1=DPB1*11:01:01,False,False,0.0,1.0,1.0,0.0,1.0,1.0,1.0,0.0,0.0
SYNTH_0397,Global,success,,139.7,0.34161491,8,2.6444,HLA-A=A*02:01:01:01 | HLA-C=C*07:01:01:01 | HLA-B=B*18:01:01:02 | DRB345=DRB3*02:02:01:02 | DRB1=DRB1*11:04:01 | DQA1=DQA1*05:05:01:01SG | DQB1=DQB1*03:01:01:03 | DPA1=DPA1*01:03:01:02 | DPB1=DPB1*04:01:01:01/DPB1*04:01:01:02,HLA-A=A*02:01:01:01 | HLA-C=C*07:02:01:03 | HLA-B=B*07:02:01 | DRB345=Abs | DRB1=DRB1*01:01:01 | DQA1=DQA1*01:01:01:02SG | DQB1=DQB1*05:01:01:03 | DPA1=DPA1*01:03:01:02 | DPB1=DPB1*04:01:01:01/DPB1*04:01:01:02,False,False,1.0,1.0,1.0,1.0,0.0,1.0,1.0,1.0,0.0
SYNTH_0398,Global,success,,127.9,1.0,1,0.0,HLA-A=A*02:01:01:01 | HLA-C=C*07:02:01:03 | HLA-B=B*07:02:01 | DRB345=DRB5*01:01:01 | DRB1=DRB1*15:01:01:01SG | DQA1=DQA1*01:02:01:01SG | DQB1=DQB1*06:02:01 | DPA1=DPA1*01:03:01:05 | DPB1=DPB1*04:02:01:02,HLA-A=A*02:01:01:01 | HLA-C=C*07:02:01:03 | HLA-B=B*07:02:01 | DRB345=DRB5*01:01:01 | DRB1=DRB1*15:01:01:01SG | DQA1=DQA1*01:02:01:01SG | DQB1=DQB1*06:02:01 | DPA1=DPA1*01:03:01:04 | DPB1=DPB1*04:01:01:01/DPB1*04:01:01:02,False,False,1.0,1.0,1.0,1.0,1.0,1.0,1.0,1.0,0.0
SYNTH_0399,Global,success,,362.2,0.96666667,2,0.2108,HLA-A=A*01:01:01:01 | HLA-C=C*07:01:01:01 | HLA-B=B*08:01:01:01 | DRB345=DRB3*01:01:02:01 | DRB1=DRB1*03:01:01:01SG | DQA1=DQA1*05:01:01:02 | DQB1=DQB1*02:01:01 | DPA1=DPA1*01:03:01:02 | DPB1=DPB1*04:01:01:01/DPB1*04:01:01:02,HLA-A=A*02:01:01:01 | HLA-C=C*05:01:01:02 | HLA-B=B*44:02:01:01 | DRB345=DRB4*01:03:01:01/DRB4*01:03:01:01:03 | DRB1=DRB1*04:01:01:01SG | DQA1=DQA1*03:03:01:01 | DQB1=DQB1*03:01:01:01 | DPA1=DPA1*01:03:01:04 | DPB1=DPB1*04:01:01:01/DPB1*04:01:01:02,False,False,1.0,1.0,1.0,0.0,1.0,1.0,1.0,1.0,0.0
SYNTH_0400,Global,success,,297.1,1.0,1,0.0,HLA-A=A*03:01:01:01 | HLA-C=C*07:02:01:03 | HLA-B=B*07:02:01 | DRB345=DRB5*01:01:01 | DRB1=DRB1*15:01:01:01SG | DQA1=DQA1*01:02:02 | DQB1=DQB1*05:02:01 | DPA1=DPA1*01:03:01:03 | DPB1=DPB1*06:01:01,HLA-A=A*01:01:01:01 | HLA-C=C*06:02:01:01 | HLA-B=B*57:01:01 | DRB345=DRB4*01:03:01:02N | DRB1=DRB1*07:01:01:01SG | DQA1=DQA1*02:01:01:01SG | DQB1=DQB1*03:03:02:01 | DPA1=DPA1*01:03:01:02 | DPB1=DPB1*04:01:01:01/DPB1*04:01:01:02,False,False,1.0,1.0,1.0,1.0,1.0,1.0,1.0,1.0,0.0
SYNTH_0401,Global,success,,280.0,0.44210526,4,1.8024,HLA-A=A*25:01:01 | HLA-C=C*12:03:01:01 | HLA-B=B*18:01:01:02 | DRB345=DRB5*01:01:01 | DRB1=DRB1*15:01:01:01SG | DQA1=DQA1*01:02:01:01SG | DQB1=DQB1*06:02:01 | DPA1=DPA1*01:03:01:01 | DPB1=DPB1*02:01:02/DPB1*02:01:19,HLA-A=A*29:02:01:01 | HLA-C=C*16:01:01:01 | HLA-B=B*44:03:01:01 | DRB345=DRB4*01:01:01:01 | DRB1=DRB1*07:01:01:01SG | DQA1=DQA1*02:01:01:01SG | DQB1=DQB1*02:02:01:01 | DPA1=DPA1*01:03:01:02 | DPB1=DPB1*04:01:01:01/DPB1*04:01:01:02,False,False,1.0,1.0,1.0,1.0,1.0,1.0,1.0,1.0,0.0
SYNTH_0402,Global,success,,262.8,1.0,1,0.0,HLA-A=A*02:01:01:01 | HLA-C=C*05:01:01:02 | HLA-B=B*44:02:01:01 | DRB345=DRB4*01:03:01:01/DRB4*01:03:01:01:03 | DRB1=DRB1*04:01:01:01SG | DQA1=DQA1*03:03:01:01 | DQB1=DQB1*03:01:01:01 | DPA1=DPA1*01:03:01:02 | DPB1=DPB1*04:01:01:01/DPB1*04:01:01:02,HLA-A=A*24:02:01:01 | HLA-C=C*07:02:01:03 | HLA-B=B*07:02:01 | DRB345=DRB5*01:01:01 | DRB1=DRB1*15:01:01:01SG | DQA1=DQA1*01:02:01:01SG | DQB1=DQB1*06:02:01 | DPA1=DPA1*01:03:01:01 | DPB1=DPB1*02:01:02/DPB1*02:01:19,False,False,1.0,1.0,1.0,0.0,1.0,1.0,1.0,1.0,0.0
SYNTH_0403,Global,success,,227.7,1.0,1,0.0,HLA-A=A*30:02:01:01 | HLA-C=C*05:01:01:01 | HLA-B=B*18:01:01:01 | DRB345=DRB3*02:02:01:01 | DRB1=DRB1*03:01:01:01SG | DQA1=DQA1*05:01:01:01 | DQB1=DQB1*02:01:01 | DPA1=DPA1*01:03:01:01 | DPB1=DPB1*02:02,HLA-A=A*24:02:01:01 | HLA-C=C*07:02:01:03 | HLA-B=B*07:02:01 | DRB345=DRB5*01:01:01 | DRB1=DRB1*15:01:01:01SG | DQA1=DQA1*01:02:01:01SG | DQB1=DQB1*06:02:01 | DPA1=DPA1*01:03:01:02 | DPB1=DPB1*04:01:01:01/DPB1*04:01:01:02,False,False,1.0,1.0,1.0,1.0,1.0,1.0,1.0,1.0,0.0
SYNTH_0404,Global,success,,178.8,0.21083875,118,4.4004,HLA-A=A*01:01:01:01 | HLA-C=C*07:01:01:01 | HLA-B=B*08:01:01:01 | DRB345=DRB3*01:01:02:01 | DRB1=DRB1*03:01:01:01SG | DQA1=DQA1*05:01:01:02 | DQB1=DQB1*02:01:01 | DPA1=DPA1*01:03:01:02 | DPB1=DPB1*04:01:01:01/DPB1*04:01:01:02,HLA-A=A*01:01:01:01 | HLA-C=C*07:01:01:01 | HLA-B=B*08:01:01:01 | DRB345=DRB3*01:01:02:01 | DRB1=DRB1*03:01:01:01SG | DQA1=DQA1*05:01:01:02 | DQB1=DQB1*02:01:01 | DPA1=DPA1*02:01:02 | DPB1=DPB1*01:01:01,False,False,1.0,1.0,1.0,1.0,1.0,1.0,1.0,1.0,0.0
SYNTH_0405,Global,success,,221.4,1.0,1,0.0,HLA-A=A*30:01:01 | HLA-C=C*04:01:01:06 | HLA-B=B*35:02:01 | DRB345=DRB3*02:02:01:02 | DRB1=DRB1*11:04:01 | DQA1=DQA1*05:05:01:01SG | DQB1=DQB1*03:01:01:02 | DPA1=DPA1*01:03:01:02 | DPB1=DPB1*104:01,HLA-A=A*01:01:01:01 | HLA-C=C*12:03:01:01 | HLA-B=B*38:01:01 | DRB345=DRB3*01:01:02:01 | DRB1=DRB1*13:01:01:01SG | DQA1=DQA1*01:03:01:02SG | DQB1=DQB1*06:03:01 | DPA1=DPA1*01:03:01:03 | DPB1=DPB1*03:01:01,True,True,1.0,1.0,1.0,1.0,1.0,1.0,1.0,1.0,1.0
SYNTH_0406,Global,success,,152.1,1.0,1,0.0,HLA-A=A*26:01:01:01 | HLA-C=C*07:01:01:01 | HLA-B=B*18:01:01:02 | DRB345=DRB3*02:02:01:02 | DRB1=DRB1*13:01:01:01SG | DQA1=DQA1*01:03:01:02SG | DQB1=DQB1*06:03:01 | DPA1=DPA1*01:03:01:05 | DPB1=DPB1*04:02:01:02,HLA-A=A*02:01:01:01 | HLA-C=C*07:02:01:03 | HLA-B=B*07:02:01 | DRB345=Abs | DRB1=DRB1*01:03 | DQA1=DQA1*01:01:01:02SG | DQB1=DQB1*05:01:01:03 | DPA1=DPA1*01:03:01:01 | DPB1=DPB1*02:01:02/DPB1*02:01:19,False,False,1.0,1.0,1.0,1.0,1.0,1.0,1.0,1.0,0.0
SYNTH_0407,Global,success,,178.2,1.0,1,0.0,HLA-A=A*68:02:01:01 | HLA-C=C*16:01:01:01 | HLA-B=B*52:01:02 | DRB345=Abs | DRB1=DRB1*01:02:01 | DQA1=DQA1*01:01:02 | DQB1=DQB1*05:01:01:01 | DPA1=DPA1*02:02:02 | DPB1=DPB1*01:01:01,HLA-A=A*30:01:01 | HLA-C=C*06:02:01:01 | HLA-B=B*13:02:01 | DRB345=DRB4*01:03:01:01/DRB4*01:03:01:01:03 | DRB1=DRB1*07:01:01:01SG | DQA1=DQA1*02:01:01:01SG | DQB1=DQB1*02:02:01:01 | DPA1=DPA1*02:01:01:01 | DPB1=DPB1*17:01,False,False,1.0,1.0,1.0,0.0,1.0,1.0,1.0,1.0,1.0
SYNTH_0408,Global,success,,201.7,1.0,1,0.0,HLA-A=A*02:01:01:01 | HLA-C=C*02:02:02:03 | HLA-B=B*27:02:01 | DRB345=DRB5*02:02 | DRB1=DRB1*16:01:01 | DQA1=DQA1*01:02:02 | DQB1=DQB1*05:02:01 | DPA1=DPA1*01:03:01:05 | DPB1=DPB1*04:02:01:02,HLA-A=A*24:02:01:01 | HLA-C=C*04:01:01:06 | HLA-B=B*35:01:01:01 | DRB345=DRB3*02:02:01:02 | DRB1=DRB1*13:01:01:01SG | DQA1=DQA1*01:03:01:02SG | DQB1=DQB1*06:03:01 | DPA1=DPA1*01:03:01:01 | DPB1=DPB1*02:01:02/DPB1*02:01:19,False,False,1.0,1.0,1.0,1.0,1.0,1.0,1.0,1.0,0.0
SYNTH_0409,Global,success,,196.9,0.35935829,12,2.6786,HLA-A=A*03:01:01:01 | HLA-C=C*07:02:01:03 | HLA-B=B*07:02:01 | DRB345=DRB5*01:01:01 | DRB1=DRB1*15:01:01:01SG | DQA1=DQA1*01:02:01:01SG | DQB1=DQB1*06:02:01 | DPA1=DPA1*01:03:01:02 | DPB1=DPB1*04:01:01:01/DPB1*04:01:01:02,HLA-A=A*03:01:01:01 | HLA-C=C*07:02:01:03 | HLA-B=B*07:02:01 | DRB345=DRB4*01:03:01:01/DRB4*01:03:01:01:03 | DRB1=DRB1*04:04:01 | DQA1=DQA1*03:01:01 | DQB1=DQB1*03:02:01 | DPA1=DPA1*01:03:01:03 | DPB1=DPB1*06:01:01,False,False,0.0,1.0,1.0,0.0,1.0,1.0,1.0,1.0,0.0
SYNTH_0410,Global,success,,125.3,1.0,1,0.0,HLA-A=A*02:01:01:01 | HLA-C=C*07:02:01:01 | HLA-B=B*39:06:02 | DRB345=Abs | DRB1=DRB1*08:01:01 | DQA1=DQA1*04:01:01 | DQB1=DQB1*04:02:01 | DPA1=DPA1*01:03:01:02 | DPB1=DPB1*04:01:01:01/DPB1*04:01:01:02,HLA-A=A*30:01:01 | HLA-C=C*17:01:01:02 | HLA-B=B*42:01:01 | DRB345=DRB3*01:01:02:01 | DRB1=DRB1*03:02:01 | DQA1=DQA1*04:01:01 | DQB1=DQB1*04:02:01 | DPA1=DPA1*03:01 | DPB1=DPB1*105:01,False,False,1.0,1.0,1.0,1.0,1.0,1.0,1.0,1.0,0.0
SYNTH_0411,Global,success,,176.5,1.0,1,0.0,HLA-A=A*01:01:01:01 | HLA-C=C*08:02:01:01 | HLA-B=B*14:02:01:01 | DRB345=Abs | DRB1=DRB1*01:02:01 | DQA1=DQA1*01:01:02 | DQB1=DQB1*05:01:01:01 | DPA1=DPA1*01:03:01:01 | DPB1=DPB1*04:01:01:01/DPB1*04:01:01:02,HLA-A=A*31:01:02:01 | HLA-C=C*03:04:01:01 | HLA-B=B*40:01:02 | DRB345=DRB4*01:03:01:01/DRB4*01:03:01:01:03 | DRB1=DRB1*04:04:01 | DQA1=DQA1*03:01:01 | DQB1=DQB1*03:02:01 | DPA1=DPA1*01:03:01:02 | DPB1=DPB1*04:01:01:01/DPB1*04:01:01:02,False,False,1.0,1.0,1.0,0.0,1.0,1.0,1.0,1.0,0.0
SYNTH_0412,Global,success,,340.8,0.41428571,10,1.9898,HLA-A=A*02:01:01:01 | HLA-C=C*05:01:01:02 | HLA-B=B*44:02:01:01 | DRB345=DRB4*01:03:01:01/DRB4*01:03:01:01:03 | DRB1=DRB1*04:01:01:01SG | DQA1=DQA1*03:03:01:01 | DQB1=DQB1*03:01:01:01 | DPA1=DPA1*01:03:01:04 | DPB1=DPB1*04:01:01:01/DPB1*04:01:01:02,HLA-A=A*29:02:01:01 | HLA-C=C*16:01:01:01 | HLA-B=B*44:03:01:01 | DRB345=DRB4*01:01:01:01 | DRB1=DRB1*07:01:01:01SG | DQA1=DQA1*02:01:01:01SG | DQB1=DQB1*02:02:01:01 | DPA1=DPA1*01:03:01:01 | DPB1=DPB1*02:01:02/DPB1*02:01:19,False,False,1.0,1.0,1.0,0.0,1.0,1.0,1.0,1.0,0.0
SYNTH_0413,Global,success,,186.0,0.57142857,2,0.9852,HLA-A=A*01:01:01:01 | HLA-C=C*06:02:01:01 | HLA-B=B*57:01:01 | DRB345=DRB4*01:03:01:02N | DRB1=DRB1*07:01:01:01SG | DQA1=DQA1*02:01:01:01SG | DQB1=DQB1*03:03:02:01 | DPA1=DPA1*01:03:01:02 | DPB1=DPB1*04:01:01:01/DPB1*04:01:01:02,HLA-A=A*30:02:01:01 | HLA-C=C*05:01:01:01 | HLA-B=B*18:01:01:01 | DRB345=DRB3*02:02:01:01 | DRB1=DRB1*03:01:01:01SG | DQA1=DQA1*05:01:01:01 | DQB1=DQB1*02:01:01 | DPA1=DPA1*01:03:01:01 | DPB1=DPB1*02:02,False,False,1.0,1.0,1.0,1.0,1.0,1.0,1.0,1.0,0.0
SYNTH_0414,Global,success,,372.3,0.63023765,6,1.5592,HLA-A=A*01:01:01:01 | HLA-C=C*07:01:01:01 | HLA-B=B*08:01:01:01 | DRB345=DRB3*01:01:02:01 | DRB1=DRB1*03:01:01:01SG | DQA1=DQA1*05:01:01:02 | DQB1=DQB1*02:01:01 | DPA1=DPA1*01:03:01:02 | DPB1=DPB1*04:01:01:01/DPB1*04:01:01:02,HLA-A=A*02:01:01:01 | HLA-C=C*05:01:01:02 | HLA-B=B*44:02:01:01 | DRB345=DRB4*01:03:01:01/DRB4*01:03:01:01:03 | DRB1=DRB1*04:01:01:01SG | DQA1=DQA1*03:03:01:01 | DQB1=DQB1*03:01:01:01 | DPA1=DPA1*01:03:01:04 | DPB1=DPB1*04:01:01:01/DPB1*04:01:01:02,False,False,1.0,1.0,1.0,0.0,1.0,1.0,1.0,1.0,0.0
SYNTH_0415,Global,success,,130.5,0.66666667,2,0.9183,HLA-A=A*02:01:01:01 | HLA-C=C*16:02:01 | HLA-B=B*51:01:01:01 | DRB345=DRB3*02:02:01:01 | DRB1=DRB1*03:01:01:01SG | DQA1=DQA1*05:01:01:03 | DQB1=DQB1*02:01:01 | DPA1=DPA1*01:03:01:03 | DPB1=DPB1*03:01:01,HLA-A=A*31:01:02:01 | HLA-C=C*03:04:01:01 | HLA-B=B*40:01:02 | DRB345=DRB4*01:03:01:01/DRB4*01:03:01:01:03 | DRB1=DRB1*04:04:01 | DQA1=DQA1*03:01:01 | DQB1=DQB1*03:02:01 | DPA1=DPA1*01:03:01:03 | DPB1=DPB1*03:01:01,False,False,1.0,1.0,1.0,0.0,1.0,1.0,1.0,1.0,1.0
SYNTH_0416,Global,success,,221.6,1.0,1,0.0,HLA-A=A*02:01:01:01 | HLA-C=C*07:04:01:01 | HLA-B=B*44:27:01 | DRB345=DRB5*02:02 | DRB1=DRB1*16:01:01 | DQA1=DQA1*01:02:02 | DQB1=DQB1*05:02:01 | DPA1=DPA1*01:03:01:04 | DPB1=DPB1*04:01:01:01/DPB1*04:01:01:02,HLA-A=A*32:01:01 | HLA-C=C*08:02:01:02 | HLA-B=B*14:01:01 | DRB345=DRB4*01:01:01:01 | DRB1=DRB1*07:01:01:01SG | DQA1=DQA1*02:01:01:01SG | DQB1=DQB1*02:02:01:01 | DPA1=DPA1*01:03:01:04 | DPB1=DPB1*04:01:01:01/DPB1*04:01:01:02,False,False,1.0,1.0,1.0,1.0,1.0,1.0,1.0,1.0,0.0
SYNTH_0417,Global,success,,132.5,1.0,1,0.0,HLA-A=A*03:01:01:01 | HLA-C=C*04:01:01:01 | HLA-B=B*35:01:01:02 | DRB345=Abs | DRB1=DRB1*01:01:01 | DQA1=DQA1*01:01:01:02SG | DQB1=DQB1*05:01:01:03 | DPA1=DPA1*01:03:01:05 | DPB1=DPB1*04:02:01:02,HLA-A=A*02:01:01:01 | HLA-C=C*15:02:01:01 | HLA-B=B*51:01:01:01 | DRB345=Abs | DRB1=DRB1*01:01:01 | DQA1=DQA1*01:01:01:02SG | DQB1=DQB1*05:01:01:03 | DPA1=DPA1*01:03:01:04 | DPB1=DPB1*04:01:01:01/DPB1*04:01:01:02,False,False,1.0,1.0,1.0,1.0,1.0,1.0,1.0,1.0,0.0
SYNTH_0418,Global,success,,272.5,1.0,1,0.0,HLA-A=A*02:01:01:01 | HLA-C=C*02:02:02:01 | HLA-B=B*27:02:01 | DRB345=DRB3*02:02:01:02 | DRB1=DRB1*11:01:01:01 | DQA1=DQA1*05:05:01:01SG | DQB1=DQB1*03:01:01:03 | DPA1=DPA1*01:03:01:04 | DPB1=DPB1*04:01:01:01/DPB1*04:01:01:02,HLA-A=A*02:01:01:01 | HLA-C=C*05:01:01:02 | HLA-B=B*44:02:01:01 | DRB345=DRB4*01:03:01:01/DRB4*01:03:01:01:03 | DRB1=DRB1*04:01:01:01SG | DQA1=DQA1*03:03:01:01 | DQB1=DQB1*03:01:01:01 | DPA1=DPA1*01:03:01:04 | DPB1=DPB1*02:01:02/DPB1*02:01:19,False,False,1.0,1.0,1.0,0.0,1.0,1.0,1.0,1.0,0.0
SYNTH_0419,Global,success,,257.3,0.85802469,3,0.707,HLA-A=A*01:01:01:01 | HLA-C=C*07:01:01:01 | HLA-B=B*08:01:01:01 | DRB345=DRB3*01:01:02:01 | DRB1=DRB1*03:01:01:01SG | DQA1=DQA1*05:01:01:02 | DQB1=DQB1*02:01:01 | DPA1=DPA1*01:03:01:02 | DPB1=DPB1*04:01:01:01/DPB1*04:01:01:02,HLA-A=A*25:01:01 | HLA-C=C*12:03:01:01 | HLA-B=B*18:01:01:02 | DRB345=DRB5*01:01:01 | DRB1=DRB1*15:01:01:01SG | DQA1=DQA1*01:02:01:01SG | DQB1=DQB1*06:02:01 | DPA1=DPA1*01:03:01:02 | DPB1=DPB1*04:01:01:01/DPB1*04:01:01:02,False,False,1.0,1.0,1.0,1.0,1.0,1.0,1.0,1.0,0.0
SYNTH_0420,Global,success,,231.4,1.0,1,0.0,HLA-A=A*02:01:01:01 | HLA-C=C*04:01:01:01 | HLA-B=B*35:01:01:02 | DRB345=DRB5*01:01:01 | DRB1=DRB1*15:03:01:01SG | DQA1=DQA1*01:02:01:01SG | DQB1=DQB1*06:02:01 | DPA1=DPA1*01:03:01:02 | DPB1=DPB1*02:01:02/DPB1*02:01:19,HLA-A=A*01:01:01:01 | HLA-C=C*07:01:01:01 | HLA-B=B*08:01:01:01 | DRB345=DRB3*01:01:02:01 | DRB1=DRB1*03:01:01:01SG | DQA1=DQA1*05:01:01:02 | DQB1=DQB1*02:01:01 | DPA1=DPA1*01:03:01:03 | DPB1=DPB1*03:01:01,False,False,1.0,1.0,1.0,1.0,1.0,1.0,1.0,1.0,0.0
SYNTH_0421,Global,success,,242.5,0.88043478,3,0.6292,HLA-A=A*01:01:01:01 | HLA-C=C*07:01:01:01 | HLA-B=B*08:01:01:01 | DRB345=DRB3*01:01:02:01 | DRB1=DRB1*03:01:01:01SG | DQA1=DQA1*05:01:01:02 | DQB1=DQB1*02:01:01 | DPA1=DPA1*01:03:01:02 | DPB1=DPB1*04:01:01:01/DPB1*04:01:01:02,HLA-A=A*01:01:01:01 | HLA-C=C*07:01:01:01 | HLA-B=B*08:01:01:01 | DRB345=DRB3*01:01:02:01 | DRB1=DRB1*03:01:01:01SG | DQA1=DQA1*05:01:01:02 | DQB1=DQB1*02:01:01 | DPA1=DPA1*02:01:02 | DPB1=DPB1*01:01:01,False,False,1.0,1.0,1.0,1.0,1.0,1.0,1.0,1.0,0.0
SYNTH_0422,Global,success,,247.8,0.83210273,4,0.8581,HLA-A=A*01:01:01:01 | HLA-C=C*07:01:01:01 | HLA-B=B*08:01:01:01 | DRB345=DRB3*01:01:02:01 | DRB1=DRB1*03:01:01:01SG | DQA1=DQA1*05:01:01:02 | DQB1=DQB1*02:01:01 | DPA1=DPA1*02:01:02 | DPB1=DPB1*01:01:01,HLA-A=A*02:01:01:01 | HLA-C=C*03:04:01:01 | HLA-B=B*15:01:01:01 | DRB345=DRB4*01:03:01:01/DRB4*01:03:01:01:03 | DRB1=DRB1*04:01:01:01SG | DQA1=DQA1*03:01:01 | DQB1=DQB1*03:02:01 | DPA1=DPA1*01:03:01:02 | DPB1=DPB1*04:01:01:01/DPB1*04:01:01:02,False,False,1.0,1.0,1.0,0.0,1.0,1.0,1.0,1.0,0.0
SYNTH_0423,Global,success,,233.5,1.0,1,0.0,HLA-A=A*02:01:01:01 | HLA-C=C*05:01:01:02 | HLA-B=B*44:02:01:01 | DRB345=DRB3*01:01:02:01 | DRB1=DRB1*13:01:01:01SG | DQA1=DQA1*01:03:01:02SG | DQB1=DQB1*06:03:01 | DPA1=DPA1*01:03:01:02 | DPB1=DPB1*04:01:01:01/DPB1*04:01:01:02,HLA-A=A*31:01:02:01 | HLA-C=C*03:04:01:01 | HLA-B=B*40:01:02 | DRB345=DRB4*01:03:01:01/DRB4*01:03:01:01:03 | DRB1=DRB1*04:04:01 | DQA1=DQA1*03:01:01 | DQB1=DQB1*03:02:01 | DPA1=DPA1*01:03:01:02 | DPB1=DPB1*04:01:01:01/DPB1*04:01:01:02,False,False,1.0,1.0,1.0,0.0,1.0,1.0,1.0,1.0,0.0
SYNTH_0424,Global,success,,273.3,1.0,1,0.0,HLA-A=A*29:02:01:01 | HLA-C=C*16:01:01:01 | HLA-B=B*44:03:01:01 | DRB345=DRB4*01:01:01:01 | DRB1=DRB1*07:01:01:01SG | DQA1=DQA1*02:01:01:01SG | DQB1=DQB1*02:02:01:01 | DPA1=DPA1*02:01:01:01 | DPB1=DPB1*11:01:01,HLA-A=A*01:01:01:01 | HLA-C=C*07:01:01:01 | HLA-B=B*08:01:01:01 | DRB345=DRB3*01:01:02:01 | DRB1=DRB1*03:01:01:01SG | DQA1=DQA1*05:01:01:02 | DQB1=DQB1*02:01:01 | DPA1=DPA1*01:03:01:05 | DPB1=DPB1*04:02:01:02,True,True,1.0,1.0,1.0,1.0,1.0,1.0,1.0,1.0,1.0
SYNTH_0425,Global,success,,205.1,1.0,1,0.0,HLA-A=A*02:05:01 | HLA-C=C*07:01:01:01 | HLA-B=B*41:01:01 | DRB345=DRB3*02:02:01:02 | DRB1=DRB1*13:05:01 | DQA1=DQA1*05:05:01:01SG | DQB1=DQB1*03:01:01:03 | DPA1=DPA1*01:03:01:01 | DPB1=DPB1*02:01:02/DPB1*02:01:19,HLA-A=A*02:01:01:01 | HLA-C=C*07:01:01:01 | HLA-B=B*08:01:01:01 | DRB345=DRB3*01:01:02:01 | DRB1=DRB1*03:01:01:01SG | DQA1=DQA1*05:01:01:02 | DQB1=DQB1*02:01:01 | DPA1=DPA1*01:03:01:02 | DPB1=DPB1*04:01:01:01/DPB1*04:01:01:02,False,False,1.0,1.0,1.0,1.0,1.0,1.0,1.0,1.0,0.0
SYNTH_0426,Global,success,,209.7,0.85802469,3,0.707,HLA-A=A*01:01:01:01 | HLA-C=C*07:01:01:01 | HLA-B=B*08:01:01:01 | DRB345=DRB3*01:01:02:01 | DRB1=DRB1*03:01:01:01SG | DQA1=DQA1*05:01:01:02 | DQB1=DQB1*02:01:01 | DPA1=DPA1*01:03:01:02 | DPB1=DPB1*04:01:01:01/DPB1*04:01:01:02,HLA-A=A*33:01:01 | HLA-C=C*08:02:01:01 | HLA-B=B*14:02:01:01 | DRB345=DRB3*02:02:01:02 | DRB1=DRB1*13:01:01:01SG | DQA1=DQA1*01:03:01:02SG | DQB1=DQB1*06:03:01 | DPA1=DPA1*01:03:01:02 | DPB1=DPB1*04:01:01:01/DPB1*04:01:01:02,False,False,1.0,1.0,1.0,1.0,1.0,1.0,1.0,1.0,0.0
SYNTH_0427,Global,success,,256.8,1.0,1,0.0,HLA-A=A*01:01:01:01 | HLA-C=C*07:01:01:01 | HLA-B=B*08:01:01:01 | DRB345=DRB3*01:01:02:01 | DRB1=DRB1*03:01:01:01SG | DQA1=DQA1*05:01:01:02 | DQB1=DQB1*02:01:01 | DPA1=DPA1*01:03:01:05 | DPB1=DPB1*04:02:01:02,HLA-A=A*02:01:01:01 | HLA-C=C*05:01:01:02 | HLA-B=B*44:02:01:01 | DRB345=DRB4*01:03:01:01/DRB4*01:03:01:01:03 | DRB1=DRB1*04:01:01:01SG | DQA1=DQA1*03:03:01:01 | DQB1=DQB1*03:01:01:01 | DPA1=DPA1*01:03:01:04 | DPB1=DPB1*04:01:01:01/DPB1*04:01:01:02,False,False,1.0,1.0,1.0,0.0,1.0,1.0,1.0,1.0,0.0
SYNTH_0428,Global,success,,209.7,0.925,2,0.3843,HLA-A=A*03:01:01:07 | HLA-C=C*04:01:01:01 | HLA-B=B*35:01:01:02 | DRB345=DRB3*01:01:02:01 | DRB1=DRB1*12:01:01:03 | DQA1=DQA1*01:05:01 | DQB1=DQB1*05:01:01:02 | DPA1=DPA1*02:01:08 | DPB1=DPB1*01:01:01,HLA-A=A*02:01:01:01 | HLA-C=C*07:02:01:03 | HLA-B=B*07:02:01 | DRB345=DRB5*01:01:01 | DRB1=DRB1*15:01:01:01SG | DQA1=DQA1*01:02:01:01SG | DQB1=DQB1*06:02:01 | DPA1=DPA1*01:03:01:02 | DPB1=DPB1*04:01:01:01/DPB1*04:01:01:02,False,False,1.0,1.0,1.0,1.0,1.0,1.0,1.0,1.0,0.0
SYNTH_0429,Global,success,,203.2,0.66666667,2,0.9183,HLA-A=A*03:01:01:01 | HLA-C=C*04:01:01:01 | HLA-B=B*35:01:01:02 | DRB345=Abs | DRB1=DRB1*01:01:01 | DQA1=DQA1*01:01:01:02SG | DQB1=DQB1*05:01:01:03 | DPA1=DPA1*01:03:01:03 | DPB1=DPB1*03:01:01,HLA-A=A*36:01 | HLA-C=C*04:01:01:01 | HLA-B=B*53:01:01 | DRB345=DRB3*02:02:01:02 | DRB1=DRB1*11:01:02 | DQA1=DQA1*01:02:01:01SG | DQB1=DQB1*06:02:01 | DPA1=DPA1*01:03:01:01 | DPB1=DPB1*02:01:02/DPB1*02:01:19,False,False,1.0,0.0,0.0,1.0,1.0,1.0,1.0,1.0,0.0
SYNTH_0430,Global,success,,174.4,1.0,1,0.0,HLA-A=A*02:01:01:01 | HLA-C=C*03:04:01:01 | HLA-B=B*40:01:02 | DRB345=DRB5*01:01:01 | DRB1=DRB1*15:01:01:01SG | DQA1=DQA1*01:02:01:01SG | DQB1=DQB1*06:02:01 | DPA1=DPA1*01:03:01:02 | DPB1=DPB1*04:01:01:01/DPB1*04:01:01:02,HLA-A=A*02:01:01:01 | HLA-C=C*02:02:02:01 | HLA-B=B*27:05:02 | DRB345=Abs | DRB1=DRB1*01:01:01 | DQA1=DQA1*01:01:01:02SG | DQB1=DQB1*05:01:01:03 | DPA1=DPA1*01:03:01:05 | DPB1=DPB1*04:02:01:02,False,False,1.0,1.0,1.0,1.0,1.0,1.0,1.0,1.0,0.0
SYNTH_0431,Global,success,,212.5,0.27310345,20,3.51,HLA-A=A*24:02:01:01 | HLA-C=C*07:02:01:03 | HLA-B=B*07:02:01 | DRB345=DRB5*01:01:01 | DRB1=DRB1*15:01:01:01SG | DQA1=DQA1*01:02:01:01SG | DQB1=DQB1*06:02:01 | DPA1=DPA1*01:03:01:02 | DPB1=DPB1*04:01:01:01/DPB1*04:01:01:02,HLA-A=A*02:01:01:01 | HLA-C=C*06:02:01:01 | HLA-B=B*57:01:01 | DRB345=DRB4*01:03:01:02N | DRB1=DRB1*07:01:01:01SG | DQA1=DQA1*02:01:01:01SG | DQB1=DQB1*03:03:02:01 | DPA1=DPA1*01:03:01:02 | DPB1=DPB1*04:01:01:01/DPB1*04:01:01:02,False,False,1.0,1.0,1.0,1.0,1.0,1.0,1.0,1.0,0.0
SYNTH_0432,Global,success,,184.5,1.0,1,0.0,HLA-A=A*29:02:01:01 | HLA-C=C*16:01:01:01 | HLA-B=B*44:03:01:01 | DRB345=DRB4*01:01:01:01 | DRB1=DRB1*07:01:01:01SG | DQA1=DQA1*02:01:01:01SG | DQB1=DQB1*02:02:01:01 | DPA1=DPA1*02:02:02 | DPB1=DPB1*01:01:01,HLA-A=A*02:01:01:01 | HLA-C=C*07:02:01:03 | HLA-B=B*07:02:01 | DRB345=DRB5*01:01:01 | DRB1=DRB1*15:01:01:01SG | DQA1=DQA1*01:02:01:01SG | DQB1=DQB1*06:02:01 | DPA1=DPA1*01:03:01:01 | DPB1=DPB1*02:01:02/DPB1*02:01:19,False,False,1.0,1.0,1.0,1.0,1.0,1.0,1.0,1.0,0.0
SYNTH_0433,Global,success,,478.7,0.34591627,48,3.4522,HLA-A=A*03:01:01:01 | HLA-C=C*07:02:01:03 | HLA-B=B*07:02:01 | DRB345=DRB5*01:01:01 | DRB1=DRB1*15:01:01:01SG | DQA1=DQA1*01:02:01:01SG | DQB1=DQB1*06:02:01 | DPA1=DPA1*01:03:01:02 | DPB1=DPB1*04:01:01:01/DPB1*04:01:01:02,HLA-A=A*01:01:01:01 | HLA-C=C*07:01:01:01 | HLA-B=B*08:01:01:01 | DRB345=DRB3*01:01:02:01 | DRB1=DRB1*03:01:01:01SG | DQA1=DQA1*05:01:01:02 | DQB1=DQB1*02:01:01 | DPA1=DPA1*02:01:02 | DPB1=DPB1*01:01:01,False,False,0.0,1.0,1.0,1.0,1.0,1.0,1.0,0.0,0.0
SYNTH_0434,Global,success,,307.2,0.28609758,92,4.0137,HLA-A=A*01:01:01:01 | HLA-C=C*07:01:01:01 | HLA-B=B*08:01:01:01 | DRB345=DRB3*01:01:02:01 | DRB1=DRB1*03:01:01:01SG | DQA1=DQA1*05:01:01:02 | DQB1=DQB1*02:01:01 | DPA1=DPA1*01:03:01:02 | DPB1=DPB1*04:01:01:01/DPB1*04:01:01:02,HLA-A=A*03:01:01:01 | HLA-C=C*07:02:01:03 | HLA-B=B*07:02:01 | DRB345=DRB5*01:01:01 | DRB1=DRB1*15:01:01:01SG | DQA1=DQA1*01:02:01:01SG | DQB1=DQB1*06:02:01 | DPA1=DPA1*01:03:01:02 | DPB1=DPB1*04:01:01:01/DPB1*04:01:01:02,False,False,1.0,1.0,1.0,1.0,1.0,1.0,1.0,0.0,0.0
SYNTH_0435,Global,success,,310.3,1.0,1,0.0,HLA-A=A*02:01:01:01 | HLA-C=C*05:01:01:02 | HLA-B=B*44:02:01:01 | DRB345=DRB4*01:03:01:01/DRB4*01:03:01:01:03 | DRB1=DRB1*04:01:01:01SG | DQA1=DQA1*03:03:01:01 | DQB1=DQB1*03:01:01:01 | DPA1=DPA1*01:03:01:03 | DPB1=DPB1*03:01:01,HLA-A=A*02:01:01:01 | HLA-C=C*05:01:01:02 | HLA-B=B*44:02:01:01 | DRB345=DRB4*01:03:01:01/DRB4*01:03:01:01:03 | DRB1=DRB1*04:01:01:01SG | DQA1=DQA1*03:03:01:01 | DQB1=DQB1*03:01:01:01 | DPA1=DPA1*01:03:01:04 | DPB1=DPB1*04:01:01:01/DPB1*04:01:01:02,False,False,1.0,1.0,1.0,0.0,1.0,1.0,1.0,1.0,0.0
SYNTH_0436,Global,success,,292.3,1.0,1,0.0,HLA-A=A*01:01:01:01 | HLA-C=C*06:02:01:01 | HLA-B=B*57:01:01 | DRB345=DRB4*01:03:01:02N | DRB1=DRB1*07:01:01:01SG | DQA1=DQA1*02:01:01:01SG | DQB1=DQB1*03:03:02:01 | DPA1=DPA1*01:03:01:04 | DPB1=DPB1*04:01:01:01/DPB1*04:01:01:02,HLA-A=A*11:01:01:01 | HLA-C=C*04:01:01:05 | HLA-B=B*35:01:01:02 | DRB345=Abs | DRB1=DRB1*01:03 | DQA1=DQA1*01:01:01:02SG | DQB1=DQB1*05:01:01:03 | DPA1=DPA1*01:03:01:05 | DPB1=DPB1*04:02:01:02,False,False,1.0,1.0,1.0,1.0,1.0,1.0,1.0,1.0,0.0
SYNTH_0437,Global,success,,228.3,0.77241379,2,0.7738,HLA-A=A*03:01:01:01 | HLA-C=C*07:02:01:03 | HLA-B=B*07:02:01 | DRB345=DRB5*01:01:01 | DRB1=DRB1*15:01:01:01SG | DQA1=DQA1*01:02:01:01SG | DQB1=DQB1*06:02:01 | DPA1=DPA1*01:03:01:02 | DPB1=DPB1*04:01:01:01/DPB1*04:01:01:02,HLA-A=A*11:01:01:01 | HLA-C=C*02:02:02:01 | HLA-B=B*27:05:02 | DRB345=DRB3*02:02:01:02 | DRB1=DRB1*13:01:01:01SG | DQA1=DQA1*01:03:01:02SG | DQB1=DQB1*06:03:01 | DPA1=DPA1*01:03:01:05 | DPB1=DPB1*04:02:01:02,False,False,1.0,1.0,1.0,1.0,1.0,1.0,1.0,0.0,0.0
SYNTH_0438,Global,success,,228.3,0.44791667,7,1.8444,HLA-A=A*02:01:01:01 | HLA-C=C*07:02:01:03 | HLA-B=B*07:02:01 | DRB345=DRB5*01:01:01 | DRB1=DRB1*15:01:01:01SG | DQA1=DQA1*01:02:01:01SG | DQB1=DQB1*06:02:01 | DPA1=DPA1*01:03:01:04 | DPB1=DPB1*04:01:01:01/DPB1*04:01:01:02,HLA-A=A*24:02:01:05 | HLA-C=C*03:03:01:01 | HLA-B=B*15:01:01:01 | DRB345=DRB3*02:02:01:02 | DRB1=DRB1*11:03:01 | DQA1=DQA1*05:05:01:01SG | DQB1=DQB1*03:01:01:03 | DPA1=DPA1*01:03:01:05 | DPB1=DPB1*04:02:01:02,False,False,1.0,1.0,1.0,1.0,1.0,1.0,1.0,1.0,0.0
SYNTH_0439,Global,success,,337.1,1.0,1,0.0,HLA-A=A*26:01:01:01 | HLA-C=C*12:03:01:01 | HLA-B=B*38:01:01 | DRB345=DRB3*01:01:02:01 | DRB1=DRB1*13:01:01:01SG | DQA1=DQA1*01:03:01:02SG | DQB1=DQB1*06:03:01 | DPA1=DPA1*01:03:01:01 | DPB1=DPB1*02:01:02/DPB1*02:01:19,HLA-A=A*03:01:01:01 | HLA-C=C*03:04:01:01 | HLA-B=B*40:01:02 | DRB345=DRB4*01:03:01:01/DRB4*01:03:01:01:03 | DRB1=DRB1*04:01:01:01SG | DQA1=DQA1*03:01:01 | DQB1=DQB1*03:02:01 | DPA1=DPA1*01:03:01:02 | DPB1=DPB1*04:01:01:01/DPB1*04:01:01:02,False,False,1.0,1.0,1.0,0.0,1.0,1.0,1.0,1.0,0.0
SYNTH_0440,Global,success,,333.5,1.0,1,0.0,HLA-A=A*01:01:01:01 | HLA-C=C*07:01:01:01 | HLA-B=B*08:01:01:01 | DRB345=DRB3*01:01:02:01 | DRB1=DRB1*03:01:01:01SG | DQA1=DQA1*05:01:01:02 | DQB1=DQB1*02:01:01 | DPA1=DPA1*01:03:01:04 | DPB1=DPB1*04:01:01:01/DPB1*04:01:01:02,HLA-A=A*26:01:01:01 | HLA-C=C*06:02:01:01 | HLA-B=B*13:02:01 | DRB345=DRB4*01:03:01:01/DRB4*01:03:01:01:03 | DRB1=DRB1*07:01:01:01SG | DQA1=DQA1*02:01:01:01SG | DQB1=DQB1*02:02:01:01 | DPA1=DPA1*01:03:01:02 | DPB1=DPB1*04:01:01:01/DPB1*04:01:01:02,False,False,1.0,1.0,1.0,0.0,1.0,1.0,1.0,1.0,0.0
SYNTH_0441,Global,success,,307.4,0.6,2,0.971,HLA-A=A*01:01:01:01 | HLA-C=C*07:01:01:01 | HLA-B=B*08:01:01:01 | DRB345=DRB3*01:01:02:02 | DRB1=DRB1*03:01:01:01SG | DQA1=DQA1*05:01:01:02 | DQB1=DQB1*02:01:01 | DPA1=DPA1*02:01:02 | DPB1=DPB1*01:01:01,HLA-A=A*11:01:01:01 | HLA-C=C*05:01:01:02 | HLA-B=B*44:02:01:01 | DRB345=Abs | DRB1=DRB1*01:01:01 | DQA1=DQA1*01:01:01:02SG | DQB1=DQB1*05:01:01:03 | DPA1=DPA1*01:03:01:04 | DPB1=DPB1*04:01:01:01/DPB1*04:01:01:02,False,False,1.0,1.0,1.0,1.0,1.0,1.0,1.0,1.0,0.0
SYNTH_0442,Global,success,,215.3,0.36263736,10,2.7562,HLA-A=A*25:01:01 | HLA-C=C*12:03:01:01 | HLA-B=B*18:01:01:02 | DRB345=DRB5*01:01:01 | DRB1=DRB1*15:01:01:01SG | DQA1=DQA1*01:02:01:01SG | DQB1=DQB1*06:02:01 | DPA1=DPA1*01:03:01:02 | DPB1=DPB1*04:01:01:01/DPB1*04:01:01:02,HLA-A=A*02:01:01:01 | HLA-C=C*07:02:01:03 | HLA-B=B*07:02:01 | DRB345=Abs | DRB1=DRB1*01:01:01 | DQA1=DQA1*01:01:01:02SG | DQB1=DQB1*05:01:01:03 | DPA1=DPA1*01:03:01:02 | DPB1=DPB1*04:01:01:01/DPB1*04:01:01:02,False,False,1.0,1.0,1.0,1.0,1.0,1.0,1.0,0.0,0.0
SYNTH_0443,Global,success,,317.3,1.0,1,0.0,HLA-A=A*03:01:01:01 | HLA-C=C*04:01:01:01 | HLA-B=B*35:01:01:02 | DRB345=Abs | DRB1=DRB1*01:01:01 | DQA1=DQA1*01:01:01:02SG | DQB1=DQB1*05:01:01:03 | DPA1=DPA1*01:03:01:05 | DPB1=DPB1*04:02:01:02,HLA-A=A*02:01:01:01 | HLA-C=C*07:02:01:03 | HLA-B=B*07:02:01 | DRB345=DRB5*01:01:01 | DRB1=DRB1*15:01:01:01SG | DQA1=DQA1*01:02:01:01SG | DQB1=DQB1*06:02:01 | DPA1=DPA1*01:03:01:02 | DPB1=DPB1*04:01:01:01/DPB1*04:01:01:02,False,False,1.0,1.0,1.0,1.0,1.0,1.0,1.0,1.0,0.0
SYNTH_0444,Global,success,,169.2,1.0,1,0.0,HLA-A=A*02:01:01:01 | HLA-C=C*05:01:01:02 | HLA-B=B*44:02:01:01 | DRB345=DRB4*01:03:01:01/DRB4*01:03:01:01:03 | DRB1=DRB1*04:01:01:01SG | DQA1=DQA1*03:03:01:01 | DQB1=DQB1*03:01:01:01 | DPA1=DPA1*01:03:01:03 | DPB1=DPB1*03:01:01,HLA-A=A*02:01:01:01 | HLA-C=C*16:01:01:01 | HLA-B=B*44:03:01:01 | DRB345=DRB4*01:01:01:01 | DRB1=DRB1*07:01:01:01SG | DQA1=DQA1*02:01:01:01SG | DQB1=DQB1*02:02:01:01 | DPA1=DPA1*02:01:02 | DPB1=DPB1*01:01:01,False,False,1.0,1.0,1.0,0.0,1.0,1.0,1.0,1.0,1.0
SYNTH_0445,Global,success,,158.3,0.75,2,0.8113,HLA-A=A*32:01:01 | HLA-C=C*08:02:01:02 | HLA-B=B*14:01:01 | DRB345=DRB4*01:01:01:01 | DRB1=DRB1*07:01:01:01SG | DQA1=DQA1*02:01:01:01SG | DQB1=DQB1*02:02:01:01 | DPA1=DPA1*01:03:01:02 | DPB1=DPB1*04:01:01:01/DPB1*04:01:01:02,HLA-A=A*03:01:01:01 | HLA-C=C*03:04:01:01 | HLA-B=B*40:01:02 | DRB345=DRB3*03:01:01 | DRB1=DRB1*13:02:01 | DQA1=DQA1*01:02:01:04SG | DQB1=DQB1*06:04:01 | DPA1=DPA1*01:03:01:04 | DPB1=DPB1*04:01:01:01/DPB1*04:01:01:02,False,False,1.0,1.0,1.0,1.0,1.0,1.0,1.0,1.0,0.0
SYNTH_0446,Global,success,,150.7,0.86170213,4,0.7939,HLA-A=A*01:01:01:01 | HLA-C=C*07:01:01:01 | HLA-B=B*08:01:01:01 | DRB345=DRB3*01:01:02:01 | DRB1=DRB1*03:01:01:01SG | DQA1=DQA1*05:01:01:02 | DQB1=DQB1*02:01:01 | DPA1=DPA1*02:01:02 | DPB1=DPB1*01:01:01,HLA-A=A*02:01:01:01 | HLA-C=C*07:04:01:01 | HLA-B=B*44:27:01 | DRB345=DRB5*02:02 | DRB1=DRB1*16:01:01 | DQA1=DQA1*01:02:02 | DQB1=DQB1*05:02:01 | DPA1=DPA1*01:03:01:04 | DPB1=DPB1*04:01:01:01/DPB1*04:01:01:02,False,False,1.0,1.0,1.0,1.0,1.0,1.0,1.0,1.0,0.0
SYNTH_0447,Global,success,,166.1,1.0,1,0.0,HLA-A=A*01:01:01:01 | HLA-C=C*07:01:01:01 | HLA-B=B*08:01:01:01 | DRB345=DRB3*01:01:02:01 | DRB1=DRB1*03:01:01:01SG | DQA1=DQA1*05:01:01:02 | DQB1=DQB1*02:01:01 | DPA1=DPA1*01:03:01:05 | DPB1=DPB1*04:02:01:02,HLA-A=A*02:01:01:01 | HLA-C=C*01:02:01 | HLA-B=B*27:05:02 | DRB345=Abs | DRB1=DRB1*01:01:01 | DQA1=DQA1*01:01:01:02SG | DQB1=DQB1*05:01:01:03 | DPA1=DPA1*01:03:01:02 | DPB1=DPB1*04:01:01:01/DPB1*04:01:01:02,False,False,1.0,1.0,1.0,1.0,1.0,1.0,1.0,1.0,0.0
SYNTH_0448,Global,success,,166.8,1.0,1,0.0,HLA-A=A*03:01:01:01 | HLA-C=C*07:02:01:03 | HLA-B=B*07:02:01 | DRB345=DRB5*01:01:01 | DRB1=DRB1*15:01:01:01SG | DQA1=DQA1*01:02:01:01SG | DQB1=DQB1*06:02:01 | DPA1=DPA1*01:03:01:02 | DPB1=DPB1*04:01:01:01/DPB1*04:01:01:02,HLA-A=A*02:01:01:01 | HLA-C=C*12:03:01:01 | HLA-B=B*38:01:01 | DRB345=DRB3*01:01:02:01 | DRB1=DRB1*13:01:01:01SG | DQA1=DQA1*01:03:01:02SG | DQB1=DQB1*06:03:01 | DPA1=DPA1*01:03:01:04 | DPB1=DPB1*04:01:01:01/DPB1*04:01:01:02,False,False,1.0,1.0,1.0,1.0,1.0,1.0,1.0,1.0,0.0
SYNTH_0449,Global,success,,183.5,0.28571429,4,1.9852,HLA-A=A*03:01:01:01 | HLA-C=C*04:01:01:01 | HLA-B=B*35:01:01:02 | DRB345=DRB3*02:02:01:02 | DRB1=DRB1*13:01:01:01SG | DQA1=DQA1*01:03:01:02SG | DQB1=DQB1*06:03:01 | DPA1=DPA1*01:03:01:02 | DPB1=DPB1*04:01:01:01/DPB1*04:01:01:02,HLA-A=A*02:01:01:01 | HLA-C=C*03:03:01:01 | HLA-B=B*15:01:01:01 | DRB345=DRB4*01:03:01:01/DRB4*01:03:01:01:03 | DRB1=DRB1*04:01:01:01SG | DQA1=DQA1*03:01:01 | DQB1=DQB1*03:02:01 | DPA1=DPA1*01:03:01:05 | DPB1=DPB1*04:02:01:02,False,False,1.0,1.0,1.0,0.0,1.0,1.0,1.0,1.0,0.0
SYNTH_0450,Global,success,,141.9,1.0,1,0.0,HLA-A=A*02:01:01:01 | HLA-C=C*06:02:01:01 | HLA-B=B*13:02:01 | DRB345=DRB4*01:03:01:01/DRB4*01:03:01:01:03 | DRB1=DRB1*07:01:01:01SG | DQA1=DQA1*02:01:01:01SG | DQB1=DQB1*02:02:01:01 | DPA1=DPA1*01:03:01:02 | DPB1=DPB1*04:01:01:01/DPB1*04:01:01:02,HLA-A=A*03:01:01:01 | HLA-C=C*07:01:01:01 | HLA-B=B*08:01:01:01 | DRB345=DRB3*01:01:02:01 | DRB1=DRB1*03:01:01:01SG | DQA1=DQA1*05:01:01:02 | DQB1=DQB1*02:01:01 | DPA1=DPA1*01:03:01:02 | DPB1=DPB1*04:01:01:01/DPB1*04:01:01:02,False,False,1.0,1.0,1.0,0.0,1.0,1.0,1.0,1.0,0.0
SYNTH_0451,Global,success,,222.6,1.0,1,0.0,HLA-A=A*02:01:01:01 | HLA-C=C*05:01:01:02 | HLA-B=B*44:02:01:01 | DRB345=DRB4*01:03:01:01/DRB4*01:03:01:01:03 | DRB1=DRB1*04:01:01:01SG | DQA1=DQA1*03:03:01:01 | DQB1=DQB1*03:01:01:01 | DPA1=DPA1*01:03:01:04 | DPB1=DPB1*04:01:01:01/DPB1*04:01:01:02,HLA-A=A*03:01:01:01 | HLA-C=C*07:02:01:03 | HLA-B=B*07:02:01 | DRB345=DRB4*01:03:01:01/DRB4*01:03:01:01:03 | DRB1=DRB1*04:01:01:01SG | DQA1=DQA1*03:01:01 | DQB1=DQB1*03:02:01 | DPA1=DPA1*01:03:01:01 | DPB1=DPB1*02:01:02/DPB1*02:01:19,False,False,1.0,1.0,1.0,0.0,1.0,1.0,1.0,1.0,0.0
SYNTH_0452,Global,success,,222.6,0.91011236,2,0.4361,HLA-A=A*02:01:01:01 | HLA-C=C*03:04:01:02 | HLA-B=B*40:01:02 | DRB345=DRB4*01:03:01:01/DRB4*01:03:01:01:03 | DRB1=DRB1*04:01:01:01SG | DQA1=DQA1*03:03:01:01 | DQB1=DQB1*03:01:01:01 | DPA1=DPA1*01:03:01:02 | DPB1=DPB1*04:01:01:01/DPB1*04:01:01:02,HLA-A=A*01:01:01:01 | HLA-C=C*07:01:01:01 | HLA-B=B*08:01:01:01 | DRB345=DRB3*01:01:02:01 | DRB1=DRB1*03:01:01:01SG | DQA1=DQA1*05:01:01:02 | DQB1=DQB1*02:01:01 | DPA1=DPA1*02:01:02 | DPB1=DPB1*01:01:01,False,False,1.0,1.0,1.0,0.0,1.0,1.0,1.0,1.0,0.0
SYNTH_0453,Global,success,,222.7,0.82222222,3,0.8449,HLA-A=A*02:01:01:01 | HLA-C=C*06:02:01:01 | HLA-B=B*57:01:01 | DRB345=DRB4*01:03:01:02N | DRB1=DRB1*07:01:01:01SG | DQA1=DQA1*02:01:01:01SG | DQB1=DQB1*03:03:02:01 | DPA1=DPA1*01:03:01:02 | DPB1=DPB1*04:01:01:01/DPB1*04:01:01:02,HLA-A=A*02:01:01:01 | HLA-C=C*07:02:01:03 | HLA-B=B*07:02:01 | DRB345=DRB5*01:01:01 | DRB1=DRB1*15:01:01:01SG | DQA1=DQA1*01:02:01:01SG | DQB1=DQB1*06:02:01 | DPA1=DPA1*01:03:01:02 | DPB1=DPB1*04:01:01:01/DPB1*04:01:01:02,False,False,1.0,1.0,1.0,1.0,1.0,1.0,1.0,1.0,0.0
SYNTH_0454,Global,success,,217.5,0.29700855,24,3.255,HLA-A=A*01:01:01:01 | HLA-C=C*07:01:01:01 | HLA-B=B*08:01:01:01 | DRB345=DRB3*01:01:02:01 | DRB1=DRB1*03:01:01:01SG | DQA1=DQA1*05:01:01:02 | DQB1=DQB1*02:01:01 | DPA1=DPA1*01:03:01:02 | DPB1=DPB1*04:01:01:01/DPB1*04:01:01:02,HLA-A=A*02:01:01:01 | HLA-C=C*12:02:02 | HLA-B=B*52:01:01:02 | DRB345=DRB5*01:02 | DRB1=DRB1*15:02:01:01SG | DQA1=DQA1*01:03:01:01 | DQB1=DQB1*06:01:01 | DPA1=DPA1*01:03:01:04 | DPB1=DPB1*04:01:01:01/DPB1*04:01:01:02,False,False,1.0,1.0,1.0,1.0,1.0,1.0,1.0,1.0,0.0
SYNTH_0455,Global,success,,268.9,1.0,1,0.0,HLA-A=A*11:01:01:01 | HLA-C=C*03:04:01:01 | HLA-B=B*40:01:02 | DRB345=DRB3*03:01:01 | DRB1=DRB1*13:02:01 | DQA1=DQA1*01:02:01:04SG | DQB1=DQB1*06:04:01 | DPA1=DPA1*01:03:01:04 | DPB1=DPB1*04:01:01:01/DPB1*04:01:01:02,HLA-A=A*03:01:01:01 | HLA-C=C*03:04:01:01 | HLA-B=B*15:01:01:01 | DRB345=DRB4*01:03:01:01/DRB4*01:03:01:01:03 | DRB1=DRB1*04:01:01:01SG | DQA1=DQA1*03:01:01 | DQB1=DQB1*03:02:01 | DPA1=DPA1*01:03:01:03 | DPB1=DPB1*03:01:01,False,False,1.0,1.0,1.0,0.0,1.0,1.0,1.0,1.0,0.0
SYNTH_0456,Global,success,,268.0,1.0,1,0.0,HLA-A=A*02:01:01:01 | HLA-C=C*05:01:01:02 | HLA-B=B*44:02:01:01 | DRB345=DRB4*01:03:01:01/DRB4*01:03:01:01:03 | DRB1=DRB1*04:01:01:01SG | DQA1=DQA1*03:03:01:01 | DQB1=DQB1*03:01:01:01 | DPA1=DPA1*01:03:01:04 | DPB1=DPB1*04:01:01:01/DPB1*04:01:01:02,HLA-A=A*01:01:01:01 | HLA-C=C*07:01:01:01 | HLA-B=B*08:01:01:01 | DRB345=DRB4*01:03:01:01/DRB4*01:03:01:01:03 | DRB1=DRB1*04:01:01:01SG | DQA1=DQA1*03:03:01:01 | DQB1=DQB1*03:02:01 | DPA1=DPA1*01:03:01:02 | DPB1=DPB1*04:01:01:01/DPB1*04:01:01:02,False,False,1.0,1.0,1.0,0.0,1.0,1.0,1.0,1.0,0.0
SYNTH_0457,Global,success,,367.2,0.82352941,2,0.6723,HLA-A=A*03:01:01:01 | HLA-C=C*07:02:01:03 | HLA-B=B*07:02:01 | DRB345=DRB3*02:02:01:02 | DRB1=DRB1*11:04:01 | DQA1=DQA1*05:05:01:01SG | DQB1=DQB1*03:01:01:03 | DPA1=DPA1*01:03:01:05 | DPB1=DPB1*04:02:01:02,HLA-A=A*01:01:01:01 | HLA-C=C*07:01:01:01 | HLA-B=B*08:01:01:01 | DRB345=DRB3*01:01:02:01 | DRB1=DRB1*03:01:01:01SG | DQA1=DQA1*05:01:01:02 | DQB1=DQB1*02:01:01 | DPA1=DPA1*01:03:01:05 | DPB1=DPB1*04:02:01:02,True,False,1.0,1.0,1.0,1.0,1.0,1.0,1.0,1.0,1.0
SYNTH_0458,Global,success,,174.9,0.91011236,2,0.4361,HLA-A=A*01:01:01:01 | HLA-C=C*07:01:01:01 | HLA-B=B*08:01:01:01 | DRB345=DRB3*01:01:02:01 | DRB1=DRB1*03:01:01:01SG | DQA1=DQA1*05:01:01:02 | DQB1=DQB1*02:01:01 | DPA1=DPA1*02:01:02 | DPB1=DPB1*01:01:01,HLA-A=A*68:02:01:01 | HLA-C=C*08:02:01:01 | HLA-B=B*14:02:01:01 | DRB345=DRB3*01:01:02:01 | DRB1=DRB1*13:03:01 | DQA1=DQA1*05:05:01:01SG | DQB1=DQB1*03:01:01:03 | DPA1=DPA1*01:03:01:01 | DPB1=DPB1*02:01:02/DPB1*02:01:19,False,False,1.0,1.0,1.0,1.0,1.0,1.0,1.0,1.0,0.0
SYNTH_0459,Global,success,,92.1,1.0,1,0.0,HLA-A=A*02:06:01:01 | HLA-C=C*07:02:01:01 | HLA-B=B*39:02:02 | DRB345=Abs | DRB1=DRB1*08:02:01 | DQA1=DQA1*04:01:01 | DQB1=DQB1*04:02:01 | DPA1=DPA1*01:03:01:05 | DPB1=DPB1*04:02:01:02,HLA-A=A*24:02:01:01 | HLA-C=C*07:01:01:01 | HLA-B=B*08:01:01:01 | DRB345=DRB3*01:01:02:01 | DRB1=DRB1*03:01:01:01SG | DQA1=DQA1*05:01:01:02 | DQB1=DQB1*02:01:01 | DPA1=DPA1*02:01:02 | DPB1=DPB1*01:01:01,True,True,1.0,1.0,1.0,1.0,1.0,1.0,1.0,1.0,1.0
SYNTH_0460,Global,success,,227.0,1.0,1,0.0,HLA-A=A*02:01:01:01 | HLA-C=C*05:01:01:02 | HLA-B=B*44:02:01:01 | DRB345=DRB4*01:03:01:01/DRB4*01:03:01:01:03 | DRB1=DRB1*04:01:01:01SG | DQA1=DQA1*03:03:01:01 | DQB1=DQB1*03:01:01:01 | DPA1=DPA1*01:03:01:04 | DPB1=DPB1*04:01:01:01/DPB1*04:01:01:02,HLA-A=A*30:01:01 | HLA-C=C*06:02:01:01 | HLA-B=B*13:02:01 | DRB345=DRB4*01:03:01:01/DRB4*01:03:01:01:03 | DRB1=DRB1*07:01:01:01SG | DQA1=DQA1*02:01:01:01SG | DQB1=DQB1*02:02:01:01 | DPA1=DPA1*01:03:01:04 | DPB1=DPB1*04:01:01:01/DPB1*04:01:01:02,False,False,1.0,1.0,1.0,0.0,1.0,1.0,1.0,1.0,0.0
SYNTH_0461,Global,success,,220.6,1.0,1,0.0,HLA-A=A*24:03:01:01 | HLA-C=C*03:03:01:01 | HLA-B=B*15:12 | DRB345=DRB3*03:01:03 | DRB1=DRB1*12:02:01 | DQA1=DQA1*06:01:01 | DQB1=DQB1*03:01:01:01 | DPA1=DPA1*02:02:05 | DPB1=DPB1*05:01:01,HLA-A=A*29:02:01:01 | HLA-C=C*16:01:01:01 | HLA-B=B*44:03:01:01 | DRB345=DRB4*01:01:01:01 | DRB1=DRB1*07:01:01:01SG | DQA1=DQA1*02:01:01:01SG | DQB1=DQB1*02:02:01:01 | DPA1=DPA1*01:03:01:02 | DPB1=DPB1*04:01:01:01/DPB1*04:01:01:02,False,False,1.0,1.0,1.0,1.0,1.0,1.0,1.0,1.0,0.0
SYNTH_0462,Global,success,,219.9,1.0,1,0.0,HLA-A=A*03:01:01:01 | HLA-C=C*07:02:01:03 | HLA-B=B*07:02:01 | DRB345=DRB5*01:01:01 | DRB1=DRB1*15:01:01:01SG | DQA1=DQA1*01:02:01:01SG | DQB1=DQB1*06:02:01 | DPA1=DPA1*01:03:01:03 | DPB1=DPB1*06:01:01,HLA-A=A*01:01:01:01 | HLA-C=C*05:01:01:02 | HLA-B=B*44:02:01:01 | DRB345=DRB4*01:03:01:01/DRB4*01:03:01:01:03 | DRB1=DRB1*04:01:01:01SG | DQA1=DQA1*03:03:01:01 | DQB1=DQB1*03:01:01:01 | DPA1=DPA1*01:03:01:04 | DPB1=DPB1*04:01:01:01/DPB1*04:01:01:02,False,False,1.0,1.0,1.0,0.0,1.0,1.0,1.0,1.0,0.0
SYNTH_0463,Global,success,,245.2,1.0,1,0.0,HLA-A=A*02:01:01:01 | HLA-C=C*03:04:01:01 | HLA-B=B*40:01:02 | DRB345=DRB4*01:03:01:01/DRB4*01:03:01:01:03 | DRB1=DRB1*04:04:01 | DQA1=DQA1*03:01:01 | DQB1=DQB1*03:02:01 | DPA1=DPA1*01:03:01:03 | DPB1=DPB1*06:01:01,HLA-A=A*03:01:01:01 | HLA-C=C*07:02:01:03 | HLA-B=B*07:02:01 | DRB345=DRB5*01:01:01 | DRB1=DRB1*15:01:01:01SG | DQA1=DQA1*01:02:01:01SG | DQB1=DQB1*06:02:01 | DPA1=DPA1*01:03:01:03 | DPB1=DPB1*03:01:01,False,False,1.0,1.0,1.0,0.0,1.0,1.0,1.0,1.0,1.0
SYNTH_0464,Global,success,,245.7,1.0,1,0.0,HLA-A=A*11:01:01:01 | HLA-C=C*12:02:02 | HLA-B=B*52:01:01:02 | DRB345=DRB5*01:02 | DRB1=DRB1*15:02:01:01SG | DQA1=DQA1*01:03:01:01 | DQB1=DQB1*06:01:01 | DPA1=DPA1*02:02:01 | DPB1=DPB1*04:01:01:01/DPB1*04:01:01:02,HLA-A=A*02:01:01:01 | HLA-C=C*05:01:01:02 | HLA-B=B*44:02:01:01 | DRB345=DRB4*01:03:01:01/DRB4*01:03:01:01:03 | DRB1=DRB1*04:01:01:01SG | DQA1=DQA1*03:03:01:01 | DQB1=DQB1*03:01:01:01 | DPA1=DPA1*01:03:01:02 | DPB1=DPB1*04:01:01:01/DPB1*04:01:01:02,False,False,1.0,1.0,1.0,0.0,1.0,1.0,1.0,1.0,0.0
SYNTH_0465,Global,success,,270.7,0.59893048,6,1.7076,HLA-A=A*03:01:01:01 | HLA-C=C*07:02:01:03 | HLA-B=B*07:02:01 | DRB345=DRB5*01:01:01 | DRB1=DRB1*15:01:01:01SG | DQA1=DQA1*01:02:01:01SG | DQB1=DQB1*06:02:01 | DPA1=DPA1*01:03:01:02 | DPB1=DPB1*04:01:01:01/DPB1*04:01:01:02,HLA-A=A*25:01:01 | HLA-C=C*12:03:01:01 | HLA-B=B*18:01:01:02 | DRB345=DRB5*01:01:01 | DRB1=DRB1*15:01:01:01SG | DQA1=DQA1*01:02:01:01SG | DQB1=DQB1*06:02:01 | DPA1=DPA1*01:03:01:02 | DPB1=DPB1*04:01:01:01/DPB1*04:01:01:02,False,False,1.0,1.0,1.0,1.0,1.0,1.0,1.0,1.0,0.0
SYNTH_0466,Global,success,,156.7,0.63644689,4,1.3599,HLA-A=A*01:01:01:01 | HLA-C=C*07:01:01:01 | HLA-B=B*08:01:01:01 | DRB345=DRB3*01:01:02:01 | DRB1=DRB1*03:01:01:01SG | DQA1=DQA1*05:01:01:02 | DQB1=DQB1*02:01:01 | DPA1=DPA1*01:03:01:02 | DPB1=DPB1*04:01:01:01/DPB1*04:01:01:02,HLA-A=A*30:02:01:01 | HLA-C=C*05:01:01:01 | HLA-B=B*18:01:01:01 | DRB345=DRB3*02:02:01:01 | DRB1=DRB1*03:01:01:01SG | DQA1=DQA1*05:01:01:01 | DQB1=DQB1*02:01:01 | DPA1=DPA1*01:03:01:02 | DPB1=DPB1*04:01:01:01/DPB1*04:01:01:02,False,False,1.0,1.0,1.0,1.0,1.0,1.0,1.0,1.0,0.0
SYNTH_0467,Global,success,,207.8,1.0,1,0.0,HLA-A=A*01:01:01:01 | HLA-C=C*07:01:01:01 | HLA-B=B*08:01:01:01 | DRB345=DRB3*01:01:02:01 | DRB1=DRB1*03:01:01:01SG | DQA1=DQA1*05:01:01:02 | DQB1=DQB1*02:01:01 | DPA1=DPA1*02:01:02 | DPB1=DPB1*01:01:01,HLA-A=A*02:01:01:01 | HLA-C=C*07:04:01:01 | HLA-B=B*44:02:01:03 | DRB345=DRB3*02:02:01:02 | DRB1=DRB1*11:01:01:01 | DQA1=DQA1*05:05:01:01SG | DQB1=DQB1*03:01:01:03 | DPA1=DPA1*01:03:01:02 | DPB1=DPB1*04:01:01:01/DPB1*04:01:01:02,False,False,1.0,1.0,1.0,1.0,1.0,1.0,1.0,1.0,0.0
SYNTH_0468,Global,success,,176.5,0.26950998,32,3.928,HLA-A=A*29:02:01:01 | HLA-C=C*16:01:01:01 | HLA-B=B*44:03:01:01 | DRB345=DRB4*01:01:01:01 | DRB1=DRB1*07:01:01:01SG | DQA1=DQA1*02:01:01:01SG | DQB1=DQB1*02:02:01:01 | DPA1=DPA1*02:01:01:01 | DPB1=DPB1*11:01:01,HLA-A=A*24:02:01:01 | HLA-C=C*07:02:01:03 | HLA-B=B*07:02:01 | DRB345=DRB5*01:01:01 | DRB1=DRB1*15:01:01:01SG | DQA1=DQA1*01:02:01:01SG | DQB1=DQB1*06:02:01 | DPA1=DPA1*01:03:01:02 | DPB1=DPB1*04:01:01:01/DPB1*04:01:01:02,False,False,1.0,1.0,1.0,1.0,1.0,1.0,1.0,1.0,0.0
SYNTH_0469,Global,success,,239.9,0.4673913,6,1.8169,HLA-A=A*02:01:01:01 | HLA-C=C*07:02:01:03 | HLA-B=B*07:02:01 | DRB345=DRB5*01:01:01 | DRB1=DRB1*15:01:01:01SG | DQA1=DQA1*01:02:01:01SG | DQB1=DQB1*06:02:01 | DPA1=DPA1*01:03:01:04 | DPB1=DPB1*04:01:01:01/DPB1*04:01:01:02,HLA-A=A*02:01:01:01 | HLA-C=C*04:01:01:01 | HLA-B=B*35:01:01:02 | DRB345=DRB4*01:03:01:01/DRB4*01:03:01:01:03 | DRB1=DRB1*04:04:01 | DQA1=DQA1*03:01:01 | DQB1=DQB1*03:02:01 | DPA1=DPA1*01:03:01:02 | DPB1=DPB1*02:01:02/DPB1*02:01:19,False,False,0.0,1.0,1.0,0.0,1.0,1.0,1.0,1.0,0.0
SYNTH_0470,Global,success,,145.6,0.22222222,6,2.5305,HLA-A=A*29:02:01:01 | HLA-C=C*16:01:01:01 | HLA-B=B*44:03:01:01 | DRB345=DRB4*01:01:01:01 | DRB1=DRB1*07:01:01:01SG | DQA1=DQA1*02:01:01:01SG | DQB1=DQB1*02:02:01:01 | DPA1=DPA1*01:03:01:01 | DPB1=DPB1*02:01:02/DPB1*02:01:19,HLA-A=A*68:01:02:02 | HLA-C=C*07:04:01:01 | HLA-B=B*44:02:01:03 | DRB345=DRB3*02:02:01:02 | DRB1=DRB1*11:01:01:01 | DQA1=DQA1*05:05:01:01SG | DQB1=DQB1*03:01:01:03 | DPA1=DPA1*01:03:01:02 | DPB1=DPB1*04:01:01:01/DPB1*04:01:01:02,False,False,0.0,1.0,1.0,1.0,1.0,1.0,1.0,1.0,0.0
SYNTH_0471,Global,success,,168.3,0.73333333,2,0.8366,HLA-A=A*02:01:01:01 | HLA-C=C*05:01:01:02 | HLA-B=B*44:02:01:01 | DRB345=DRB4*01:03:01:01/DRB4*01:03:01:01:03 | DRB1=DRB1*04:01:01:01SG | DQA1=DQA1*03:03:01:01 | DQB1=DQB1*03:01:01:01 | DPA1=DPA1*01:03:01:04 | DPB1=DPB1*04:01:01:01/DPB1*04:01:01:02,HLA-A=A*03:01:01:01 | HLA-C=C*04:01:01:01 | HLA-B=B*35:01:01:02 | DRB345=Abs | DRB1=DRB1*01:01:01 | DQA1=DQA1*01:01:01:02SG | DQB1=DQB1*05:01:01:03 | DPA1=DPA1*01:03:01:02 | DPB1=DPB1*04:01:01:01/DPB1*04:01:01:02,False,False,1.0,1.0,1.0,0.0,1.0,1.0,1.0,1.0,0.0
SYNTH_0472,Global,success,,156.4,0.0,0,0.0,,,False,False,,,,,,,,,
SYNTH_0473,Global,success,,168.8,1.0,1,0.0,HLA-A=A*01:01:01:01 | HLA-C=C*07:01:01:01 | HLA-B=B*08:01:01:01 | DRB345=DRB3*01:01:02:01 | DRB1=DRB1*03:01:01:01SG | DQA1=DQA1*05:01:01:02 | DQB1=DQB1*02:01:01 | DPA1=DPA1*01:03:01:02 | DPB1=DPB1*04:01:01:01/DPB1*04:01:01:02,HLA-A=A*01:01:01:01 | HLA-C=C*07:01:01:01 | HLA-B=B*08:01:01:01 | DRB345=DRB3*01:01:02:01 | DRB1=DRB1*03:01:01:01SG | DQA1=DQA1*05:01:01:02 | DQB1=DQB1*02:01:01 | DPA1=DPA1*01:03:01:04 | DPB1=DPB1*04:01:01:01/DPB1*04:01:01:02,False,False,1.0,1.0,1.0,1.0,1.0,1.0,1.0,1.0,0.0
SYNTH_0474,Global,success,,124.1,1.0,1,0.0,HLA-A=A*02:01:01:01 | HLA-C=C*03:04:01:01 | HLA-B=B*40:01:02 | DRB345=DRB3*03:01:01 | DRB1=DRB1*13:02:01 | DQA1=DQA1*01:02:01:04SG | DQB1=DQB1*06:04:01 | DPA1=DPA1*01:03:01:03 | DPB1=DPB1*03:01:01,HLA-A=A*23:01:01 | HLA-C=C*17:03 | HLA-B=B*41:02:01 | DRB345=DRB3*02:02:01:02 | DRB1=DRB1*11:04:01 | DQA1=DQA1*05:05:01:01SG | DQB1=DQB1*03:01:01:03 | DPA1=DPA1*02:01:01:01 | DPB1=DPB1*13:01:01/DPB1*107:01,False,False,1.0,1.0,1.0,1.0,1.0,1.0,1.0,1.0,0.0
SYNTH_0475,Global,success,,113.6,1.0,1,0.0,HLA-A=A*03:01:01:01 | HLA-C=C*04:01:01:01 | HLA-B=B*35:01:01:02 | DRB345=Abs | DRB1=DRB1*01:01:01 | DQA1=DQA1*01:01:01:02SG | DQB1=DQB1*05:01:01:03 | DPA1=DPA1*01:03:01:05 | DPB1=DPB1*04:02:01:02,HLA-A=A*11:01:01:01 | HLA-C=C*04:01:01:05 | HLA-B=B*35:01:01:02 | DRB345=Abs | DRB1=DRB1*01:01:01 | DQA1=DQA1*01:01:01:02SG | DQB1=DQB1*05:01:01:03 | DPA1=DPA1*02:01:01:02 | DPB1=DPB1*09:01:01,True,False,1.0,1.0,1.0,1.0,1.0,1.0,1.0,1.0,1.0
SYNTH_0476,Global,success,,111.1,1.0,1,0.0,HLA-A=A*32:01:01 | HLA-C=C*02:02:02:01 | HLA-B=B*40:02:01 | DRB345=DRB3*02:02:01:02 | DRB1=DRB1*13:01:01:01SG | DQA1=DQA1*01:03:01:02SG | DQB1=DQB1*06:03:01 | DPA1=DPA1*01:03:01:05 | DPB1=DPB1*04:02:01:02,HLA-A=A*03:01:01:01 | HLA-C=C*03:04:01:01 | HLA-B=B*15:01:01:01 | DRB345=DRB4*01:03:01:01/DRB4*01:03:01:01:03 | DRB1=DRB1*04:01:01:01SG | DQA1=DQA1*03:01:01 | DQB1=DQB1*03:02:01 | DPA1=DPA1*01:03:01:03 | DPB1=DPB1*03:01:01,False,False,1.0,1.0,1.0,0.0,1.0,1.0,1.0,1.0,1.0
SYNTH_0477,Global,success,,58.6,1.0,1,0.0,HLA-A=A*29:02:01:01 | HLA-C=C*16:01:01:01 | HLA-B=B*44:03:01:01 | DRB345=DRB4*01:01:01:01 | DRB1=DRB1*07:01:01:01SG | DQA1=DQA1*02:01:01:01SG | DQB1=DQB1*02:02:01:01 | DPA1=DPA1*02:02:02 | DPB1=DPB1*01:01:01,HLA-A=A*03:01:01:01 | HLA-C=C*03:04:01:01 | HLA-B=B*15:01:01:01 | DRB345=DRB4*01:03:01:01/DRB4*01:03:01:01:03 | DRB1=DRB1*04:01:01:01SG | DQA1=DQA1*03:01:01 | DQB1=DQB1*03:02:01 | DPA1=DPA1*01:03:01:02 | DPB1=DPB1*04:01:01:01/DPB1*04:01:01:02,False,False,1.0,1.0,1.0,0.0,1.0,1.0,1.0,1.0,0.0
SYNTH_0478,Global,success,,64.3,1.0,1,0.0,HLA-A=A*02:01:01:01 | HLA-C=C*06:02:01:01 | HLA-B=B*13:02:01 | DRB345=DRB4*01:03:01:01/DRB4*01:03:01:01:03 | DRB1=DRB1*07:01:01:01SG | DQA1=DQA1*02:01:01:01SG | DQB1=DQB1*02:02:01:01 | DPA1=DPA1*01:03:01:04 | DPB1=DPB1*04:01:01:01/DPB1*04:01:01:02,HLA-A=A*30:02:01:01 | HLA-C=C*05:01:01:01 | HLA-B=B*18:01:01:01 | DRB345=DRB3*02:02:01:01 | DRB1=DRB1*03:01:01:01SG | DQA1=DQA1*05:01:01:01 | DQB1=DQB1*02:01:01 | DPA1=DPA1*01:03:01:02 | DPB1=DPB1*04:01:01:01/DPB1*04:01:01:02,False,False,1.0,1.0,1.0,0.0,1.0,1.0,1.0,1.0,0.0
SYNTH_0479,Global,success,,81.1,0.6,2,0.971,HLA-A=A*26:01:01:01 | HLA-C=C*07:01:01:01 | HLA-B=B*18:01:01:02 | DRB345=DRB3*02:02:01:02 | DRB1=DRB1*13:01:01:01SG | DQA1=DQA1*01:03:01:02SG | DQB1=DQB1*06:03:01 | DPA1=DPA1*01:03:01:05 | DPB1=DPB1*04:02:01:02,HLA-A=A*01:01:01:01 | HLA-C=C*06:02:01:01 | HLA-B=B*57:01:01 | DRB345=DRB5*01:01:01 | DRB1=DRB1*15:01:01:01SG | DQA1=DQA1*01:02:01:01SG | DQB1=DQB1*06:02:01 | DPA1=DPA1*01:03:01:02 | DPB1=DPB1*04:01:01:01/DPB1*04:01:01:02,False,False,1.0,1.0,1.0,1.0,1.0,1.0,1.0,0.0,0.0
SYNTH_0480,Global,success,,72.3,0.18,10,3.0627,HLA-A=A*02:01:01:01 | HLA-C=C*07:02:01:03 | HLA-B=B*07:02:01 | DRB345=Abs | DRB1=DRB1*01:03 | DQA1=DQA1*01:01:01:02SG | DQB1=DQB1*05:01:01:03 | DPA1=DPA1*01:03:01:01 | DPB1=DPB1*02:01:02/DPB1*02:01:19,HLA-A=A*33:01:01 | HLA-C=C*08:02:01:01 | HLA-B=B*14:02:01:01 | DRB345=Abs | DRB1=DRB1*01:02:01 | DQA1=DQA1*01:01:02 | DQB1=DQB1*05:01:01:01 | DPA1=DPA1*01:03:01:04 | DPB1=DPB1*04:01:01:01/DPB1*04:01:01:02,False,False,1.0,1.0,1.0,1.0,1.0,1.0,1.0,0.0,0.0
SYNTH_0481,Global,success,,62.3,0.79392669,3,0.7994,HLA-A=A*01:01:01:01 | HLA-C=C*07:01:01:01 | HLA-B=B*08:01:01:01 | DRB345=DRB3*01:01:02:01 | DRB1=DRB1*03:01:01:01SG | DQA1=DQA1*05:01:01:02 | DQB1=DQB1*02:01:01 | DPA1=DPA1*01:03:01:02 | DPB1=DPB1*04:01:01:01/DPB1*04:01:01:02,HLA-A=A*01:01:01:01 | HLA-C=C*07:01:01:01 | HLA-B=B*08:01:01:01 | DRB345=DRB3*01:01:02:01 | DRB1=DRB1*03:01:01:01SG | DQA1=DQA1*05:01:01:02 | DQB1=DQB1*02:01:01 | DPA1=DPA1*01:03:01:02 | DPB1=DPB1*04:01:01:01/DPB1*04:01:01:02,False,False,1.0,1.0,1.0,1.0,1.0,1.0,1.0,1.0,0.0
SYNTH_0482,Global,success,,46.6,1.0,1,0.0,HLA-A=A*24:02:01:01 | HLA-C=C*04:01:01:06 | HLA-B=B*35:02:01 | DRB345=DRB3*02:02:01:02 | DRB1=DRB1*11:04:01 | DQA1=DQA1*05:05:01:01SG | DQB1=DQB1*03:01:01:02 | DPA1=DPA1*01:03:01:02 | DPB1=DPB1*04:01:01:01/DPB1*04:01:01:02,HLA-A=A*26:01:01:01 | HLA-C=C*14:02:01:01 | HLA-B=B*51:01:01:01 | DRB345=DRB5*01:01:01 | DRB1=DRB1*15:01:01:01SG | DQA1=DQA1*01:02:01:01SG | DQB1=DQB1*06:02:01 | DPA1=DPA1*01:03:01:02 | DPB1=DPB1*04:01:01:01/DPB1*04:01:01:02,False,False,1.0,1.0,1.0,1.0,1.0,1.0,1.0,1.0,0.0
SYNTH_0483,Global,success,,63.0,1.0,1,0.0,HLA-A=A*24:02:01:01 | HLA-C=C*08:01:01 | HLA-B=B*51:02:01 | DRB345=DRB4*01:03:01:01/DRB4*01:03:01:01:03 | DRB1=DRB1*04:03:01 | DQA1=DQA1*03:01:01 | DQB1=DQB1*03:02:01 | DPA1=DPA1*01:03:01:05 | DPB1=DPB1*04:02:01:02,HLA-A=A*29:02:01:02 | HLA-C=C*06:02:01:03 | HLA-B=B*45:01:01 | DRB345=DRB5*01:01:01 | DRB1=DRB1*15:01:01:01SG | DQA1=DQA1*01:02:01:01SG | DQB1=DQB1*06:02:01 | DPA1=DPA1*01:03:01:03 | DPB1=DPB1*03:01:01,False,False,1.0,1.0,1.0,0.0,1.0,1.0,1.0,1.0,1.0
SYNTH_0484,Global,success,,150.0,0.5375,2,0.9959,HLA-A=A*30:02:01:01 | HLA-C=C*05:01:01:01 | HLA-B=B*18:01:01:01 | DRB345=Abs | DRB1=DRB1*01:01:01 | DQA1=DQA1*01:01:01:02SG | DQB1=DQB1*05:01:01:03 | DPA1=DPA1*01:03:01:03 | DPB1=DPB1*03:01:01,HLA-A=A*02:01:01:01 | HLA-C=C*07:02:01:03 | HLA-B=B*07:02:01 | DRB345=DRB5*01:01:01 | DRB1=DRB1*15:01:01:01SG | DQA1=DQA1*01:02:01:01SG | DQB1=DQB1*06:02:01 | DPA1=DPA1*01:03:01:04 | DPB1=DPB1*04:01:01:01/DPB1*04:01:01:02,False,False,1.0,1.0,1.0,1.0,1.0,1.0,1.0,1.0,0.0
SYNTH_0485,Global,success,,143.6,0.5625,2,0.9887,HLA-A=A*02:01:01:01 | HLA-C=C*03:04:01:01 | HLA-B=B*40:01:02 | DRB345=DRB4*01:03:01:01/DRB4*01:03:01:01:03 | DRB1=DRB1*04:04:01 | DQA1=DQA1*03:01:01 | DQB1=DQB1*03:02:01 | DPA1=DPA1*01:03:01:03 | DPB1=DPB1*06:01:01,HLA-A=A*30:01:01 | HLA-C=C*06:02:01:01 | HLA-B=B*13:02:01 | DRB345=DRB4*01:03:01:01/DRB4*01:03:01:01:03 | DRB1=DRB1*07:01:01:01SG | DQA1=DQA1*02:01:01:01SG | DQB1=DQB1*02:02:01:01 | DPA1=DPA1*01:03:01:02 | DPB1=DPB1*04:01:01:01/DPB1*04:01:01:02,False,False,1.0,1.0,1.0,0.0,1.0,1.0,1.0,1.0,0.0
SYNTH_0486,Global,success,,257.6,0.42307692,4,1.6194,HLA-A=A*29:02:01:01 | HLA-C=C*16:01:01:01 | HLA-B=B*44:03:01:01 | DRB345=DRB4*01:01:01:01 | DRB1=DRB1*07:01:01:01SG | DQA1=DQA1*02:01:01:01SG | DQB1=DQB1*02:02:01:01 | DPA1=DPA1*02:02:02 | DPB1=DPB1*01:01:01,HLA-A=A*24:02:01:01 | HLA-C=C*03:04:01:01 | HLA-B=B*40:01:02 | DRB345=Abs | DRB1=DRB1*08:01:01 | DQA1=DQA1*04:01:01 | DQB1=DQB1*04:02:01 | DPA1=DPA1*01:03:01:02 | DPB1=DPB1*04:01:01:01/DPB1*04:01:01:02,False,False,1.0,1.0,1.0,1.0,1.0,1.0,1.0,1.0,0.0
SYNTH_0487,Global,success,,251.2,1.0,1,0.0,HLA-A=A*01:01:01:01 | HLA-C=C*07:01:01:01 | HLA-B=B*08:01:01:01 | DRB345=DRB3*01:01:02:01 | DRB1=DRB1*03:01:01:01SG | DQA1=DQA1*05:01:01:02 | DQB1=DQB1*02:01:01 | DPA1=DPA1*01:03:01:02 | DPB1=DPB1*04:01:01:01/DPB1*04:01:01:02,HLA-A=A*02:01:01:01 | HLA-C=C*03:03:01:01 | HLA-B=B*15:01:01:01 | DRB345=DRB4*01:03:01:01/DRB4*01:03:01:01:03 | DRB1=DRB1*04:01:01:01SG | DQA1=DQA1*03:01:01 | DQB1=DQB1*03:02:01 | DPA1=DPA1*01:03:01:02 | DPB1=DPB1*04:01:01:01/DPB1*04:01:01:02,False,False,1.0,1.0,1.0,0.0,1.0,1.0,1.0,1.0,0.0
SYNTH_0488,Global,success,,245.4,1.0,1,0.0,HLA-A=A*02:01:01:01 | HLA-C=C*05:01:01:02 | HLA-B=B*44:02:01:01 | DRB345=DRB4*01:03:01:01/DRB4*01:03:01:01:03 | DRB1=DRB1*04:01:01:01SG | DQA1=DQA1*03:03:01:01 | DQB1=DQB1*03:01:01:01 | DPA1=DPA1*01:03:01:04 | DPB1=DPB1*04:01:01:01/DPB1*04:01:01:02,HLA-A=A*02:01:01:01 | HLA-C=C*07:02:01:03 | HLA-B=B*07:02:01 | DRB345=DRB4*01:01:01:01 | DRB1=DRB1*07:01:01:01SG | DQA1=DQA1*02:01:01:01SG | DQB1=DQB1*02:02:01:01 | DPA1=DPA1*01:03:01:02 | DPB1=DPB1*04:01:01:01/DPB1*04:01:01:02,False,False,1.0,1.0,1.0,0.0,1.0,1.0,1.0,1.0,0.0
SYNTH_0489,Global,success,,233.8,0.96428571,2,0.2223,HLA-A=A*01:01:01:01 | HLA-C=C*07:01:01:01 | HLA-B=B*08:01:01:01 | DRB345=DRB3*01:01:02:01 | DRB1=DRB1*03:01:01:01SG | DQA1=DQA1*05:01:01:02 | DQB1=DQB1*02:01:01 | DPA1=DPA1*01:03:01:02 | DPB1=DPB1*04:01:01:01/DPB1*04:01:01:02,HLA-A=A*01:01:01:01 | HLA-C=C*07:01:01:01 | HLA-B=B*08:01:01:01 | DRB345=DRB3*01:01:02:01 | DRB1=DRB1*03:01:01:01SG | DQA1=DQA1*05:01:01:02 | DQB1=DQB1*02:01:01 | DPA1=DPA1*02:01:02 | DPB1=DPB1*01:01:01,False,False,1.0,1.0,1.0,1.0,1.0,1.0,1.0,1.0,0.0
SYNTH_0490,Global,success,,252.9,0.4673913,6,1.8169,HLA-A=A*02:01:01:01 | HLA-C=C*07:02:01:03 | HLA-B=B*07:02:01 | DRB345=DRB5*01:01:01 | DRB1=DRB1*15:01:01:01SG | DQA1=DQA1*01:02:01:01SG | DQB1=DQB1*06:02:01 | DPA1=DPA1*01:03:01:04 | DPB1=DPB1*04:01:01:01/DPB1*04:01:01:02,HLA-A=A*02:05:01 | HLA-C=C*06:02:01:02 | HLA-B=B*50:01:01 | DRB345=DRB4*01:03:01:01/DRB4*01:03:01:01:03 | DRB1=DRB1*07:01:01:01SG | DQA1=DQA1*02:01:01:01SG | DQB1=DQB1*02:02:01:01 | DPA1=DPA1*01:03:01:02 | DPB1=DPB1*104:01,False,False,1.0,1.0,1.0,0.0,1.0,1.0,1.0,1.0,0.0
SYNTH_0491,Global,success,,782.8,0.86,3,0.7222,HLA-A=A*02:01:01:01 | HLA-C=C*07:02:01:03 | HLA-B=B*07:02:01 | DRB345=Abs | DRB1=DRB1*01:03 | DQA1=DQA1*01:01:01:02SG | DQB1=DQB1*05:01:01:03 | DPA1=DPA1*01:03:01:02 | DPB1=DPB1*04:01:01:01/DPB1*04:01:01:02,HLA-A=A*02:01:01:01 | HLA-C=C*07:02:01:03 | HLA-B=B*07:02:01 | DRB345=DRB5*01:01:01 | DRB1=DRB1*15:01:01:01SG | DQA1=DQA1*01:02:01:01SG | DQB1=DQB1*06:02:01 | DPA1=DPA1*01:03:01:04 | DPB1=DPB1*04:01:01:01/DPB1*04:01:01:02,False,False,1.0,1.0,1.0,1.0,1.0,1.0,1.0,1.0,0.0
SYNTH_0492,Global,success,,244.6,0.59259259,7,1.7742,HLA-A=A*03:01:01:01 | HLA-C=C*07:02:01:03 | HLA-B=B*07:02:01 | DRB345=DRB5*01:01:01 | DRB1=DRB1*15:01:01:01SG | DQA1=DQA1*01:02:01:01SG | DQB1=DQB1*06:02:01 | DPA1=DPA1*01:03:01:02 | DPB1=DPB1*04:01:01:01/DPB1*04:01:01:02,HLA-A=A*03:01:01:01 | HLA-C=C*16:01:01:01 | HLA-B=B*44:03:01:01 | DRB345=DRB4*01:03:01:01/DRB4*01:03:01:01:03 | DRB1=DRB1*04:04:01 | DQA1=DQA1*03:01:01 | DQB1=DQB1*03:02:01 | DPA1=DPA1*01:03:01:02 | DPB1=DPB1*04:01:01:01/DPB1*04:01:01:02,False,False,1.0,1.0,1.0,0.0,1.0,1.0,1.0,1.0,0.0
SYNTH_0493,Global,success,,214.3,1.0,1,0.0,HLA-A=A*03:01:01:01 | HLA-C=C*04:01:01:01 | HLA-B=B*35:01:01:02 | DRB345=Abs | DRB1=DRB1*01:01:01 | DQA1=DQA1*01:01:01:02SG | DQB1=DQB1*05:01:01:03 | DPA1=DPA1*01:03:01:05 | DPB1=DPB1*04:02:01:02,HLA-A=A*01:01:01:01 | HLA-C=C*06:02:01:01 | HLA-B=B*57:01:01 | DRB345=DRB4*01:03:01:02N | DRB1=DRB1*07:01:01:01SG | DQA1=DQA1*02:01:01:01SG | DQB1=DQB1*03:03:02:01 | DPA1=DPA1*01:03:01:01 | DPB1=DPB1*02:01:02/DPB1*02:01:19,False,False,1.0,1.0,1.0,1.0,1.0,1.0,1.0,1.0,0.0
SYNTH_0494,Global,success,,171.2,1.0,1,0.0,HLA-A=A*01:01:01:01 | HLA-C=C*07:01:01:01 | HLA-B=B*08:01:01:01 | DRB345=DRB5*01:01:01 | DRB1=DRB1*15:01:01:01SG | DQA1=DQA1*01:02:01:01SG | DQB1=DQB1*06:02:01 | DPA1=DPA1*01:03:01:02 | DPB1=DPB1*04:01:01:01/DPB1*04:01:01:02,HLA-A=A*11:01:01:01 | HLA-C=C*02:02:02:01 | HLA-B=B*27:05:02 | DRB345=DRB3*02:02:01:02 | DRB1=DRB1*13:01:01:01SG | DQA1=DQA1*01:03:01:02SG | DQB1=DQB1*06:03:01 | DPA1=DPA1*01:03:01:05 | DPB1=DPB1*04:02:01:02,False,False,1.0,1.0,1.0,1.0,1.0,1.0,1.0,1.0,0.0
SYNTH_0495,Global,success,,413.8,0.85802469,3,0.707,HLA-A=A*01:01:01:01 | HLA-C=C*07:01:01:01 | HLA-B=B*08:01:01:01 | DRB345=DRB3*01:01:02:01 | DRB1=DRB1*03:01:01:01SG | DQA1=DQA1*05:01:01:02 | DQB1=DQB1*02:01:01 | DPA1=DPA1*01:03:01:02 | DPB1=DPB1*04:01:01:01/DPB1*04:01:01:02,HLA-A=A*02:01:01:01 | HLA-C=C*02:02:02:03 | HLA-B=B*27:02:01 | DRB345=DRB5*02:02 | DRB1=DRB1*16:01:01 | DQA1=DQA1*01:02:02 | DQB1=DQB1*05:02:01 | DPA1=DPA1*01:03:01:05 | DPB1=DPB1*04:02:01:02,False,False,1.0,1.0,1.0,1.0,1.0,1.0,1.0,1.0,0.0
SYNTH_0496,Global,success,,440.0,0.5375,2,0.9959,HLA-A=A*02:01:01:01 | HLA-C=C*07:02:01:03 | HLA-B=B*07:02:01 | DRB345=DRB5*01:01:01 | DRB1=DRB1*15:01:01:01SG | DQA1=DQA1*01:02:01:01SG | DQB1=DQB1*06:02:01 | DPA1=DPA1*01:03:01:04 | DPB1=DPB1*04:01:01:01/DPB1*04:01:01:02,HLA-A=A*03:01:01:01 | HLA-C=C*07:02:01:03 | HLA-B=B*07:02:01 | DRB345=DRB3*01:01:02:01 | DRB1=DRB1*13:01:01:01SG | DQA1=DQA1*01:03:01:02SG | DQB1=DQB1*06:03:01 | DPA1=DPA1*01:03:01:01 | DPB1=DPB1*02:01:02/DPB1*02:01:19,False,False,1.0,1.0,1.0,1.0,1.0,1.0,1.0,1.0,0.0
SYNTH_0497,Global,success,,438.6,0.48106209,18,2.6053,HLA-A=A*29:02:01:01 | HLA-C=C*16:01:01:01 | HLA-B=B*44:03:01:01 | DRB345=DRB4*01:01:01:01 | DRB1=DRB1*07:01:01:01SG | DQA1=DQA1*02:01:01:01SG | DQB1=DQB1*02:02:01:01 | DPA1=DPA1*02:02:02 | DPB1=DPB1*01:01:01,HLA-A=A*03:01:01:01 | HLA-C=C*07:02:01:03 | HLA-B=B*07:02:01 | DRB345=DRB5*01:01:01 | DRB1=DRB1*15:01:01:01SG | DQA1=DQA1*01:02:01:01SG | DQB1=DQB1*06:02:01 | DPA1=DPA1*01:03:01:02 | DPB1=DPB1*04:01:01:01/DPB1*04:01:01:02,False,False,1.0,1.0,1.0,1.0,1.0,1.0,1.0,1.0,0.0
SYNTH_0498,Global,success,,417.2,1.0,1,0.0,HLA-A=A*02:01:01:01 | HLA-C=C*07:01:01:01 | HLA-B=B*18:01:01:02 | DRB345=DRB3*02:02:01:02 | DRB1=DRB1*11:04:01 | DQA1=DQA1*05:05:01:01SG | DQB1=DQB1*03:01:01:03 | DPA1=DPA1*01:03:01:02 | DPB1=DPB1*04:01:01:01/DPB1*04:01:01:02,HLA-A=A*32:01:01 | HLA-C=C*07:02:01:01 | HLA-B=B*07:02:01 | DRB345=DRB4*01:03:01:01/DRB4*01:03:01:01:03 | DRB1=DRB1*04:04:01 | DQA1=DQA1*03:01:01 | DQB1=DQB1*03:02:01 | DPA1=DPA1*01:03:01:02 | DPB1=DPB1*04:01:01:01/DPB1*04:01:01:02,False,False,1.0,1.0,1.0,0.0,1.0,1.0,1.0,1.0,0.0
SYNTH_0499,Global,success,,426.7,1.0,1,0.0,HLA-A=A*03:01:01:01 | HLA-C=C*01:02:01 | HLA-B=B*51:01:01:01 | DRB345=Abs | DRB1=DRB1*01:01:01 | DQA1=DQA1*01:01:01:02SG | DQB1=DQB1*05:01:01:03 | DPA1=DPA1*01:03:01:02 | DPB1=DPB1*04:01:01:01/DPB1*04:01:01:02,HLA-A=A*36:01 | HLA-C=C*04:01:01:01 | HLA-B=B*53:01:01 | DRB345=DRB3*01:01:02:01 | DRB1=DRB1*03:01:01:01SG | DQA1=DQA1*04:01:01 | DQB1=DQB1*04:02:01 | DPA1=DPA1*02:01:08 | DPB1=DPB1*01:01:01,False,False,1.0,1.0,1.0,1.0,1.0,1.0,1.0,1.0,0.0
SYNTH_0500,Global,success,,421.9,0.65497076,7,1.5483,HLA-A=A*03:01:01:01 | HLA-C=C*07:02:01:03 | HLA-B=B*07:02:01 | DRB345=DRB5*01:01:01 | DRB1=DRB1*15:01:01:01SG | DQA1=DQA1*01:02:01:01SG | DQB1=DQB1*06:02:01 | DPA1=DPA1*01:03:01:02 | DPB1=DPB1*04:01:01:01/DPB1*04:01:01:02,HLA-A=A*26:01:01:01 | HLA-C=C*12:03:01:01 | HLA-B=B*38:01:01 | DRB345=DRB4*01:03:01:01/DRB4*01:03:01:01:03 | DRB1=DRB1*04:02:01 | DQA1=DQA1*03:01:01 | DQB1=DQB1*03:02:01 | DPA1=DPA1*01:03:01:04 | DPB1=DPB1*04:01:01:01/DPB1*04:01:01:02,False,False,1.0,1.0,1.0,0.0,1.0,1.0,1.0,1.0,0.0
SYNTH_0501,Global,success,,415.5,0.375,3,1.5749,HLA-A=A*02:01:01:01 | HLA-C=C*05:01:01:02 | HLA-B=B*44:02:01:01 | DRB345=DRB4*01:03:01:01/DRB4*01:03:01:01:03 | DRB1=DRB1*04:01:01:01SG | DQA1=DQA1*03:03:01:01 | DQB1=DQB1*03:01:01:01 | DPA1=DPA1*01:03:01:04 | DPB1=DPB1*02:01:02/DPB1*02:01:19,HLA-A=A*01:01:01:01 | HLA-C=C*06:02:01:01 | HLA-B=B*57:01:01 | DRB345=DRB4*01:03:01:02N | DRB1=DRB1*07:01:01:01SG | DQA1=DQA1*02:01:01:01SG | DQB1=DQB1*03:03:02:01 | DPA1=DPA1*01:03:01:02 | DPB1=DPB1*04:01:01:01/DPB1*04:01:01:02,False,False,1.0,1.0,1.0,0.0,1.0,1.0,1.0,1.0,0.0
SYNTH_0502,Global,success,,404.8,0.39506173,14,2.6925,HLA-A=A*03:01:01:01 | HLA-C=C*07:02:01:03 | HLA-B=B*07:02:01 | DRB345=DRB5*01:01:01 | DRB1=DRB1*15:01:01:01SG | DQA1=DQA1*01:02:01:01SG | DQB1=DQB1*06:02:01 | DPA1=DPA1*01:03:01:02 | DPB1=DPB1*04:01:01:01/DPB1*04:01:01:02,HLA-A=A*03:01:01:01 | HLA-C=C*04:01:01:01 | HLA-B=B*35:01:01:02 | DRB345=Abs | DRB1=DRB1*01:01:01 | DQA1=DQA1*01:01:01:02SG | DQB1=DQB1*05:01:01:03 | DPA1=DPA1*01:03:01:03 | DPB1=DPB1*03:01:01,False,False,0.0,1.0,1.0,1.0,1.0,1.0,1.0,1.0,0.0
SYNTH_0503,Global,success,,473.2,0.89010989,3,0.5789,HLA-A=A*01:01:01:01 | HLA-C=C*07:01:01:01 | HLA-B=B*08:01:01:01 | DRB345=DRB3*01:01:02:01 | DRB1=DRB1*03:01:01:01SG | DQA1=DQA1*05:01:01:02 | DQB1=DQB1*02:01:01 | DPA1=DPA1*01:03:01:02 | DPB1=DPB1*04:01:01:01/DPB1*04:01:01:02,HLA-A=A*01:01:01:01 | HLA-C=C*07:01:01:01 | HLA-B=B*08:01:01:01 | DRB345=DRB3*01:01:02:01 | DRB1=DRB1*03:01:01:01SG | DQA1=DQA1*05:01:01:02 | DQB1=DQB1*02:01:01 | DPA1=DPA1*02:01:02 | DPB1=DPB1*01:01:01,False,False,1.0,1.0,1.0,1.0,1.0,1.0,1.0,1.0,0.0
SYNTH_0504,Global,success,,187.7,0.76073132,12,1.4285,HLA-A=A*02:01:01:01 | HLA-C=C*05:01:01:02 | HLA-B=B*44:02:01:01 | DRB345=DRB4*01:03:01:01/DRB4*01:03:01:01:03 | DRB1=DRB1*04:01:01:01SG | DQA1=DQA1*03:03:01:01 | DQB1=DQB1*03:01:01:01 | DPA1=DPA1*01:03:01:04 | DPB1=DPB1*04:01:01:01/DPB1*04:01:01:02,HLA-A=A*29:02:01:01 | HLA-C=C*16:01:01:01 | HLA-B=B*44:03:01:01 | DRB345=DRB4*01:01:01:01 | DRB1=DRB1*07:01:01:01SG | DQA1=DQA1*02:01:01:01SG | DQB1=DQB1*02:02:01:01 | DPA1=DPA1*02:01:01:01 | DPB1=DPB1*11:01:01,False,False,0.0,1.0,1.0,0.0,1.0,1.0,1.0,1.0,0.0
SYNTH_0505,Global,success,,342.1,0.63586957,6,1.4816,HLA-A=A*01:01:01:01 | HLA-C=C*07:01:01:01 | HLA-B=B*08:01:01:01 | DRB345=DRB3*01:01:02:01 | DRB1=DRB1*03:01:01:01SG | DQA1=DQA1*05:01:01:02 | DQB1=DQB1*02:01:01 | DPA1=DPA1*02:01:02 | DPB1=DPB1*01:01:01,HLA-A=A*01:01:01:01 | HLA-C=C*07:02:01:03 | HLA-B=B*07:02:01 | DRB345=DRB5*01:01:01 | DRB1=DRB1*15:01:01:01SG | DQA1=DQA1*01:02:01:01SG | DQB1=DQB1*06:02:01 | DPA1=DPA1*01:03:01:02 | DPB1=DPB1*04:01:01:01/DPB1*04:01:01:02,False,False,1.0,1.0,1.0,1.0,1.0,1.0,1.0,1.0,0.0
SYNTH_0506,Global,success,,384.6,0.51389714,18,2.4146,HLA-A=A*01:01:01:01 | HLA-C=C*07:01:01:01 | HLA-B=B*08:01:01:01 | DRB345=DRB3*01:01:02:01 | DRB1=DRB1*03:01:01:01SG | DQA1=DQA1*05:01:01:02 | DQB1=DQB1*02:01:01 | DPA1=DPA1*01:03:01:02 | DPB1=DPB1*04:01:01:01/DPB1*04:01:01:02,HLA-A=A*03:01:01:01 | HLA-C=C*07:02:01:03 | HLA-B=B*07:02:01 | DRB345=DRB5*01:01:01 | DRB1=DRB1*15:01:01:01SG | DQA1=DQA1*01:02:01:01SG | DQB1=DQB1*06:02:01 | DPA1=DPA1*01:03:01:02 | DPB1=DPB1*04:01:01:01/DPB1*04:01:01:02,False,False,1.0,1.0,1.0,1.0,1.0,1.0,1.0,1.0,0.0
SYNTH_0507,Global,success,,337.6,1.0,1,0.0,HLA-A=A*01:01:01:01 | HLA-C=C*06:02:01:01 | HLA-B=B*57:01:01 | DRB345=DRB4*01:03:01:02N | DRB1=DRB1*07:01:01:01SG | DQA1=DQA1*02:01:01:01SG | DQB1=DQB1*03:03:02:01 | DPA1=DPA1*01:03:01:04 | DPB1=DPB1*04:01:01:01/DPB1*04:01:01:02,HLA-A=A*01:01:01:01 | HLA-C=C*07:01:01:01 | HLA-B=B*08:01:01:01 | DRB345=DRB3*01:01:02:01 | DRB1=DRB1*03:01:01:01SG | DQA1=DQA1*05:01:01:02 | DQB1=DQB1*02:01:01 | DPA1=DPA1*01:03:01:03 | DPB1=DPB1*03:01:01,False,False,1.0,1.0,1.0,1.0,1.0,1.0,1.0,1.0,0.0
SYNTH_0508,Global,success,,338.2,1.0,1,0.0,HLA-A=A*02:01:01:01 | HLA-C=C*07:02:01:03 | HLA-B=B*07:02:01 | DRB345=DRB5*01:01:01 | DRB1=DRB1*15:01:01:01SG | DQA1=DQA1*01:02:01:01SG | DQB1=DQB1*06:02:01 | DPA1=DPA1*01:03:01:01 | DPB1=DPB1*02:01:02/DPB1*02:01:19,HLA-A=A*02:01:01:01 | HLA-C=C*15:13 | HLA-B=B*51:01:01:01 | DRB345=DRB4*01:03:01:01/DRB4*01:03:01:01:03 | DRB1=DRB1*04:02:01 | DQA1=DQA1*03:01:01 | DQB1=DQB1*03:02:01 | DPA1=DPA1*01:03:01:04 | DPB1=DPB1*04:01:01:01/DPB1*04:01:01:02,False,False,1.0,1.0,1.0,0.0,1.0,1.0,1.0,1.0,0.0
SYNTH_0509,Global,success,,7582.0,0.83505155,5,0.9684,HLA-A=A*01:01:01:01 | HLA-C=C*07:01:01:01 | HLA-B=B*08:01:01:01 | DRB345=DRB3*01:01:02:01 | DRB1=DRB1*03:01:01:01SG | DQA1=DQA1*05:01:01:02 | DQB1=DQB1*02:01:01 | DPA1=DPA1*02:01:02 | DPB1=DPB1*01:01:01,HLA-A=A*26:01:01:01 | HLA-C=C*04:01:01:06 | HLA-B=B*35:01:01:02 | DRB345=DRB4*01:03:01:01/DRB4*01:03:01:01:03 | DRB1=DRB1*04:02:01 | DQA1=DQA1*03:01:01 | DQB1=DQB1*03:02:01 | DPA1=DPA1*01:03:01:02 | DPB1=DPB1*04:01:01:01/DPB1*04:01:01:02,False,False,1.0,1.0,1.0,0.0,1.0,1.0,1.0,1.0,0.0
SYNTH_0510,Global,success,,383.5,0.51851852,4,1.6825,HLA-A=A*33:01:01 | HLA-C=C*08:02:01:01 | HLA-B=B*14:02:01:01 | DRB345=Abs | DRB1=DRB1*01:02:01 | DQA1=DQA1*01:01:02 | DQB1=DQB1*05:01:01:01 | DPA1=DPA1*01:03:01:02 | DPB1=DPB1*04:01:01:01/DPB1*04:01:01:02,HLA-A=A*02:01:01:01 | HLA-C=C*03:04:01:01 | HLA-B=B*40:01:02 | DRB345=DRB4*01:03:01:01/DRB4*01:03:01:01:03 | DRB1=DRB1*04:04:01 | DQA1=DQA1*03:01:01 | DQB1=DQB1*03:02:01 | DPA1=DPA1*01:03:01:03 | DPB1=DPB1*06:01:01,False,False,1.0,1.0,1.0,0.0,1.0,1.0,1.0,1.0,0.0
SYNTH_0511,Global,success,,127.6,1.0,1,0.0,HLA-A=A*01:01:01:01 | HLA-C=C*07:01:01:01 | HLA-B=B*08:01:01:01 | DRB345=DRB3*01:01:02:01 | DRB1=DRB1*03:01:01:01SG | DQA1=DQA1*05:01:01:02 | DQB1=DQB1*02:01:01 | DPA1=DPA1*01:03:01:02 | DPB1=DPB1*04:01:01:01/DPB1*04:01:01:02,HLA-A=A*29:02:01:01 | HLA-C=C*16:01:01:01 | HLA-B=B*44:03:01:01 | DRB345=DRB5*01:01:01 | DRB1=DRB1*15:01:01:01SG | DQA1=DQA1*01:02:01:01SG | DQB1=DQB1*06:02:01 | DPA1=DPA1*01:03:01:02 | DPB1=DPB1*04:01:01:01/DPB1*04:01:01:02,False,False,1.0,1.0,1.0,1.0,1.0,1.0,1.0,1.0,0.0
SYNTH_0512,Global,success,,305.6,0.91011236,2,0.4361,HLA-A=A*01:01:01:01 | HLA-C=C*07:01:01:01 | HLA-B=B*08:01:01:01 | DRB345=DRB3*01:01:02:01 | DRB1=DRB1*03:01:01:01SG | DQA1=DQA1*05:01:01:02 | DQB1=DQB1*02:01:01 | DPA1=DPA1*02:01:02 | DPB1=DPB1*01:01:01,HLA-A=A*03:01:01:01 | HLA-C=C*07:02:01:03 | HLA-B=B*07:02:01 | DRB345=DRB5*01:01:01 | DRB1=DRB1*15:01:01:01SG | DQA1=DQA1*01:02:01:01SG | DQB1=DQB1*06:02:01 | DPA1=DPA1*01:03:01:04 | DPB1=DPB1*04:01:01:01/DPB1*04:01:01:02,False,False,1.0,1.0,1.0,1.0,1.0,1.0,1.0,1.0,0.0
SYNTH_0513,Global,success,,272.8,1.0,1,0.0,HLA-A=A*68:01:01:02 | HLA-C=C*06:02:01:01 | HLA-B=B*58:02:01 | DRB345=DRB3*02:02:01:02 | DRB1=DRB1*12:01:01:03 | DQA1=DQA1*01:05:01 | DQB1=DQB1*05:01:01:02 | DPA1=DPA1*01:03:01:02 | DPB1=DPB1*18:01,HLA-A=A*03:01:01:01 | HLA-C=C*03:04:01:01 | HLA-B=B*15:01:01:01 | DRB345=DRB4*01:03:01:01/DRB4*01:03:01:01:03 | DRB1=DRB1*04:01:01:01SG | DQA1=DQA1*03:01:01 | DQB1=DQB1*03:02:01 | DPA1=DPA1*01:03:01:03 | DPB1=DPB1*03:01:01,False,False,1.0,1.0,1.0,0.0,1.0,1.0,1.0,1.0,1.0
SYNTH_0514,Global,success,,216.2,1.0,1,0.0,HLA-A=A*01:01:01:01 | HLA-C=C*06:02:01:01 | HLA-B=B*37:01:01 | DRB345=Abs | DRB1=DRB1*10:01:01:01 | DQA1=DQA1*01:05:01 | DQB1=DQB1*05:01:01:02 | DPA1=DPA1*01:03:01:02 | DPB1=DPB1*04:01:01:01/DPB1*04:01:01:02,HLA-A=A*01:01:01:01 | HLA-C=C*06:02:01:01 | HLA-B=B*57:01:01 | DRB345=DRB3*02:02:01:02 | DRB1=DRB1*13:05:01 | DQA1=DQA1*05:05:01:01SG | DQB1=DQB1*03:01:01:03 | DPA1=DPA1*01:03:01:02 | DPB1=DPB1*04:01:01:01/DPB1*04:01:01:02,False,False,1.0,1.0,1.0,1.0,1.0,1.0,1.0,1.0,0.0
SYNTH_0515,Global,success,,269.7,0.47647059,10,2.0992,HLA-A=A*01:01:01:01 | HLA-C=C*07:01:01:01 | HLA-B=B*08:01:01:01 | DRB345=DRB3*01:01:02:01 | DRB1=DRB1*03:01:01:01SG | DQA1=DQA1*05:01:01:02 | DQB1=DQB1*02:01:01 | DPA1=DPA1*02:01:02 | DPB1=DPB1*01:01:01,HLA-A=A*11:01:01:01 | HLA-C=C*12:02:02 | HLA-B=B*52:01:01:02 | DRB345=DRB5*01:02 | DRB1=DRB1*15:02:01:01SG | DQA1=DQA1*01:03:01:01 | DQB1=DQB1*06:01:01 | DPA1=DPA1*01:03:01:02 | DPB1=DPB1*04:01:01:01/DPB1*04:01:01:02,False,False,0.0,1.0,1.0,1.0,1.0,1.0,1.0,1.0,0.0
SYNTH_0516,Global,success,,204.3,0.57142857,2,0.9852,HLA-A=A*01:01:01:01 | HLA-C=C*07:01:01:01 | HLA-B=B*08:01:01:01 | DRB345=DRB5*01:01:01 | DRB1=DRB1*15:01:01:01SG | DQA1=DQA1*01:02:01:01SG | DQB1=DQB1*06:02:01 | DPA1=DPA1*01:03:01:04 | DPB1=DPB1*04:01:01:01/DPB1*04:01:01:02,HLA-A=A*02:01:01:01 | HLA-C=C*16:01:01:01 | HLA-B=B*44:03:01:01 | DRB345=DRB4*01:01:01:01 | DRB1=DRB1*07:01:01:01SG | DQA1=DQA1*02:01:01:01SG | DQB1=DQB1*04:02:01 | DPA1=DPA1*02:01:08 | DPB1=DPB1*01:01:01,False,False,1.0,1.0,1.0,1.0,1.0,1.0,1.0,1.0,0.0
SYNTH_0517,Global,success,,613.3,1.0,1,0.0,HLA-A=A*11:01:01:01 | HLA-C=C*05:01:01:02 | HLA-B=B*44:02:01:01 | DRB345=Abs | DRB1=DRB1*01:01:01 | DQA1=DQA1*01:01:01:02SG | DQB1=DQB1*06:03:01 | DPA1=DPA1*01:03:01:03 | DPB1=DPB1*03:01:01,HLA-A=A*03:01:01:01 | HLA-C=C*07:02:01:03 | HLA-B=B*07:02:01 | DRB345=DRB3*02:02:01:02 | DRB1=DRB1*11:01:01:01 | DQA1=DQA1*05:05:01:01SG | DQB1=DQB1*03:01:01:03 | DPA1=DPA1*01:03:01:04 | DPB1=DPB1*04:01:01:01/DPB1*04:01:01:02,False,False,1.0,1.0,1.0,1.0,1.0,1.0,1.0,1.0,0.0
SYNTH_0518,Global,success,,443.3,0.48255319,12,2.0845,HLA-A=A*01:01:01:01 | HLA-C=C*07:01:01:01 | HLA-B=B*08:01:01:01 | DRB345=DRB3*01:01:02:01 | DRB1=DRB1*03:01:01:01SG | DQA1=DQA1*05:01:01:02 | DQB1=DQB1*02:01:01 | DPA1=DPA1*02:01:02 | DPB1=DPB1*01:01:01,HLA-A=A*02:01:01:01 | HLA-C=C*06:02:01:01 | HLA-B=B*13:02:01 | DRB345=DRB4*01:03:01:01/DRB4*01:03:01:01:03 | DRB1=DRB1*07:01:01:01SG | DQA1=DQA1*02:01:01:01SG | DQB1=DQB1*02:02:01:01 | DPA1=DPA1*01:03:01:02 | DPB1=DPB1*04:01:01:01/DPB1*04:01:01:02,False,False,1.0,1.0,1.0,0.0,1.0,1.0,1.0,1.0,0.0
SYNTH_0519,Global,success,,233.2,1.0,1,0.0,HLA-A=A*02:01:01:01 | HLA-C=C*05:01:01:02 | HLA-B=B*44:02:01:01 | DRB345=DRB3*01:01:02:01 | DRB1=DRB1*13:01:01:01SG | DQA1=DQA1*01:03:01:02SG | DQB1=DQB1*06:03:01 | DPA1=DPA1*01:03:01:02 | DPB1=DPB1*04:01:01:01/DPB1*04:01:01:02,HLA-A=A*01:01:01:01 | HLA-C=C*03:04:01:01 | HLA-B=B*15:01:01:01 | DRB345=DRB4*01:03:01:01/DRB4*01:03:01:01:03 | DRB1=DRB1*04:01:01:01SG | DQA1=DQA1*03:01:01 | DQB1=DQB1*03:02:01 | DPA1=DPA1*01:03:01:02 | DPB1=DPB1*04:01:01:01/DPB1*04:01:01:02,False,False,1.0,1.0,1.0,0.0,1.0,1.0,1.0,1.0,0.0
SYNTH_0520,Global,success,,854.0,0.44,5,2.0867,HLA-A=A*02:01:01:01 | HLA-C=C*03:04:01:01 | HLA-B=B*40:01:02 | DRB345=DRB3*03:01:01 | DRB1=DRB1*13:02:01 | DQA1=DQA1*01:02:01:04SG | DQB1=DQB1*06:04:01 | DPA1=DPA1*01:03:01:01 | DPB1=DPB1*02:01:02/DPB1*02:01:19,HLA-A=A*02:01:01:01 | HLA-C=C*07:02:01:03 | HLA-B=B*07:02:01 | DRB345=Abs | DRB1=DRB1*01:01:01 | DQA1=DQA1*01:01:01:02SG | DQB1=DQB1*05:01:01:03 | DPA1=DPA1*01:03:01:02 | DPB1=DPB1*04:01:01:01/DPB1*04:01:01:02,False,False,1.0,1.0,1.0,1.0,1.0,1.0,1.0,1.0,0.0
SYNTH_0521,Global,success,,419.7,1.0,1,0.0,HLA-A=A*11:01:01:01 | HLA-C=C*04:01:01:05 | HLA-B=B*35:01:01:02 | DRB345=Abs | DRB1=DRB1*01:01:01 | DQA1=DQA1*01:01:01:02SG | DQB1=DQB1*05:01:01:03 | DPA1=DPA1*01:03:01:02 | DPB1=DPB1*04:01:01:01/DPB1*04:01:01:02,HLA-A=A*02:01:01:01 | HLA-C=C*12:03:01:01 | HLA-B=B*38:01:01 | DRB345=Abs | DRB1=DRB1*10:01:01:01 | DQA1=DQA1*01:05:01 | DQB1=DQB1*05:01:01:02 | DPA1=DPA1*01:03:01:01 | DPB1=DPB1*02:01:02/DPB1*02:01:19,False,False,1.0,1.0,1.0,1.0,1.0,1.0,1.0,1.0,0.0
SYNTH_0522,Global,success,,278.2,1.0,1,0.0,HLA-A=A*01:01:01:01 | HLA-C=C*07:18 | HLA-B=B*58:01:01:01 | DRB345=DRB4*01:01:01:01 | DRB1=DRB1*07:01:01:01SG | DQA1=DQA1*02:01:01:01SG | DQB1=DQB1*02:02:01:01 | DPA1=DPA1*01:03:01:04 | DPB1=DPB1*04:01:01:01/DPB1*04:01:01:02,HLA-A=A*68:03:01 | HLA-C=C*07:02:01:01 | HLA-B=B*39:05:01 | DRB345=DRB4*01:03:02 | DRB1=DRB1*04:07:01 | DQA1=DQA1*03:01:01 | DQB1=DQB1*03:02:01 | DPA1=DPA1*01:03:01:03 | DPB1=DPB1*03:01:01,False,False,1.0,1.0,1.0,1.0,1.0,1.0,1.0,1.0,0.0
SYNTH_0523,Global,success,,376.9,1.0,1,0.0,HLA-A=A*29:02:01:01 | HLA-C=C*16:01:01:01 | HLA-B=B*44:03:01:01 | DRB345=DRB4*01:01:01:01 | DRB1=DRB1*07:01:01:01SG | DQA1=DQA1*02:01:01:01SG | DQB1=DQB1*02:02:01:01 | DPA1=DPA1*02:01:01:01 | DPB1=DPB1*11:01:01,HLA-A=A*02:01:01:01 | HLA-C=C*07:02:01:03 | HLA-B=B*07:02:01 | DRB345=DRB5*01:01:01 | DRB1=DRB1*15:01:01:01SG | DQA1=DQA1*01:02:01:01SG | DQB1=DQB1*06:02:01 | DPA1=DPA1*01:03:01:05 | DPB1=DPB1*04:02:01:02,True,True,1.0,1.0,1.0,1.0,1.0,1.0,1.0,1.0,1.0
SYNTH_0524,Global,success,,534.8,0.15151515,45,4.8253,HLA-A=A*02:01:01:01 | HLA-C=C*05:01:01:02 | HLA-B=B*44:02:01:01 | DRB345=DRB3*01:01:02:01 | DRB1=DRB1*13:01:01:01SG | DQA1=DQA1*01:03:01:02SG | DQB1=DQB1*06:03:01 | DPA1=DPA1*01:03:01:02 | DPB1=DPB1*04:01:01:01/DPB1*04:01:01:02,HLA-A=A*02:01:01:01 | HLA-C=C*03:04:01:01 | HLA-B=B*40:01:02 | DRB345=DRB3*03:01:01 | DRB1=DRB1*13:02:01 | DQA1=DQA1*01:02:01:04SG | DQB1=DQB1*06:04:01 | DPA1=DPA1*01:03:01:02 | DPB1=DPB1*04:01:01:01/DPB1*04:01:01:02,False,False,0.0,1.0,1.0,1.0,1.0,1.0,1.0,0.0,0.0
SYNTH_0525,Global,success,,403.2,1.0,1,0.0,HLA-A=A*03:01:01:01 | HLA-C=C*07:02:01:03 | HLA-B=B*07:02:01 | DRB345=DRB5*01:01:01 | DRB1=DRB1*15:01:01:01SG | DQA1=DQA1*01:02:01:01SG | DQB1=DQB1*06:02:01 | DPA1=DPA1*01:03:01:02 | DPB1=DPB1*04:01:01:01/DPB1*04:01:01:02,HLA-A=A*01:01:01:01 | HLA-C=C*05:01:01:02 | HLA-B=B*44:02:01:01 | DRB345=DRB4*01:03:01:01/DRB4*01:03:01:01:03 | DRB1=DRB1*04:01:01:01SG | DQA1=DQA1*03:03:01:01 | DQB1=DQB1*03:01:01:01 | DPA1=DPA1*01:03:01:04 | DPB1=DPB1*04:01:01:01/DPB1*04:01:01:02,False,False,1.0,1.0,1.0,0.0,1.0,1.0,1.0,1.0,0.0
SYNTH_0526,Global,success,,612.5,1.0,1,0.0,HLA-A=A*01:01:01:01 | HLA-C=C*07:18 | HLA-B=B*58:01:01:01 | DRB345=DRB4*01:01:01:01 | DRB1=DRB1*07:01:01:01SG | DQA1=DQA1*02:01:01:01SG | DQB1=DQB1*02:02:01:01 | DPA1=DPA1*01:03:01:04 | DPB1=DPB1*04:01:01:01/DPB1*04:01:01:02,HLA-A=A*01:01:01:01 | HLA-C=C*07:01:01:01 | HLA-B=B*08:01:01:01 | DRB345=DRB3*02:02:01:02 | DRB1=DRB1*11:01:01:01 | DQA1=DQA1*05:05:01:01SG | DQB1=DQB1*06:02:01 | DPA1=DPA1*01:03:01:02 | DPB1=DPB1*04:01:01:01/DPB1*04:01:01:02,False,False,1.0,1.0,1.0,1.0,1.0,1.0,1.0,1.0,0.0
SYNTH_0527,Global,success,,509.9,0.6,2,0.971,HLA-A=A*02:01:01:01 | HLA-C=C*03:04:01:01 | HLA-B=B*40:01:02 | DRB345=Abs | DRB1=DRB1*01:01:01 | DQA1=DQA1*01:01:01:02SG | DQB1=DQB1*05:01:01:03 | DPA1=DPA1*01:03:01:02 | DPB1=DPB1*04:01:01:01/DPB1*04:01:01:02,HLA-A=A*29:02:01:02 | HLA-C=C*18:01 | HLA-B=B*81:01 | DRB345=Abs | DRB1=DRB1*08:04:01 | DQA1=DQA1*04:01:02:02 | DQB1=DQB1*04:02:01 | DPA1=DPA1*01:03:01:02 | DPB1=DPB1*18:01,False,False,1.0,1.0,1.0,1.0,1.0,1.0,1.0,1.0,0.0
SYNTH_0528,Global,success,,209.9,0.72222222,2,0.8524,HLA-A=A*01:01:01:01 | HLA-C=C*07:02:01:03 | HLA-B=B*07:02:01 | DRB345=DRB5*01:01:01 | DRB1=DRB1*15:01:01:01SG | DQA1=DQA1*01:02:01:01SG | DQB1=DQB1*06:02:01 | DPA1=DPA1*01:03:01:02 | DPB1=DPB1*04:01:01:01/DPB1*04:01:01:02,HLA-A=A*11:01:01:01 | HLA-C=C*04:01:01:01 | HLA-B=B*44:03:01:01 | DRB345=DRB4*01:01:01:01 | DRB1=DRB1*07:01:01:01SG | DQA1=DQA1*02:01:01:01SG | DQB1=DQB1*02:02:01:01 | DPA1=DPA1*01:03:01:04 | DPB1=DPB1*04:01:01:01/DPB1*04:01:01:02,False,False,1.0,1.0,1.0,1.0,1.0,1.0,1.0,1.0,0.0
SYNTH_0529,Global,success,,192.3,1.0,1,0.0,HLA-A=A*29:02:01:01 | HLA-C=C*16:01:01:01 | HLA-B=B*44:03:01:01 | DRB345=DRB4*01:01:01:01 | DRB1=DRB1*07:01:01:01SG | DQA1=DQA1*02:01:01:01SG | DQB1=DQB1*02:02:01:01 | DPA1=DPA1*01:03:01:04 | DPB1=DPB1*04:01:01:01/DPB1*04:01:01:02,HLA-A=A*29:02:01:01 | HLA-C=C*08:02:01:01 | HLA-B=B*14:02:01:01 | DRB345=DRB4*01:01:01:01 | DRB1=DRB1*07:01:01:01SG | DQA1=DQA1*02:01:01:01SG | DQB1=DQB1*02:02:01:01 | DPA1=DPA1*01:04 | DPB1=DPB1*15:01:01,False,False,1.0,1.0,1.0,1.0,1.0,1.0,1.0,1.0,0.0
SYNTH_0530,Global,success,,380.0,1.0,1,0.0,HLA-A=A*02:01:01:01 | HLA-C=C*05:01:01:02 | HLA-B=B*44:02:01:01 | DRB345=DRB4*01:03:01:01/DRB4*01:03:01:01:03 | DRB1=DRB1*04:01:01:01SG | DQA1=DQA1*03:03:01:01 | DQB1=DQB1*03:01:01:01 | DPA1=DPA1*01:03:01:04 | DPB1=DPB1*04:01:01:01/DPB1*04:01:01:02,HLA-A=A*02:01:01:01 | HLA-C=C*07:02:01:03 | HLA-B=B*07:02:01 | DRB345=DRB5*01:01:01 | DRB1=DRB1*15:01:01:01SG | DQA1=DQA1*01:02:01:01SG | DQB1=DQB1*06:02:01 | DPA1=DPA1*01:03:01:04 | DPB1=DPB1*04:01:01:01/DPB1*04:01:01:02,False,False,1.0,1.0,1.0,0.0,1.0,1.0,1.0,1.0,0.0
SYNTH_0531,Global,success,,401.0,1.0,1,0.0,HLA-A=A*11:01:01:01 | HLA-C=C*07:02:01:03 | HLA-B=B*07:02:01 | DRB345=DRB5*01:01:01 | DRB1=DRB1*15:01:01:01SG | DQA1=DQA1*01:02:01:01SG | DQB1=DQB1*06:02:01 | DPA1=DPA1*01:03:01:03 | DPB1=DPB1*03:01:01,HLA-A=A*02:01:01:01 | HLA-C=C*05:01:01:02 | HLA-B=B*44:02:01:01 | DRB345=DRB4*01:03:01:01/DRB4*01:03:01:01:03 | DRB1=DRB1*04:01:01:01SG | DQA1=DQA1*03:03:01:01 | DQB1=DQB1*03:01:01:01 | DPA1=DPA1*01:03:01:04 | DPB1=DPB1*04:01:01:01/DPB1*04:01:01:02,False,False,1.0,1.0,1.0,0.0,1.0,1.0,1.0,1.0,0.0
SYNTH_0532,Global,success,,292.8,0.54068966,4,1.6551,HLA-A=A*03:01:01:01 | HLA-C=C*07:02:01:03 | HLA-B=B*07:02:01 | DRB345=DRB5*01:01:01 | DRB1=DRB1*15:01:01:01SG | DQA1=DQA1*01:02:01:01SG | DQB1=DQB1*06:02:01 | DPA1=DPA1*01:03:01:02 | DPB1=DPB1*04:01:01:01/DPB1*04:01:01:02,HLA-A=A*02:01:01:01 | HLA-C=C*06:02:01:01 | HLA-B=B*13:02:01 | DRB345=DRB4*01:03:01:01/DRB4*01:03:01:01:03 | DRB1=DRB1*07:01:01:01SG | DQA1=DQA1*02:01:01:01SG | DQB1=DQB1*02:02:01:01 | DPA1=DPA1*01:03:01:02 | DPB1=DPB1*04:01:01:01/DPB1*04:01:01:02,False,False,1.0,1.0,1.0,0.0,1.0,1.0,1.0,0.0,0.0
SYNTH_0533,Global,success,,395.7,0.59893048,6,1.7076,HLA-A=A*03:01:01:01 | HLA-C=C*07:02:01:03 | HLA-B=B*07:02:01 | DRB345=DRB5*01:01:01 | DRB1=DRB1*15:01:01:01SG | DQA1=DQA1*01:02:01:01SG | DQB1=DQB1*06:02:01 | DPA1=DPA1*01:03:01:02 | DPB1=DPB1*04:01:01:01/DPB1*04:01:01:02,HLA-A=A*02:01:01:01 | HLA-C=C*03:04:01:01 | HLA-B=B*40:01:02 | DRB345=DRB3*03:01:01 | DRB1=DRB1*13:02:01 | DQA1=DQA1*01:02:01:04SG | DQB1=DQB1*06:04:01 | DPA1=DPA1*01:03:01:03 | DPB1=DPB1*03:01:01,False,False,1.0,1.0,1.0,1.0,1.0,1.0,1.0,1.0,0.0
SYNTH_0534,Global,success,,435.1,0.5,2,1.0,HLA-A=A*02:01:01:01 | HLA-C=C*06:02:01:02 | HLA-B=B*50:01:01 | DRB345=DRB4*01:03:01:01/DRB4*01:03:01:01:03 | DRB1=DRB1*07:01:01:01SG | DQA1=DQA1*02:01:01:01SG | DQB1=DQB1*02:02:01:01 | DPA1=DPA1*01:03:01:01 | DPB1=DPB1*02:01:02/DPB1*02:01:19,HLA-A=A*24:02:01:01 | HLA-C=C*04:01:01:06 | HLA-B=B*35:02:01 | DRB345=DRB3*02:02:01:02 | DRB1=DRB1*11:04:01 | DQA1=DQA1*05:05:01:01SG | DQB1=DQB1*03:01:01:02 | DPA1=DPA1*01:03:01:02 | DPB1=DPB1*04:01:01:01/DPB1*04:01:01:02,False,False,0.0,1.0,1.0,0.0,1.0,1.0,1.0,1.0,0.0
SYNTH_0535,Global,success,,295.4,1.0,1,0.0,HLA-A=A*29:02:01:01 | HLA-C=C*16:01:01:01 | HLA-B=B*44:03:01:01 | DRB345=DRB4*01:01:01:01 | DRB1=DRB1*07:01:01:01SG | DQA1=DQA1*02:01:01:01SG | DQB1=DQB1*02:02:01:01 | DPA1=DPA1*01:03:01:04 | DPB1=DPB1*04:01:01:01/DPB1*04:01:01:02,HLA-A=A*02:01:01:01 | HLA-C=C*07:02:01:03 | HLA-B=B*07:02:01 | DRB345=DRB5*01:01:01 | DRB1=DRB1*15:01:01:01SG | DQA1=DQA1*01:02:01:01SG | DQB1=DQB1*06:02:01 | DPA1=DPA1*01:03:01:04 | DPB1=DPB1*04:01:01:01/DPB1*04:01:01:02,False,False,1.0,1.0,1.0,1.0,1.0,1.0,1.0,1.0,0.0
SYNTH_0536,Global,success,,262.9,1.0,1,0.0,HLA-A=A*11:01:01:01 | HLA-C=C*02:02:02:01 | HLA-B=B*27:05:02 | DRB345=DRB3*02:02:01:02 | DRB1=DRB1*13:01:01:01SG | DQA1=DQA1*01:03:01:02SG | DQB1=DQB1*06:03:01 | DPA1=DPA1*01:03:01:05 | DPB1=DPB1*04:02:01:02,HLA-A=A*33:01:01 | HLA-C=C*08:02:01:01 | HLA-B=B*14:02:01:01 | DRB345=DRB3*02:02:01:02 | DRB1=DRB1*13:01:01:01SG | DQA1=DQA1*01:03:01:02SG | DQB1=DQB1*06:03:01 | DPA1=DPA1*01:03:01:02 | DPB1=DPB1*04:01:01:01/DPB1*04:01:01:02,False,False,1.0,1.0,1.0,1.0,1.0,1.0,1.0,1.0,0.0
SYNTH_0537,Global,success,,183.6,0.47368421,3,1.378,HLA-A=A*02:01:01:01 | HLA-C=C*07:02:01:03 | HLA-B=B*07:02:01 | DRB345=DRB5*01:01:01 | DRB1=DRB1*15:01:01:01SG | DQA1=DQA1*01:02:01:01SG | DQB1=DQB1*06:02:01 | DPA1=DPA1*01:03:01:01 | DPB1=DPB1*02:01:02/DPB1*02:01:19,HLA-A=A*33:01:01 | HLA-C=C*08:02:01:01 | HLA-B=B*14:02:01:01 | DRB345=Abs | DRB1=DRB1*01:02:01 | DQA1=DQA1*01:01:02 | DQB1=DQB1*05:01:01:01 | DPA1=DPA1*01:03:01:04 | DPB1=DPB1*04:01:01:01/DPB1*04:01:01:02,False,False,1.0,1.0,1.0,1.0,1.0,1.0,1.0,0.0,0.0
SYNTH_0538,Global,success,,526.3,0.71428571,2,0.8631,HLA-A=A*01:01:01:01 | HLA-C=C*07:01:01:01 | HLA-B=B*08:01:01:01 | DRB345=DRB3*01:01:02:01 | DRB1=DRB1*03:01:01:01SG | DQA1=DQA1*05:01:01:01 | DQB1=DQB1*02:01:01 | DPA1=DPA1*01:03:01:01 | DPB1=DPB1*04:01:01:01/DPB1*04:01:01:02,HLA-A=A*02:01:01:01 | HLA-C=C*05:01:01:02 | HLA-B=B*44:02:01:01 | DRB345=DRB4*01:03:01:01/DRB4*01:03:01:01:03 | DRB1=DRB1*04:01:01:01SG | DQA1=DQA1*03:03:01:01 | DQB1=DQB1*03:01:01:01 | DPA1=DPA1*01:03:01:01 | DPB1=DPB1*02:01:02/DPB1*02:01:19,False,False,0.0,1.0,1.0,0.0,1.0,1.0,1.0,1.0,0.0
SYNTH_0539,Global,success,,324.4,0.26666667,6,2.5014,HLA-A=A*68:01:02:02 | HLA-C=C*07:04:01:01 | HLA-B=B*44:02:01:03 | DRB345=DRB3*02:02:01:02 | DRB1=DRB1*11:01:01:01 | DQA1=DQA1*05:05:01:01SG | DQB1=DQB1*03:01:01:03 | DPA1=DPA1*01:03:01:02 | DPB1=DPB1*04:01:01:01/DPB1*04:01:01:02,HLA-A=A*02:01:01:01 | HLA-C=C*07:02:01:03 | HLA-B=B*07:02:01 | DRB345=Abs | DRB1=DRB1*01:01:01 | DQA1=DQA1*01:01:01:02SG | DQB1=DQB1*05:01:01:03 | DPA1=DPA1*01:03:01:01 | DPB1=DPB1*02:01:02/DPB1*02:01:19,False,False,0.0,1.0,1.0,1.0,1.0,1.0,1.0,1.0,0.0
SYNTH_0540,Global,success,,336.2,0.35483871,7,2.5694,HLA-A=A*36:01 | HLA-C=C*17:01:01:02 | HLA-B=B*42:01:01 | DRB345=DRB3*01:01:02:01 | DRB1=DRB1*03:02:01 | DQA1=DQA1*04:01:01 | DQB1=DQB1*04:02:01 | DPA1=DPA1*02:02:02 | DPB1=DPB1*01:01:01,HLA-A=A*02:01:01:01 | HLA-C=C*07:02:01:03 | HLA-B=B*07:02:01 | DRB345=Abs | DRB1=DRB1*01:01:01 | DQA1=DQA1*01:01:01:02SG | DQB1=DQB1*05:01:01:03 | DPA1=DPA1*01:03:01:02 | DPB1=DPB1*04:01:01:01/DPB1*04:01:01:02,False,False,1.0,0.0,0.0,1.0,1.0,1.0,1.0,1.0,0.0
SYNTH_0541,Global,success,,215.9,0.37826087,18,2.9466,HLA-A=A*02:01:01:01 | HLA-C=C*05:01:01:02 | HLA-B=B*44:02:01:01 | DRB345=DRB4*01:03:01:01/DRB4*01:03:01:01:03 | DRB1=DRB1*04:01:01:01SG | DQA1=DQA1*03:03:01:01 | DQB1=DQB1*03:01:01:01 | DPA1=DPA1*01:03:01:04 | DPB1=DPB1*04:01:01:01/DPB1*04:01:01:02,HLA-A=A*30:01:01 | HLA-C=C*06:02:01:01 | HLA-B=B*13:02:01 | DRB345=DRB4*01:03:01:01/DRB4*01:03:01:01:03 | DRB1=DRB1*07:01:01:01SG | DQA1=DQA1*02:01:01:01SG | DQB1=DQB1*02:02:01:01 | DPA1=DPA1*02:01:01:01 | DPB1=DPB1*17:01,False,False,1.0,1.0,1.0,0.0,1.0,1.0,1.0,0.0,0.0
SYNTH_0542,Global,success,,214.6,0.5,2,1.0,HLA-A=A*29:02:01:01 | HLA-C=C*06:02:01:03 | HLA-B=B*45:01:01 | DRB345=DRB4*01:03:01:01/DRB4*01:03:01:01:03 | DRB1=DRB1*04:01:01:01SG | DQA1=DQA1*03:03:01:01 | DQB1=DQB1*03:01:01:01 | DPA1=DPA1*01:03:01:02 | DPB1=DPB1*04:01:01:01/DPB1*04:01:01:02,HLA-A=A*02:01:01:01 | HLA-C=C*02:02:02:01 | HLA-B=B*27:05:02 | DRB345=DRB4*01:03:01:01/DRB4*01:03:01:01:03 | DRB1=DRB1*04:01:01:01SG | DQA1=DQA1*03:01:01 | DQB1=DQB1*03:02:01 | DPA1=DPA1*01:03:01:04 | DPB1=DPB1*04:01:01:01/DPB1*04:01:01:02,False,False,1.0,1.0,1.0,0.0,1.0,1.0,1.0,1.0,0.0
SYNTH_0543,Global,success,,307.8,1.0,1,0.0,HLA-A=A*29:02:01:01 | HLA-C=C*16:01:01:01 | HLA-B=B*44:03:01:01 | DRB345=DRB4*01:01:01:01 | DRB1=DRB1*07:01:01:01SG | DQA1=DQA1*02:01:01:01SG | DQB1=DQB1*02:02:01:01 | DPA1=DPA1*01:03:01:04 | DPB1=DPB1*04:01:01:01/DPB1*04:01:01:02,HLA-A=A*24:02:01:01 | HLA-C=C*07:02:01:01 | HLA-B=B*08:01:01:01 | DRB345=DRB3*02:02:01:01 | DRB1=DRB1*03:01:01:01SG | DQA1=DQA1*05:01:01:03 | DQB1=DQB1*02:01:01 | DPA1=DPA1*01:03:01:04 | DPB1=DPB1*04:01:01:01/DPB1*04:01:01:02,False,False,1.0,1.0,1.0,1.0,1.0,1.0,1.0,1.0,0.0
SYNTH_0544,Global,success,,354.8,1.0,1,0.0,HLA-A=A*02:01:01:01 | HLA-C=C*06:02:01:01 | HLA-B=B*13:02:01 | DRB345=DRB4*01:03:01:01/DRB4*01:03:01:01:03 | DRB1=DRB1*07:01:01:01SG | DQA1=DQA1*02:01:01:01SG | DQB1=DQB1*02:02:01:01 | DPA1=DPA1*01:03:01:02 | DPB1=DPB1*04:01:01:01/DPB1*04:01:01:02,HLA-A=A*02:01:01:01 | HLA-C=C*07:02:01:03 | HLA-B=B*07:02:01 | DRB345=DRB5*01:01:01 | DRB1=DRB1*15:01:01:01SG | DQA1=DQA1*01:02:01:01SG | DQB1=DQB1*06:02:01 | DPA1=DPA1*01:03:01:04 | DPB1=DPB1*04:01:01:01/DPB1*04:01:01:02,False,False,1.0,1.0,1.0,0.0,1.0,1.0,1.0,1.0,0.0
SYNTH_0545,Global,success,,145.3,1.0,1,0.0,HLA-A=A*02:01:01:01 | HLA-C=C*15:02:01:01 | HLA-B=B*51:01:01:01 | DRB345=DRB4*01:03:01:01/DRB4*01:03:01:01:03 | DRB1=DRB1*04:07:01 | DQA1=DQA1*03:03:01:01 | DQB1=DQB1*03:01:01:01 | DPA1=DPA1*01:03:01:03 | DPB1=DPB1*03:01:01,HLA-A=A*02:01:01:01 | HLA-C=C*07:02:01:03 | HLA-B=B*07:02:01 | DRB345=DRB5*01:01:01 | DRB1=DRB1*15:01:01:01SG | DQA1=DQA1*01:02:01:01SG | DQB1=DQB1*06:02:01 | DPA1=DPA1*02:06 | DPB1=DPB1*05:01:01,False,False,1.0,1.0,1.0,0.0,1.0,1.0,1.0,1.0,1.0
SYNTH_0546,Global,success,,321.6,0.875,2,0.5436,HLA-A=A*03:01:01:01 | HLA-C=C*04:01:01:01 | HLA-B=B*35:01:01:02 | DRB345=DRB3*02:02:01:02 | DRB1=DRB1*13:01:01:01SG | DQA1=DQA1*01:03:01:02SG | DQB1=DQB1*06:03:01 | DPA1=DPA1*01:03:01:02 | DPB1=DPB1*04:01:01:01/DPB1*04:01:01:02,HLA-A=A*03:01:01:01 | HLA-C=C*07:02:01:03 | HLA-B=B*07:02:01 | DRB345=DRB5*01:01:01 | DRB1=DRB1*15:01:01:01SG | DQA1=DQA1*01:02:01:01SG | DQB1=DQB1*06:02:01 | DPA1=DPA1*01:03:01:03 | DPB1=DPB1*03:01:01,False,False,1.0,1.0,1.0,1.0,1.0,1.0,1.0,1.0,0.0
SYNTH_0547,Global,success,,247.1,0.24086022,24,3.6293,HLA-A=A*03:01:01:01 | HLA-C=C*07:02:01:03 | HLA-B=B*07:02:01 | DRB345=DRB5*01:01:01 | DRB1=DRB1*15:01:01:01SG | DQA1=DQA1*01:02:01:01SG | DQB1=DQB1*06:02:01 | DPA1=DPA1*01:03:01:02 | DPB1=DPB1*04:01:01:01/DPB1*04:01:01:02,HLA-A=A*31:01:02:01 | HLA-C=C*04:01:01:06 | HLA-B=B*35:02:01 | DRB345=DRB4*01:03:01:01/DRB4*01:03:01:01:03 | DRB1=DRB1*04:03:01 | DQA1=DQA1*03:01:01 | DQB1=DQB1*03:05:01 | DPA1=DPA1*01:03:01:04 | DPB1=DPB1*04:01:01:01/DPB1*04:01:01:02,False,False,0.0,1.0,1.0,0.0,1.0,1.0,1.0,1.0,0.0
SYNTH_0548,Global,success,,247.1,0.73684211,2,0.8315,HLA-A=A*01:01:01:01 | HLA-C=C*07:01:01:01 | HLA-B=B*08:01:01:01 | DRB345=DRB3*01:01:02:01 | DRB1=DRB1*03:01:01:01SG | DQA1=DQA1*05:01:01:02 | DQB1=DQB1*02:01:01 | DPA1=DPA1*01:03:01:03 | DPB1=DPB1*03:01:01,HLA-A=A*29:02:01:01 | HLA-C=C*16:01:01:01 | HLA-B=B*44:03:01:01 | DRB345=DRB4*01:01:01:01 | DRB1=DRB1*07:01:01:01SG | DQA1=DQA1*02:01:01:01SG | DQB1=DQB1*02:02:01:01 | DPA1=DPA1*01:03:01:02 | DPB1=DPB1*04:01:01:01/DPB1*04:01:01:02,False,False,1.0,1.0,1.0,1.0,1.0,1.0,1.0,1.0,0.0
SYNTH_0549,Global,success,,247.1,1.0,1,0.0,HLA-A=A*01:01:01:01 | HLA-C=C*07:01:01:01 | HLA-B=B*08:01:01:01 | DRB345=DRB3*01:01:02:01 | DRB1=DRB1*03:01:01:01SG | DQA1=DQA1*05:01:01:02 | DQB1=DQB1*02:01:01 | DPA1=DPA1*01:03:01:02 | DPB1=DPB1*04:01:01:01/DPB1*04:01:01:02,HLA-A=A*02:01:01:01 | HLA-C=C*05:01:01:02 | HLA-B=B*44:02:01:01 | DRB345=DRB4*01:03:01:01/DRB4*01:03:01:01:03 | DRB1=DRB1*04:01:01:01SG | DQA1=DQA1*03:03:01:01 | DQB1=DQB1*03:01:01:01 | DPA1=DPA1*01:03:01:04 | DPB1=DPB1*04:01:01:01/DPB1*04:01:01:02,False,False,1.0,1.0,1.0,0.0,1.0,1.0,1.0,1.0,0.0
SYNTH_0550,Global,success,,240.1,1.0,1,0.0,HLA-A=A*03:01:01:01 | HLA-C=C*07:01:01:01 | HLA-B=B*08:01:01:01 | DRB345=DRB3*01:01:02:01 | DRB1=DRB1*03:01:01:01SG | DQA1=DQA1*05:01:01:02 | DQB1=DQB1*02:01:01 | DPA1=DPA1*02:01:02 | DPB1=DPB1*01:01:01,HLA-A=A*32:01:01 | HLA-C=C*02:02:02:01 | HLA-B=B*40:02:01 | DRB345=DRB4*01:03:02 | DRB1=DRB1*09:01:02 | DQA1=DQA1*03:02 | DQB1=DQB1*03:03:02:02/DQB1*03:03:02:03 | DPA1=DPA1*01:03:01:02 | DPB1=DPB1*23:01:01,False,False,1.0,1.0,1.0,1.0,1.0,1.0,0.0,1.0,1.0
SYNTH_0551,Global,success,,365.7,0.26923077,6,2.4237,HLA-A=A*01:01:01:01 | HLA-C=C*06:02:01:01 | HLA-B=B*57:01:01 | DRB345=DRB4*01:03:01:02N | DRB1=DRB1*07:01:01:01SG | DQA1=DQA1*02:01:01:01SG | DQB1=DQB1*03:03:02:01 | DPA1=DPA1*01:03:01:04 | DPB1=DPB1*04:01:01:01/DPB1*04:01:01:02,HLA-A=A*02:01:01:01 | HLA-C=C*07:02:01:03 | HLA-B=B*07:02:01 | DRB345=DRB3*02:02:01:01 | DRB1=DRB1*14:54:01 | DQA1=DQA1*01:04:01:01SG | DQB1=DQB1*05:03:01:01/DQB1*05:03:01:02 | DPA1=DPA1*01:03:01:01 | DPB1=DPB1*02:01:02/DPB1*02:01:19,False,False,1.0,1.0,1.0,1.0,1.0,1.0,0.0,0.0,0.0
SYNTH_0552,Global,success,,275.8,0.76526527,9,1.3092,HLA-A=A*01:01:01:01 | HLA-C=C*07:01:01:01 | HLA-B=B*08:01:01:01 | DRB345=DRB3*01:01:02:01 | DRB1=DRB1*03:01:01:01SG | DQA1=DQA1*05:01:01:02 | DQB1=DQB1*02:01:01 | DPA1=DPA1*01:03:01:02 | DPB1=DPB1*04:01:01:01/DPB1*04:01:01:02,HLA-A=A*29:02:01:01 | HLA-C=C*16:01:01:01 | HLA-B=B*44:03:01:01 | DRB345=DRB4*01:01:01:01 | DRB1=DRB1*07:01:01:01SG | DQA1=DQA1*02:01:01:01SG | DQB1=DQB1*02:02:01:01 | DPA1=DPA1*02:01:01:01 | DPB1=DPB1*11:01:01,False,False,1.0,1.0,1.0,1.0,1.0,1.0,1.0,1.0,0.0
SYNTH_0553,Global,success,,199.0,1.0,1,0.0,HLA-A=A*03:01:01:01 | HLA-C=C*07:02:01:03 | HLA-B=B*07:02:01 | DRB345=DRB5*01:01:01 | DRB1=DRB1*15:01:01:01SG | DQA1=DQA1*01:02:01:01SG | DQB1=DQB1*06:02:01 | DPA1=DPA1*01:03:01:02 | DPB1=DPB1*04:01:01:01/DPB1*04:01:01:02,HLA-A=A*03:01:01:01 | HLA-C=C*04:01:01:01 | HLA-B=B*35:01:01:02 | DRB345=Abs | DRB1=DRB1*01:01:01 | DQA1=DQA1*01:01:01:02SG | DQB1=DQB1*05:01:01:03 | DPA1=DPA1*01:03:01:02 | DPB1=DPB1*04:01:01:01/DPB1*04:01:01:02,False,False,1.0,1.0,1.0,1.0,1.0,1.0,1.0,1.0,0.0
SYNTH_0554,Global,success,,152.4,1.0,1,0.0,HLA-A=A*23:01:01 | HLA-C=C*04:01:01:01 | HLA-B=B*44:03:01:01 | DRB345=DRB4*01:01:01:01 | DRB1=DRB1*07:01:01:01SG | DQA1=DQA1*02:01:01:01SG | DQB1=DQB1*02:02:01:01 | DPA1=DPA1*01:03:01:02 | DPB1=DPB1*04:01:01:01/DPB1*04:01:01:02,HLA-A=A*11:01:01:01 | HLA-C=C*04:01:01:05 | HLA-B=B*35:01:01:02 | DRB345=DRB4*01:03:01:01/DRB4*01:03:01:01:03 | DRB1=DRB1*04:01:01:01SG | DQA1=DQA1*03:03:01:01 | DQB1=DQB1*03:01:01:01 | DPA1=DPA1*01:03:01:02 | DPB1=DPB1*04:01:01:01/DPB1*04:01:01:02,False,False,1.0,1.0,1.0,0.0,1.0,1.0,1.0,1.0,0.0
SYNTH_0555,Global,success,,181.1,1.0,1,0.0,HLA-A=A*26:01:01:01 | HLA-C=C*07:01:01:01 | HLA-B=B*18:01:01:02 | DRB345=DRB3*02:02:01:02 | DRB1=DRB1*13:01:01:01SG | DQA1=DQA1*01:03:01:02SG | DQB1=DQB1*06:03:01 | DPA1=DPA1*01:03:01:05 | DPB1=DPB1*04:02:01:02,HLA-A=A*02:01:01:01 | HLA-C=C*05:01:01:02 | HLA-B=B*44:02:01:01 | DRB345=DRB4*01:03:01:01/DRB4*01:03:01:01:03 | DRB1=DRB1*04:01:01:01SG | DQA1=DQA1*03:03:01:01 | DQB1=DQB1*03:01:01:01 | DPA1=DPA1*01:03:01:03 | DPB1=DPB1*03:01:01,False,False,1.0,1.0,1.0,0.0,1.0,1.0,1.0,1.0,1.0
SYNTH_0556,Global,success,,160.6,1.0,1,0.0,HLA-A=A*02:01:01:01 | HLA-C=C*04:01:01:01 | HLA-B=B*35:01:01:02 | DRB345=DRB3*02:02:01:02 | DRB1=DRB1*13:01:01:01SG | DQA1=DQA1*01:03:01:02SG | DQB1=DQB1*06:03:01 | DPA1=DPA1*01:03:01:02 | DPB1=DPB1*04:01:01:01/DPB1*04:01:01:02,HLA-A=A*01:01:01:01 | HLA-C=C*07:01:01:01 | HLA-B=B*08:01:01:01 | DRB345=DRB3*01:01:02:01 | DRB1=DRB1*03:01:01:01SG | DQA1=DQA1*05:01:01:02 | DQB1=DQB1*02:01:01 | DPA1=DPA1*01:03:01:03 | DPB1=DPB1*03:01:01,False,False,1.0,1.0,1.0,1.0,1.0,1.0,1.0,1.0,0.0
SYNTH_0557,Global,success,,178.3,1.0,1,0.0,HLA-A=A*26:01:01:01 | HLA-C=C*12:03:01:01 | HLA-B=B*38:01:01 | DRB345=DRB4*01:03:01:01/DRB4*01:03:01:01:03 | DRB1=DRB1*04:02:01 | DQA1=DQA1*03:01:01 | DQB1=DQB1*03:02:01 | DPA1=DPA1*01:03:01:04 | DPB1=DPB1*04:01:01:01/DPB1*04:01:01:02,HLA-A=A*01:01:01:01 | HLA-C=C*07:01:01:01 | HLA-B=B*08:01:01:01 | DRB345=DRB3*01:01:02:01 | DRB1=DRB1*03:01:01:01SG | DQA1=DQA1*05:01:01:01 | DQB1=DQB1*02:01:01 | DPA1=DPA1*02:01:02 | DPB1=DPB1*01:01:01,False,False,1.0,1.0,1.0,0.0,1.0,1.0,1.0,1.0,0.0
SYNTH_0558,Global,success,,166.3,0.28,12,3.1677,HLA-A=A*30:01:01 | HLA-C=C*06:02:01:01 | HLA-B=B*13:02:01 | DRB345=DRB4*01:03:01:01/DRB4*01:03:01:01:03 | DRB1=DRB1*07:01:01:01SG | DQA1=DQA1*02:01:01:01SG | DQB1=DQB1*02:02:01:01 | DPA1=DPA1*02:01:01:01 | DPB1=DPB1*17:01,HLA-A=A*23:01:01 | HLA-C=C*04:01:01:01 | HLA-B=B*44:03:01:01 | DRB345=DRB4*01:01:01:01 | DRB1=DRB1*07:01:01:01SG | DQA1=DQA1*02:01:01:01SG | DQB1=DQB1*02:02:01:01 | DPA1=DPA1*01:03:01:01 | DPB1=DPB1*02:01:02/DPB1*02:01:19,False,False,0.0,1.0,1.0,0.0,1.0,1.0,1.0,1.0,0.0
SYNTH_0559,Global,success,,189.3,1.0,1,0.0,HLA-A=A*29:02:01:01 | HLA-C=C*16:01:01:01 | HLA-B=B*44:03:01:01 | DRB345=DRB4*01:01:01:01 | DRB1=DRB1*07:01:01:01SG | DQA1=DQA1*02:01:01:01SG | DQB1=DQB1*02:02:01:01 | DPA1=DPA1*02:01:01:01 | DPB1=DPB1*11:01:01,HLA-A=A*03:01:01:01 | HLA-C=C*07:02:01:03 | HLA-B=B*07:02:01 | DRB345=DRB5*01:01:01 | DRB1=DRB1*15:01:01:01SG | DQA1=DQA1*01:02:01:01SG | DQB1=DQB1*06:02:01 | DPA1=DPA1*01:03:01:04 | DPB1=DPB1*04:01:01:01/DPB1*04:01:01:02,False,False,1.0,1.0,1.0,1.0,1.0,1.0,1.0,1.0,0.0
SYNTH_0560,Global,success,,172.0,0.40740741,6,2.1822,HLA-A=A*11:01:01:01 | HLA-C=C*04:01:01:01 | HLA-B=B*35:01:01:02 | DRB345=Abs | DRB1=DRB1*01:01:01 | DQA1=DQA1*01:01:01:02SG | DQB1=DQB1*05:01:01:03 | DPA1=DPA1*01:03:01:02 | DPB1=DPB1*04:01:01:01/DPB1*04:01:01:02,HLA-A=A*02:01:01:01 | HLA-C=C*06:02:01:01 | HLA-B=B*57:01:01 | DRB345=DRB4*01:03:01:02N | DRB1=DRB1*07:01:01:01SG | DQA1=DQA1*02:01:01:01SG | DQB1=DQB1*03:03:02:01 | DPA1=DPA1*01:03:01:02 | DPB1=DPB1*04:01:01:01/DPB1*04:01:01:02,False,False,1.0,1.0,1.0,1.0,1.0,1.0,1.0,1.0,0.0
SYNTH_0561,Global,success,,242.1,1.0,1,0.0,HLA-A=A*02:01:01:01 | HLA-C=C*03:04:01:01 | HLA-B=B*15:01:01:01 | DRB345=DRB4*01:03:01:01/DRB4*01:03:01:01:03 | DRB1=DRB1*04:01:01:01SG | DQA1=DQA1*03:01:01 | DQB1=DQB1*03:02:01 | DPA1=DPA1*01:03:01:02 | DPB1=DPB1*04:01:01:01/DPB1*04:01:01:02,HLA-A=A*02:01:01:01 | HLA-C=C*03:04:01:01 | HLA-B=B*40:01:02 | DRB345=Abs | DRB1=DRB1*01:01:01 | DQA1=DQA1*01:01:01:02SG | DQB1=DQB1*05:01:01:03 | DPA1=DPA1*01:03:01:02 | DPB1=DPB1*04:01:01:01/DPB1*04:01:01:02,False,False,1.0,1.0,1.0,0.0,1.0,1.0,1.0,1.0,0.0
SYNTH_0562,Global,success,,480.0,0.44329897,8,2.0662,HLA-A=A*02:01:01:01 | HLA-C=C*07:02:01:03 | HLA-B=B*07:02:01 | DRB345=DRB5*01:01:01 | DRB1=DRB1*15:01:01:01SG | DQA1=DQA1*01:02:01:01SG | DQB1=DQB1*06:02:01 | DPA1=DPA1*01:03:01:04 | DPB1=DPB1*04:01:01:01/DPB1*04:01:01:02,HLA-A=A*01:01:01:01 | HLA-C=C*07:01:01:01 | HLA-B=B*08:01:01:01 | DRB345=DRB3*01:01:02:01 | DRB1=DRB1*03:01:01:01SG | DQA1=DQA1*05:01:01:02 | DQB1=DQB1*02:01:01 | DPA1=DPA1*01:03:01:03 | DPB1=DPB1*03:01:01,False,False,0.0,1.0,1.0,1.0,1.0,1.0,1.0,1.0,0.0
SYNTH_0563,Global,success,,455.1,0.0,0,0.0,,,False,False,,,,,,,,,
SYNTH_0564,Global,success,,200.5,0.75167785,4,0.9582,HLA-A=A*03:01:01:01 | HLA-C=C*07:02:01:03 | HLA-B=B*07:02:01 | DRB345=DRB5*01:01:01 | DRB1=DRB1*15:01:01:01SG | DQA1=DQA1*01:02:01:01SG | DQB1=DQB1*06:02:01 | DPA1=DPA1*01:03:01:02 | DPB1=DPB1*04:01:01:01/DPB1*04:01:01:02,HLA-A=A*24:02:01:01 | HLA-C=C*04:01:01:01 | HLA-B=B*35:14:01 | DRB345=DRB5*02:02 | DRB1=DRB1*16:02:01:02 | DQA1=DQA1*05:05:01:05SG | DQB1=DQB1*03:01:01:01 | DPA1=DPA1*01:03:01:05 | DPB1=DPB1*04:02:01:02,False,False,1.0,1.0,1.0,1.0,1.0,1.0,1.0,0.0,0.0
SYNTH_0565,Global,success,,250.1,1.0,1,0.0,HLA-A=A*24:02:01:01 | HLA-C=C*04:01:01:06 | HLA-B=B*35:02:01 | DRB345=DRB3*02:02:01:02 | DRB1=DRB1*11:04:01 | DQA1=DQA1*05:05:01:01SG | DQB1=DQB1*03:01:01:02 | DPA1=DPA1*01:03:01:01 | DPB1=DPB1*02:01:02/DPB1*02:01:19,HLA-A=A*02:01:01:01 | HLA-C=C*03:03:01:01 | HLA-B=B*15:01:01:01 | DRB345=DRB4*01:03:01:01/DRB4*01:03:01:01:03 | DRB1=DRB1*04:01:01:01SG | DQA1=DQA1*03:01:01 | DQB1=DQB1*03:02:01 | DPA1=DPA1*01:03:01:05 | DPB1=DPB1*04:02:01:02,False,False,1.0,1.0,1.0,0.0,1.0,1.0,1.0,1.0,0.0
SYNTH_0566,Global,success,,290.3,1.0,1,0.0,HLA-A=A*03:01:01:01 | HLA-C=C*07:02:01:03 | HLA-B=B*07:02:01 | DRB345=Abs | DRB1=DRB1*08:01:01 | DQA1=DQA1*04:01:01 | DQB1=DQB1*04:02:01 | DPA1=DPA1*01:03:01:02 | DPB1=DPB1*04:01:01:01/DPB1*04:01:01:02,HLA-A=A*02:01:01:01 | HLA-C=C*06:02:01:01 | HLA-B=B*13:02:01 | DRB345=DRB4*01:03:01:01/DRB4*01:03:01:01:03 | DRB1=DRB1*07:01:01:01SG | DQA1=DQA1*02:01:01:01SG | DQB1=DQB1*02:02:01:01 | DPA1=DPA1*01:03:01:01 | DPB1=DPB1*02:01:02/DPB1*02:01:19,False,False,1.0,1.0,1.0,0.0,1.0,1.0,1.0,1.0,0.0
SYNTH_0567,Global,success,,426.6,0.23414634,42,4.1327,HLA-A=A*03:01:01:01 | HLA-C=C*07:02:01:03 | HLA-B=B*07:02:01 | DRB345=DRB5*01:01:01 | DRB1=DRB1*15:01:01:01SG | DQA1=DQA1*01:02:01:01SG | DQB1=DQB1*06:02:01 | DPA1=DPA1*01:03:01:02 | DPB1=DPB1*04:01:01:01/DPB1*04:01:01:02,HLA-A=A*30:01:01 | HLA-C=C*06:02:01:01 | HLA-B=B*13:02:01 | DRB345=DRB4*01:03:01:01/DRB4*01:03:01:01:03 | DRB1=DRB1*07:01:01:01SG | DQA1=DQA1*02:01:01:01SG | DQB1=DQB1*02:02:01:01 | DPA1=DPA1*02:01:01:01 | DPB1=DPB1*17:01,False,False,1.0,1.0,1.0,0.0,1.0,1.0,1.0,1.0,0.0
SYNTH_0568,Global,success,,415.0,0.94117647,4,0.4143,HLA-A=A*03:01:01:01 | HLA-C=C*07:02:01:03 | HLA-B=B*07:02:01 | DRB345=DRB5*01:01:01 | DRB1=DRB1*15:01:01:01SG | DQA1=DQA1*01:02:01:01SG | DQB1=DQB1*06:02:01 | DPA1=DPA1*01:03:01:02 | DPB1=DPB1*04:01:01:01/DPB1*04:01:01:02,HLA-A=A*24:02:01:01 | HLA-C=C*06:02:01:01 | HLA-B=B*57:01:01 | DRB345=DRB4*01:03:01:02N | DRB1=DRB1*07:01:01:01SG | DQA1=DQA1*02:01:01:01SG | DQB1=DQB1*03:03:02:01 | DPA1=DPA1*01:03:01:04 | DPB1=DPB1*04:01:01:01/DPB1*04:01:01:02,False,False,1.0,0.0,0.0,1.0,1.0,1.0,1.0,1.0,0.0
SYNTH_0569,Global,success,,182.7,0.56006914,4,1.3973,HLA-A=A*01:01:01:01 | HLA-C=C*07:01:01:01 | HLA-B=B*08:01:01:01 | DRB345=DRB3*01:01:02:01 | DRB1=DRB1*03:01:01:01SG | DQA1=DQA1*05:01:01:02 | DQB1=DQB1*02:01:01 | DPA1=DPA1*02:01:02 | DPB1=DPB1*01:01:01,HLA-A=A*68:03:01 | HLA-C=C*07:02:01:01 | HLA-B=B*39:05:01 | DRB345=DRB4*01:03:01:01/DRB4*01:03:01:01:03 | DRB1=DRB1*04:07:01 | DQA1=DQA1*03:01:01 | DQB1=DQB1*03:02:01 | DPA1=DPA1*01:03:01:05 | DPB1=DPB1*04:02:01:02,False,False,1.0,1.0,1.0,0.0,1.0,1.0,1.0,1.0,1.0
SYNTH_0570,Global,success,,261.0,0.77777778,2,0.7642,HLA-A=A*31:01:02:01 | HLA-C=C*03:04:01:01 | HLA-B=B*40:01:02 | DRB345=DRB4*01:03:01:01/DRB4*01:03:01:01:03 | DRB1=DRB1*04:04:01 | DQA1=DQA1*03:01:01 | DQB1=DQB1*03:02:01 | DPA1=DPA1*01:03:01:02 | DPB1=DPB1*04:01:01:01/DPB1*04:01:01:02,HLA-A=A*11:01:01:01 | HLA-C=C*12:02:02 | HLA-B=B*52:01:01:02 | DRB345=DRB3*03:01:01 | DRB1=DRB1*13:02:01 | DQA1=DQA1*01:02:01:04SG | DQB1=DQB1*06:09:01 | DPA1=DPA1*01:03:01:04 | DPB1=DPB1*04:01:01:01/DPB1*04:01:01:02,False,False,1.0,1.0,1.0,0.0,1.0,1.0,1.0,1.0,0.0
SYNTH_0571,Global,success,,155.6,0.53846154,2,0.9957,HLA-A=A*01:01:01:01 | HLA-C=C*06:02:01:01 | HLA-B=B*57:01:01 | DRB345=DRB4*01:03:01:02N | DRB1=DRB1*07:01:01:01SG | DQA1=DQA1*02:01:01:01SG | DQB1=DQB1*03:03:02:01 | DPA1=DPA1*01:03:01:04 | DPB1=DPB1*04:01:01:01/DPB1*04:01:01:02,HLA-A=A*11:01:01:01 | HLA-C=C*04:01:01:01 | HLA-B=B*35:01:01:02 | DRB345=DRB3*02:02:01:01 | DRB1=DRB1*14:54:01 | DQA1=DQA1*01:04:01:01SG | DQB1=DQB1*05:03:01:01/DQB1*05:03:01:02 | DPA1=DPA1*01:03:01:02 | DPB1=DPB1*04:01:01:01/DPB1*04:01:01:02,False,False,1.0,1.0,1.0,1.0,1.0,1.0,0.0,1.0,0.0
SYNTH_0572,Global,success,,274.9,0.0,0,0.0,,,False,False,,,,,,,,,
SYNTH_0573,Global,success,,252.8,1.0,1,0.0,HLA-A=A*02:01:01:01 | HLA-C=C*01:02:01 | HLA-B=B*15:15 | DRB345=DRB4*01:03:02 | DRB1=DRB1*04:10:01 | DQA1=DQA1*03:01:01 | DQB1=DQB1*03:02:01 | DPA1=DPA1*01:03:01:05 | DPB1=DPB1*04:02:01:02,HLA-A=A*68:01:02:02 | HLA-C=C*03:04:01:02 | HLA-B=B*40:01:02 | DRB345=DRB4*01:03:01:01/DRB4*01:03:01:01:03 | DRB1=DRB1*04:01:01:01SG | DQA1=DQA1*03:03:01:01 | DQB1=DQB1*03:01:01:01 | DPA1=DPA1*01:03:01:03 | DPB1=DPB1*03:01:01,False,False,1.0,1.0,1.0,0.0,1.0,1.0,1.0,1.0,1.0
SYNTH_0574,Global,success,,175.3,0.4,3,1.5621,HLA-A=A*01:01:01:01 | HLA-C=C*06:02:01:01 | HLA-B=B*57:01:01 | DRB345=DRB4*01:03:01:02N | DRB1=DRB1*07:01:01:01SG | DQA1=DQA1*02:01:01:01SG | DQB1=DQB1*03:03:02:01 | DPA1=DPA1*01:03:01:04 | DPB1=DPB1*04:01:01:01/DPB1*04:01:01:02,HLA-A=A*01:01:01:01 | HLA-C=C*02:02:02:01 | HLA-B=B*27:05:02 | DRB345=DRB4*01:03:01:01/DRB4*01:03:01:01:03 | DRB1=DRB1*04:01:01:01SG | DQA1=DQA1*03:03:01:01 | DQB1=DQB1*03:02:01 | DPA1=DPA1*01:03:01:05 | DPB1=DPB1*04:02:01:02,False,False,1.0,0.0,1.0,0.0,1.0,1.0,1.0,0.0,0.0
SYNTH_0575,Global,success,,196.7,0.80952381,2,0.7025,HLA-A=A*02:01:01:01 | HLA-C=C*07:02:01:03 | HLA-B=B*07:02:01 | DRB345=Abs | DRB1=DRB1*01:03 | DQA1=DQA1*01:01:01:02SG | DQB1=DQB1*05:01:01:03 | DPA1=DPA1*01:03:01:02 | DPB1=DPB1*04:01:01:01/DPB1*04:01:01:02,HLA-A=A*02:01:01:01 | HLA-C=C*07:01:01:01 | HLA-B=B*08:01:01:01 | DRB345=DRB3*01:01:02:01 | DRB1=DRB1*03:01:01:01SG | DQA1=DQA1*05:01:01:02 | DQB1=DQB1*02:01:01 | DPA1=DPA1*01:03:01:02 | DPB1=DPB1*04:01:01:01/DPB1*04:01:01:02,False,False,1.0,1.0,1.0,1.0,1.0,1.0,1.0,1.0,0.0
SYNTH_0576,Global,success,,126.1,0.64705882,2,0.9367,HLA-A=A*29:02:01:01 | HLA-C=C*16:01:01:01 | HLA-B=B*44:03:01:01 | DRB345=DRB4*01:01:01:01 | DRB1=DRB1*07:01:01:01SG | DQA1=DQA1*02:01:01:01SG | DQB1=DQB1*02:02:01:01 | DPA1=DPA1*02:01:01:01 | DPB1=DPB1*11:01:01,HLA-A=A*02:01:01:01 | HLA-C=C*07:02:01:03 | HLA-B=B*07:02:01 | DRB345=Abs | DRB1=DRB1*01:01:01 | DQA1=DQA1*01:01:01:02SG | DQB1=DQB1*05:01:01:03 | DPA1=DPA1*01:03:01:02 | DPB1=DPB1*04:01:01:01/DPB1*04:01:01:02,False,False,1.0,1.0,1.0,1.0,1.0,1.0,1.0,1.0,0.0
SYNTH_0577,Global,success,,109.8,0.21083875,118,4.4004,HLA-A=A*01:01:01:01 | HLA-C=C*07:01:01:01 | HLA-B=B*08:01:01:01 | DRB345=DRB3*01:01:02:01 | DRB1=DRB1*03:01:01:01SG | DQA1=DQA1*05:01:01:02 | DQB1=DQB1*02:01:01 | DPA1=DPA1*01:03:01:02 | DPB1=DPB1*04:01:01:01/DPB1*04:01:01:02,HLA-A=A*01:01:01:01 | HLA-C=C*07:01:01:01 | HLA-B=B*08:01:01:01 | DRB345=DRB3*01:01:02:01 | DRB1=DRB1*03:01:01:01SG | DQA1=DQA1*05:01:01:02 | DQB1=DQB1*02:01:01 | DPA1=DPA1*02:01:02 | DPB1=DPB1*01:01:01,False,False,1.0,1.0,1.0,1.0,1.0,1.0,1.0,1.0,0.0
SYNTH_0578,Global,success,,205.9,0.94285714,2,0.316,HLA-A=A*29:02:01:01 | HLA-C=C*16:01:01:01 | HLA-B=B*44:03:01:01 | DRB345=DRB4*01:01:01:01 | DRB1=DRB1*07:01:01:01SG | DQA1=DQA1*02:01:01:01SG | DQB1=DQB1*02:02:01:01 | DPA1=DPA1*02:01:01:01 | DPB1=DPB1*11:01:01,HLA-A=A*11:01:01:01 | HLA-C=C*04:01:01:01 | HLA-B=B*35:03:01 | DRB345=DRB3*02:02:01:02 | DRB1=DRB1*11:01:01:01 | DQA1=DQA1*05:05:01:01SG | DQB1=DQB1*03:01:01:03 | DPA1=DPA1*01:03:01:02 | DPB1=DPB1*04:01:01:01/DPB1*04:01:01:02,False,False,1.0,1.0,1.0,1.0,1.0,1.0,1.0,1.0,0.0
SYNTH_0579,Global,success,,108.0,0.63636364,2,0.9457,HLA-A=A*68:02:01:01 | HLA-C=C*08:02:01:01 | HLA-B=B*14:02:01:01 | DRB345=DRB3*01:01:02:01 | DRB1=DRB1*13:03:01 | DQA1=DQA1*05:05:01:01SG | DQB1=DQB1*03:01:01:03 | DPA1=DPA1*01:03:01:01 | DPB1=DPB1*02:01:02/DPB1*02:01:19,HLA-A=A*02:01:01:01 | HLA-C=C*03:03:01:01 | HLA-B=B*15:01:01:01 | DRB345=DRB3*02:02:01:02 | DRB1=DRB1*13:01:01:01SG | DQA1=DQA1*01:03:01:02SG | DQB1=DQB1*06:03:01 | DPA1=DPA1*01:03:01:02 | DPB1=DPB1*04:01:01:01/DPB1*04:01:01:02,False,False,1.0,1.0,1.0,1.0,1.0,1.0,1.0,1.0,0.0
SYNTH_0580,Global,success,,199.5,0.92631579,4,0.4434,HLA-A=A*03:01:01:01 | HLA-C=C*07:02:01:03 | HLA-B=B*07:02:01 | DRB345=DRB5*01:01:01 | DRB1=DRB1*15:01:01:01SG | DQA1=DQA1*01:02:01:01SG | DQB1=DQB1*06:02:01 | DPA1=DPA1*01:03:01:02 | DPB1=DPB1*04:01:01:01/DPB1*04:01:01:02,HLA-A=A*29:02:01:01 | HLA-C=C*16:01:01:01 | HLA-B=B*44:03:01:01 | DRB345=DRB4*01:01:01:01 | DRB1=DRB1*07:01:01:01SG | DQA1=DQA1*02:01:01:01SG | DQB1=DQB1*02:02:01:01 | DPA1=DPA1*02:01:01:01 | DPB1=DPB1*11:01:01,False,False,1.0,1.0,1.0,1.0,1.0,1.0,1.0,1.0,0.0
SYNTH_0581,Global,success,,226.8,1.0,1,0.0,HLA-A=A*24:02:01:01 | HLA-C=C*12:02:02 | HLA-B=B*52:01:01:01 | DRB345=DRB5*01:02 | DRB1=DRB1*15:02:01:01SG | DQA1=DQA1*01:03:01:01 | DQB1=DQB1*06:01:01 | DPA1=DPA1*02:02:02 | DPB1=DPB1*05:01:01,HLA-A=A*02:01:01:01 | HLA-C=C*01:02:01 | HLA-B=B*27:05:02 | DRB345=Abs | DRB1=DRB1*01:01:01 | DQA1=DQA1*01:01:01:02SG | DQB1=DQB1*05:01:01:03 | DPA1=DPA1*01:03:01:03 | DPB1=DPB1*20:01:01,True,True,1.0,1.0,1.0,1.0,1.0,1.0,1.0,1.0,1.0
SYNTH_0582,Global,success,,260.6,1.0,1,0.0,HLA-A=A*02:01:01:01 | HLA-C=C*02:02:02:01 | HLA-B=B*27:05:02 | DRB345=Abs | DRB1=DRB1*01:01:01 | DQA1=DQA1*01:01:01:02SG | DQB1=DQB1*05:01:01:03 | DPA1=DPA1*01:03:01:02 | DPB1=DPB1*04:01:01:01/DPB1*04:01:01:02,HLA-A=A*03:01:01:05 | HLA-C=C*06:02:01:01 | HLA-B=B*47:01:01:03 | DRB345=DRB4*01:01:01:01 | DRB1=DRB1*07:01:01:01SG | DQA1=DQA1*02:01:01:01SG | DQB1=DQB1*02:02:01:01 | DPA1=DPA1*01:03:01:03 | DPB1=DPB1*06:01:01,False,False,1.0,1.0,1.0,1.0,1.0,1.0,1.0,1.0,0.0
SYNTH_0583,Global,success,,264.6,0.91142857,4,0.5268,HLA-A=A*02:01:01:01 | HLA-C=C*05:01:01:02 | HLA-B=B*44:02:01:01 | DRB345=DRB4*01:03:01:01/DRB4*01:03:01:01:03 | DRB1=DRB1*04:01:01:01SG | DQA1=DQA1*03:03:01:01 | DQB1=DQB1*03:01:01:01 | DPA1=DPA1*01:03:01:04 | DPB1=DPB1*04:01:01:01/DPB1*04:01:01:02,HLA-A=A*03:01:01:01 | HLA-C=C*07:02:01:03 | HLA-B=B*07:02:01 | DRB345=DRB5*01:01:01 | DRB1=DRB1*15:01:01:01SG | DQA1=DQA1*01:02:01:01SG | DQB1=DQB1*06:02:01 | DPA1=DPA1*01:03:01:04 | DPB1=DPB1*04:01:01:01/DPB1*04:01:01:02,False,False,1.0,1.0,1.0,0.0,1.0,1.0,1.0,1.0,0.0
SYNTH_0584,Global,success,,295.6,0.92307692,2,0.3912,HLA-A=A*01:01:01:01 | HLA-C=C*07:01:01:01 | HLA-B=B*08:01:01:01 | DRB345=DRB3*01:01:02:01 | DRB1=DRB1*03:01:01:01SG | DQA1=DQA1*05:01:01:02 | DQB1=DQB1*02:01:01 | DPA1=DPA1*01:03:01:02 | DPB1=DPB1*04:01:01:01/DPB1*04:01:01:02,HLA-A=A*03:01:01:01 | HLA-C=C*04:01:01:01 | HLA-B=B*35:01:01:02 | DRB345=Abs | DRB1=DRB1*01:01:01 | DQA1=DQA1*01:01:01:02SG | DQB1=DQB1*05:01:01:03 | DPA1=DPA1*01:03:01:05 | DPB1=DPB1*04:02:01:02,False,False,1.0,1.0,1.0,1.0,1.0,1.0,1.0,1.0,0.0
SYNTH_0585,Global,success,,311.5,1.0,1,0.0,HLA-A=A*01:01:01:01 | HLA-C=C*07:01:01:01 | HLA-B=B*08:01:01:01 | DRB345=DRB3*01:01:02:01 | DRB1=DRB1*03:01:01:01SG | DQA1=DQA1*05:01:01:01 | DQB1=DQB1*02:01:01 | DPA1=DPA1*02:01:02 | DPB1=DPB1*01:01:01,HLA-A=A*02:01:01:01 | HLA-C=C*07:02:01:03 | HLA-B=B*07:02:01 | DRB345=DRB5*01:01:01 | DRB1=DRB1*15:01:01:01SG | DQA1=DQA1*01:02:01:01SG | DQB1=DQB1*06:02:01 | DPA1=DPA1*01:03:01:02 | DPB1=DPB1*04:01:01:01/DPB1*04:01:01:02,False,False,1.0,1.0,1.0,1.0,1.0,1.0,1.0,1.0,0.0
SYNTH_0586,Global,success,,302.7,1.0,1,0.0,HLA-A=A*01:01:01:01 | HLA-C=C*07:01:01:01 | HLA-B=B*08:01:01:01 | DRB345=DRB3*01:01:02:01 | DRB1=DRB1*03:01:01:01SG | DQA1=DQA1*05:01:01:02 | DQB1=DQB1*02:01:01 | DPA1=DPA1*01:03:01:01 | DPB1=DPB1*02:01:02/DPB1*02:01:19,HLA-A=A*02:01:01:01 | HLA-C=C*05:01:01:02 | HLA-B=B*44:02:01:01 | DRB345=DRB4*01:03:01:01/DRB4*01:03:01:01:03 | DRB1=DRB1*04:01:01:01SG | DQA1=DQA1*03:03:01:01 | DQB1=DQB1*03:01:01:01 | DPA1=DPA1*01:03:01:01 | DPB1=DPB1*02:01:02/DPB1*02:01:19,False,False,1.0,1.0,1.0,0.0,1.0,1.0,1.0,1.0,0.0
SYNTH_0587,Global,success,,301.4,0.93478261,2,0.3478,HLA-A=A*01:01:01:01 | HLA-C=C*07:01:01:01 | HLA-B=B*08:01:01:01 | DRB345=DRB3*01:01:02:02 | DRB1=DRB1*03:01:01:01SG | DQA1=DQA1*05:01:01:02 | DQB1=DQB1*02:01:01 | DPA1=DPA1*02:01:02 | DPB1=DPB1*01:01:01,HLA-A=A*02:01:01:01 | HLA-C=C*07:02:01:03 | HLA-B=B*07:02:01 | DRB345=DRB5*01:01:01 | DRB1=DRB1*15:01:01:01SG | DQA1=DQA1*01:02:01:01SG | DQB1=DQB1*06:02:01 | DPA1=DPA1*01:03:01:04 | DPB1=DPB1*04:01:01:01/DPB1*04:01:01:02,False,False,1.0,1.0,1.0,1.0,1.0,1.0,1.0,1.0,0.0
SYNTH_0588,Global,success,,211.2,0.59893048,6,1.7076,HLA-A=A*03:01:01:01 | HLA-C=C*07:02:01:03 | HLA-B=B*07:02:01 | DRB345=DRB5*01:01:01 | DRB1=DRB1*15:01:01:01SG | DQA1=DQA1*01:02:01:01SG | DQB1=DQB1*06:02:01 | DPA1=DPA1*01:03:01:02 | DPB1=DPB1*04:01:01:01/DPB1*04:01:01:02,HLA-A=A*02:01:01:01 | HLA-C=C*01:02:01 | HLA-B=B*15:15 | DRB345=DRB4*01:03:02 | DRB1=DRB1*04:10:01 | DQA1=DQA1*03:01:01 | DQB1=DQB1*03:02:01 | DPA1=DPA1*01:03:01:05 | DPB1=DPB1*04:02:01:02,False,False,1.0,1.0,1.0,1.0,1.0,1.0,1.0,1.0,0.0
SYNTH_0589,Global,success,,182.8,0.0,0,0.0,,,False,False,,,,,,,,,
SYNTH_0590,Global,success,,286.2,0.45454545,4,1.6751,HLA-A=A*30:01:01 | HLA-C=C*06:02:01:01 | HLA-B=B*13:02:01 | DRB345=DRB4*01:03:01:01/DRB4*01:03:01:01:03 | DRB1=DRB1*07:01:01:01SG | DQA1=DQA1*02:01:01:01SG | DQB1=DQB1*02:02:01:01 | DPA1=DPA1*01:03:01:02 | DPB1=DPB1*04:01:01:01/DPB1*04:01:01:02,HLA-A=A*02:01:01:01 | HLA-C=C*05:01:01:02 | HLA-B=B*44:02:01:01 | DRB345=DRB4*01:03:01:01/DRB4*01:03:01:01:03 | DRB1=DRB1*04:01:01:01SG | DQA1=DQA1*03:03:01:01 | DQB1=DQB1*03:01:01:01 | DPA1=DPA1*01:03:01:01 | DPB1=DPB1*02:01:02/DPB1*02:01:19,False,False,1.0,1.0,1.0,0.0,1.0,1.0,1.0,1.0,0.0
SYNTH_0591,Global,success,,234.3,1.0,1,0.0,HLA-A=A*03:01:01:01 | HLA-C=C*04:01:01:01 | HLA-B=B*35:01:01:02 | DRB345=Abs | DRB1=DRB1*01:01:01 | DQA1=DQA1*01:01:01:02SG | DQB1=DQB1*05:01:01:03 | DPA1=DPA1*01:03:01:05 | DPB1=DPB1*04:02:01:02,HLA-A=A*03:01:01:01 | HLA-C=C*04:01:01:01 | HLA-B=B*35:01:01:02 | DRB345=Abs | DRB1=DRB1*01:01:01 | DQA1=DQA1*01:01:01:02SG | DQB1=DQB1*05:01:01:03 | DPA1=DPA1*01:03:01:03 | DPB1=DPB1*03:01:01,True,True,1.0,1.0,1.0,1.0,1.0,1.0,1.0,1.0,1.0
SYNTH_0592,Global,success,,209.5,1.0,1,0.0,HLA-A=A*01:01:01:01 | HLA-C=C*07:01:01:01 | HLA-B=B*08:01:01:01 | DRB345=DRB3*01:01:02:01 | DRB1=DRB1*03:01:01:01SG | DQA1=DQA1*05:01:01:02 | DQB1=DQB1*02:01:01 | DPA1=DPA1*01:03:01:02 | DPB1=DPB1*04:01:01:01/DPB1*04:01:01:02,HLA-A=A*02:01:01:01 | HLA-C=C*01:02:01 | HLA-B=B*27:05:02 | DRB345=Abs | DRB1=DRB1*01:01:01 | DQA1=DQA1*01:01:01:02SG | DQB1=DQB1*05:01:01:03 | DPA1=DPA1*01:03:01:03 | DPB1=DPB1*20:01:01,False,False,1.0,1.0,1.0,1.0,1.0,1.0,1.0,1.0,0.0
SYNTH_0593,Global,success,,323.7,1.0,1,0.0,HLA-A=A*03:01:01:01 | HLA-C=C*07:02:01:03 | HLA-B=B*07:02:01 | DRB345=Abs | DRB1=DRB1*08:01:01 | DQA1=DQA1*04:01:01 | DQB1=DQB1*04:02:01 | DPA1=DPA1*01:03:01:02 | DPB1=DPB1*04:01:01:01/DPB1*04:01:01:02,HLA-A=A*29:01:01:01 | HLA-C=C*15:05:02 | HLA-B=B*07:05:01:01 | DRB345=Abs | DRB1=DRB1*10:01:01:01 | DQA1=DQA1*01:05:01 | DQB1=DQB1*05:01:01:02 | DPA1=DPA1*01:03:01:01 | DPB1=DPB1*02:01:02/DPB1*02:01:19,False,False,1.0,1.0,1.0,1.0,1.0,1.0,1.0,1.0,0.0
SYNTH_0594,Global,success,,309.4,1.0,1,0.0,HLA-A=A*02:01:01:01 | HLA-C=C*07:02:01:01 | HLA-B=B*39:02:02 | DRB345=DRB5*02:02 | DRB1=DRB1*16:02:01:02 | DQA1=DQA1*05:05:01:05SG | DQB1=DQB1*03:01:01:01 | DPA1=DPA1*01:03:01:02 | DPB1=DPB1*04:01:01:01/DPB1*04:01:01:02,HLA-A=A*68:01:01:02 | HLA-C=C*02:10:01:01 | HLA-B=B*15:03:01:02 | DRB345=DRB4*01:01:01:01 | DRB1=DRB1*09:01:02 | DQA1=DQA1*03:03:01:01 | DQB1=DQB1*02:02:01:02 | DPA1=DPA1*02:01:08 | DPB1=DPB1*01:01:01,False,False,1.0,1.0,1.0,1.0,1.0,1.0,1.0,1.0,0.0
SYNTH_0595,Global,success,,7189.1,0.50224215,12,2.4681,HLA-A=A*03:01:01:01 | HLA-C=C*07:02:01:03 | HLA-B=B*07:02:01 | DRB345=DRB5*01:01:01 | DRB1=DRB1*15:01:01:01SG | DQA1=DQA1*01:02:01:01SG | DQB1=DQB1*06:02:01 | DPA1=DPA1*01:03:01:02 | DPB1=DPB1*04:01:01:01/DPB1*04:01:01:02,HLA-A=A*03:01:01:01 | HLA-C=C*07:02:01:03 | HLA-B=B*07:02:01 | DRB345=DRB5*01:01:01 | DRB1=DRB1*15:01:01:01SG | DQA1=DQA1*01:02:01:01SG | DQB1=DQB1*06:02:01 | DPA1=DPA1*01:03:01:03 | DPB1=DPB1*03:01:01,False,False,0.0,0.0,0.0,1.0,1.0,1.0,1.0,1.0,0.0
SYNTH_0596,Global,success,,322.1,1.0,1,0.0,HLA-A=A*01:01:01:01 | HLA-C=C*07:01:01:01 | HLA-B=B*08:01:01:01 | DRB345=DRB3*01:01:02:01 | DRB1=DRB1*03:01:01:01SG | DQA1=DQA1*05:01:01:01 | DQB1=DQB1*02:01:01 | DPA1=DPA1*01:03:01:01 | DPB1=DPB1*04:01:01:01/DPB1*04:01:01:02,HLA-A=A*01:01:01:01 | HLA-C=C*07:01:01:01 | HLA-B=B*08:01:01:01 | DRB345=DRB3*01:01:02:01 | DRB1=DRB1*03:01:01:01SG | DQA1=DQA1*05:01:01:02 | DQB1=DQB1*02:01:01 | DPA1=DPA1*01:03:01:05 | DPB1=DPB1*04:02:01:02,False,False,1.0,1.0,1.0,1.0,1.0,1.0,1.0,1.0,0.0
SYNTH_0597,Global,success,,395.5,1.0,1,0.0,HLA-A=A*01:01:01:01 | HLA-C=C*07:01:01:01 | HLA-B=B*08:01:01:01 | DRB345=DRB3*01:01:02:01 | DRB1=DRB1*03:01:01:01SG | DQA1=DQA1*05:01:01:02 | DQB1=DQB1*02:01:01 | DPA1=DPA1*01:03:01:02 | DPB1=DPB1*04:01:01:01/DPB1*04:01:01:02,HLA-A=A*11:01:01:01 | HLA-C=C*07:02:01:03 | HLA-B=B*07:02:01 | DRB345=DRB5*01:01:01 | DRB1=DRB1*15:01:01:01SG | DQA1=DQA1*01:02:01:01SG | DQB1=DQB1*06:02:01 | DPA1=DPA1*01:03:01:02 | DPB1=DPB1*04:01:01:01/DPB1*04:01:01:02,False,False,1.0,1.0,1.0,1.0,1.0,1.0,1.0,1.0,0.0
SYNTH_0598,Global,success,,295.2,0.57142857,2,0.9852,HLA-A=A*02:01:01:01 | HLA-C=C*07:01:01:01 | HLA-B=B*18:01:01:02 | DRB345=DRB3*02:02:01:02 | DRB1=DRB1*11:04:01 | DQA1=DQA1*05:05:01:01SG | DQB1=DQB1*03:01:01:02 | DPA1=DPA1*01:03:01:05 | DPB1=DPB1*04:02:01:01,HLA-A=A*01:01:01:01 | HLA-C=C*06:02:01:01 | HLA-B=B*57:01:01 | DRB345=DRB4*01:03:01:02N | DRB1=DRB1*07:01:01:01SG | DQA1=DQA1*02:01:01:01SG | DQB1=DQB1*03:03:02:01 | DPA1=DPA1*01:03:01:02 | DPB1=DPB1*04:01:01:01/DPB1*04:01:01:02,False,False,1.0,1.0,1.0,1.0,1.0,1.0,1.0,1.0,0.0
SYNTH_0599,Global,success,,263.7,0.6,2,0.971,HLA-A=A*31:01:02:01 | HLA-C=C*04:01:01:06 | HLA-B=B*35:02:01 | DRB345=DRB4*01:03:01:01/DRB4*01:03:01:01:03 | DRB1=DRB1*04:03:01 | DQA1=DQA1*03:01:01 | DQB1=DQB1*03:05:01 | DPA1=DPA1*01:03:01:04 | DPB1=DPB1*04:01:01:01/DPB1*04:01:01:02,HLA-A=A*26:01:01:01 | HLA-C=C*12:03:01:01 | HLA-B=B*38:01:01 | DRB345=DRB4*01:03:01:01/DRB4*01:03:01:01:03 | DRB1=DRB1*04:02:01 | DQA1=DQA1*03:01:01 | DQB1=DQB1*03:02:01 | DPA1=DPA1*01:03:01:04 | DPB1=DPB1*04:01:01:01/DPB1*04:01:01:02,False,False,0.0,1.0,1.0,0.0,1.0,1.0,1.0,1.0,0.0
SYNTH_0600,Global,success,,229.3,0.76923077,2,0.7793,HLA-A=A*02:01:01:01 | HLA-C=C*05:01:01:02 | HLA-B=B*44:02:01:01 | DRB345=DRB3*01:01:02:01 | DRB1=DRB1*13:01:01:01SG | DQA1=DQA1*01:03:01:02SG | DQB1=DQB1*06:03:01 | DPA1=DPA1*01:03:01:02 | DPB1=DPB1*04:01:01:01/DPB1*04:01:01:02,HLA-A=A*29:02:01:02 | HLA-C=C*18:01 | HLA-B=B*81:01 | DRB345=Abs | DRB1=DRB1*08:04:01 | DQA1=DQA1*04:01:02:02 | DQB1=DQB1*04:02:01 | DPA1=DPA1*01:03:01:02 | DPB1=DPB1*18:01,False,False,1.0,0.0,0.0,1.0,1.0,1.0,1.0,1.0,0.0
SYNTH_0601,Global,success,,268.2,1.0,1,0.0,HLA-A=A*11:01:01:01 | HLA-C=C*04:01:01:05 | HLA-B=B*35:01:01:02 | DRB345=Abs | DRB1=DRB1*01:03 | DQA1=DQA1*01:01:01:02SG | DQB1=DQB1*05:01:01:03 | DPA1=DPA1*01:03:01:05 | DPB1=DPB1*04:02:01:02,HLA-A=A*26:01:01:01 | HLA-C=C*12:03:01:01 | HLA-B=B*38:01:01 | DRB345=DRB3*03:01:01 | DRB1=DRB1*13:02:01 | DQA1=DQA1*01:02:01:04SG | DQB1=DQB1*06:09:01 | DPA1=DPA1*01:03:01:04 | DPB1=DPB1*04:01:01:01/DPB1*04:01:01:02,False,False,1.0,1.0,1.0,1.0,1.0,1.0,1.0,1.0,0.0
SYNTH_0602,Global,success,,269.4,1.0,1,0.0,HLA-A=A*30:01:01 | HLA-C=C*17:01:01:02 | HLA-B=B*42:01:01 | DRB345=DRB5*01:01:01 | DRB1=DRB1*15:03:01:01SG | DQA1=DQA1*01:02:01:01SG | DQB1=DQB1*06:02:01 | DPA1=DPA1*01:03:01:01 | DPB1=DPB1*02:01:02/DPB1*02:01:19,HLA-A=A*03:01:01:01 | HLA-C=C*07:02:01:03 | HLA-B=B*07:02:01 | DRB345=Abs | DRB1=DRB1*01:01:01 | DQA1=DQA1*01:01:01:02SG | DQB1=DQB1*05:01:01:03 | DPA1=DPA1*01:03:01:05 | DPB1=DPB1*04:02:01:02,False,False,1.0,1.0,1.0,1.0,1.0,1.0,1.0,1.0,0.0
SYNTH_0603,Global,success,,269.3,0.89189189,2,0.4942,HLA-A=A*29:02:01:01 | HLA-C=C*16:01:01:01 | HLA-B=B*44:03:01:01 | DRB345=DRB4*01:01:01:01 | DRB1=DRB1*07:01:01:01SG | DQA1=DQA1*02:01:01:01SG | DQB1=DQB1*02:02:01:01 | DPA1=DPA1*02:01:01:01 | DPB1=DPB1*11:01:01,HLA-A=A*02:01:01:01 | HLA-C=C*05:01:01:02 | HLA-B=B*44:02:01:01 | DRB345=DRB4*01:03:01:01/DRB4*01:03:01:01:03 | DRB1=DRB1*04:01:01:01SG | DQA1=DQA1*03:03:01:01 | DQB1=DQB1*03:01:01:01 | DPA1=DPA1*01:03:01:02 | DPB1=DPB1*04:01:01:01/DPB1*04:01:01:02,False,False,1.0,1.0,1.0,0.0,1.0,1.0,1.0,1.0,0.0
SYNTH_0604,Global,success,,250.6,1.0,1,0.0,HLA-A=A*68:02:01:01 | HLA-C=C*04:01:01:01 | HLA-B=B*53:01:01 | DRB345=DRB3*03:01:01 | DRB1=DRB1*13:02:01 | DQA1=DQA1*01:02:01:04SG | DQB1=DQB1*06:04:01 | DPA1=DPA1*01:03:01:04 | DPB1=DPB1*04:01:01:01/DPB1*04:01:01:02,HLA-A=A*24:02:01:01 | HLA-C=C*04:01:01:01 | HLA-B=B*35:01:01:02 | DRB345=DRB4*01:03:01:02N | DRB1=DRB1*07:01:01:01SG | DQA1=DQA1*02:01:01:01SG | DQB1=DQB1*03:03:02:01 | DPA1=DPA1*01:03:01:01 | DPB1=DPB1*02:01:02/DPB1*02:01:19,False,False,1.0,1.0,1.0,1.0,1.0,1.0,1.0,1.0,0.0
SYNTH_0605,Global,success,,558.9,0.52941176,10,2.0466,HLA-A=A*01:01:01:01 | HLA-C=C*07:01:01:01 | HLA-B=B*08:01:01:01 | DRB345=DRB3*01:01:02:01 | DRB1=DRB1*03:01:01:01SG | DQA1=DQA1*05:01:01:02 | DQB1=DQB1*02:01:01 | DPA1=DPA1*02:01:02 | DPB1=DPB1*01:01:01,HLA-A=A*02:01:01:01 | HLA-C=C*07:02:01:01 | HLA-B=B*39:02:02 | DRB345=DRB5*02:02 | DRB1=DRB1*16:02:01:02 | DQA1=DQA1*05:05:01:05SG | DQB1=DQB1*03:01:01:01 | DPA1=DPA1*01:03:01:05 | DPB1=DPB1*04:02:01:02,True,False,1.0,1.0,1.0,1.0,1.0,1.0,1.0,1.0,1.0
SYNTH_0606,Global,success,,177.6,0.71428571,2,0.8631,HLA-A=A*30:01:01 | HLA-C=C*17:01:01:02 | HLA-B=B*42:01:01 | DRB345=DRB3*01:01:02:01 | DRB1=DRB1*03:02:01 | DQA1=DQA1*04:01:01 | DQB1=DQB1*04:02:01 | DPA1=DPA1*02:02:02 | DPB1=DPB1*01:01:01,HLA-A=A*68:02:01:01 | HLA-C=C*08:02:01:01 | HLA-B=B*14:02:01:01 | DRB345=DRB3*01:01:02:01 | DRB1=DRB1*13:03:01 | DQA1=DQA1*05:05:01:01SG | DQB1=DQB1*03:01:01:03 | DPA1=DPA1*01:03:01:01 | DPB1=DPB1*02:01:02/DPB1*02:01:19,False,False,1.0,1.0,1.0,1.0,1.0,1.0,1.0,1.0,0.0
SYNTH_0607,Global,success,,348.2,1.0,1,0.0,HLA-A=A*01:01:01:01 | HLA-C=C*07:02:01:03 | HLA-B=B*07:02:01 | DRB345=DRB5*01:01:01 | DRB1=DRB1*15:01:01:01SG | DQA1=DQA1*01:02:01:01SG | DQB1=DQB1*06:02:01 | DPA1=DPA1*01:03:01:04 | DPB1=DPB1*04:01:01:01/DPB1*04:01:01:02,HLA-A=A*03:01:01:01 | HLA-C=C*03:04:01:01 | HLA-B=B*40:01:02 | DRB345=DRB4*01:03:01:01/DRB4*01:03:01:01:03 | DRB1=DRB1*04:01:01:01SG | DQA1=DQA1*03:01:01 | DQB1=DQB1*03:02:01 | DPA1=DPA1*01:03:01:02 | DPB1=DPB1*04:01:01:01/DPB1*04:01:01:02,False,False,1.0,1.0,1.0,0.0,1.0,1.0,1.0,1.0,0.0
SYNTH_0608,Global,success,,308.5,0.5,2,1.0,HLA-A=A*03:01:01:01 | HLA-C=C*04:01:01:01 | HLA-B=B*35:01:01:02 | DRB345=DRB3*02:02:01:02 | DRB1=DRB1*13:01:01:01SG | DQA1=DQA1*01:03:01:02SG | DQB1=DQB1*06:03:01 | DPA1=DPA1*01:03:01:02 | DPB1=DPB1*04:01:01:01/DPB1*04:01:01:02,HLA-A=A*26:01:01:01 | HLA-C=C*03:04:01:02 | HLA-B=B*40:02:01 | DRB345=DRB4*01:03:02 | DRB1=DRB1*09:01:02 | DQA1=DQA1*03:02 | DQB1=DQB1*03:03:02:02/DQB1*03:03:02:03 | DPA1=DPA1*02:01:01:02 | DPB1=DPB1*09:01:01,False,False,1.0,1.0,1.0,1.0,1.0,1.0,0.0,1.0,0.0
SYNTH_0609,Global,success,,159.5,1.0,1,0.0,HLA-A=A*01:01:01:01 | HLA-C=C*06:02:01:01 | HLA-B=B*57:01:01 | DRB345=DRB4*01:03:01:02N | DRB1=DRB1*07:01:01:01SG | DQA1=DQA1*02:01:01:01SG | DQB1=DQB1*03:03:02:01 | DPA1=DPA1*02:01:01:01 | DPB1=DPB1*13:01:01/DPB1*107:01,HLA-A=A*30:02:01:01 | HLA-C=C*05:01:01:01 | HLA-B=B*18:01:01:01 | DRB345=DRB3*02:02:01:01 | DRB1=DRB1*03:01:01:01SG | DQA1=DQA1*05:01:01:01 | DQB1=DQB1*02:01:01 | DPA1=DPA1*01:03:01:01 | DPB1=DPB1*02:02,False,False,1.0,1.0,1.0,1.0,1.0,1.0,1.0,1.0,0.0
SYNTH_0610,Global,success,,302.4,1.0,1,0.0,HLA-A=A*02:01:01:01 | HLA-C=C*03:04:01:01 | HLA-B=B*40:01:02 | DRB345=DRB4*01:03:01:01/DRB4*01:03:01:01:03 | DRB1=DRB1*04:04:01 | DQA1=DQA1*03:01:01 | DQB1=DQB1*03:02:01 | DPA1=DPA1*01:03:01:02 | DPB1=DPB1*04:01:01:01/DPB1*04:01:01:02,HLA-A=A*29:02:01:01 | HLA-C=C*08:02:01:01 | HLA-B=B*14:02:01:01 | DRB345=DRB4*01:01:01:01 | DRB1=DRB1*07:01:01:01SG | DQA1=DQA1*02:01:01:01SG | DQB1=DQB1*02:02:01:01 | DPA1=DPA1*01:04 | DPB1=DPB1*15:01:01,False,False,1.0,1.0,1.0,0.0,1.0,1.0,1.0,1.0,0.0
SYNTH_0611,Global,success,,302.7,1.0,1,0.0,HLA-A=A*01:01:01:01 | HLA-C=C*07:01:01:01 | HLA-B=B*08:01:01:01 | DRB345=DRB3*01:01:02:01 | DRB1=DRB1*03:01:01:01SG | DQA1=DQA1*05:01:01:02 | DQB1=DQB1*02:01:01 | DPA1=DPA1*01:03:01:03 | DPB1=DPB1*03:01:01,HLA-A=A*02:01:01:01 | HLA-C=C*05:01:01:02 | HLA-B=B*44:02:01:01 | DRB345=DRB3*02:02:01:02 | DRB1=DRB1*11:03:01 | DQA1=DQA1*05:05:01:01SG | DQB1=DQB1*03:01:01:02 | DPA1=DPA1*01:03:01:02 | DPB1=DPB1*04:01:01:01/DPB1*04:01:01:02,False,False,1.0,1.0,1.0,1.0,1.0,1.0,1.0,1.0,0.0
SYNTH_0612,Global,success,,302.2,0.98245614,2,0.1274,HLA-A=A*32:01:01 | HLA-C=C*07:02:01:01 | HLA-B=B*08:01:01:02 | DRB345=DRB3*02:02:01:01 | DRB1=DRB1*03:01:01:01SG | DQA1=DQA1*05:01:01:03 | DQB1=DQB1*02:01:01 | DPA1=DPA1*01:03:01:04 | DPB1=DPB1*04:01:01:01/DPB1*04:01:01:02,HLA-A=A*03:01:01:01 | HLA-C=C*07:02:01:03 | HLA-B=B*07:02:01 | DRB345=DRB5*01:01:01 | DRB1=DRB1*15:01:01:01SG | DQA1=DQA1*01:02:01:01SG | DQB1=DQB1*06:02:01 | DPA1=DPA1*01:03:01:02 | DPB1=DPB1*04:01:01:01/DPB1*04:01:01:02,False,False,1.0,1.0,1.0,1.0,1.0,1.0,1.0,1.0,0.0
SYNTH_0613,Global,success,,340.3,1.0,1,0.0,HLA-A=A*25:01:01 | HLA-C=C*12:03:01:01 | HLA-B=B*18:01:01:02 | DRB345=DRB5*01:01:01 | DRB1=DRB1*15:01:01:01SG | DQA1=DQA1*01:02:01:01SG | DQB1=DQB1*06:02:01 | DPA1=DPA1*01:03:01:04 | DPB1=DPB1*23:01:01,HLA-A=A*03:01:01:01 | HLA-C=C*03:04:01:01 | HLA-B=B*40:01:02 | DRB345=DRB3*03:01:01 | DRB1=DRB1*13:02:01 | DQA1=DQA1*01:02:01:04SG | DQB1=DQB1*06:04:01 | DPA1=DPA1*01:03:01:04 | DPB1=DPB1*04:01:01:01/DPB1*04:01:01:02,False,False,1.0,1.0,1.0,1.0,1.0,1.0,1.0,1.0,0.0
SYNTH_0614,Global,success,,429.7,0.91011236,2,0.4361,HLA-A=A*01:01:01:01 | HLA-C=C*07:01:01:01 | HLA-B=B*08:01:01:01 | DRB345=DRB3*01:01:02:01 | DRB1=DRB1*03:01:01:01SG | DQA1=DQA1*05:01:01:02 | DQB1=DQB1*02:01:01 | DPA1=DPA1*01:03:01:02 | DPB1=DPB1*04:01:01:01/DPB1*04:01:01:02,HLA-A=A*01:01:01:01 | HLA-C=C*07:01:01:01 | HLA-B=B*08:01:01:01 | DRB345=DRB3*01:01:02:01 | DRB1=DRB1*03:01:01:01SG | DQA1=DQA1*05:01:01:02 | DQB1=DQB1*02:01:01 | DPA1=DPA1*02:01:02 | DPB1=DPB1*01:01:01,False,False,1.0,1.0,1.0,1.0,1.0,1.0,1.0,1.0,0.0
SYNTH_0615,Global,success,,175.5,0.39759036,13,2.8456,HLA-A=A*74:01:01 | HLA-C=C*07:18 | HLA-B=B*35:01:01:02 | DRB345=DRB3*03:01:01 | DRB1=DRB1*13:02:01 | DQA1=DQA1*01:02:01:04SG | DQB1=DQB1*03:19:01 | DPA1=DPA1*02:02:02 | DPB1=DPB1*01:01:01,HLA-A=A*29:02:01:01 | HLA-C=C*16:01:01:01 | HLA-B=B*44:03:01:01 | DRB345=DRB4*01:01:01:01 | DRB1=DRB1*07:01:01:01SG | DQA1=DQA1*02:01:01:01SG | DQB1=DQB1*02:02:01:01 | DPA1=DPA1*02:01:01:01 | DPB1=DPB1*11:01:01,False,False,0.0,1.0,1.0,1.0,1.0,1.0,1.0,0.0,0.0
SYNTH_0616,Global,success,,193.5,0.55555556,2,0.9911,HLA-A=A*11:01:01:01 | HLA-C=C*03:03:01:01 | HLA-B=B*15:01:01:01 | DRB345=DRB4*01:03:01:01/DRB4*01:03:01:01:03 | DRB1=DRB1*04:01:01:01SG | DQA1=DQA1*03:01:01 | DQB1=DQB1*03:02:01 | DPA1=DPA1*01:03:01:02 | DPB1=DPB1*04:01:01:01/DPB1*04:01:01:02,HLA-A=A*03:01:01:01 | HLA-C=C*04:01:01:01 | HLA-B=B*35:03:01 | DRB345=Abs | DRB1=DRB1*01:01:01 | DQA1=DQA1*01:01:01:02SG | DQB1=DQB1*05:01:01:03 | DPA1=DPA1*01:03:01:02 | DPB1=DPB1*04:01:01:01/DPB1*04:01:01:02,False,False,1.0,1.0,1.0,0.0,1.0,1.0,1.0,1.0,0.0
SYNTH_0617,Global,success,,302.3,0.85802469,3,0.707,HLA-A=A*01:01:01:01 | HLA-C=C*07:01:01:01 | HLA-B=B*08:01:01:01 | DRB345=DRB3*01:01:02:01 | DRB1=DRB1*03:01:01:01SG | DQA1=DQA1*05:01:01:02 | DQB1=DQB1*02:01:01 | DPA1=DPA1*01:03:01:02 | DPB1=DPB1*04:01:01:01/DPB1*04:01:01:02,HLA-A=A*02:01:01:01 | HLA-C=C*07:04:01:01 | HLA-B=B*44:27:01 | DRB345=DRB5*02:02 | DRB1=DRB1*16:01:01 | DQA1=DQA1*01:02:02 | DQB1=DQB1*05:02:01 | DPA1=DPA1*01:03:01:04 | DPB1=DPB1*04:01:01:01/DPB1*04:01:01:02,False,False,1.0,1.0,1.0,1.0,1.0,1.0,1.0,1.0,0.0
SYNTH_0618,Global,success,,168.7,1.0,1,0.0,HLA-A=A*01:01:01:01 | HLA-C=C*07:01:01:01 | HLA-B=B*08:01:01:01 | DRB345=DRB3*01:01:02:01 | DRB1=DRB1*03:01:01:01SG | DQA1=DQA1*05:01:01:02 | DQB1=DQB1*02:01:01 | DPA1=DPA1*01:03:01:02 | DPB1=DPB1*04:01:01:01/DPB1*04:01:01:02,HLA-A=A*29:02:01:01 | HLA-C=C*16:01:01:01 | HLA-B=B*44:03:01:01 | DRB345=DRB5*01:01:01 | DRB1=DRB1*15:01:01:01SG | DQA1=DQA1*01:02:01:01SG | DQB1=DQB1*06:02:01 | DPA1=DPA1*01:03:01:02 | DPB1=DPB1*04:01:01:01/DPB1*04:01:01:02,False,False,1.0,1.0,1.0,1.0,1.0,1.0,1.0,1.0,0.0
SYNTH_0619,Global,success,,168.1,1.0,1,0.0,HLA-A=A*02:01:01:01 | HLA-C=C*03:04:01:01 | HLA-B=B*15:01:01:01 | DRB345=DRB4*01:03:01:01/DRB4*01:03:01:01:03 | DRB1=DRB1*04:01:01:01SG | DQA1=DQA1*03:01:01 | DQB1=DQB1*03:02:01 | DPA1=DPA1*01:03:01:02 | DPB1=DPB1*04:01:01:01/DPB1*04:01:01:02,HLA-A=A*02:01:01:01 | HLA-C=C*07:02:01:03 | HLA-B=B*07:02:01 | DRB345=DRB3*03:01:01 | DRB1=DRB1*13:02:01 | DQA1=DQA1*01:02:01:04SG | DQB1=DQB1*06:04:01 | DPA1=DPA1*01:04 | DPB1=DPB1*15:01:01,False,False,1.0,1.0,1.0,0.0,1.0,1.0,1.0,1.0,0.0
SYNTH_0620,Global,success,,221.2,1.0,1,0.0,HLA-A=A*26:01:01:01 | HLA-C=C*12:03:01:01 | HLA-B=B*38:01:01 | DRB345=DRB4*01:03:01:01/DRB4*01:03:01:01:03 | DRB1=DRB1*04:02:01 | DQA1=DQA1*03:01:01 | DQB1=DQB1*03:02:01 | DPA1=DPA1*01:03:01:04 | DPB1=DPB1*04:01:01:01/DPB1*04:01:01:02,HLA-A=A*30:01:01 | HLA-C=C*06:02:01:01 | HLA-B=B*13:02:01 | DRB345=DRB4*01:03:01:01/DRB4*01:03:01:01:03 | DRB1=DRB1*07:01:01:01SG | DQA1=DQA1*02:01:01:01SG | DQB1=DQB1*02:02:01:01 | DPA1=DPA1*01:03:01:02 | DPB1=DPB1*04:01:01:01/DPB1*04:01:01:02,False,False,1.0,1.0,1.0,0.0,1.0,1.0,1.0,1.0,0.0
SYNTH_0621,Global,success,,237.8,0.6,2,0.971,HLA-A=A*02:01:01:01 | HLA-C=C*05:01:01:02 | HLA-B=B*44:02:01:01 | DRB345=DRB3*01:01:02:01 | DRB1=DRB1*13:01:01:01SG | DQA1=DQA1*01:03:01:02SG | DQB1=DQB1*06:03:01 | DPA1=DPA1*01:03:01:01 | DPB1=DPB1*02:01:02/DPB1*02:01:19,HLA-A=A*02:01:01:01 | HLA-C=C*07:02:01:03 | HLA-B=B*07:02:01 | DRB345=DRB4*01:01:01:01 | DRB1=DRB1*07:01:01:01SG | DQA1=DQA1*02:01:01:01SG | DQB1=DQB1*02:02:01:01 | DPA1=DPA1*01:03:01:04 | DPB1=DPB1*23:01:01,False,False,1.0,1.0,1.0,1.0,1.0,1.0,1.0,1.0,0.0
SYNTH_0622,Global,success,,225.9,1.0,1,0.0,HLA-A=A*01:01:01:01 | HLA-C=C*07:02:01:03 | HLA-B=B*07:02:01 | DRB345=DRB5*01:01:01 | DRB1=DRB1*15:01:01:01SG | DQA1=DQA1*01:02:01:01SG | DQB1=DQB1*06:02:01 | DPA1=DPA1*01:03:01:02 | DPB1=DPB1*04:01:01:01/DPB1*04:01:01:02,HLA-A=A*02:01:01:01 | HLA-C=C*03:04:01:01 | HLA-B=B*40:01:02 | DRB345=DRB3*03:01:01 | DRB1=DRB1*13:02:01 | DQA1=DQA1*01:02:01:04SG | DQB1=DQB1*06:04:01 | DPA1=DPA1*01:03:01:03 | DPB1=DPB1*03:01:01,False,False,1.0,1.0,1.0,1.0,1.0,1.0,1.0,1.0,0.0
SYNTH_0623,Global,success,,237.5,1.0,1,0.0,HLA-A=A*25:01:01 | HLA-C=C*12:03:01:01 | HLA-B=B*18:01:01:02 | DRB345=DRB5*01:01:01 | DRB1=DRB1*15:01:01:01SG | DQA1=DQA1*01:02:01:01SG | DQB1=DQB1*06:02:01 | DPA1=DPA1*01:03:01:01 | DPB1=DPB1*02:01:02/DPB1*02:01:19,HLA-A=A*02:01:01:01 | HLA-C=C*07:02:01:03 | HLA-B=B*07:02:01 | DRB345=DRB5*01:01:01 | DRB1=DRB1*15:01:01:01SG | DQA1=DQA1*01:02:01:01SG | DQB1=DQB1*06:02:01 | DPA1=DPA1*01:03:01:02 | DPB1=DPB1*04:01:01:01/DPB1*04:01:01:02,False,False,1.0,1.0,1.0,1.0,1.0,1.0,1.0,1.0,0.0
SYNTH_0624,Global,success,,268.3,0.81818182,2,0.684,HLA-A=A*29:02:01:01 | HLA-C=C*16:01:01:01 | HLA-B=B*44:04 | DRB345=DRB3*02:02:01:02 | DRB1=DRB1*11:01:01:01 | DQA1=DQA1*05:05:01:01SG | DQB1=DQB1*03:01:01:03 | DPA1=DPA1*01:03:01:03 | DPB1=DPB1*03:01:01,HLA-A=A*33:01:01 | HLA-C=C*08:02:01:01 | HLA-B=B*14:02:01:01 | DRB345=Abs | DRB1=DRB1*01:02:01 | DQA1=DQA1*01:01:02 | DQB1=DQB1*05:01:01:01 | DPA1=DPA1*01:03:01:04 | DPB1=DPB1*04:01:01:01/DPB1*04:01:01:02,False,False,1.0,1.0,1.0,1.0,1.0,1.0,1.0,1.0,0.0
SYNTH_0625,Global,success,,370.4,1.0,1,0.0,HLA-A=A*01:01:01:01 | HLA-C=C*07:01:01:01 | HLA-B=B*57:01:01 | DRB345=DRB4*01:03:01:02N | DRB1=DRB1*07:01:01:01SG | DQA1=DQA1*02:01:01:01SG | DQB1=DQB1*03:03:02:01 | DPA1=DPA1*01:03:01:02 | DPB1=DPB1*04:01:01:01/DPB1*04:01:01:02,HLA-A=A*29:02:01:02 | HLA-C=C*18:01 | HLA-B=B*81:01 | DRB345=Abs | DRB1=DRB1*08:04:01 | DQA1=DQA1*04:01:02:02 | DQB1=DQB1*04:02:01 | DPA1=DPA1*01:03:01:02 | DPB1=DPB1*18:01,False,False,1.0,1.0,1.0,1.0,1.0,1.0,1.0,1.0,0.0
SYNTH_0626,Global,success,,370.7,1.0,1,0.0,HLA-A=A*01:01:01:01 | HLA-C=C*07:01:01:01 | HLA-B=B*08:01:01:01 | DRB345=DRB3*01:01:02:01 | DRB1=DRB1*03:01:01:01SG | DQA1=DQA1*05:01:01:02 | DQB1=DQB1*02:01:01 | DPA1=DPA1*01:03:01:02 | DPB1=DPB1*04:01:01:01/DPB1*04:01:01:02,HLA-A=A*02:01:01:01 | HLA-C=C*03:03:01:01 | HLA-B=B*15:01:01:01 | DRB345=DRB3*02:02:01:02 | DRB1=DRB1*13:01:01:01SG | DQA1=DQA1*01:03:01:02SG | DQB1=DQB1*06:03:01 | DPA1=DPA1*01:03:01:04 | DPB1=DPB1*04:01:01:01/DPB1*04:01:01:02,False,False,1.0,1.0,1.0,1.0,1.0,1.0,1.0,1.0,0.0
SYNTH_0627,Global,success,,382.5,1.0,1,0.0,HLA-A=A*25:01:01 | HLA-C=C*12:03:01:01 | HLA-B=B*18:01:01:02 | DRB345=DRB5*01:01:01 | DRB1=DRB1*15:01:01:01SG | DQA1=DQA1*01:02:01:01SG | DQB1=DQB1*06:02:01 | DPA1=DPA1*01:03:01:05 | DPB1=DPB1*04:02:01:02,HLA-A=A*29:02:01:01 | HLA-C=C*16:01:01:01 | HLA-B=B*44:03:01:01 | DRB345=DRB4*01:01:01:01 | DRB1=DRB1*07:01:01:01SG | DQA1=DQA1*02:01:01:01SG | DQB1=DQB1*02:02:01:01 | DPA1=DPA1*02:01:01:01 | DPB1=DPB1*17:01,True,True,1.0,1.0,1.0,1.0,1.0,1.0,1.0,1.0,1.0
SYNTH_0628,Global,success,,359.0,1.0,1,0.0,HLA-A=A*68:05 | HLA-C=C*04:01:01:01 | HLA-B=B*40:05 | DRB345=DRB4*01:03:01:01/DRB4*01:03:01:01:03 | DRB1=DRB1*04:04:01 | DQA1=DQA1*04:01:01 | DQB1=DQB1*03:02:01 | DPA1=DPA1*01:03:01:05 | DPB1=DPB1*04:02:01:02,HLA-A=A*02:01:01:01 | HLA-C=C*07:02:01:01 | HLA-B=B*07:02:01 | DRB345=DRB5*01:01:01 | DRB1=DRB1*15:01:01:01SG | DQA1=DQA1*01:02:01:01SG | DQB1=DQB1*06:02:01 | DPA1=DPA1*01:03:01:02 | DPB1=DPB1*04:01:01:01/DPB1*04:01:01:02,False,False,1.0,1.0,1.0,0.0,1.0,1.0,1.0,1.0,0.0
SYNTH_0629,Global,success,,318.6,1.0,1,0.0,HLA-A=A*01:01:01:01 | HLA-C=C*07:01:01:01 | HLA-B=B*08:01:01:01 | DRB345=DRB3*01:01:02:01 | DRB1=DRB1*03:01:01:01SG | DQA1=DQA1*05:01:01:02 | DQB1=DQB1*02:01:01 | DPA1=DPA1*01:03:01:02 | DPB1=DPB1*04:01:01:01/DPB1*04:01:01:02,HLA-A=A*03:01:01:01 | HLA-C=C*01:02:01 | HLA-B=B*51:01:01:01 | DRB345=Abs | DRB1=DRB1*01:01:01 | DQA1=DQA1*01:01:01:02SG | DQB1=DQB1*05:01:01:03 | DPA1=DPA1*01:03:01:02 | DPB1=DPB1*04:01:01:01/DPB1*04:01:01:02,False,False,1.0,1.0,1.0,1.0,1.0,1.0,1.0,1.0,0.0
SYNTH_0630,Global,success,,317.7,1.0,1,0.0,HLA-A=A*02:01:01:01 | HLA-C=C*07:02:01:03 | HLA-B=B*07:02:01 | DRB345=DRB5*01:01:01 | DRB1=DRB1*15:01:01:01SG | DQA1=DQA1*01:02:01:01SG | DQB1=DQB1*06:02:01 | DPA1=DPA1*01:03:01:04 | DPB1=DPB1*04:01:01:01/DPB1*04:01:01:02,HLA-A=A*01:01:01:01 | HLA-C=C*06:02:01:01 | HLA-B=B*37:01:01 | DRB345=DRB5*01:01:01 | DRB1=DRB1*15:01:01:01SG | DQA1=DQA1*01:02:01:01SG | DQB1=DQB1*06:02:01 | DPA1=DPA1*01:03:01:04 | DPB1=DPB1*04:01:01:01/DPB1*04:01:01:02,False,False,1.0,1.0,1.0,1.0,1.0,1.0,1.0,1.0,0.0
SYNTH_0631,Global,success,,122.2,1.0,1,0.0,HLA-A=A*29:02:01:01 | HLA-C=C*16:01:01:01 | HLA-B=B*44:03:01:01 | DRB345=DRB4*01:01:01:01 | DRB1=DRB1*07:01:01:01SG | DQA1=DQA1*02:01:01:01SG | DQB1=DQB1*02:02:01:01 | DPA1=DPA1*02:01:01:01 | DPB1=DPB1*11:01:01,HLA-A=A*02:01:01:01 | HLA-C=C*05:01:01:02 | HLA-B=B*44:02:01:01 | DRB345=DRB4*01:03:01:01/DRB4*01:03:01:01:03 | DRB1=DRB1*04:01:01:01SG | DQA1=DQA1*03:03:01:01 | DQB1=DQB1*03:01:01:01 | DPA1=DPA1*01:03:01:03 | DPB1=DPB1*03:01:01,False,False,1.0,1.0,1.0,0.0,1.0,1.0,1.0,1.0,1.0
SYNTH_0632,Global,success,,616.4,1.0,1,0.0,HLA-A=A*01:01:01:01 | HLA-C=C*07:01:01:01 | HLA-B=B*08:01:01:01 | DRB345=DRB3*01:01:02:01 | DRB1=DRB1*03:01:01:01SG | DQA1=DQA1*05:01:01:02 | DQB1=DQB1*02:01:01 | DPA1=DPA1*02:01:02 | DPB1=DPB1*01:01:01,HLA-A=A*02:01:01:01 | HLA-C=C*06:02:01:01 | HLA-B=B*57:01:01 | DRB345=DRB4*01:03:01:02N | DRB1=DRB1*07:01:01:01SG | DQA1=DQA1*02:01:01:01SG | DQB1=DQB1*03:03:02:01 | DPA1=DPA1*01:03:01:02 | DPB1=DPB1*04:01:01:01/DPB1*04:01:01:02,False,False,1.0,1.0,1.0,1.0,1.0,1.0,1.0,1.0,0.0
SYNTH_0633,Global,success,,274.4,1.0,1,0.0,HLA-A=A*26:01:01:01 | HLA-C=C*12:03:01:01 | HLA-B=B*38:01:01 | DRB345=DRB4*01:03:01:01/DRB4*01:03:01:01:03 | DRB1=DRB1*04:02:01 | DQA1=DQA1*03:01:01 | DQB1=DQB1*03:02:01 | DPA1=DPA1*01:03:01:04 | DPB1=DPB1*04:01:01:01/DPB1*04:01:01:02,HLA-A=A*01:01:01:01 | HLA-C=C*16:01:01:01 | HLA-B=B*44:03:01:01 | DRB345=DRB4*01:01:01:01 | DRB1=DRB1*07:01:01:01SG | DQA1=DQA1*02:01:01:01SG | DQB1=DQB1*02:02:01:01 | DPA1=DPA1*02:01:01:01 | DPB1=DPB1*11:01:01,False,False,1.0,1.0,1.0,0.0,1.0,1.0,1.0,1.0,0.0
SYNTH_0634,Global,success,,405.8,1.0,1,0.0,HLA-A=A*01:01:01:01 | HLA-C=C*07:01:01:01 | HLA-B=B*08:01:01:01 | DRB345=DRB3*01:01:02:01 | DRB1=DRB1*03:01:01:01SG | DQA1=DQA1*05:01:01:02 | DQB1=DQB1*02:01:01 | DPA1=DPA1*01:03:01:02 | DPB1=DPB1*04:01:01:01/DPB1*04:01:01:02,HLA-A=A*01:01:01:01 | HLA-C=C*02:02:02:01 | HLA-B=B*27:05:02 | DRB345=DRB5*01:01:01 | DRB1=DRB1*15:01:01:01SG | DQA1=DQA1*01:02:01:01SG | DQB1=DQB1*06:02:01 | DPA1=DPA1*01:03:01:02 | DPB1=DPB1*04:01:01:01/DPB1*04:01:01:02,False,False,1.0,1.0,1.0,1.0,1.0,1.0,1.0,1.0,0.0
SYNTH_0635,Global,success,,122.2,1.0,1,0.0,HLA-A=A*01:01:01:01 | HLA-C=C*06:02:01:01 | HLA-B=B*57:01:01 | DRB345=DRB3*02:02:01:02 | DRB1=DRB1*13:05:01 | DQA1=DQA1*05:05:01:01SG | DQB1=DQB1*03:01:01:03 | DPA1=DPA1*01:03:01:02 | DPB1=DPB1*04:01:01:01/DPB1*04:01:01:02,HLA-A=A*01:01:01:01 | HLA-C=C*07:01:01:01 | HLA-B=B*08:01:01:01 | DRB345=DRB4*01:03:01:01/DRB4*01:03:01:01:03 | DRB1=DRB1*04:01:01:01SG | DQA1=DQA1*03:03:01:01 | DQB1=DQB1*03:01:01:01 | DPA1=DPA1*01:03:01:04 | DPB1=DPB1*04:01:01:01/DPB1*04:01:01:02,False,False,1.0,1.0,1.0,0.0,1.0,1.0,1.0,1.0,0.0
SYNTH_0636,Global,success,,667.8,1.0,1,0.0,HLA-A=A*01:01:01:01 | HLA-C=C*07:01:01:01 | HLA-B=B*08:01:01:01 | DRB345=DRB3*01:01:02:01 | DRB1=DRB1*03:01:01:01SG | DQA1=DQA1*05:01:01:02 | DQB1=DQB1*02:01:01 | DPA1=DPA1*02:01:02 | DPB1=DPB1*01:01:01,HLA-A=A*02:01:01:01 | HLA-C=C*03:04:01:01 | HLA-B=B*40:01:02 | DRB345=DRB5*01:01:01 | DRB1=DRB1*15:01:01:01SG | DQA1=DQA1*01:02:01:01SG | DQB1=DQB1*06:02:01 | DPA1=DPA1*02:06 | DPB1=DPB1*05:01:01,True,False,1.0,1.0,1.0,1.0,1.0,1.0,1.0,1.0,1.0
SYNTH_0637,Global,success,,668.3,1.0,1,0.0,HLA-A=A*01:01:01:01 | HLA-C=C*07:01:01:01 | HLA-B=B*08:01:01:01 | DRB345=DRB3*01:01:02:02 | DRB1=DRB1*03:01:01:01SG | DQA1=DQA1*05:01:01:02 | DQB1=DQB1*02:01:01 | DPA1=DPA1*01:03:01:04 | DPB1=DPB1*04:01:01:01/DPB1*04:01:01:02,HLA-A=A*26:01:01:01 | HLA-C=C*12:03:01:01 | HLA-B=B*38:01:01 | DRB345=DRB4*01:03:01:01/DRB4*01:03:01:01:03 | DRB1=DRB1*04:02:01 | DQA1=DQA1*03:01:01 | DQB1=DQB1*03:02:01 | DPA1=DPA1*01:03:01:04 | DPB1=DPB1*04:01:01:01/DPB1*04:01:01:02,False,False,1.0,1.0,1.0,0.0,1.0,1.0,1.0,1.0,0.0
SYNTH_0638,Global,success,,381.2,1.0,1,0.0,HLA-A=A*11:01:01:01 | HLA-C=C*12:02:02 | HLA-B=B*52:01:01:02 | DRB345=DRB5*01:02 | DRB1=DRB1*15:02:01:01SG | DQA1=DQA1*01:03:01:01 | DQB1=DQB1*06:01:01 | DPA1=DPA1*02:02:01 | DPB1=DPB1*04:01:01:01/DPB1*04:01:01:02,HLA-A=A*68:01:02:02 | HLA-C=C*03:04:01:02 | HLA-B=B*40:01:02 | DRB345=DRB4*01:03:01:01/DRB4*01:03:01:01:03 | DRB1=DRB1*04:01:01:01SG | DQA1=DQA1*03:03:01:01 | DQB1=DQB1*03:01:01:01 | DPA1=DPA1*01:03:01:03 | DPB1=DPB1*03:01:01,False,False,1.0,1.0,1.0,0.0,1.0,1.0,1.0,1.0,0.0
SYNTH_0639,Global,success,,633.0,1.0,1,0.0,HLA-A=A*02:01:01:01 | HLA-C=C*05:01:01:02 | HLA-B=B*44:02:01:01 | DRB345=DRB4*01:03:01:01/DRB4*01:03:01:01:03 | DRB1=DRB1*04:01:01:01SG | DQA1=DQA1*03:03:01:01 | DQB1=DQB1*03:01:01:01 | DPA1=DPA1*01:03:01:03 | DPB1=DPB1*03:01:01,HLA-A=A*02:01:01:01 | HLA-C=C*03:04:01:01 | HLA-B=B*40:01:02 | DRB345=DRB3*03:01:01 | DRB1=DRB1*13:02:01 | DQA1=DQA1*01:02:01:04SG | DQB1=DQB1*06:04:01 | DPA1=DPA1*01:03:01:03 | DPB1=DPB1*03:01:01,False,False,1.0,1.0,1.0,0.0,1.0,1.0,1.0,1.0,1.0
SYNTH_0640,Global,success,,284.0,1.0,1,0.0,HLA-A=A*01:01:01:01 | HLA-C=C*07:01:01:01 | HLA-B=B*08:01:01:01 | DRB345=DRB3*01:01:02:01 | DRB1=DRB1*03:01:01:01SG | DQA1=DQA1*05:01:01:02 | DQB1=DQB1*02:01:01 | DPA1=DPA1*01:03:01:02 | DPB1=DPB1*04:01:01:01/DPB1*04:01:01:02,HLA-A=A*29:02:01:01 | HLA-C=C*08:02:01:01 | HLA-B=B*14:02:01:01 | DRB345=DRB4*01:01:01:01 | DRB1=DRB1*07:01:01:01SG | DQA1=DQA1*02:01:01:01SG | DQB1=DQB1*02:02:01:01 | DPA1=DPA1*01:04 | DPB1=DPB1*15:01:01,False,False,1.0,1.0,1.0,1.0,1.0,1.0,1.0,1.0,0.0
SYNTH_0641,Global,success,,122.5,0.91011236,2,0.4361,HLA-A=A*01:01:01:01 | HLA-C=C*07:01:01:01 | HLA-B=B*08:01:01:01 | DRB345=DRB3*01:01:02:01 | DRB1=DRB1*03:01:01:01SG | DQA1=DQA1*05:01:01:02 | DQB1=DQB1*02:01:01 | DPA1=DPA1*02:01:02 | DPB1=DPB1*01:01:01,HLA-A=A*02:01:01:01 | HLA-C=C*07:02:01:03 | HLA-B=B*07:02:01 | DRB345=DRB3*02:02:01:01 | DRB1=DRB1*14:54:01 | DQA1=DQA1*01:04:01:01SG | DQB1=DQB1*05:03:01:01/DQB1*05:03:01:02 | DPA1=DPA1*01:03:01:01 | DPB1=DPB1*02:01:02/DPB1*02:01:19,False,False,1.0,1.0,1.0,1.0,1.0,1.0,0.0,1.0,0.0
SYNTH_0642,Global,success,,427.3,0.96428571,2,0.2223,HLA-A=A*03:01:01:01 | HLA-C=C*07:02:01:03 | HLA-B=B*07:02:01 | DRB345=DRB5*01:01:01 | DRB1=DRB1*15:01:01:01SG | DQA1=DQA1*01:02:01:01SG | DQB1=DQB1*06:02:01 | DPA1=DPA1*01:03:01:02 | DPB1=DPB1*04:01:01:01/DPB1*04:01:01:02,HLA-A=A*01:01:01:01 | HLA-C=C*07:01:01:01 | HLA-B=B*08:01:01:01 | DRB345=DRB3*01:01:02:01 | DRB1=DRB1*03:01:01:01SG | DQA1=DQA1*05:01:01:02 | DQB1=DQB1*02:01:01 | DPA1=DPA1*02:01:02 | DPB1=DPB1*01:01:01,False,False,1.0,1.0,1.0,1.0,1.0,1.0,1.0,1.0,0.0
SYNTH_0643,Global,success,,432.6,1.0,1,0.0,HLA-A=A*01:01:01:01 | HLA-C=C*07:01:01:01 | HLA-B=B*08:01:01:01 | DRB345=DRB3*01:01:02:02 | DRB1=DRB1*03:01:01:01SG | DQA1=DQA1*05:01:01:02 | DQB1=DQB1*02:01:01 | DPA1=DPA1*01:03:01:04 | DPB1=DPB1*04:01:01:01/DPB1*04:01:01:02,HLA-A=A*03:01:01:01 | HLA-C=C*03:04:01:01 | HLA-B=B*15:01:01:01 | DRB345=DRB4*01:03:01:01/DRB4*01:03:01:01:03 | DRB1=DRB1*04:01:01:01SG | DQA1=DQA1*03:01:01 | DQB1=DQB1*03:02:01 | DPA1=DPA1*01:03:01:02 | DPB1=DPB1*04:01:01:01/DPB1*04:01:01:02,False,False,1.0,1.0,1.0,0.0,1.0,1.0,1.0,1.0,0.0
SYNTH_0644,Global,success,,513.4,0.59510204,21,2.1735,HLA-A=A*01:01:01:01 | HLA-C=C*07:01:01:01 | HLA-B=B*08:01:01:01 | DRB345=DRB3*01:01:02:01 | DRB1=DRB1*03:01:01:01SG | DQA1=DQA1*05:01:01:02 | DQB1=DQB1*02:01:01 | DPA1=DPA1*02:01:02 | DPB1=DPB1*01:01:01,HLA-A=A*01:01:01:01 | HLA-C=C*07:01:01:01 | HLA-B=B*08:01:01:01 | DRB345=DRB3*01:01:02:01 | DRB1=DRB1*03:01:01:01SG | DQA1=DQA1*05:01:01:02 | DQB1=DQB1*02:01:01 | DPA1=DPA1*02:01:02 | DPB1=DPB1*01:01:01,False,False,1.0,1.0,1.0,1.0,1.0,0.0,1.0,1.0,1.0
SYNTH_0645,Global,success,,542.1,0.57142857,2,0.9852,HLA-A=A*01:01:01:01 | HLA-C=C*07:01:01:01 | HLA-B=B*08:01:01:01 | DRB345=DRB5*01:01:01 | DRB1=DRB1*15:01:01:01SG | DQA1=DQA1*01:02:01:01SG | DQB1=DQB1*06:02:01 | DPA1=DPA1*01:03:01:04 | DPB1=DPB1*04:01:01:01/DPB1*04:01:01:02,HLA-A=A*02:01:01:01 | HLA-C=C*06:02:01:01 | HLA-B=B*37:01:01 | DRB345=DRB3*02:02:01:02 | DRB1=DRB1*11:01:01:01 | DQA1=DQA1*05:05:01:01SG | DQB1=DQB1*03:01:01:03 | DPA1=DPA1*01:03:01:02 | DPB1=DPB1*04:01:01:01/DPB1*04:01:01:02,False,False,1.0,1.0,0.0,1.0,1.0,1.0,1.0,1.0,0.0
SYNTH_0646,Global,success,,308.4,1.0,1,0.0,HLA-A=A*23:01:01 | HLA-C=C*04:01:01:01 | HLA-B=B*44:03:01:01 | DRB345=DRB4*01:01:01:01 | DRB1=DRB1*07:01:01:01SG | DQA1=DQA1*02:01:01:01SG | DQB1=DQB1*02:02:01:01 | DPA1=DPA1*01:03:01:05 | DPB1=DPB1*04:02:01:02,HLA-A=A*02:01:01:01 | HLA-C=C*07:02:01:01 | HLA-B=B*39:02:02 | DRB345=DRB5*02:02 | DRB1=DRB1*16:02:01:02 | DQA1=DQA1*05:05:01:05SG | DQB1=DQB1*03:01:01:01 | DPA1=DPA1*01:03:01:05 | DPB1=DPB1*04:02:01:02,True,False,1.0,1.0,1.0,1.0,1.0,1.0,1.0,1.0,1.0
SYNTH_0647,Global,success,,171.0,0.94285714,2,0.316,HLA-A=A*29:02:01:01 | HLA-C=C*16:01:01:01 | HLA-B=B*44:03:01:01 | DRB345=DRB4*01:01:01:01 | DRB1=DRB1*07:01:01:01SG | DQA1=DQA1*02:01:01:01SG | DQB1=DQB1*02:02:01:01 | DPA1=DPA1*01:03:01:04 | DPB1=DPB1*04:01:01:01/DPB1*04:01:01:02,HLA-A=A*29:02:01:01 | HLA-C=C*16:01:01:01 | HLA-B=B*44:03:01:01 | DRB345=DRB4*01:01:01:01 | DRB1=DRB1*07:01:01:01SG | DQA1=DQA1*02:01:01:01SG | DQB1=DQB1*02:02:01:01 | DPA1=DPA1*02:01:01:01 | DPB1=DPB1*11:01:01,False,False,1.0,1.0,1.0,1.0,1.0,1.0,1.0,1.0,0.0
SYNTH_0648,Global,success,,289.3,0.86170213,4,0.7939,HLA-A=A*01:01:01:01 | HLA-C=C*07:01:01:01 | HLA-B=B*08:01:01:01 | DRB345=DRB3*01:01:02:01 | DRB1=DRB1*03:01:01:01SG | DQA1=DQA1*05:01:01:02 | DQB1=DQB1*02:01:01 | DPA1=DPA1*02:01:02 | DPB1=DPB1*01:01:01,HLA-A=A*02:01:01:01 | HLA-C=C*03:04:01:02 | HLA-B=B*40:01:02 | DRB345=DRB3*02:02:01:02 | DRB1=DRB1*11:01:01:01 | DQA1=DQA1*05:05:01:01SG | DQB1=DQB1*03:01:01:03 | DPA1=DPA1*01:03:01:02 | DPB1=DPB1*04:01:01:01/DPB1*04:01:01:02,False,False,1.0,1.0,1.0,1.0,1.0,1.0,1.0,1.0,0.0
SYNTH_0649,Global,success,,92.8,0.89189189,2,0.4942,HLA-A=A*29:02:01:01 | HLA-C=C*16:01:01:01 | HLA-B=B*44:03:01:01 | DRB345=DRB4*01:01:01:01 | DRB1=DRB1*07:01:01:01SG | DQA1=DQA1*02:01:01:01SG | DQB1=DQB1*02:02:01:01 | DPA1=DPA1*02:01:01:01 | DPB1=DPB1*11:01:01,HLA-A=A*02:01:01:01 | HLA-C=C*08:02:01:01 | HLA-B=B*14:02:01:01 | DRB345=DRB4*01:03:01:01/DRB4*01:03:01:01:03 | DRB1=DRB1*07:01:01:01SG | DQA1=DQA1*02:01:01:01SG | DQB1=DQB1*02:02:01:01 | DPA1=DPA1*01:03:01:03 | DPB1=DPB1*03:01:01,False,False,1.0,1.0,1.0,0.0,1.0,1.0,1.0,1.0,1.0
SYNTH_0650,Global,success,,193.4,1.0,1,0.0,HLA-A=A*29:02:01:01 | HLA-C=C*16:01:01:01 | HLA-B=B*44:03:01:01 | DRB345=DRB4*01:01:01:01 | DRB1=DRB1*07:01:01:01SG | DQA1=DQA1*02:01:01:01SG | DQB1=DQB1*02:02:01:01 | DPA1=DPA1*02:01:01:01 | DPB1=DPB1*11:01:01,HLA-A=A*02:01:01:01 | HLA-C=C*07:02:01:01 | HLA-B=B*39:05:01 | DRB345=DRB4*01:03:01:01/DRB4*01:03:01:01:03 | DRB1=DRB1*04:07:01 | DQA1=DQA1*03:01:01 | DQB1=DQB1*03:02:01 | DPA1=DPA1*01:03:01:05 | DPB1=DPB1*04:02:01:02,False,False,1.0,1.0,1.0,0.0,1.0,1.0,1.0,1.0,1.0
SYNTH_0651,Global,success,,193.8,0.44041522,6,1.9691,HLA-A=A*02:01:01:01 | HLA-C=C*07:02:01:03 | HLA-B=B*07:02:01 | DRB345=DRB5*01:01:01 | DRB1=DRB1*15:01:01:01SG | DQA1=DQA1*01:02:01:01SG | DQB1=DQB1*06:02:01 | DPA1=DPA1*01:03:01:04 | DPB1=DPB1*04:01:01:01/DPB1*04:01:01:02,HLA-A=A*02:01:01:01 | HLA-C=C*07:02:01:03 | HLA-B=B*07:02:01 | DRB345=DRB5*01:01:01 | DRB1=DRB1*15:01:01:01SG | DQA1=DQA1*01:02:01:01SG | DQB1=DQB1*06:02:01 | DPA1=DPA1*01:03:01:02 | DPB1=DPB1*04:01:01:01/DPB1*04:01:01:02,False,False,1.0,1.0,1.0,1.0,1.0,1.0,1.0,1.0,0.0
SYNTH_0652,Global,success,,316.4,0.42277446,18,2.7939,HLA-A=A*03:01:01:01 | HLA-C=C*07:02:01:03 | HLA-B=B*07:02:01 | DRB345=DRB5*01:01:01 | DRB1=DRB1*15:01:01:01SG | DQA1=DQA1*01:02:01:01SG | DQB1=DQB1*06:02:01 | DPA1=DPA1*01:03:01:02 | DPB1=DPB1*04:01:01:01/DPB1*04:01:01:02,HLA-A=A*03:01:01:01 | HLA-C=C*04:01:01:01 | HLA-B=B*35:01:01:02 | DRB345=Abs | DRB1=DRB1*01:01:01 | DQA1=DQA1*01:01:01:02SG | DQB1=DQB1*05:01:01:03 | DPA1=DPA1*01:03:01:05 | DPB1=DPB1*04:02:01:02,False,False,1.0,1.0,1.0,1.0,1.0,1.0,1.0,1.0,0.0
SYNTH_0653,Global,success,,208.1,1.0,1,0.0,HLA-A=A*02:01:01:01 | HLA-C=C*05:01:01:02 | HLA-B=B*44:02:01:01 | DRB345=DRB4*01:03:01:01/DRB4*01:03:01:01:03 | DRB1=DRB1*04:01:01:01SG | DQA1=DQA1*03:03:01:01 | DQB1=DQB1*03:01:01:01 | DPA1=DPA1*01:03:01:04 | DPB1=DPB1*04:01:01:01/DPB1*04:01:01:02,HLA-A=A*01:01:01:01 | HLA-C=C*16:01:01:01 | HLA-B=B*44:03:01:01 | DRB345=DRB4*01:01:01:01 | DRB1=DRB1*07:01:01:01SG | DQA1=DQA1*02:01:01:01SG | DQB1=DQB1*02:02:01:01 | DPA1=DPA1*02:01:01:01 | DPB1=DPB1*11:01:01,False,False,1.0,1.0,1.0,0.0,1.0,1.0,1.0,1.0,0.0
SYNTH_0654,Global,success,,236.1,1.0,1,0.0,HLA-A=A*01:01:01:01 | HLA-C=C*07:01:01:01 | HLA-B=B*08:01:01:01 | DRB345=DRB3*01:01:02:01 | DRB1=DRB1*03:01:01:01SG | DQA1=DQA1*05:01:01:02 | DQB1=DQB1*02:01:01 | DPA1=DPA1*02:01:01:02 | DPB1=DPB1*09:01:01,HLA-A=A*02:01:01:01 | HLA-C=C*05:01:01:02 | HLA-B=B*44:02:01:01 | DRB345=DRB4*01:03:01:01/DRB4*01:03:01:01:03 | DRB1=DRB1*04:01:01:01SG | DQA1=DQA1*03:03:01:01 | DQB1=DQB1*03:01:01:01 | DPA1=DPA1*01:03:01:04 | DPB1=DPB1*04:01:01:01/DPB1*04:01:01:02,False,False,1.0,1.0,1.0,0.0,1.0,1.0,1.0,1.0,0.0
SYNTH_0655,Global,success,,151.9,0.56006914,4,1.3973,HLA-A=A*01:01:01:01 | HLA-C=C*07:01:01:01 | HLA-B=B*08:01:01:01 | DRB345=DRB3*01:01:02:01 | DRB1=DRB1*03:01:01:01SG | DQA1=DQA1*05:01:01:02 | DQB1=DQB1*02:01:01 | DPA1=DPA1*02:01:02 | DPB1=DPB1*01:01:01,HLA-A=A*68:03:01 | HLA-C=C*07:02:01:01 | HLA-B=B*39:05:01 | DRB345=DRB4*01:03:01:01/DRB4*01:03:01:01:03 | DRB1=DRB1*04:07:01 | DQA1=DQA1*03:01:01 | DQB1=DQB1*03:02:01 | DPA1=DPA1*01:03:01:05 | DPB1=DPB1*04:02:01:02,False,False,1.0,1.0,1.0,0.0,1.0,1.0,1.0,1.0,1.0
SYNTH_0656,Global,success,,283.7,1.0,1,0.0,HLA-A=A*01:01:01:01 | HLA-C=C*07:01:01:01 | HLA-B=B*08:01:01:01 | DRB345=DRB3*01:01:02:01 | DRB1=DRB1*03:01:01:01SG | DQA1=DQA1*05:01:01:02 | DQB1=DQB1*02:01:01 | DPA1=DPA1*02:01:02 | DPB1=DPB1*01:01:01,HLA-A=A*02:01:01:01 | HLA-C=C*07:02:01:03 | HLA-B=B*07:02:01 | DRB345=DRB5*01:01:01 | DRB1=DRB1*15:01:01:01SG | DQA1=DQA1*01:02:01:01SG | DQB1=DQB1*06:02:01 | DPA1=DPA1*01:03:01:04 | DPB1=DPB1*04:01:01:01/DPB1*04:01:01:02,False,False,1.0,1.0,1.0,1.0,1.0,1.0,1.0,1.0,0.0
SYNTH_0657,Global,success,,472.4,0.27777778,8,2.8062,HLA-A=A*24:02:01:01 | HLA-C=C*05:01:01:02 | HLA-B=B*44:02:01:01 | DRB345=DRB3*02:02:01:02 | DRB1=DRB1*11:01:01:01 | DQA1=DQA1*05:05:01:01SG | DQB1=DQB1*03:01:01:03 | DPA1=DPA1*01:03:01:02 | DPB1=DPB1*04:01:01:01/DPB1*04:01:01:02,HLA-A=A*24:02:01:01 | HLA-C=C*07:02:01:03 | HLA-B=B*07:02:01 | DRB345=DRB5*01:01:01 | DRB1=DRB1*15:01:01:01SG | DQA1=DQA1*01:02:01:01SG | DQB1=DQB1*06:02:01 | DPA1=DPA1*01:03:01:01 | DPB1=DPB1*02:01:02/DPB1*02:01:19,False,False,1.0,1.0,1.0,1.0,1.0,1.0,1.0,1.0,0.0
SYNTH_0658,Global,success,,372.4,1.0,1,0.0,HLA-A=A*03:01:01:01 | HLA-C=C*07:02:01:03 | HLA-B=B*07:02:01 | DRB345=DRB5*01:01:01 | DRB1=DRB1*15:01:01:01SG | DQA1=DQA1*01:02:01:01SG | DQB1=DQB1*06:03:01 | DPA1=DPA1*01:03:01:02 | DPB1=DPB1*04:01:01:01/DPB1*04:01:01:02,HLA-A=A*33:01:01 | HLA-C=C*08:02:01:01 | HLA-B=B*14:02:01:01 | DRB345=Abs | DRB1=DRB1*01:02:01 | DQA1=DQA1*01:01:02 | DQB1=DQB1*05:01:01:01 | DPA1=DPA1*01:03:01:03 | DPB1=DPB1*03:01:01,False,False,1.0,1.0,1.0,1.0,1.0,1.0,1.0,1.0,0.0
SYNTH_0659,Global,success,,265.4,1.0,1,0.0,HLA-A=A*01:01:01:01 | HLA-C=C*07:01:01:01 | HLA-B=B*08:01:01:01 | DRB345=DRB3*01:01:02:01 | DRB1=DRB1*03:01:01:01SG | DQA1=DQA1*05:01:01:02 | DQB1=DQB1*02:01:01 | DPA1=DPA1*02:01:02 | DPB1=DPB1*01:01:01,HLA-A=A*29:02:01:01 | HLA-C=C*08:02:01:01 | HLA-B=B*14:02:01:01 | DRB345=DRB4*01:01:01:01 | DRB1=DRB1*07:01:01:01SG | DQA1=DQA1*02:01:01:01SG | DQB1=DQB1*02:02:01:01 | DPA1=DPA1*01:04 | DPB1=DPB1*15:01:01,True,False,1.0,1.0,1.0,1.0,1.0,1.0,1.0,1.0,1.0
SYNTH_0660,Global,success,,360.7,0.5,3,1.4772,HLA-A=A*01:01:01:01 | HLA-C=C*06:02:01:01 | HLA-B=B*57:01:01 | DRB345=DRB4*01:03:01:02N | DRB1=DRB1*07:01:01:01SG | DQA1=DQA1*02:01:01:01SG | DQB1=DQB1*03:03:02:01 | DPA1=DPA1*01:03:01:01 | DPB1=DPB1*02:01:02/DPB1*02:01:19,HLA-A=A*68:03:01 | HLA-C=C*07:02:01:01 | HLA-B=B*39:05:01 | DRB345=DRB4*01:03:01:01/DRB4*01:03:01:01:03 | DRB1=DRB1*04:07:01 | DQA1=DQA1*03:01:01 | DQB1=DQB1*03:02:01 | DPA1=DPA1*01:03:01:05 | DPB1=DPB1*04:02:01:02,False,False,1.0,1.0,1.0,0.0,1.0,1.0,1.0,1.0,0.0
SYNTH_0661,Global,success,,82.7,0.89102564,2,0.4968,HLA-A=A*01:01:01:01 | HLA-C=C*07:01:01:01 | HLA-B=B*08:01:01:01 | DRB345=DRB3*01:01:02:01 | DRB1=DRB1*03:01:01:01SG | DQA1=DQA1*05:01:01:02 | DQB1=DQB1*02:01:01 | DPA1=DPA1*01:03:01:02 | DPB1=DPB1*04:01:01:01/DPB1*04:01:01:02,HLA-A=A*68:02:01:01 | HLA-C=C*07:18 | HLA-B=B*58:01:01:01 | DRB345=DRB5*01:01:01 | DRB1=DRB1*15:03:01:01SG | DQA1=DQA1*01:02:01:01SG | DQB1=DQB1*06:02:01 | DPA1=DPA1*01:03:01:01 | DPB1=DPB1*02:01:02/DPB1*02:01:19,False,False,1.0,1.0,1.0,1.0,1.0,1.0,1.0,1.0,0.0
SYNTH_0662,Global,success,,256.7,1.0,1,0.0,HLA-A=A*02:01:01:01 | HLA-C=C*16:02:01 | HLA-B=B*51:01:01:01 | DRB345=DRB3*02:02:01:01 | DRB1=DRB1*03:01:01:01SG | DQA1=DQA1*05:01:01:03 | DQB1=DQB1*02:01:01 | DPA1=DPA1*01:03:01:03 | DPB1=DPB1*03:01:01,HLA-A=A*01:01:01:01 | HLA-C=C*07:01:01:01 | HLA-B=B*08:01:01:01 | DRB345=DRB4*01:03:01:01/DRB4*01:03:01:01:03 | DRB1=DRB1*04:04:01 | DQA1=DQA1*03:01:01 | DQB1=DQB1*03:02:01 | DPA1=DPA1*01:03:01:03 | DPB1=DPB1*06:01:01,False,False,1.0,1.0,1.0,0.0,1.0,1.0,1.0,1.0,1.0
SYNTH_0663,Global,success,,254.7,1.0,1,0.0,HLA-A=A*02:01:01:01 | HLA-C=C*06:02:01:01 | HLA-B=B*37:01:01 | DRB345=DRB3*02:02:01:02 | DRB1=DRB1*11:01:01:01 | DQA1=DQA1*05:05:01:01SG | DQB1=DQB1*03:01:01:03 | DPA1=DPA1*01:03:01:02 | DPB1=DPB1*04:01:01:01/DPB1*04:01:01:02,HLA-A=A*03:01:01:01 | HLA-C=C*08:02:01:01 | HLA-B=B*14:02:01:01 | DRB345=Abs | DRB1=DRB1*01:02:01 | DQA1=DQA1*01:01:02 | DQB1=DQB1*05:01:01:01 | DPA1=DPA1*01:03:01:01 | DPB1=DPB1*02:01:02/DPB1*02:01:19,False,False,1.0,1.0,1.0,1.0,1.0,1.0,1.0,1.0,0.0
SYNTH_0664,Global,success,,413.8,0.40792839,16,2.6075,HLA-A=A*02:01:01:01 | HLA-C=C*05:01:01:02 | HLA-B=B*44:02:01:01 | DRB345=DRB4*01:03:01:01/DRB4*01:03:01:01:03 | DRB1=DRB1*04:01:01:01SG | DQA1=DQA1*03:03:01:01 | DQB1=DQB1*03:01:01:01 | DPA1=DPA1*01:03:01:04 | DPB1=DPB1*04:01:01:01/DPB1*04:01:01:02,HLA-A=A*02:01:01:01 | HLA-C=C*07:02:01:03 | HLA-B=B*07:02:01 | DRB345=Abs | DRB1=DRB1*01:01:01 | DQA1=DQA1*01:01:01:02SG | DQB1=DQB1*05:01:01:03 | DPA1=DPA1*01:03:01:02 | DPB1=DPB1*04:01:01:01/DPB1*04:01:01:02,False,False,1.0,1.0,1.0,0.0,0.0,1.0,1.0,1.0,0.0
SYNTH_0665,Global,success,,502.0,1.0,1,0.0,HLA-A=A*01:01:01:01 | HLA-C=C*07:01:01:01 | HLA-B=B*08:01:01:01 | DRB345=DRB3*01:01:02:02 | DRB1=DRB1*03:01:01:01SG | DQA1=DQA1*05:01:01:02 | DQB1=DQB1*02:01:01 | DPA1=DPA1*02:01:02 | DPB1=DPB1*01:01:01,HLA-A=A*02:01:01:01 | HLA-C=C*07:02:01:03 | HLA-B=B*07:02:01 | DRB345=DRB5*01:01:01 | DRB1=DRB1*15:01:01:01SG | DQA1=DQA1*01:02:01:01SG | DQB1=DQB1*06:02:01 | DPA1=DPA1*01:03:01:04 | DPB1=DPB1*04:01:01:01/DPB1*04:01:01:02,False,False,1.0,1.0,1.0,1.0,1.0,1.0,1.0,1.0,0.0
SYNTH_0666,Global,success,,200.6,1.0,1,0.0,HLA-A=A*01:01:01:01 | HLA-C=C*07:01:01:01 | HLA-B=B*08:01:01:01 | DRB345=DRB3*01:01:02:01 | DRB1=DRB1*03:01:01:01SG | DQA1=DQA1*05:01:01:02 | DQB1=DQB1*02:01:01 | DPA1=DPA1*02:01:02 | DPB1=DPB1*01:01:01,HLA-A=A*33:01:01 | HLA-C=C*08:02:01:01 | HLA-B=B*14:02:01:01 | DRB345=Abs | DRB1=DRB1*01:02:01 | DQA1=DQA1*01:01:02 | DQB1=DQB1*05:01:01:01 | DPA1=DPA1*01:03:01:03 | DPB1=DPB1*03:01:01,True,False,1.0,1.0,1.0,1.0,1.0,1.0,1.0,1.0,1.0
SYNTH_0667,Global,success,,407.8,1.0,1,0.0,HLA-A=A*02:01:01:01 | HLA-C=C*05:01:01:02 | HLA-B=B*44:02:01:01 | DRB345=DRB3*01:01:02:01 | DRB1=DRB1*13:01:01:01SG | DQA1=DQA1*01:03:01:02SG | DQB1=DQB1*06:03:01 | DPA1=DPA1*02:01:01:02 | DPB1=DPB1*10:01:01,HLA-A=A*02:01:01:01 | HLA-C=C*07:02:01:03 | HLA-B=B*07:02:01 | DRB345=DRB5*01:01:01 | DRB1=DRB1*15:01:01:01SG | DQA1=DQA1*01:02:01:01SG | DQB1=DQB1*06:02:01 | DPA1=DPA1*01:03:01:04 | DPB1=DPB1*04:01:01:01/DPB1*04:01:01:02,False,False,1.0,1.0,1.0,1.0,1.0,1.0,1.0,1.0,0.0
SYNTH_0668,Global,success,,124.4,1.0,1,0.0,HLA-A=A*01:01:01:01 | HLA-C=C*06:02:01:01 | HLA-B=B*57:01:01 | DRB345=DRB5*01:01:01 | DRB1=DRB1*15:01:01:01SG | DQA1=DQA1*01:02:01:01SG | DQB1=DQB1*06:02:01 | DPA1=DPA1*01:03:01:04 | DPB1=DPB1*04:01:01:01/DPB1*04:01:01:02,HLA-A=A*24:02:01:01 | HLA-C=C*04:01:01:05 | HLA-B=B*35:01:01:02 | DRB345=Abs | DRB1=DRB1*01:03 | DQA1=DQA1*01:01:01:02SG | DQB1=DQB1*05:01:01:03 | DPA1=DPA1*01:03:01:01 | DPB1=DPB1*02:01:02/DPB1*02:01:19,False,False,1.0,1.0,1.0,1.0,1.0,1.0,1.0,1.0,0.0
SYNTH_0669,Global,success,,174.2,1.0,1,0.0,HLA-A=A*29:02:01:01 | HLA-C=C*07:01:01:01 | HLA-B=B*49:01:01 | DRB345=DRB5*01:01:01 | DRB1=DRB1*15:03:01:01SG | DQA1=DQA1*01:02:01:01SG | DQB1=DQB1*06:02:01 | DPA1=DPA1*03:01 | DPB1=DPB1*105:01,HLA-A=A*03:01:01:01 | HLA-C=C*07:02:01:03 | HLA-B=B*07:02:01 | DRB345=DRB5*01:01:01 | DRB1=DRB1*15:01:01:01SG | DQA1=DQA1*01:02:01:01SG | DQB1=DQB1*06:02:01 | DPA1=DPA1*01:03:01:03 | DPB1=DPB1*03:01:01,True,False,1.0,1.0,1.0,1.0,1.0,1.0,1.0,1.0,1.0
SYNTH_0670,Global,success,,153.7,1.0,1,0.0,HLA-A=A*02:01:01:01 | HLA-C=C*03:04:01:01 | HLA-B=B*40:01:02 | DRB345=DRB3*03:01:01 | DRB1=DRB1*13:02:01 | DQA1=DQA1*01:02:01:04SG | DQB1=DQB1*06:04:01 | DPA1=DPA1*01:03:01:03 | DPB1=DPB1*03:01:01,HLA-A=A*68:01:01:02 | HLA-C=C*07:02:01:01 | HLA-B=B*08:01:01:02 | DRB345=DRB3*02:02:01:01 | DRB1=DRB1*03:01:01:01SG | DQA1=DQA1*05:01:01:03 | DQB1=DQB1*02:01:01 | DPA1=DPA1*01:03:01:04 | DPB1=DPB1*04:01:01:01/DPB1*04:01:01:02,False,False,1.0,1.0,1.0,1.0,1.0,1.0,1.0,1.0,0.0
SYNTH_0671,Global,success,,253.5,0.91428571,2,0.422,HLA-A=A*02:01:01:01 | HLA-C=C*03:04:01:01 | HLA-B=B*15:01:01:01 | DRB345=DRB4*01:03:01:01/DRB4*01:03:01:01:03 | DRB1=DRB1*04:01:01:01SG | DQA1=DQA1*03:01:01 | DQB1=DQB1*03:02:01 | DPA1=DPA1*01:03:01:02 | DPB1=DPB1*04:01:01:01/DPB1*04:01:01:02,HLA-A=A*30:01:01 | HLA-C=C*17:01:01:02 | HLA-B=B*42:01:01 | DRB345=Abs | DRB1=DRB1*01:02:01 | DQA1=DQA1*01:01:02 | DQB1=DQB1*05:01:01:01 | DPA1=DPA1*02:01:08 | DPB1=DPB1*01:01:01,False,False,1.0,1.0,1.0,0.0,1.0,1.0,1.0,1.0,0.0
SYNTH_0672,Global,success,,86.9,1.0,1,0.0,HLA-A=A*30:02:01:01 | HLA-C=C*05:01:01:01 | HLA-B=B*18:01:01:01 | DRB345=DRB3*02:02:01:01 | DRB1=DRB1*03:01:01:01SG | DQA1=DQA1*05:01:01:01 | DQB1=DQB1*02:01:01 | DPA1=DPA1*01:03:01:01 | DPB1=DPB1*02:02,HLA-A=A*02:01:01:01 | HLA-C=C*07:02:01:03 | HLA-B=B*07:02:01 | DRB345=Abs | DRB1=DRB1*01:01:01 | DQA1=DQA1*01:01:01:02SG | DQB1=DQB1*05:01:01:03 | DPA1=DPA1*01:03:01:02 | DPB1=DPB1*04:01:01:01/DPB1*04:01:01:02,False,False,1.0,1.0,1.0,1.0,1.0,1.0,1.0,1.0,0.0
SYNTH_0673,Global,success,,604.2,0.51481481,6,1.6779,HLA-A=A*01:01:01:01 | HLA-C=C*07:01:01:01 | HLA-B=B*08:01:01:01 | DRB345=DRB3*01:01:02:01 | DRB1=DRB1*03:01:01:01SG | DQA1=DQA1*05:01:01:02 | DQB1=DQB1*02:01:01 | DPA1=DPA1*01:03:01:02 | DPB1=DPB1*04:01:01:01/DPB1*04:01:01:02,HLA-A=A*03:01:01:01 | HLA-C=C*08:02:01:01 | HLA-B=B*14:02:01:01 | DRB345=Abs | DRB1=DRB1*01:02:01 | DQA1=DQA1*01:01:02 | DQB1=DQB1*05:01:01:01 | DPA1=DPA1*01:03:01:01 | DPB1=DPB1*02:01:02/DPB1*02:01:19,False,False,1.0,1.0,1.0,1.0,1.0,1.0,1.0,1.0,0.0
SYNTH_0674,Global,success,,466.8,0.98245614,2,0.1274,HLA-A=A*03:01:01:01 | HLA-C=C*07:02:01:03 | HLA-B=B*07:02:01 | DRB345=DRB5*01:01:01 | DRB1=DRB1*15:01:01:01SG | DQA1=DQA1*01:02:01:01SG | DQB1=DQB1*06:02:01 | DPA1=DPA1*01:03:01:02 | DPB1=DPB1*04:01:01:01/DPB1*04:01:01:02,HLA-A=A*11:01:01:01 | HLA-C=C*04:01:01:05 | HLA-B=B*35:01:01:02 | DRB345=Abs | DRB1=DRB1*01:01:01 | DQA1=DQA1*01:01:01:02SG | DQB1=DQB1*05:01:01:03 | DPA1=DPA1*01:03:01:02 | DPB1=DPB1*04:01:01:01/DPB1*04:01:01:02,False,False,1.0,1.0,1.0,1.0,1.0,1.0,1.0,1.0,0.0
SYNTH_0675,Global,success,,474.0,0.66666667,4,1.3355,HLA-A=A*03:01:01:01 | HLA-C=C*04:01:01:01 | HLA-B=B*35:01:01:02 | DRB345=Abs | DRB1=DRB1*01:01:01 | DQA1=DQA1*01:01:01:02SG | DQB1=DQB1*05:01:01:03 | DPA1=DPA1*01:03:01:05 | DPB1=DPB1*04:02:01:02,HLA-A=A*36:01 | HLA-C=C*04:01:01:01 | HLA-B=B*53:01:01 | DRB345=DRB3*02:02:01:02 | DRB1=DRB1*11:01:02 | DQA1=DQA1*01:02:01:01SG | DQB1=DQB1*06:02:01 | DPA1=DPA1*01:03:01:01 | DPB1=DPB1*02:01:02/DPB1*02:01:19,False,False,0.0,1.0,1.0,1.0,1.0,1.0,1.0,1.0,0.0
SYNTH_0676,Global,success,,440.8,0.6,2,0.971,HLA-A=A*03:01:01:01 | HLA-C=C*07:02:01:03 | HLA-B=B*07:02:01 | DRB345=DRB4*01:03:01:01/DRB4*01:03:01:01:03 | DRB1=DRB1*04:01:01:01SG | DQA1=DQA1*03:01:01 | DQB1=DQB1*03:02:01 | DPA1=DPA1*01:03:01:02 | DPB1=DPB1*04:01:01:01/DPB1*04:01:01:02,HLA-A=A*02:01:01:01 | HLA-C=C*03:04:01:01 | HLA-B=B*40:01:02 | DRB345=DRB4*01:03:01:01/DRB4*01:03:01:01:03 | DRB1=DRB1*04:01:01:01SG | DQA1=DQA1*03:01:01 | DQB1=DQB1*03:02:01 | DPA1=DPA1*02:01:01:02 | DPB1=DPB1*10:01:01,False,False,1.0,1.0,1.0,0.0,1.0,1.0,1.0,1.0,0.0
SYNTH_0677,Global,success,,317.0,1.0,1,0.0,HLA-A=A*23:01:01 | HLA-C=C*07:01:01:01 | HLA-B=B*49:01:01 | DRB345=DRB5*01:01:01 | DRB1=DRB1*15:01:01:01SG | DQA1=DQA1*01:02:01:01SG | DQB1=DQB1*06:02:01 | DPA1=DPA1*02:01:01:02 | DPB1=DPB1*14:01:01,HLA-A=A*02:01:01:01 | HLA-C=C*02:02:02:01 | HLA-B=B*51:01:01:01 | DRB345=DRB3*02:02:01:02 | DRB1=DRB1*11:01:01:01 | DQA1=DQA1*05:05:01:01SG | DQB1=DQB1*03:01:01:03 | DPA1=DPA1*01:03:01:01 | DPB1=DPB1*02:01:02/DPB1*02:01:19,False,False,1.0,1.0,1.0,1.0,1.0,1.0,1.0,1.0,0.0
SYNTH_0678,Global,success,,421.8,1.0,1,0.0,HLA-A=A*01:01:01:01 | HLA-C=C*07:01:01:01 | HLA-B=B*08:01:01:01 | DRB345=DRB3*01:01:02:01 | DRB1=DRB1*03:01:01:01SG | DQA1=DQA1*05:01:01:02 | DQB1=DQB1*02:01:01 | DPA1=DPA1*02:01:02 | DPB1=DPB1*01:01:01,HLA-A=A*31:01:02:01 | HLA-C=C*04:01:01:06 | HLA-B=B*35:02:01 | DRB345=DRB4*01:03:01:01/DRB4*01:03:01:01:03 | DRB1=DRB1*04:03:01 | DQA1=DQA1*03:01:01 | DQB1=DQB1*03:05:01 | DPA1=DPA1*01:03:01:04 | DPB1=DPB1*04:01:01:01/DPB1*04:01:01:02,False,False,1.0,1.0,1.0,0.0,1.0,1.0,1.0,1.0,0.0
SYNTH_0679,Global,success,,422.5,0.89189189,2,0.4942,HLA-A=A*29:02:01:01 | HLA-C=C*16:01:01:01 | HLA-B=B*44:03:01:01 | DRB345=DRB4*01:01:01:01 | DRB1=DRB1*07:01:01:01SG | DQA1=DQA1*02:01:01:01SG | DQB1=DQB1*02:02:01:01 | DPA1=DPA1*02:01:01:01 | DPB1=DPB1*11:01:01,HLA-A=A*03:01:01:01 | HLA-C=C*07:02:01:03 | HLA-B=B*07:02:01 | DRB345=DRB5*01:01:01 | DRB1=DRB1*15:01:01:01SG | DQA1=DQA1*01:02:01:01SG | DQB1=DQB1*06:02:01 | DPA1=DPA1*01:03:01:04 | DPB1=DPB1*04:01:01:01/DPB1*04:01:01:02,False,False,1.0,1.0,1.0,1.0,1.0,1.0,1.0,1.0,0.0
SYNTH_0680,Global,success,,445.9,1.0,1,0.0,HLA-A=A*02:01:01:01 | HLA-C=C*05:01:01:02 | HLA-B=B*44:02:01:01 | DRB345=DRB4*01:03:01:01/DRB4*01:03:01:01:03 | DRB1=DRB1*04:01:01:01SG | DQA1=DQA1*03:03:01:01 | DQB1=DQB1*03:01:01:01 | DPA1=DPA1*01:03:01:02 | DPB1=DPB1*04:01:01:01/DPB1*04:01:01:02,HLA-A=A*02:01:01:01 | HLA-C=C*07:02:01:03 | HLA-B=B*07:02:01 | DRB345=DRB3*03:01:01 | DRB1=DRB1*13:02:01 | DQA1=DQA1*01:02:01:04SG | DQB1=DQB1*06:04:01 | DPA1=DPA1*01:03:01:03 | DPB1=DPB1*03:01:01,False,False,1.0,1.0,1.0,0.0,1.0,1.0,1.0,1.0,0.0
SYNTH_0681,Global,success,,404.7,0.68,4,1.3844,HLA-A=A*01:01:01:01 | HLA-C=C*07:01:01:01 | HLA-B=B*08:01:01:01 | DRB345=DRB3*01:01:02:01 | DRB1=DRB1*03:01:01:01SG | DQA1=DQA1*05:01:01:02 | DQB1=DQB1*02:01:01 | DPA1=DPA1*01:03:01:04 | DPB1=DPB1*04:01:01:01/DPB1*04:01:01:02,HLA-A=A*24:02:01:01 | HLA-C=C*04:01:01:06 | HLA-B=B*35:01:01:01 | DRB345=DRB3*02:02:01:02 | DRB1=DRB1*13:01:01:01SG | DQA1=DQA1*01:03:01:02SG | DQB1=DQB1*06:03:01 | DPA1=DPA1*01:03:01:01 | DPB1=DPB1*02:01:02/DPB1*02:01:19,False,False,0.0,1.0,1.0,1.0,1.0,1.0,1.0,1.0,0.0
SYNTH_0682,Global,success,,281.8,0.84615385,2,0.6194,HLA-A=A*02:01:01:01 | HLA-C=C*07:01:01:01 | HLA-B=B*18:01:01:02 | DRB345=DRB3*02:02:01:02 | DRB1=DRB1*11:04:01 | DQA1=DQA1*05:05:01:01SG | DQB1=DQB1*03:01:01:03 | DPA1=DPA1*01:03:01:05 | DPB1=DPB1*04:02:01:01,HLA-A=A*26:01:01:01 | HLA-C=C*03:04:01:02 | HLA-B=B*40:02:01 | DRB345=DRB4*01:03:02 | DRB1=DRB1*09:01:02 | DQA1=DQA1*03:02 | DQB1=DQB1*03:03:02:02/DQB1*03:03:02:03 | DPA1=DPA1*02:01:01:02 | DPB1=DPB1*09:01:01,False,False,0.0,0.0,1.0,1.0,1.0,1.0,0.0,1.0,1.0
SYNTH_0683,Global,success,,441.7,0.89189189,3,0.6023,HLA-A=A*33:01:01 | HLA-C=C*08:02:01:01 | HLA-B=B*14:02:01:01 | DRB345=Abs | DRB1=DRB1*01:02:01 | DQA1=DQA1*01:01:02 | DQB1=DQB1*05:01:01:01 | DPA1=DPA1*02:02:02 | DPB1=DPB1*01:01:01,HLA-A=A*29:02:01:01 | HLA-C=C*16:01:01:01 | HLA-B=B*44:03:01:01 | DRB345=DRB4*01:01:01:01 | DRB1=DRB1*07:01:01:01SG | DQA1=DQA1*02:01:01:01SG | DQB1=DQB1*02:02:01:01 | DPA1=DPA1*02:01:01:01 | DPB1=DPB1*11:01:01,True,False,1.0,1.0,1.0,1.0,1.0,1.0,1.0,1.0,1.0
SYNTH_0684,Global,success,,365.7,1.0,1,0.0,HLA-A=A*01:01:01:01 | HLA-C=C*07:02:01:03 | HLA-B=B*07:02:01 | DRB345=DRB5*01:01:01 | DRB1=DRB1*15:01:01:01SG | DQA1=DQA1*01:02:01:01SG | DQB1=DQB1*06:02:01 | DPA1=DPA1*01:03:01:04 | DPB1=DPB1*04:01:01:01/DPB1*04:01:01:02,HLA-A=A*11:01:01:01 | HLA-C=C*16:01:01:01 | HLA-B=B*44:03:01:01 | DRB345=DRB4*01:01:01:01 | DRB1=DRB1*07:01:01:01SG | DQA1=DQA1*02:01:01:01SG | DQB1=DQB1*02:02:01:01 | DPA1=DPA1*02:01:01:01 | DPB1=DPB1*11:01:01,False,False,1.0,1.0,1.0,1.0,1.0,1.0,1.0,1.0,0.0
SYNTH_0685,Global,success,,258.2,1.0,1,0.0,HLA-A=A*02:01:01:01 | HLA-C=C*05:01:01:02 | HLA-B=B*44:02:01:01 | DRB345=DRB3*01:01:02:01 | DRB1=DRB1*13:01:01:01SG | DQA1=DQA1*01:03:01:02SG | DQB1=DQB1*06:03:01 | DPA1=DPA1*01:03:01:02 | DPB1=DPB1*04:01:01:01/DPB1*04:01:01:02,HLA-A=A*31:01:02:01 | HLA-C=C*03:04:01:01 | HLA-B=B*40:01:02 | DRB345=DRB4*01:03:01:01/DRB4*01:03:01:01:03 | DRB1=DRB1*04:04:01 | DQA1=DQA1*03:01:01 | DQB1=DQB1*03:02:01 | DPA1=DPA1*01:03:01:02 | DPB1=DPB1*04:01:01:01/DPB1*04:01:01:02,False,False,1.0,1.0,1.0,0.0,1.0,1.0,1.0,1.0,0.0
SYNTH_0686,Global,success,,310.5,1.0,1,0.0,HLA-A=A*01:01:01:01 | HLA-C=C*07:01:01:01 | HLA-B=B*08:01:01:01 | DRB345=DRB3*01:01:02:01 | DRB1=DRB1*03:01:01:01SG | DQA1=DQA1*05:01:01:02 | DQB1=DQB1*02:01:01 | DPA1=DPA1*02:01:02 | DPB1=DPB1*01:01:01,HLA-A=A*02:01:01:01 | HLA-C=C*05:01:01:02 | HLA-B=B*44:02:01:01 | DRB345=DRB4*01:01:01:01 | DRB1=DRB1*07:01:01:01SG | DQA1=DQA1*02:01:01:01SG | DQB1=DQB1*02:02:01:01 | DPA1=DPA1*01:03:01:02 | DPB1=DPB1*04:01:01:01/DPB1*04:01:01:02,False,False,1.0,1.0,1.0,1.0,1.0,1.0,1.0,1.0,0.0
SYNTH_0687,Global,success,,1018.0,0.89189189,3,0.6023,HLA-A=A*29:02:01:01 | HLA-C=C*16:01:01:01 | HLA-B=B*44:03:01:01 | DRB345=DRB4*01:01:01:01 | DRB1=DRB1*07:01:01:01SG | DQA1=DQA1*02:01:01:01SG | DQB1=DQB1*02:02:01:01 | DPA1=DPA1*02:01:01:01 | DPB1=DPB1*11:01:01,HLA-A=A*03:01:01:01 | HLA-C=C*07:02:01:03 | HLA-B=B*07:02:01 | DRB345=Abs | DRB1=DRB1*01:02:01 | DQA1=DQA1*01:01:02 | DQB1=DQB1*05:01:01:01 | DPA1=DPA1*01:03:01:05 | DPB1=DPB1*04:02:01:02,True,False,1.0,1.0,1.0,1.0,1.0,1.0,1.0,1.0,1.0
SYNTH_0688,Global,success,,256.1,1.0,1,0.0,HLA-A=A*02:01:01:01 | HLA-C=C*05:01:01:02 | HLA-B=B*44:02:01:01 | DRB345=DRB4*01:03:01:01/DRB4*01:03:01:01:03 | DRB1=DRB1*04:01:01:01SG | DQA1=DQA1*03:03:01:01 | DQB1=DQB1*03:01:01:01 | DPA1=DPA1*01:03:01:01 | DPB1=DPB1*02:01:02/DPB1*02:01:19,HLA-A=A*02:01:01:01 | HLA-C=C*03:03:01:01 | HLA-B=B*15:01:01:01 | DRB345=DRB4*01:03:01:01/DRB4*01:03:01:01:03 | DRB1=DRB1*07:01:01:01SG | DQA1=DQA1*02:01:01:01SG | DQB1=DQB1*03:03:02:01 | DPA1=DPA1*01:03:01:02 | DPB1=DPB1*04:01:01:01/DPB1*04:01:01:02,False,False,1.0,1.0,1.0,0.0,1.0,1.0,1.0,1.0,0.0
SYNTH_0689,Global,success,,250.6,0.5,2,1.0,HLA-A=A*02:01:01:01 | HLA-C=C*02:02:02:01 | HLA-B=B*27:05:02 | DRB345=DRB4*01:03:01:01/DRB4*01:03:01:01:03 | DRB1=DRB1*04:01:01:01SG | DQA1=DQA1*03:03:01:01 | DQB1=DQB1*03:01:01:01 | DPA1=DPA1*01:03:01:02 | DPB1=DPB1*04:01:01:01/DPB1*04:01:01:02,HLA-A=A*02:01:01:01 | HLA-C=C*03:04:01:01 | HLA-B=B*40:01:02 | DRB345=DRB4*01:03:01:01/DRB4*01:03:01:01:03 | DRB1=DRB1*04:01:01:01SG | DQA1=DQA1*03:01:01 | DQB1=DQB1*03:02:01 | DPA1=DPA1*02:01:01:02 | DPB1=DPB1*10:01:01,False,False,0.0,1.0,1.0,0.0,1.0,1.0,1.0,1.0,0.0
SYNTH_0690,Global,success,,256.1,1.0,1,0.0,HLA-A=A*01:01:01:01 | HLA-C=C*07:18 | HLA-B=B*58:01:01:01 | DRB345=DRB4*01:01:01:01 | DRB1=DRB1*07:01:01:01SG | DQA1=DQA1*02:01:01:01SG | DQB1=DQB1*02:02:01:01 | DPA1=DPA1*01:03:01:04 | DPB1=DPB1*04:01:01:01/DPB1*04:01:01:02,HLA-A=A*01:01:01:01 | HLA-C=C*07:01:01:01 | HLA-B=B*08:01:01:01 | DRB345=DRB3*01:01:02:01 | DRB1=DRB1*03:01:01:01SG | DQA1=DQA1*05:01:01:02 | DQB1=DQB1*02:01:01 | DPA1=DPA1*02:01:02 | DPB1=DPB1*01:01:01,False,False,1.0,1.0,1.0,1.0,1.0,1.0,1.0,1.0,0.0
SYNTH_0691,Global,success,,155.0,0.77241379,2,0.7738,HLA-A=A*30:01:01 | HLA-C=C*03:04:02 | HLA-B=B*15:10:01 | DRB345=DRB3*02:02:01:01 | DRB1=DRB1*03:01:01:01SG | DQA1=DQA1*05:01:01:01 | DQB1=DQB1*02:01:01 | DPA1=DPA1*01:03:01:01 | DPB1=DPB1*02:01:02/DPB1*02:01:19,HLA-A=A*03:01:01:01 | HLA-C=C*07:02:01:03 | HLA-B=B*07:02:01 | DRB345=DRB5*01:01:01 | DRB1=DRB1*15:01:01:01SG | DQA1=DQA1*01:02:01:01SG | DQB1=DQB1*06:02:01 | DPA1=DPA1*01:03:01:02 | DPB1=DPB1*04:01:01:01/DPB1*04:01:01:02,False,False,1.0,1.0,1.0,1.0,1.0,1.0,1.0,0.0,0.0
SYNTH_0692,Global,success,,1021.6,0.44,5,2.0867,HLA-A=A*02:01:01:01 | HLA-C=C*07:02:01:03 | HLA-B=B*07:02:01 | DRB345=Abs | DRB1=DRB1*01:01:01 | DQA1=DQA1*01:01:01:02SG | DQB1=DQB1*05:01:01:03 | DPA1=DPA1*01:03:01:02 | DPB1=DPB1*04:01:01:01/DPB1*04:01:01:02,HLA-A=A*01:01:01:01 | HLA-C=C*07:01:01:01 | HLA-B=B*08:01:01:01 | DRB345=DRB3*01:01:02:02 | DRB1=DRB1*03:01:01:01SG | DQA1=DQA1*05:01:01:02 | DQB1=DQB1*02:01:01 | DPA1=DPA1*01:03:01:03 | DPB1=DPB1*03:01:01,False,False,1.0,1.0,1.0,1.0,1.0,1.0,1.0,1.0,0.0
SYNTH_0693,Global,success,,632.6,1.0,1,0.0,HLA-A=A*01:01:01:01 | HLA-C=C*03:04:01:01 | HLA-B=B*15:01:01:01 | DRB345=DRB4*01:03:01:01/DRB4*01:03:01:01:03 | DRB1=DRB1*04:01:01:01SG | DQA1=DQA1*03:01:01 | DQB1=DQB1*03:02:01 | DPA1=DPA1*01:03:01:02 | DPB1=DPB1*04:01:01:01/DPB1*04:01:01:02,HLA-A=A*02:01:01:01 | HLA-C=C*01:02:01 | HLA-B=B*27:05:02 | DRB345=Abs | DRB1=DRB1*01:01:01 | DQA1=DQA1*01:01:01:02SG | DQB1=DQB1*05:01:01:03 | DPA1=DPA1*01:03:01:02 | DPB1=DPB1*04:01:01:01/DPB1*04:01:01:02,False,False,1.0,1.0,1.0,0.0,1.0,1.0,1.0,1.0,0.0
SYNTH_0694,Global,success,,762.9,0.86170213,4,0.7939,HLA-A=A*01:01:01:01 | HLA-C=C*07:01:01:01 | HLA-B=B*08:01:01:01 | DRB345=DRB3*01:01:02:01 | DRB1=DRB1*03:01:01:01SG | DQA1=DQA1*05:01:01:02 | DQB1=DQB1*02:01:01 | DPA1=DPA1*02:01:02 | DPB1=DPB1*01:01:01,HLA-A=A*02:01:01:01 | HLA-C=C*04:01:01:01 | HLA-B=B*35:01:01:02 | DRB345=DRB4*01:03:01:01/DRB4*01:03:01:01:03 | DRB1=DRB1*04:04:01 | DQA1=DQA1*03:01:01 | DQB1=DQB1*03:02:01 | DPA1=DPA1*01:03:01:02 | DPB1=DPB1*02:01:02/DPB1*02:01:19,False,False,1.0,1.0,1.0,0.0,1.0,1.0,1.0,1.0,0.0
SYNTH_0695,Global,success,,739.8,0.91666667,2,0.4138,HLA-A=A*02:01:01:01 | HLA-C=C*05:01:01:02 | HLA-B=B*44:02:01:01 | DRB345=DRB4*01:03:01:01/DRB4*01:03:01:01:03 | DRB1=DRB1*04:01:01:01SG | DQA1=DQA1*03:03:01:01 | DQB1=DQB1*03:01:01:01 | DPA1=DPA1*01:04 | DPB1=DPB1*15:01:01,HLA-A=A*01:01:01:01 | HLA-C=C*07:01:01:01 | HLA-B=B*08:01:01:01 | DRB345=DRB3*01:01:02:01 | DRB1=DRB1*03:01:01:01SG | DQA1=DQA1*05:01:01:02 | DQB1=DQB1*02:01:01 | DPA1=DPA1*01:03:01:03 | DPB1=DPB1*03:01:01,False,False,1.0,1.0,1.0,0.0,1.0,1.0,1.0,1.0,1.0
SYNTH_0696,Global,success,,647.2,1.0,1,0.0,HLA-A=A*30:01:01 | HLA-C=C*06:02:01:01 | HLA-B=B*13:02:01 | DRB345=DRB4*01:03:01:01/DRB4*01:03:01:01:03 | DRB1=DRB1*07:01:01:01SG | DQA1=DQA1*02:01:01:01SG | DQB1=DQB1*02:02:01:01 | DPA1=DPA1*01:03:01:05 | DPB1=DPB1*04:02:01:02,HLA-A=A*26:01:01:01 | HLA-C=C*04:01:01:06 | HLA-B=B*35:01:01:02 | DRB345=DRB4*01:03:01:01/DRB4*01:03:01:01:03 | DRB1=DRB1*04:02:01 | DQA1=DQA1*03:01:01 | DQB1=DQB1*03:02:01 | DPA1=DPA1*01:03:01:02 | DPB1=DPB1*04:01:01:01/DPB1*04:01:01:02,False,False,1.0,1.0,1.0,0.0,1.0,1.0,1.0,1.0,0.0
SYNTH_0697,Global,success,,646.9,1.0,1,0.0,HLA-A=A*01:01:01:01 | HLA-C=C*07:01:01:01 | HLA-B=B*08:01:01:01 | DRB345=DRB3*01:01:02:01 | DRB1=DRB1*03:01:01:01SG | DQA1=DQA1*05:01:01:02 | DQB1=DQB1*02:01:01 | DPA1=DPA1*01:03:01:04 | DPB1=DPB1*04:01:01:01/DPB1*04:01:01:02,HLA-A=A*03:01:01:01 | HLA-C=C*07:02:01:03 | HLA-B=B*07:02:01 | DRB345=DRB5*01:01:01 | DRB1=DRB1*15:01:01:01SG | DQA1=DQA1*01:02:01:01SG | DQB1=DQB1*06:02:01 | DPA1=DPA1*01:03:01:04 | DPB1=DPB1*04:01:01:01/DPB1*04:01:01:02,False,False,1.0,1.0,1.0,1.0,1.0,1.0,1.0,1.0,0.0
SYNTH_0698,Global,success,,640.1,1.0,1,0.0,HLA-A=A*31:01:02:01 | HLA-C=C*01:02:01 | HLA-B=B*27:05:02 | DRB345=DRB4*01:03:01:01/DRB4*01:03:01:01:03 | DRB1=DRB1*04:04:01 | DQA1=DQA1*03:01:01 | DQB1=DQB1*03:02:01 | DPA1=DPA1*01:03:01:04 | DPB1=DPB1*04:01:01:01/DPB1*04:01:01:02,HLA-A=A*01:01:01:01 | HLA-C=C*07:01:01:01 | HLA-B=B*08:01:01:01 | DRB345=DRB3*01:01:02:01 | DRB1=DRB1*03:01:01:01SG | DQA1=DQA1*05:01:01:02 | DQB1=DQB1*02:01:01 | DPA1=DPA1*02:01:02 | DPB1=DPB1*01:01:01,False,False,1.0,1.0,1.0,0.0,1.0,1.0,1.0,1.0,0.0
SYNTH_0699,Global,success,,358.7,0.77777778,2,0.7642,HLA-A=A*02:01:01:01 | HLA-C=C*03:04:01:01 | HLA-B=B*40:01:02 | DRB345=DRB4*01:03:01:01/DRB4*01:03:01:01:03 | DRB1=DRB1*04:04:01 | DQA1=DQA1*03:01:01 | DQB1=DQB1*03:02:01 | DPA1=DPA1*01:03:01:03 | DPB1=DPB1*06:01:01,HLA-A=A*02:01:01:01 | HLA-C=C*06:02:01:01 | HLA-B=B*13:02:01 | DRB345=DRB4*01:03:01:01/DRB4*01:03:01:01:03 | DRB1=DRB1*07:01:01:01SG | DQA1=DQA1*02:01:01:01SG | DQB1=DQB1*02:02:01:01 | DPA1=DPA1*01:03:01:01 | DPB1=DPB1*02:01:02/DPB1*02:01:19,False,False,1.0,1.0,1.0,0.0,1.0,1.0,1.0,1.0,0.0
SYNTH_0700,Global,success,,360.8,1.0,1,0.0,HLA-A=A*01:01:01:01 | HLA-C=C*07:01:01:01 | HLA-B=B*08:01:01:01 | DRB345=DRB3*01:01:02:01 | DRB1=DRB1*03:01:01:01SG | DQA1=DQA1*05:01:01:02 | DQB1=DQB1*02:01:01 | DPA1=DPA1*01:03:01:02 | DPB1=DPB1*04:01:01:01/DPB1*04:01:01:02,HLA-A=A*02:01:01:01 | HLA-C=C*07:02:01:03 | HLA-B=B*07:02:01 | DRB345=DRB5*01:01:01 | DRB1=DRB1*15:01:01:01SG | DQA1=DQA1*01:02:01:01SG | DQB1=DQB1*06:02:01 | DPA1=DPA1*01:03:01:02 | DPB1=DPB1*04:01:01:01/DPB1*04:01:01:02,False,False,1.0,1.0,1.0,1.0,1.0,1.0,1.0,1.0,0.0
SYNTH_0701,Global,success,,298.5,1.0,1,0.0,HLA-A=A*29:02:01:01 | HLA-C=C*16:01:01:01 | HLA-B=B*44:03:01:01 | DRB345=DRB4*01:01:01:01 | DRB1=DRB1*07:01:01:01SG | DQA1=DQA1*02:01:01:01SG | DQB1=DQB1*02:02:01:01 | DPA1=DPA1*02:01:01:01 | DPB1=DPB1*11:01:01,HLA-A=A*02:01:01:01 | HLA-C=C*06:02:01:01 | HLA-B=B*13:02:01 | DRB345=DRB4*01:03:01:01/DRB4*01:03:01:01:03 | DRB1=DRB1*07:01:01:01SG | DQA1=DQA1*02:01:01:01SG | DQB1=DQB1*02:02:01:01 | DPA1=DPA1*01:03:01:01 | DPB1=DPB1*02:01:02/DPB1*02:01:19,False,False,1.0,1.0,1.0,0.0,1.0,1.0,1.0,1.0,0.0
SYNTH_0702,Global,success,,288.1,0.7,4,1.3568,HLA-A=A*01:01:01:01 | HLA-C=C*06:02:01:01 | HLA-B=B*57:01:01 | DRB345=DRB5*01:01:01 | DRB1=DRB1*15:01:01:01SG | DQA1=DQA1*01:02:01:01SG | DQB1=DQB1*06:02:01 | DPA1=DPA1*01:03:01:04 | DPB1=DPB1*04:01:01:01/DPB1*04:01:01:02,HLA-A=A*03:01:01:01 | HLA-C=C*07:02:01:03 | HLA-B=B*07:02:01 | DRB345=DRB5*01:01:01 | DRB1=DRB1*15:01:01:01SG | DQA1=DQA1*01:02:01:01SG | DQB1=DQB1*06:02:01 | DPA1=DPA1*01:03:01:03 | DPB1=DPB1*03:01:01,False,False,1.0,1.0,1.0,1.0,1.0,1.0,1.0,1.0,0.0
SYNTH_0703,Global,success,,266.1,0.53846154,3,1.448,HLA-A=A*02:01:01:01 | HLA-C=C*02:02:02:03 | HLA-B=B*27:02:01 | DRB345=DRB5*02:02 | DRB1=DRB1*16:01:01 | DQA1=DQA1*01:02:02 | DQB1=DQB1*05:02:01 | DPA1=DPA1*01:03:01:05 | DPB1=DPB1*04:02:01:02,HLA-A=A*01:01:01:01 | HLA-C=C*06:02:01:01 | HLA-B=B*57:01:01 | DRB345=DRB4*01:03:01:02N | DRB1=DRB1*07:01:01:01SG | DQA1=DQA1*02:01:01:01SG | DQB1=DQB1*03:03:02:01 | DPA1=DPA1*01:03:01:04 | DPB1=DPB1*04:01:01:01/DPB1*04:01:01:02,False,False,1.0,1.0,1.0,1.0,1.0,1.0,1.0,1.0,0.0
SYNTH_0704,Global,success,,229.3,0.75675676,3,0.9011,HLA-A=A*03:01:01:01 | HLA-C=C*07:02:01:03 | HLA-B=B*07:02:01 | DRB345=DRB5*01:01:01 | DRB1=DRB1*15:01:01:01SG | DQA1=DQA1*01:02:01:01SG | DQB1=DQB1*06:02:01 | DPA1=DPA1*01:03:01:02 | DPB1=DPB1*04:01:01:01/DPB1*04:01:01:02,HLA-A=A*02:01:01:01 | HLA-C=C*05:01:01:02 | HLA-B=B*44:02:01:01 | DRB345=DRB3*01:01:02:01 | DRB1=DRB1*03:01:01:01SG | DQA1=DQA1*05:01:01:02 | DQB1=DQB1*02:01:01 | DPA1=DPA1*01:03:01:01 | DPB1=DPB1*02:01:02/DPB1*02:01:19,False,False,1.0,1.0,1.0,1.0,1.0,1.0,1.0,1.0,0.0
SYNTH_0705,Global,success,,222.9,1.0,1,0.0,HLA-A=A*26:01:01:01 | HLA-C=C*12:03:01:01 | HLA-B=B*38:01:01 | DRB345=DRB3*01:01:02:01 | DRB1=DRB1*13:01:01:01SG | DQA1=DQA1*01:03:01:02SG | DQB1=DQB1*06:03:01 | DPA1=DPA1*02:01:02 | DPB1=DPB1*01:01:01,HLA-A=A*03:01:01:01 | HLA-C=C*03:03:01:01 | HLA-B=B*15:01:01:01 | DRB345=DRB5*01:01:01 | DRB1=DRB1*15:01:01:01SG | DQA1=DQA1*01:02:01:01SG | DQB1=DQB1*06:02:01 | DPA1=DPA1*01:03:01:02 | DPB1=DPB1*04:01:01:01/DPB1*04:01:01:02,False,False,1.0,1.0,1.0,1.0,1.0,1.0,1.0,1.0,0.0
SYNTH_0706,Global,success,,251.7,0.70731707,3,1.0624,HLA-A=A*02:01:01:01 | HLA-C=C*05:01:01:02 | HLA-B=B*44:02:01:01 | DRB345=DRB4*01:03:01:01/DRB4*01:03:01:01:03 | DRB1=DRB1*04:01:01:01SG | DQA1=DQA1*03:03:01:01 | DQB1=DQB1*03:01:01:01 | DPA1=DPA1*01:03:01:04 | DPB1=DPB1*04:01:01:01/DPB1*04:01:01:02,HLA-A=A*03:01:01:01 | HLA-C=C*16:01:01:01 | HLA-B=B*44:03:01:01 | DRB345=DRB4*01:01:01:01 | DRB1=DRB1*07:01:01:01SG | DQA1=DQA1*02:01:01:01SG | DQB1=DQB1*02:02:01:01 | DPA1=DPA1*02:02:02 | DPB1=DPB1*01:01:01,False,False,1.0,1.0,1.0,0.0,1.0,1.0,1.0,0.0,0.0
SYNTH_0707,Global,success,,146.7,0.96428571,2,0.2223,HLA-A=A*01:01:01:01 | HLA-C=C*07:01:01:01 | HLA-B=B*08:01:01:01 | DRB345=DRB3*01:01:02:01 | DRB1=DRB1*03:01:01:01SG | DQA1=DQA1*05:01:01:02 | DQB1=DQB1*02:01:01 | DPA1=DPA1*02:01:02 | DPB1=DPB1*01:01:01,HLA-A=A*29:02:01:01 | HLA-C=C*08:02:01:01 | HLA-B=B*14:02:01:01 | DRB345=DRB4*01:01:01:01 | DRB1=DRB1*07:01:01:01SG | DQA1=DQA1*02:01:01:01SG | DQB1=DQB1*02:02:01:01 | DPA1=DPA1*01:04 | DPB1=DPB1*15:01:01,True,True,1.0,1.0,1.0,1.0,1.0,1.0,1.0,1.0,1.0
SYNTH_0708,Global,success,,174.4,1.0,1,0.0,HLA-A=A*02:01:01:01 | HLA-C=C*02:02:02:01 | HLA-B=B*27:02:01 | DRB345=DRB3*02:02:01:02 | DRB1=DRB1*11:01:01:01 | DQA1=DQA1*05:05:01:01SG | DQB1=DQB1*03:01:01:03 | DPA1=DPA1*01:03:01:04 | DPB1=DPB1*04:01:01:01/DPB1*04:01:01:02,HLA-A=A*03:01:01:01 | HLA-C=C*07:02:01:03 | HLA-B=B*07:02:01 | DRB345=Abs | DRB1=DRB1*01:01:01 | DQA1=DQA1*01:01:01:02SG | DQB1=DQB1*05:01:01:03 | DPA1=DPA1*01:03:01:05 | DPB1=DPB1*04:02:01:02,False,False,1.0,1.0,1.0,1.0,1.0,1.0,1.0,1.0,0.0
SYNTH_0709,Global,success,,305.1,0.6882405,4,1.2706,HLA-A=A*01:01:01:01 | HLA-C=C*07:01:01:01 | HLA-B=B*08:01:01:01 | DRB345=DRB3*01:01:02:01 | DRB1=DRB1*03:01:01:01SG | DQA1=DQA1*05:01:01:02 | DQB1=DQB1*02:01:01 | DPA1=DPA1*01:03:01:02 | DPB1=DPB1*04:01:01:01/DPB1*04:01:01:02,HLA-A=A*03:01:01:01 | HLA-C=C*07:02:01:03 | HLA-B=B*07:02:01 | DRB345=DRB5*01:01:01 | DRB1=DRB1*15:01:01:01SG | DQA1=DQA1*01:02:01:01SG | DQB1=DQB1*06:02:01 | DPA1=DPA1*01:03:01:02 | DPB1=DPB1*04:01:01:01/DPB1*04:01:01:02,False,False,1.0,1.0,1.0,1.0,1.0,1.0,1.0,1.0,0.0
SYNTH_0710,Global,success,,292.3,1.0,1,0.0,HLA-A=A*01:01:01:01 | HLA-C=C*07:01:01:01 | HLA-B=B*08:01:01:01 | DRB345=DRB3*01:01:02:01 | DRB1=DRB1*03:01:01:01SG | DQA1=DQA1*05:01:01:02 | DQB1=DQB1*02:01:01 | DPA1=DPA1*02:01:02 | DPB1=DPB1*01:01:01,HLA-A=A*03:01:01:01 | HLA-C=C*04:01:01:01 | HLA-B=B*35:01:01:02 | DRB345=DRB3*02:02:01:02 | DRB1=DRB1*13:01:01:01SG | DQA1=DQA1*01:03:01:02SG | DQB1=DQB1*06:03:01 | DPA1=DPA1*01:03:01:02 | DPB1=DPB1*04:01:01:01/DPB1*04:01:01:02,False,False,1.0,1.0,1.0,1.0,1.0,1.0,1.0,1.0,0.0
SYNTH_0711,Global,success,,282.7,0.91011236,2,0.4361,HLA-A=A*01:01:01:01 | HLA-C=C*07:01:01:01 | HLA-B=B*08:01:01:01 | DRB345=DRB3*01:01:02:01 | DRB1=DRB1*03:01:01:01SG | DQA1=DQA1*05:01:01:02 | DQB1=DQB1*02:01:01 | DPA1=DPA1*02:01:02 | DPB1=DPB1*01:01:01,HLA-A=A*01:01:01:01 | HLA-C=C*07:01:01:01 | HLA-B=B*08:01:01:01 | DRB345=DRB5*01:01:01 | DRB1=DRB1*15:01:01:01SG | DQA1=DQA1*01:02:01:01SG | DQB1=DQB1*06:02:01 | DPA1=DPA1*01:03:01:02 | DPB1=DPB1*04:01:01:01/DPB1*04:01:01:02,False,False,1.0,1.0,1.0,1.0,1.0,1.0,1.0,1.0,0.0
SYNTH_0712,Global,success,,368.6,0.34907407,24,3.2886,HLA-A=A*02:01:01:01 | HLA-C=C*05:01:01:02 | HLA-B=B*44:02:01:01 | DRB345=DRB4*01:03:01:01/DRB4*01:03:01:01:03 | DRB1=DRB1*04:01:01:01SG | DQA1=DQA1*03:03:01:01 | DQB1=DQB1*03:01:01:01 | DPA1=DPA1*01:03:01:04 | DPB1=DPB1*04:01:01:01/DPB1*04:01:01:02,HLA-A=A*01:01:01:01 | HLA-C=C*07:02:01:03 | HLA-B=B*07:02:01 | DRB345=DRB5*01:01:01 | DRB1=DRB1*15:01:01:01SG | DQA1=DQA1*01:02:01:01SG | DQB1=DQB1*06:02:01 | DPA1=DPA1*01:03:01:02 | DPB1=DPB1*04:01:01:01/DPB1*04:01:01:02,False,False,1.0,1.0,1.0,0.0,1.0,1.0,1.0,1.0,0.0
SYNTH_0713,Global,success,,315.0,1.0,1,0.0,HLA-A=A*02:06:01:01 | HLA-C=C*07:02:01:01 | HLA-B=B*39:05:01 | DRB345=DRB4*01:03:01:01/DRB4*01:03:01:01:03 | DRB1=DRB1*04:07:01 | DQA1=DQA1*03:01:01 | DQB1=DQB1*03:02:01 | DPA1=DPA1*01:03:01:05 | DPB1=DPB1*04:02:01:02,HLA-A=A*02:01:01:01 | HLA-C=C*06:02:01:01 | HLA-B=B*57:01:01 | DRB345=DRB4*01:03:01:02N | DRB1=DRB1*07:01:01:01SG | DQA1=DQA1*02:01:01:01SG | DQB1=DQB1*03:03:02:01 | DPA1=DPA1*01:03:01:04 | DPB1=DPB1*04:01:01:01/DPB1*04:01:01:02,False,False,1.0,1.0,1.0,0.0,1.0,1.0,1.0,1.0,0.0
SYNTH_0714,Global,success,,329.8,1.0,1,0.0,HLA-A=A*01:01:01:01 | HLA-C=C*07:01:01:01 | HLA-B=B*08:01:01:01 | DRB345=DRB3*01:01:02:01 | DRB1=DRB1*03:01:01:01SG | DQA1=DQA1*05:01:01:02 | DQB1=DQB1*02:01:01 | DPA1=DPA1*02:01:02 | DPB1=DPB1*01:01:01,HLA-A=A*29:01:01:01 | HLA-C=C*15:05:02 | HLA-B=B*07:05:01:01 | DRB345=Abs | DRB1=DRB1*10:01:01:01 | DQA1=DQA1*01:05:01 | DQB1=DQB1*05:01:01:02 | DPA1=DPA1*01:03:01:01 | DPB1=DPB1*02:01:02/DPB1*02:01:19,False,False,1.0,1.0,1.0,1.0,1.0,1.0,1.0,1.0,0.0
SYNTH_0715,Global,success,,329.5,0.68571429,4,1.3492,HLA-A=A*24:02:01:01 | HLA-C=C*03:04:01:01 | HLA-B=B*15:01:01:01 | DRB345=DRB4*01:03:01:01/DRB4*01:03:01:01:03 | DRB1=DRB1*04:01:01:01SG | DQA1=DQA1*03:01:01 | DQB1=DQB1*03:02:01 | DPA1=DPA1*01:03:01:01 | DPB1=DPB1*02:01:02/DPB1*02:01:19,HLA-A=A*03:01:01:01 | HLA-C=C*04:01:01:01 | HLA-B=B*35:01:01:02 | DRB345=Abs | DRB1=DRB1*01:01:01 | DQA1=DQA1*01:01:01:02SG | DQB1=DQB1*05:01:01:03 | DPA1=DPA1*01:03:01:05 | DPB1=DPB1*04:02:01:02,False,False,1.0,1.0,1.0,0.0,1.0,1.0,1.0,1.0,0.0
SYNTH_0716,Global,success,,267.9,1.0,1,0.0,HLA-A=A*02:01:01:01 | HLA-C=C*16:01:01:01 | HLA-B=B*44:03:01:01 | DRB345=DRB4*01:01:01:01 | DRB1=DRB1*07:01:01:01SG | DQA1=DQA1*02:01:01:01SG | DQB1=DQB1*03:01:01:03 | DPA1=DPA1*01:03:01:02 | DPB1=DPB1*04:01:01:01/DPB1*04:01:01:02,HLA-A=A*03:01:01:01 | HLA-C=C*07:02:01:03 | HLA-B=B*07:02:01 | DRB345=DRB3*01:01:02:01 | DRB1=DRB1*13:01:01:01SG | DQA1=DQA1*01:03:01:02SG | DQB1=DQB1*06:03:01 | DPA1=DPA1*01:03:01:03 | DPB1=DPB1*03:01:01,False,False,1.0,1.0,1.0,1.0,1.0,1.0,1.0,1.0,0.0
SYNTH_0717,Global,success,,277.6,1.0,1,0.0,HLA-A=A*02:01:01:01 | HLA-C=C*02:02:02:01 | HLA-B=B*27:05:02 | DRB345=Abs | DRB1=DRB1*01:01:01 | DQA1=DQA1*01:01:01:02SG | DQB1=DQB1*05:01:01:03 | DPA1=DPA1*01:03:01:02 | DPB1=DPB1*04:01:01:01/DPB1*04:01:01:02,HLA-A=A*01:01:01:01 | HLA-C=C*06:02:01:01 | HLA-B=B*37:01:01 | DRB345=DRB5*01:01:01 | DRB1=DRB1*15:01:01:01SG | DQA1=DQA1*01:02:01:01SG | DQB1=DQB1*06:03:01 | DPA1=DPA1*01:03:01:05 | DPB1=DPB1*04:02:01:02,False,False,1.0,1.0,1.0,1.0,1.0,1.0,1.0,1.0,0.0
SYNTH_0718,Global,success,,157.6,1.0,1,0.0,HLA-A=A*01:01:01:01 | HLA-C=C*07:02:01:03 | HLA-B=B*07:02:01 | DRB345=DRB5*01:01:01 | DRB1=DRB1*15:01:01:01SG | DQA1=DQA1*01:02:01:01SG | DQB1=DQB1*06:02:01 | DPA1=DPA1*01:03:01:02 | DPB1=DPB1*04:01:01:01/DPB1*04:01:01:02,HLA-A=A*02:01:01:01 | HLA-C=C*03:04:01:01 | HLA-B=B*40:01:02 | DRB345=DRB3*03:01:01 | DRB1=DRB1*13:02:01 | DQA1=DQA1*01:02:01:04SG | DQB1=DQB1*06:04:01 | DPA1=DPA1*01:03:01:02 | DPB1=DPB1*04:01:01:01/DPB1*04:01:01:02,False,False,1.0,1.0,1.0,1.0,1.0,1.0,1.0,1.0,0.0
SYNTH_0719,Global,success,,160.1,0.24269841,40,3.8588,HLA-A=A*01:01:01:01 | HLA-C=C*07:01:01:01 | HLA-B=B*08:01:01:01 | DRB345=DRB3*01:01:02:01 | DRB1=DRB1*03:01:01:01SG | DQA1=DQA1*05:01:01:02 | DQB1=DQB1*02:01:01 | DPA1=DPA1*01:03:01:02 | DPB1=DPB1*04:01:01:01/DPB1*04:01:01:02,HLA-A=A*02:01:01:01 | HLA-C=C*07:01:01:01 | HLA-B=B*18:01:01:02 | DRB345=DRB3*02:02:01:02 | DRB1=DRB1*11:04:01 | DQA1=DQA1*05:05:01:01SG | DQB1=DQB1*03:01:01:03 | DPA1=DPA1*01:03:01:05 | DPB1=DPB1*04:02:01:01,False,False,1.0,1.0,1.0,1.0,1.0,1.0,1.0,1.0,0.0
SYNTH_0720,Global,success,,161.9,0.0,0,0.0,,,False,False,,,,,,,,,
SYNTH_0721,Global,success,,103.6,1.0,1,0.0,HLA-A=A*02:01:01:01 | HLA-C=C*05:01:01:02 | HLA-B=B*44:02:01:01 | DRB345=DRB4*01:03:01:01/DRB4*01:03:01:01:03 | DRB1=DRB1*04:01:01:01SG | DQA1=DQA1*03:03:01:01 | DQB1=DQB1*03:01:01:01 | DPA1=DPA1*01:03:01:01 | DPB1=DPB1*04:01:01:01/DPB1*04:01:01:02,HLA-A=A*02:01:01:01 | HLA-C=C*04:01:01:01 | HLA-B=B*35:01:01:02 | DRB345=DRB3*02:02:01:02 | DRB1=DRB1*13:01:01:01SG | DQA1=DQA1*01:03:01:02SG | DQB1=DQB1*06:03:01 | DPA1=DPA1*01:03:01:02 | DPB1=DPB1*04:01:01:01/DPB1*04:01:01:02,False,False,1.0,1.0,1.0,0.0,1.0,1.0,1.0,1.0,0.0
SYNTH_0722,Global,success,,275.8,1.0,1,0.0,HLA-A=A*01:01:01:01 | HLA-C=C*06:02:01:01 | HLA-B=B*57:01:01 | DRB345=DRB4*01:03:01:02N | DRB1=DRB1*07:01:01:01SG | DQA1=DQA1*02:01:01:01SG | DQB1=DQB1*03:03:02:01 | DPA1=DPA1*01:03:01:04 | DPB1=DPB1*04:01:01:01/DPB1*04:01:01:02,HLA-A=A*02:01:01:01 | HLA-C=C*04:01:01:01 | HLA-B=B*53:01:01 | DRB345=Abs | DRB1=DRB1*08:04:01 | DQA1=DQA1*04:01:02:02 | DQB1=DQB1*03:19:01 | DPA1=DPA1*02:02:02 | DPB1=DPB1*01:01:01,False,False,1.0,1.0,1.0,1.0,1.0,1.0,1.0,1.0,0.0
SYNTH_0723,Global,success,,251.8,1.0,1,0.0,HLA-A=A*02:01:01:01 | HLA-C=C*03:04:01:01 | HLA-B=B*15:01:01:01 | DRB345=DRB5*01:01:01 | DRB1=DRB1*15:01:01:01SG | DQA1=DQA1*01:02:01:01SG | DQB1=DQB1*06:02:01 | DPA1=DPA1*01:03:01:02 | DPB1=DPB1*04:01:01:01/DPB1*04:01:01:02,HLA-A=A*11:01:01:01 | HLA-C=C*04:01:01:01 | HLA-B=B*35:01:01:01 | DRB345=DRB3*01:01:02:02 | DRB1=DRB1*13:01:01:01SG | DQA1=DQA1*01:03:01:02SG | DQB1=DQB1*06:03:01 | DPA1=DPA1*01:03:01:02 | DPB1=DPB1*04:01:01:01/DPB1*04:01:01:02,False,False,1.0,1.0,1.0,1.0,1.0,1.0,1.0,1.0,0.0
SYNTH_0724,Global,success,,213.1,1.0,1,0.0,HLA-A=A*02:01:01:01 | HLA-C=C*07:02:01:03 | HLA-B=B*07:02:01 | DRB345=DRB5*01:01:01 | DRB1=DRB1*15:01:01:01SG | DQA1=DQA1*01:02:01:01SG | DQB1=DQB1*06:02:01 | DPA1=DPA1*01:03:01:05 | DPB1=DPB1*04:02:01:02,HLA-A=A*02:01:01:01 | HLA-C=C*07:01:01:01 | HLA-B=B*18:01:01:02 | DRB345=DRB3*02:02:01:02 | DRB1=DRB1*11:04:01 | DQA1=DQA1*05:05:01:01SG | DQB1=DQB1*03:01:01:03 | DPA1=DPA1*01:03:01:05 | DPB1=DPB1*04:02:01:01,True,True,1.0,1.0,1.0,1.0,1.0,1.0,1.0,1.0,1.0
SYNTH_0725,Global,success,,251.2,1.0,1,0.0,HLA-A=A*01:01:01:01 | HLA-C=C*12:02:02 | HLA-B=B*52:01:01:02 | DRB345=DRB5*01:02 | DRB1=DRB1*15:02:01:01SG | DQA1=DQA1*01:03:01:01 | DQB1=DQB1*06:01:01 | DPA1=DPA1*01:03:01:02 | DPB1=DPB1*04:01:01:01/DPB1*04:01:01:02,HLA-A=A*26:01:01:01 | HLA-C=C*12:03:01:01 | HLA-B=B*38:01:01 | DRB345=DRB4*01:03:01:01/DRB4*01:03:01:01:03 | DRB1=DRB1*04:02:01 | DQA1=DQA1*03:01:01 | DQB1=DQB1*03:02:01 | DPA1=DPA1*01:03:01:04 | DPB1=DPB1*04:01:01:01/DPB1*04:01:01:02,False,False,1.0,1.0,1.0,0.0,1.0,1.0,1.0,1.0,0.0
SYNTH_0726,Global,success,,512.0,0.5,2,1.0,HLA-A=A*03:01:01:01 | HLA-C=C*04:01:01:01 | HLA-B=B*35:01:01:02 | DRB345=Abs | DRB1=DRB1*01:01:01 | DQA1=DQA1*01:01:01:02SG | DQB1=DQB1*05:01:01:03 | DPA1=DPA1*01:03:01:04 | DPB1=DPB1*04:01:01:01/DPB1*04:01:01:02,HLA-A=A*24:02:01:01 | HLA-C=C*04:01:01:06 | HLA-B=B*35:02:01 | DRB345=DRB3*02:02:01:02 | DRB1=DRB1*11:04:01 | DQA1=DQA1*05:05:01:01SG | DQB1=DQB1*03:01:01:02 | DPA1=DPA1*01:03:01:04 | DPB1=DPB1*04:01:01:01/DPB1*04:01:01:02,False,False,1.0,0.0,0.0,1.0,1.0,1.0,1.0,1.0,0.0
SYNTH_0727,Global,success,,401.0,1.0,1,0.0,HLA-A=A*31:01:02:01 | HLA-C=C*05:01:01:02 | HLA-B=B*44:02:01:01 | DRB345=DRB4*01:03:01:01/DRB4*01:03:01:01:03 | DRB1=DRB1*04:01:01:01SG | DQA1=DQA1*03:03:01:01 | DQB1=DQB1*03:01:01:01 | DPA1=DPA1*01:03:01:04 | DPB1=DPB1*04:01:01:01/DPB1*04:01:01:02,HLA-A=A*02:01:01:01 | HLA-C=C*05:01:01:02 | HLA-B=B*44:02:01:01 | DRB345=DRB4*01:03:01:01/DRB4*01:03:01:01:03 | DRB1=DRB1*04:01:01:01SG | DQA1=DQA1*03:03:01:01 | DQB1=DQB1*03:01:01:01 | DPA1=DPA1*01:03:01:03 | DPB1=DPB1*03:01:01,False,False,1.0,1.0,1.0,0.0,1.0,1.0,1.0,1.0,0.0
SYNTH_0728,Global,success,,458.7,1.0,1,0.0,HLA-A=A*11:01:01:01 | HLA-C=C*01:02:01 | HLA-B=B*56:01:01:03 | DRB345=Abs | DRB1=DRB1*01:01:01 | DQA1=DQA1*01:01:01:02SG | DQB1=DQB1*05:01:01:03 | DPA1=DPA1*01:03:01:03 | DPB1=DPB1*06:01:01,HLA-A=A*02:01:01:01 | HLA-C=C*05:01:01:02 | HLA-B=B*44:02:01:01 | DRB345=DRB4*01:03:01:01/DRB4*01:03:01:01:03 | DRB1=DRB1*04:01:01:01SG | DQA1=DQA1*03:03:01:01 | DQB1=DQB1*03:01:01:01 | DPA1=DPA1*01:03:01:04 | DPB1=DPB1*02:01:02/DPB1*02:01:19,False,False,1.0,1.0,1.0,0.0,1.0,1.0,1.0,1.0,0.0
SYNTH_0729,Global,success,,403.2,0.6,2,0.971,HLA-A=A*02:01:01:01 | HLA-C=C*07:02:01:03 | HLA-B=B*07:02:01 | DRB345=DRB5*01:01:01 | DRB1=DRB1*15:01:01:01SG | DQA1=DQA1*01:02:01:01SG | DQB1=DQB1*06:02:01 | DPA1=DPA1*01:03:01:04 | DPB1=DPB1*23:01:01,HLA-A=A*31:01:02:01 | HLA-C=C*04:01:01:06 | HLA-B=B*35:02:01 | DRB345=DRB4*01:03:01:01/DRB4*01:03:01:01:03 | DRB1=DRB1*04:03:01 | DQA1=DQA1*03:01:01 | DQB1=DQB1*03:05:01 | DPA1=DPA1*01:03:01:04 | DPB1=DPB1*04:01:01:01/DPB1*04:01:01:02,False,False,1.0,1.0,1.0,0.0,1.0,1.0,1.0,1.0,0.0
SYNTH_0730,Global,success,,402.0,0.66666667,2,0.9183,HLA-A=A*02:01:01:01 | HLA-C=C*05:01:01:02 | HLA-B=B*44:02:01:01 | DRB345=DRB3*02:02:01:02 | DRB1=DRB1*11:04:01 | DQA1=DQA1*05:05:01:01SG | DQB1=DQB1*03:01:01:03 | DPA1=DPA1*01:03:01:05 | DPB1=DPB1*04:02:01:02,HLA-A=A*68:02:01:01 | HLA-C=C*08:02:01:01 | HLA-B=B*14:02:01:01 | DRB345=Abs | DRB1=DRB1*01:02:01 | DQA1=DQA1*01:01:02 | DQB1=DQB1*05:01:01:01 | DPA1=DPA1*01:03:01:05 | DPB1=DPB1*04:02:01:02,True,True,1.0,1.0,1.0,1.0,1.0,1.0,1.0,1.0,1.0
SYNTH_0731,Global,success,,352.6,1.0,1,0.0,HLA-A=A*03:01:01:01 | HLA-C=C*07:02:01:03 | HLA-B=B*07:02:01 | DRB345=DRB5*01:01:01 | DRB1=DRB1*15:01:01:01SG | DQA1=DQA1*01:02:01:01SG | DQB1=DQB1*06:02:01 | DPA1=DPA1*01:03:01:02 | DPB1=DPB1*04:01:01:01/DPB1*04:01:01:02,HLA-A=A*02:01:01:01 | HLA-C=C*03:04:01:01 | HLA-B=B*40:01:02 | DRB345=DRB3*03:01:01 | DRB1=DRB1*13:02:01 | DQA1=DQA1*01:02:01:04SG | DQB1=DQB1*06:04:01 | DPA1=DPA1*01:03:01:05 | DPB1=DPB1*04:02:01:02,False,False,1.0,1.0,1.0,1.0,1.0,1.0,1.0,1.0,0.0
SYNTH_0732,Global,success,,285.7,0.96666667,2,0.2108,HLA-A=A*68:03:01 | HLA-C=C*03:05 | HLA-B=B*35:01:01:02 | DRB345=DRB4*01:03:01:01/DRB4*01:03:01:01:03 | DRB1=DRB1*04:07:01 | DQA1=DQA1*03:01:01 | DQB1=DQB1*03:02:01 | DPA1=DPA1*01:03:01:05 | DPB1=DPB1*04:02:01:02,HLA-A=A*02:01:01:01 | HLA-C=C*05:01:01:02 | HLA-B=B*44:02:01:01 | DRB345=DRB4*01:03:01:01/DRB4*01:03:01:01:03 | DRB1=DRB1*04:01:01:01SG | DQA1=DQA1*03:03:01:01 | DQB1=DQB1*03:01:01:01 | DPA1=DPA1*01:03:01:04 | DPB1=DPB1*04:01:01:01/DPB1*04:01:01:02,False,False,1.0,1.0,1.0,0.0,1.0,1.0,1.0,1.0,0.0
SYNTH_0733,Global,success,,291.7,0.86170213,4,0.7939,HLA-A=A*01:01:01:01 | HLA-C=C*07:01:01:01 | HLA-B=B*08:01:01:01 | DRB345=DRB3*01:01:02:01 | DRB1=DRB1*03:01:01:01SG | DQA1=DQA1*05:01:01:02 | DQB1=DQB1*02:01:01 | DPA1=DPA1*02:01:02 | DPB1=DPB1*01:01:01,HLA-A=A*03:01:01:01 | HLA-C=C*07:02:01:03 | HLA-B=B*07:02:01 | DRB345=DRB3*02:02:01:02 | DRB1=DRB1*11:04:01 | DQA1=DQA1*05:05:01:01SG | DQB1=DQB1*03:01:01:03 | DPA1=DPA1*01:04 | DPB1=DPB1*15:01:01,True,False,1.0,1.0,1.0,1.0,1.0,1.0,1.0,1.0,1.0
SYNTH_0734,Global,success,,302.9,1.0,1,0.0,HLA-A=A*02:01:01:01 | HLA-C=C*07:02:01:03 | HLA-B=B*07:02:01 | DRB345=Abs | DRB1=DRB1*01:03 | DQA1=DQA1*01:01:01:02SG | DQB1=DQB1*05:01:01:03 | DPA1=DPA1*01:03:01:01 | DPB1=DPB1*02:01:02/DPB1*02:01:19,HLA-A=A*31:01:02:01 | HLA-C=C*03:03:01:01 | HLA-B=B*15:01:01:01 | DRB345=DRB3*02:02:01:02 | DRB1=DRB1*12:01:01:01 | DQA1=DQA1*05:05:01:03 | DQB1=DQB1*03:01:01:01 | DPA1=DPA1*01:03:01:04 | DPB1=DPB1*04:01:01:01/DPB1*04:01:01:02,False,False,1.0,1.0,1.0,1.0,1.0,1.0,1.0,1.0,0.0
SYNTH_0735,Global,success,,219.9,0.52380952,3,1.418,HLA-A=A*02:01:01:01 | HLA-C=C*05:01:01:02 | HLA-B=B*44:02:01:01 | DRB345=Abs | DRB1=DRB1*08:01:01 | DQA1=DQA1*04:01:01 | DQB1=DQB1*04:02:01 | DPA1=DPA1*01:03:01:02 | DPB1=DPB1*04:01:01:01/DPB1*04:01:01:02,HLA-A=A*02:01:01:01 | HLA-C=C*06:02:01:01 | HLA-B=B*57:01:01 | DRB345=DRB4*01:03:01:02N | DRB1=DRB1*07:01:01:01SG | DQA1=DQA1*02:01:01:01SG | DQB1=DQB1*03:03:02:01 | DPA1=DPA1*01:03:01:02 | DPB1=DPB1*04:01:01:01/DPB1*04:01:01:02,False,False,1.0,1.0,1.0,1.0,1.0,1.0,1.0,1.0,0.0
SYNTH_0736,Global,success,,243.5,0.59893048,6,1.7076,HLA-A=A*03:01:01:01 | HLA-C=C*07:02:01:03 | HLA-B=B*07:02:01 | DRB345=DRB5*01:01:01 | DRB1=DRB1*15:01:01:01SG | DQA1=DQA1*01:02:01:01SG | DQB1=DQB1*06:02:01 | DPA1=DPA1*01:03:01:02 | DPB1=DPB1*04:01:01:01/DPB1*04:01:01:02,HLA-A=A*26:01:01:01 | HLA-C=C*04:01:01:06 | HLA-B=B*35:01:01:02 | DRB345=DRB4*01:03:01:01/DRB4*01:03:01:01:03 | DRB1=DRB1*04:02:01 | DQA1=DQA1*03:01:01 | DQB1=DQB1*03:02:01 | DPA1=DPA1*01:03:01:02 | DPB1=DPB1*04:01:01:01/DPB1*04:01:01:02,False,False,0.0,1.0,1.0,0.0,1.0,1.0,1.0,1.0,0.0
SYNTH_0737,Global,success,,161.4,1.0,1,0.0,HLA-A=A*01:01:01:01 | HLA-C=C*07:01:01:01 | HLA-B=B*08:01:01:01 | DRB345=DRB3*01:01:02:01 | DRB1=DRB1*03:01:01:01SG | DQA1=DQA1*05:01:01:02 | DQB1=DQB1*02:01:01 | DPA1=DPA1*01:03:01:02 | DPB1=DPB1*04:01:01:01/DPB1*04:01:01:02,HLA-A=A*26:01:01:01 | HLA-C=C*12:03:01:01 | HLA-B=B*38:01:01 | DRB345=DRB3*02:02:01:02 | DRB1=DRB1*11:01:01:01 | DQA1=DQA1*05:05:01:01SG | DQB1=DQB1*03:01:01:03 | DPA1=DPA1*01:03:01:01 | DPB1=DPB1*02:01:02/DPB1*02:01:19,False,False,1.0,1.0,1.0,1.0,1.0,1.0,1.0,1.0,0.0
SYNTH_0738,Global,success,,99.2,1.0,1,0.0,HLA-A=A*30:01:01 | HLA-C=C*06:02:01:01 | HLA-B=B*13:02:01 | DRB345=DRB4*01:03:01:01/DRB4*01:03:01:01:03 | DRB1=DRB1*07:01:01:01SG | DQA1=DQA1*02:01:01:01SG | DQB1=DQB1*02:02:01:01 | DPA1=DPA1*01:03:01:02 | DPB1=DPB1*04:01:01:01/DPB1*04:01:01:02,HLA-A=A*25:01:01 | HLA-C=C*12:03:01:01 | HLA-B=B*18:01:01:02 | DRB345=Abs | DRB1=DRB1*01:01:01 | DQA1=DQA1*01:01:01:02SG | DQB1=DQB1*05:01:01:03 | DPA1=DPA1*01:03:01:05 | DPB1=DPB1*04:02:01:02,False,False,1.0,1.0,1.0,0.0,1.0,1.0,1.0,1.0,0.0
SYNTH_0739,Global,success,,168.4,0.6,2,0.971,HLA-A=A*29:02:01:01 | HLA-C=C*08:02:01:01 | HLA-B=B*14:02:01:01 | DRB345=DRB4*01:01:01:01 | DRB1=DRB1*07:01:01:01SG | DQA1=DQA1*02:01:01:01SG | DQB1=DQB1*02:02:01:01 | DPA1=DPA1*01:04 | DPB1=DPB1*15:01:01,HLA-A=A*03:01:01:01 | HLA-C=C*07:02:01:03 | HLA-B=B*07:02:01 | DRB345=DRB4*01:03:01:01/DRB4*01:03:01:01:03 | DRB1=DRB1*04:01:01:01SG | DQA1=DQA1*03:01:01 | DQB1=DQB1*03:02:01 | DPA1=DPA1*01:03:01:02 | DPB1=DPB1*04:01:01:01/DPB1*04:01:01:02,False,False,1.0,1.0,1.0,0.0,1.0,1.0,1.0,1.0,0.0
SYNTH_0740,Global,success,,151.3,0.46333333,10,2.1531,HLA-A=A*01:01:01:01 | HLA-C=C*07:01:01:01 | HLA-B=B*08:01:01:01 | DRB345=DRB3*01:01:02:01 | DRB1=DRB1*03:01:01:01SG | DQA1=DQA1*05:01:01:02 | DQB1=DQB1*02:01:01 | DPA1=DPA1*01:03:01:02 | DPB1=DPB1*04:01:01:01/DPB1*04:01:01:02,HLA-A=A*30:02:01:02 | HLA-C=C*03:04:02 | HLA-B=B*15:10:01 | DRB345=DRB3*02:02:01:01 | DRB1=DRB1*03:01:01:01SG | DQA1=DQA1*05:01:01:01 | DQB1=DQB1*02:01:01 | DPA1=DPA1*02:01:08 | DPB1=DPB1*01:01:01,False,False,1.0,1.0,1.0,1.0,1.0,1.0,1.0,1.0,0.0
SYNTH_0741,Global,success,,175.3,1.0,1,0.0,HLA-A=A*02:01:01:01 | HLA-C=C*15:02:01:01 | HLA-B=B*51:01:01:01 | DRB345=DRB4*01:03:01:01/DRB4*01:03:01:01:03 | DRB1=DRB1*04:07:01 | DQA1=DQA1*03:03:01:01 | DQB1=DQB1*03:01:01:01 | DPA1=DPA1*01:03:01:03 | DPB1=DPB1*03:01:01,HLA-A=A*02:01:01:01 | HLA-C=C*07:01:01:01 | HLA-B=B*08:01:01:01 | DRB345=DRB3*01:01:02:01 | DRB1=DRB1*03:01:01:01SG | DQA1=DQA1*05:01:01:02 | DQB1=DQB1*02:01:01 | DPA1=DPA1*01:03:01:04 | DPB1=DPB1*04:01:01:01/DPB1*04:01:01:02,False,False,1.0,1.0,1.0,0.0,1.0,1.0,1.0,1.0,0.0
SYNTH_0742,Global,success,,206.8,1.0,1,0.0,HLA-A=A*02:01:01:01 | HLA-C=C*03:04:01:01 | HLA-B=B*40:01:02 | DRB345=DRB3*03:01:01 | DRB1=DRB1*13:02:01 | DQA1=DQA1*01:02:01:04SG | DQB1=DQB1*06:04:01 | DPA1=DPA1*01:03:01:02 | DPB1=DPB1*04:01:01:01/DPB1*04:01:01:02,HLA-A=A*02:01:01:01 | HLA-C=C*03:03:01:01 | HLA-B=B*15:01:01:01 | DRB345=DRB4*01:03:01:01/DRB4*01:03:01:01:03 | DRB1=DRB1*07:01:01:01SG | DQA1=DQA1*02:01:01:01SG | DQB1=DQB1*03:03:02:01 | DPA1=DPA1*01:03:01:02 | DPB1=DPB1*04:01:01:01/DPB1*04:01:01:02,False,False,1.0,1.0,1.0,0.0,1.0,1.0,1.0,1.0,0.0
SYNTH_0743,Global,success,,289.3,0.46583482,12,2.4718,HLA-A=A*03:01:01:01 | HLA-C=C*07:02:01:03 | HLA-B=B*07:02:01 | DRB345=DRB5*01:01:01 | DRB1=DRB1*15:01:01:01SG | DQA1=DQA1*01:02:01:01SG | DQB1=DQB1*06:02:01 | DPA1=DPA1*01:03:01:02 | DPB1=DPB1*04:01:01:01/DPB1*04:01:01:02,HLA-A=A*03:01:01:01 | HLA-C=C*08:02:01:01 | HLA-B=B*14:02:01:01 | DRB345=DRB3*03:01:01 | DRB1=DRB1*13:02:01 | DQA1=DQA1*01:02:01:04SG | DQB1=DQB1*06:09:01 | DPA1=DPA1*02:01:01:01 | DPB1=DPB1*05:01:01,False,False,0.0,1.0,1.0,1.0,1.0,1.0,1.0,1.0,0.0
SYNTH_0744,Global,success,,328.9,1.0,1,0.0,HLA-A=A*30:02:01:01 | HLA-C=C*05:01:01:01 | HLA-B=B*18:01:01:01 | DRB345=DRB3*02:02:01:01 | DRB1=DRB1*03:01:01:01SG | DQA1=DQA1*05:01:01:01 | DQB1=DQB1*02:01:01 | DPA1=DPA1*01:03:01:01 | DPB1=DPB1*02:02,HLA-A=A*02:01:01:01 | HLA-C=C*05:01:01:02 | HLA-B=B*44:02:01:01 | DRB345=DRB4*01:03:01:01/DRB4*01:03:01:01:03 | DRB1=DRB1*04:01:01:01SG | DQA1=DQA1*03:03:01:01 | DQB1=DQB1*03:01:01:01 | DPA1=DPA1*01:03:01:02 | DPB1=DPB1*04:01:01:01/DPB1*04:01:01:02,False,False,1.0,1.0,1.0,0.0,1.0,1.0,1.0,1.0,0.0
SYNTH_0745,Global,success,,274.1,1.0,1,0.0,HLA-A=A*03:01:01:01 | HLA-C=C*07:02:01:03 | HLA-B=B*07:02:01 | DRB345=DRB5*01:01:01 | DRB1=DRB1*15:01:01:01SG | DQA1=DQA1*01:02:01:01SG | DQB1=DQB1*06:02:01 | DPA1=DPA1*01:03:01:02 | DPB1=DPB1*04:01:01:01/DPB1*04:01:01:02,HLA-A=A*25:01:01 | HLA-C=C*12:03:01:01 | HLA-B=B*18:01:01:02 | DRB345=DRB5*01:01:01 | DRB1=DRB1*15:01:01:01SG | DQA1=DQA1*01:02:01:01SG | DQB1=DQB1*06:02:01 | DPA1=DPA1*01:03:01:02 | DPB1=DPB1*04:01:01:01/DPB1*04:01:01:02,False,False,1.0,1.0,1.0,1.0,1.0,1.0,1.0,1.0,0.0
SYNTH_0746,Global,success,,497.5,0.11277778,96,5.3048,HLA-A=A*02:01:01:01 | HLA-C=C*05:01:01:02 | HLA-B=B*44:02:01:01 | DRB345=DRB4*01:03:01:01/DRB4*01:03:01:01:03 | DRB1=DRB1*04:01:01:01SG | DQA1=DQA1*03:03:01:01 | DQB1=DQB1*03:01:01:01 | DPA1=DPA1*01:03:01:04 | DPB1=DPB1*04:01:01:01/DPB1*04:01:01:02,HLA-A=A*02:01:01:01 | HLA-C=C*03:04:01:01 | HLA-B=B*40:01:02 | DRB345=DRB4*01:03:01:01/DRB4*01:03:01:01:03 | DRB1=DRB1*04:04:01 | DQA1=DQA1*03:01:01 | DQB1=DQB1*03:02:01 | DPA1=DPA1*01:03:01:03 | DPB1=DPB1*06:01:01,False,False,1.0,1.0,1.0,0.0,1.0,1.0,1.0,1.0,0.0
SYNTH_0747,Global,success,,253.2,1.0,1,0.0,HLA-A=A*01:01:01:01 | HLA-C=C*07:01:01:01 | HLA-B=B*08:01:01:01 | DRB345=DRB3*01:01:02:01 | DRB1=DRB1*03:01:01:01SG | DQA1=DQA1*05:01:01:01 | DQB1=DQB1*02:01:01 | DPA1=DPA1*01:03:01:01 | DPB1=DPB1*04:01:01:01/DPB1*04:01:01:02,HLA-A=A*30:01:01 | HLA-C=C*06:02:01:01 | HLA-B=B*13:02:01 | DRB345=DRB4*01:03:01:01/DRB4*01:03:01:01:03 | DRB1=DRB1*07:01:01:01SG | DQA1=DQA1*02:01:01:01SG | DQB1=DQB1*02:02:01:01 | DPA1=DPA1*02:01:01:01 | DPB1=DPB1*17:01,False,False,1.0,1.0,1.0,0.0,1.0,1.0,1.0,1.0,0.0
SYNTH_0748,Global,success,,250.4,0.5203252,6,1.8791,HLA-A=A*03:01:01:01 | HLA-C=C*07:02:01:03 | HLA-B=B*07:02:01 | DRB345=DRB3*01:01:02:01 | DRB1=DRB1*13:01:01:01SG | DQA1=DQA1*01:03:01:02SG | DQB1=DQB1*06:03:01 | DPA1=DPA1*01:03:01:02 | DPB1=DPB1*04:01:01:01/DPB1*04:01:01:02,HLA-A=A*02:01:01:01 | HLA-C=C*03:04:01:01 | HLA-B=B*15:01:01:01 | DRB345=DRB4*01:03:01:01/DRB4*01:03:01:01:03 | DRB1=DRB1*04:01:01:01SG | DQA1=DQA1*03:01:01 | DQB1=DQB1*03:02:01 | DPA1=DPA1*01:03:01:02 | DPB1=DPB1*04:01:01:01/DPB1*04:01:01:02,False,False,1.0,1.0,1.0,0.0,1.0,1.0,1.0,1.0,0.0
SYNTH_0749,Global,success,,234.3,0.91011236,2,0.4361,HLA-A=A*01:01:01:01 | HLA-C=C*07:01:01:01 | HLA-B=B*08:01:01:01 | DRB345=DRB3*01:01:02:01 | DRB1=DRB1*03:01:01:01SG | DQA1=DQA1*05:01:01:02 | DQB1=DQB1*02:01:01 | DPA1=DPA1*02:01:02 | DPB1=DPB1*01:01:01,HLA-A=A*02:01:01:01 | HLA-C=C*07:02:01:03 | HLA-B=B*07:02:01 | DRB345=DRB5*01:01:01 | DRB1=DRB1*15:01:01:01SG | DQA1=DQA1*01:02:01:01SG | DQB1=DQB1*06:02:01 | DPA1=DPA1*01:03:01:02 | DPB1=DPB1*04:01:01:01/DPB1*04:01:01:02,False,False,1.0,1.0,1.0,1.0,1.0,1.0,1.0,1.0,0.0
SYNTH_0750,Global,success,,256.4,1.0,1,0.0,HLA-A=A*01:01:01:01 | HLA-C=C*06:02:01:01 | HLA-B=B*37:01:01 | DRB345=DRB5*01:01:01 | DRB1=DRB1*15:01:01:01SG | DQA1=DQA1*01:02:01:01SG | DQB1=DQB1*06:02:01 | DPA1=DPA1*01:03:01:04 | DPB1=DPB1*04:01:01:01/DPB1*04:01:01:02,HLA-A=A*29:02:01:01 | HLA-C=C*16:01:01:01 | HLA-B=B*44:03:01:01 | DRB345=DRB4*01:01:01:01 | DRB1=DRB1*07:01:01:01SG | DQA1=DQA1*02:01:01:01SG | DQB1=DQB1*02:02:01:01 | DPA1=DPA1*01:03:01:01 | DPB1=DPB1*02:01:02/DPB1*02:01:19,False,False,1.0,1.0,1.0,1.0,1.0,1.0,1.0,1.0,0.0
SYNTH_0751,Global,success,,266.0,0.85802469,3,0.707,HLA-A=A*01:01:01:01 | HLA-C=C*07:01:01:01 | HLA-B=B*08:01:01:01 | DRB345=DRB3*01:01:02:01 | DRB1=DRB1*03:01:01:01SG | DQA1=DQA1*05:01:01:02 | DQB1=DQB1*02:01:01 | DPA1=DPA1*01:03:01:02 | DPB1=DPB1*04:01:01:01/DPB1*04:01:01:02,HLA-A=A*23:01:01 | HLA-C=C*07:01:01:01 | HLA-B=B*49:01:01 | DRB345=DRB5*01:01:01 | DRB1=DRB1*15:01:01:01SG | DQA1=DQA1*01:02:01:01SG | DQB1=DQB1*06:02:01 | DPA1=DPA1*02:01:01:02 | DPB1=DPB1*14:01:01,False,False,1.0,1.0,1.0,1.0,1.0,1.0,1.0,1.0,0.0
SYNTH_0752,Global,success,,145.3,1.0,1,0.0,HLA-A=A*33:01:01 | HLA-C=C*08:02:01:01 | HLA-B=B*14:02:01:01 | DRB345=Abs | DRB1=DRB1*01:02:01 | DQA1=DQA1*01:01:02 | DQB1=DQB1*05:01:01:01 | DPA1=DPA1*01:03:01:03 | DPB1=DPB1*03:01:01,HLA-A=A*03:01:01:01 | HLA-C=C*07:02:01:03 | HLA-B=B*07:02:01 | DRB345=DRB3*02:02:01:02 | DRB1=DRB1*11:04:01 | DQA1=DQA1*05:05:01:01SG | DQB1=DQB1*03:01:01:03 | DPA1=DPA1*01:04 | DPB1=DPB1*15:01:01,True,True,1.0,1.0,1.0,1.0,1.0,1.0,1.0,1.0,1.0
SYNTH_0753,Global,success,,299.0,1.0,1,0.0,HLA-A=A*01:01:01:01 | HLA-C=C*07:01:01:01 | HLA-B=B*08:01:01:01 | DRB345=DRB3*01:01:02:01 | DRB1=DRB1*03:01:01:01SG | DQA1=DQA1*05:01:01:02 | DQB1=DQB1*02:01:01 | DPA1=DPA1*01:03:01:02 | DPB1=DPB1*04:01:01:01/DPB1*04:01:01:02,HLA-A=A*30:01:01 | HLA-C=C*06:02:01:01 | HLA-B=B*13:02:01 | DRB345=DRB4*01:03:01:01/DRB4*01:03:01:01:03 | DRB1=DRB1*07:01:01:01SG | DQA1=DQA1*02:01:01:01SG | DQB1=DQB1*02:02:01:01 | DPA1=DPA1*01:03:01:02 | DPB1=DPB1*04:01:01:01/DPB1*04:01:01:02,False,False,1.0,1.0,1.0,0.0,1.0,1.0,1.0,1.0,0.0
SYNTH_0754,Global,success,,245.2,0.89189189,2,0.4942,HLA-A=A*01:01:01:01 | HLA-C=C*06:02:01:01 | HLA-B=B*37:01:01 | DRB345=Abs | DRB1=DRB1*10:01:01:01 | DQA1=DQA1*01:05:01 | DQB1=DQB1*05:01:01:02 | DPA1=DPA1*01:03:01:02 | DPB1=DPB1*04:01:01:01/DPB1*04:01:01:02,HLA-A=A*29:02:01:01 | HLA-C=C*16:01:01:01 | HLA-B=B*44:03:01:01 | DRB345=DRB4*01:01:01:01 | DRB1=DRB1*07:01:01:01SG | DQA1=DQA1*02:01:01:01SG | DQB1=DQB1*02:02:01:01 | DPA1=DPA1*02:01:01:01 | DPB1=DPB1*11:01:01,False,False,1.0,1.0,1.0,1.0,1.0,1.0,1.0,1.0,0.0
SYNTH_0755,Global,success,,217.3,1.0,1,0.0,HLA-A=A*02:01:01:01 | HLA-C=C*06:02:01:01 | HLA-B=B*13:02:01 | DRB345=DRB4*01:03:01:01/DRB4*01:03:01:01:03 | DRB1=DRB1*07:01:01:01SG | DQA1=DQA1*02:01:01:01SG | DQB1=DQB1*02:02:01:01 | DPA1=DPA1*01:03:01:01 | DPB1=DPB1*02:01:02/DPB1*02:01:19,HLA-A=A*02:01:01:01 | HLA-C=C*07:02:01:01 | HLA-B=B*39:02:02 | DRB345=DRB5*02:02 | DRB1=DRB1*16:02:01:02 | DQA1=DQA1*05:05:01:05SG | DQB1=DQB1*03:01:01:01 | DPA1=DPA1*01:03:01:05 | DPB1=DPB1*04:02:01:02,False,False,1.0,1.0,1.0,0.0,1.0,1.0,1.0,1.0,0.0
SYNTH_0756,Global,success,,215.9,1.0,1,0.0,HLA-A=A*02:01:01:01 | HLA-C=C*03:04:01:01 | HLA-B=B*40:01:02 | DRB345=DRB3*03:01:01 | DRB1=DRB1*13:02:01 | DQA1=DQA1*01:02:01:04SG | DQB1=DQB1*06:04:01 | DPA1=DPA1*01:03:01:02 | DPB1=DPB1*04:01:01:01/DPB1*04:01:01:02,HLA-A=A*02:01:01:01 | HLA-C=C*01:02:01 | HLA-B=B*27:05:02 | DRB345=Abs | DRB1=DRB1*01:01:01 | DQA1=DQA1*01:01:01:02SG | DQB1=DQB1*05:01:01:03 | DPA1=DPA1*01:03:01:03 | DPB1=DPB1*20:01:01,False,False,1.0,1.0,1.0,1.0,1.0,1.0,1.0,1.0,0.0
SYNTH_0757,Global,success,,216.0,0.59893048,6,1.7076,HLA-A=A*03:01:01:01 | HLA-C=C*07:02:01:03 | HLA-B=B*07:02:01 | DRB345=DRB5*01:01:01 | DRB1=DRB1*15:01:01:01SG | DQA1=DQA1*01:02:01:01SG | DQB1=DQB1*06:02:01 | DPA1=DPA1*01:03:01:02 | DPB1=DPB1*04:01:01:01/DPB1*04:01:01:02,HLA-A=A*02:01:01:01 | HLA-C=C*04:01:01:01 | HLA-B=B*35:03:01 | DRB345=DRB3*02:02:01:02 | DRB1=DRB1*12:01:01:03 | DQA1=DQA1*05:05:01:05SG | DQB1=DQB1*03:01:01:01 | DPA1=DPA1*02:01:01:02 | DPB1=DPB1*04:01:01:01/DPB1*04:01:01:02,False,False,1.0,1.0,1.0,1.0,1.0,1.0,1.0,1.0,0.0
SYNTH_0758,Global,success,,309.3,1.0,1,0.0,HLA-A=A*02:01:01:01 | HLA-C=C*05:01:01:02 | HLA-B=B*44:02:01:01 | DRB345=DRB4*01:03:01:01/DRB4*01:03:01:01:03 | DRB1=DRB1*04:01:01:01SG | DQA1=DQA1*03:03:01:01 | DQB1=DQB1*03:01:01:01 | DPA1=DPA1*01:03:01:02 | DPB1=DPB1*04:01:01:01/DPB1*04:01:01:02,HLA-A=A*03:01:01:01 | HLA-C=C*08:02:01:01 | HLA-B=B*14:02:01:01 | DRB345=DRB3*03:01:01 | DRB1=DRB1*13:02:01 | DQA1=DQA1*01:02:01:04SG | DQB1=DQB1*06:09:01 | DPA1=DPA1*02:01:01:01 | DPB1=DPB1*05:01:01,False,False,1.0,1.0,1.0,0.0,1.0,1.0,1.0,1.0,0.0
SYNTH_0759,Global,success,,272.9,1.0,1,0.0,HLA-A=A*03:01:01:01 | HLA-C=C*07:02:01:03 | HLA-B=B*07:02:01 | DRB345=DRB5*01:01:01 | DRB1=DRB1*15:01:01:01SG | DQA1=DQA1*01:02:01:01SG | DQB1=DQB1*06:02:01 | DPA1=DPA1*01:03:01:04 | DPB1=DPB1*02:01:02/DPB1*02:01:19,HLA-A=A*02:01:01:01 | HLA-C=C*12:03:01:01 | HLA-B=B*38:01:01 | DRB345=DRB3*01:01:02:01 | DRB1=DRB1*13:01:01:01SG | DQA1=DQA1*01:03:01:02SG | DQB1=DQB1*06:03:01 | DPA1=DPA1*01:03:01:04 | DPB1=DPB1*04:01:01:01/DPB1*04:01:01:02,False,False,1.0,1.0,1.0,1.0,1.0,1.0,1.0,1.0,0.0
SYNTH_0760,Global,success,,262.6,0.96428571,2,0.2223,HLA-A=A*01:01:01:01 | HLA-C=C*07:01:01:01 | HLA-B=B*08:01:01:01 | DRB345=DRB3*01:01:02:01 | DRB1=DRB1*03:01:01:01SG | DQA1=DQA1*05:01:01:02 | DQB1=DQB1*02:01:01 | DPA1=DPA1*02:01:02 | DPB1=DPB1*01:01:01,HLA-A=A*02:01:01:01 | HLA-C=C*05:01:01:02 | HLA-B=B*44:02:01:01 | DRB345=DRB4*01:03:01:01/DRB4*01:03:01:01:03 | DRB1=DRB1*04:01:01:01SG | DQA1=DQA1*03:03:01:01 | DQB1=DQB1*03:01:01:01 | DPA1=DPA1*01:03:01:01 | DPB1=DPB1*02:01:02/DPB1*02:01:19,False,False,1.0,1.0,1.0,0.0,1.0,1.0,1.0,1.0,0.0
SYNTH_0761,Global,success,,215.0,0.47826087,4,1.7812,HLA-A=A*26:01:01:01 | HLA-C=C*12:03:01:01 | HLA-B=B*38:01:01 | DRB345=DRB3*03:01:01 | DRB1=DRB1*13:02:01 | DQA1=DQA1*01:02:01:04SG | DQB1=DQB1*06:09:01 | DPA1=DPA1*01:03:01:04 | DPB1=DPB1*04:01:01:01/DPB1*04:01:01:02,HLA-A=A*02:01:01:01 | HLA-C=C*07:02:01:03 | HLA-B=B*07:02:01 | DRB345=Abs | DRB1=DRB1*01:01:01 | DQA1=DQA1*01:01:01:02SG | DQB1=DQB1*05:01:01:03 | DPA1=DPA1*01:03:01:02 | DPB1=DPB1*04:01:01:01/DPB1*04:01:01:02,False,False,1.0,1.0,1.0,1.0,1.0,1.0,1.0,1.0,0.0
SYNTH_0762,Global,success,,242.4,0.41432157,36,2.7531,HLA-A=A*03:01:01:01 | HLA-C=C*07:02:01:03 | HLA-B=B*07:02:01 | DRB345=DRB5*01:01:01 | DRB1=DRB1*15:01:01:01SG | DQA1=DQA1*01:02:01:01SG | DQB1=DQB1*06:02:01 | DPA1=DPA1*01:03:01:02 | DPB1=DPB1*04:01:01:01/DPB1*04:01:01:02,HLA-A=A*03:01:01:01 | HLA-C=C*07:02:01:03 | HLA-B=B*07:02:01 | DRB345=DRB5*01:01:01 | DRB1=DRB1*15:01:01:01SG | DQA1=DQA1*01:02:01:01SG | DQB1=DQB1*06:02:01 | DPA1=DPA1*01:03:01:02 | DPB1=DPB1*04:01:01:01/DPB1*04:01:01:02,False,False,1.0,1.0,1.0,1.0,1.0,1.0,1.0,0.0,0.0
SYNTH_0763,Global,success,,213.3,1.0,1,0.0,HLA-A=A*68:05 | HLA-C=C*04:01:01:01 | HLA-B=B*40:05 | DRB345=DRB4*01:03:01:01/DRB4*01:03:01:01:03 | DRB1=DRB1*04:04:01 | DQA1=DQA1*04:01:01 | DQB1=DQB1*03:02:01 | DPA1=DPA1*01:03:01:05 | DPB1=DPB1*04:02:01:02,HLA-A=A*02:01:01:01 | HLA-C=C*05:01:01:02 | HLA-B=B*44:02:01:01 | DRB345=DRB4*01:03:01:01/DRB4*01:03:01:01:03 | DRB1=DRB1*04:01:01:01SG | DQA1=DQA1*03:03:01:01 | DQB1=DQB1*03:01:01:01 | DPA1=DPA1*01:03:01:01 | DPB1=DPB1*04:01:01:01/DPB1*04:01:01:02,False,False,1.0,1.0,1.0,0.0,1.0,1.0,1.0,1.0,0.0
SYNTH_0764,Global,success,,192.9,1.0,1,0.0,HLA-A=A*02:01:01:01 | HLA-C=C*17:01:01:05 | HLA-B=B*41:01:01 | DRB345=DRB3*02:02:01:01 | DRB1=DRB1*03:01:01:01SG | DQA1=DQA1*05:01:01:01 | DQB1=DQB1*02:01:01 | DPA1=DPA1*01:03:01:01 | DPB1=DPB1*02:01:02/DPB1*02:01:19,HLA-A=A*01:01:01:01 | HLA-C=C*07:01:01:01 | HLA-B=B*08:01:01:01 | DRB345=DRB3*01:01:02:01 | DRB1=DRB1*03:01:01:01SG | DQA1=DQA1*05:01:01:02 | DQB1=DQB1*02:01:01 | DPA1=DPA1*01:03:01:05 | DPB1=DPB1*04:02:01:02,False,False,1.0,1.0,1.0,1.0,1.0,1.0,1.0,1.0,0.0
SYNTH_0765,Global,success,,186.4,1.0,1,0.0,HLA-A=A*02:01:01:01 | HLA-C=C*05:01:01:02 | HLA-B=B*44:02:01:01 | DRB345=DRB3*01:01:02:01 | DRB1=DRB1*13:01:01:01SG | DQA1=DQA1*01:03:01:02SG | DQB1=DQB1*06:03:01 | DPA1=DPA1*01:03:01:02 | DPB1=DPB1*04:01:01:01/DPB1*04:01:01:02,HLA-A=A*02:01:01:01 | HLA-C=C*06:02:01:01 | HLA-B=B*57:01:01 | DRB345=DRB4*01:03:01:02N | DRB1=DRB1*07:01:01:01SG | DQA1=DQA1*02:01:01:01SG | DQB1=DQB1*03:03:02:01 | DPA1=DPA1*01:03:01:04 | DPB1=DPB1*04:01:01:01/DPB1*04:01:01:02,False,False,1.0,1.0,1.0,1.0,1.0,1.0,1.0,1.0,0.0
SYNTH_0766,Global,success,,203.2,0.57142857,2,0.9852,HLA-A=A*01:01:01:01 | HLA-C=C*06:02:01:01 | HLA-B=B*57:01:01 | DRB345=DRB4*01:03:01:02N | DRB1=DRB1*07:01:01:01SG | DQA1=DQA1*02:01:01:01SG | DQB1=DQB1*03:03:02:01 | DPA1=DPA1*01:03:01:02 | DPB1=DPB1*04:01:01:01/DPB1*04:01:01:02,HLA-A=A*02:01:01:01 | HLA-C=C*04:01:01:01 | HLA-B=B*35:01:01:02 | DRB345=DRB4*01:03:01:01/DRB4*01:03:01:01:03 | DRB1=DRB1*04:04:01 | DQA1=DQA1*03:01:01 | DQB1=DQB1*03:02:01 | DPA1=DPA1*01:03:01:02 | DPB1=DPB1*02:01:02/DPB1*02:01:19,False,False,1.0,1.0,1.0,0.0,1.0,1.0,1.0,1.0,0.0
SYNTH_0767,Global,success,,169.4,1.0,1,0.0,HLA-A=A*01:01:01:01 | HLA-C=C*07:02:01:03 | HLA-B=B*07:02:01 | DRB345=DRB5*01:01:01 | DRB1=DRB1*15:01:01:01SG | DQA1=DQA1*01:02:01:01SG | DQB1=DQB1*06:02:01 | DPA1=DPA1*01:03:01:05 | DPB1=DPB1*04:02:01:02,HLA-A=A*68:03:01 | HLA-C=C*07:02:01:01 | HLA-B=B*39:05:01 | DRB345=DRB4*01:03:01:01/DRB4*01:03:01:01:03 | DRB1=DRB1*04:07:01 | DQA1=DQA1*03:01:01 | DQB1=DQB1*03:02:01 | DPA1=DPA1*01:03:01:05 | DPB1=DPB1*04:02:01:02,False,False,1.0,1.0,1.0,0.0,1.0,1.0,1.0,1.0,1.0
SYNTH_0768,Global,success,,552.5,1.0,1,0.0,HLA-A=A*01:01:01:01 | HLA-C=C*07:01:01:01 | HLA-B=B*08:01:01:01 | DRB345=DRB3*01:01:02:01 | DRB1=DRB1*03:01:01:01SG | DQA1=DQA1*05:01:01:02 | DQB1=DQB1*02:01:01 | DPA1=DPA1*02:01:02 | DPB1=DPB1*01:01:01,HLA-A=A*03:01:01:01 | HLA-C=C*07:02:01:03 | HLA-B=B*07:02:01 | DRB345=DRB3*02:02:01:02 | DRB1=DRB1*11:01:01:01 | DQA1=DQA1*05:05:01:01SG | DQB1=DQB1*03:01:01:03 | DPA1=DPA1*01:03:01:04 | DPB1=DPB1*04:01:01:01/DPB1*04:01:01:02,False,False,1.0,1.0,1.0,1.0,1.0,1.0,1.0,1.0,0.0
SYNTH_0769,Global,success,,225.8,1.0,1,0.0,HLA-A=A*31:01:02:01 | HLA-C=C*04:01:01:06 | HLA-B=B*35:02:01 | DRB345=DRB4*01:03:01:01/DRB4*01:03:01:01:03 | DRB1=DRB1*04:03:01 | DQA1=DQA1*03:01:01 | DQB1=DQB1*03:05:01 | DPA1=DPA1*01:03:01:04 | DPB1=DPB1*04:01:01:01/DPB1*04:01:01:02,HLA-A=A*01:01:01:01 | HLA-C=C*07:01:01:01 | HLA-B=B*08:01:01:01 | DRB345=DRB3*01:01:02:01 | DRB1=DRB1*03:01:01:01SG | DQA1=DQA1*05:01:01:02 | DQB1=DQB1*02:01:01 | DPA1=DPA1*01:03:01:05 | DPB1=DPB1*04:02:01:01,False,False,1.0,1.0,1.0,0.0,1.0,1.0,1.0,1.0,0.0
SYNTH_0770,Global,success,,483.9,0.93478261,2,0.3478,HLA-A=A*02:01:01:01 | HLA-C=C*07:02:01:03 | HLA-B=B*07:02:01 | DRB345=DRB5*01:01:01 | DRB1=DRB1*15:01:01:01SG | DQA1=DQA1*01:02:01:01SG | DQB1=DQB1*06:02:01 | DPA1=DPA1*01:03:01:04 | DPB1=DPB1*04:01:01:01/DPB1*04:01:01:02,HLA-A=A*24:02:01:01 | HLA-C=C*04:01:01:06 | HLA-B=B*35:02:01 | DRB345=DRB3*02:02:01:02 | DRB1=DRB1*11:04:01 | DQA1=DQA1*05:05:01:01SG | DQB1=DQB1*03:01:01:02 | DPA1=DPA1*01:03:01:02 | DPB1=DPB1*04:01:01:01/DPB1*04:01:01:02,False,False,1.0,1.0,1.0,1.0,1.0,1.0,1.0,1.0,0.0
SYNTH_0771,Global,error,HTTP 500: Internal Server Error,151.1,0.0,0,0.0,,,False,False,,,,,,,,,
SYNTH_0772,Global,success,,493.9,1.0,1,0.0,HLA-A=A*01:01:01:01 | HLA-C=C*06:02:01:01 | HLA-B=B*57:01:01 | DRB345=DRB4*01:03:01:02N | DRB1=DRB1*07:01:01:01SG | DQA1=DQA1*02:01:01:01SG | DQB1=DQB1*03:03:02:01 | DPA1=DPA1*01:03:01:04 | DPB1=DPB1*04:01:01:01/DPB1*04:01:01:02,HLA-A=A*01:01:01:01 | HLA-C=C*07:01:01:01 | HLA-B=B*08:01:01:01 | DRB345=DRB3*01:01:02:01 | DRB1=DRB1*03:01:01:01SG | DQA1=DQA1*05:01:01:02 | DQB1=DQB1*02:01:01 | DPA1=DPA1*02:01:02 | DPB1=DPB1*01:01:01,False,False,1.0,1.0,1.0,1.0,1.0,1.0,1.0,1.0,0.0
SYNTH_0773,Global,success,,472.6,1.0,1,0.0,HLA-A=A*02:06:01:01 | HLA-C=C*07:02:01:01 | HLA-B=B*39:02:02 | DRB345=Abs | DRB1=DRB1*08:02:01 | DQA1=DQA1*04:01:01 | DQB1=DQB1*04:02:01 | DPA1=DPA1*01:03:01:05 | DPB1=DPB1*04:02:01:02,HLA-A=A*03:01:01:01 | HLA-C=C*07:02:01:03 | HLA-B=B*07:02:01 | DRB345=DRB5*01:01:01 | DRB1=DRB1*15:01:01:01SG | DQA1=DQA1*01:02:01:01SG | DQB1=DQB1*06:02:01 | DPA1=DPA1*01:03:01:04 | DPB1=DPB1*04:01:01:01/DPB1*04:01:01:02,False,False,1.0,1.0,1.0,1.0,1.0,1.0,1.0,1.0,0.0
SYNTH_0774,Global,success,,471.9,1.0,1,0.0,HLA-A=A*29:01:01:01 | HLA-C=C*16:02:01 | HLA-B=B*51:08:01 | DRB345=DRB3*01:01:02:01 | DRB1=DRB1*13:03:01 | DQA1=DQA1*05:05:01:01SG | DQB1=DQB1*03:01:01:03 | DPA1=DPA1*01:03:01:02 | DPB1=DPB1*104:01,HLA-A=A*02:01:01:01 | HLA-C=C*07:01:01:01 | HLA-B=B*08:01:01:01 | DRB345=DRB3*01:01:02:01 | DRB1=DRB1*03:01:01:01SG | DQA1=DQA1*05:01:01:02 | DQB1=DQB1*02:01:01 | DPA1=DPA1*01:03:01:04 | DPB1=DPB1*04:01:01:01/DPB1*04:01:01:02,False,False,1.0,1.0,1.0,1.0,1.0,1.0,1.0,1.0,0.0
SYNTH_0775,Global,success,,467.2,0.6,2,0.971,HLA-A=A*26:01:01:01 | HLA-C=C*12:03:01:01 | HLA-B=B*38:01:01 | DRB345=DRB3*01:01:02:01 | DRB1=DRB1*13:01:01:01SG | DQA1=DQA1*01:03:01:02SG | DQB1=DQB1*06:03:01 | DPA1=DPA1*01:03:01:01 | DPB1=DPB1*02:01:02/DPB1*02:01:19,HLA-A=A*68:02:01:01 | HLA-C=C*04:01:01:01 | HLA-B=B*53:01:01 | DRB345=DRB3*02:02:01:02 | DRB1=DRB1*11:01:02 | DQA1=DQA1*05:05:01:01SG | DQB1=DQB1*03:19:01 | DPA1=DPA1*02:01:08 | DPB1=DPB1*01:01:01,False,False,1.0,1.0,1.0,1.0,1.0,1.0,1.0,1.0,0.0
SYNTH_0776,Global,success,,421.0,1.0,1,0.0,HLA-A=A*25:01:01 | HLA-C=C*12:03:01:01 | HLA-B=B*39:01:01:03 | DRB345=DRB4*01:01:01:01 | DRB1=DRB1*07:01:01:01SG | DQA1=DQA1*02:01:01:01SG | DQB1=DQB1*02:02:01:01 | DPA1=DPA1*02:02:02 | DPB1=DPB1*04:02:01:02,HLA-A=A*02:01:01:01 | HLA-C=C*06:02:01:01 | HLA-B=B*57:01:01 | DRB345=DRB4*01:03:01:02N | DRB1=DRB1*07:01:01:01SG | DQA1=DQA1*02:01:01:01SG | DQB1=DQB1*03:03:02:01 | DPA1=DPA1*01:03:01:04 | DPB1=DPB1*04:01:01:01/DPB1*04:01:01:02,False,False,1.0,1.0,1.0,1.0,1.0,1.0,1.0,1.0,0.0
SYNTH_0777,Global,success,,441.5,0.57871397,6,1.7465,HLA-A=A*02:01:01:01 | HLA-C=C*05:01:01:02 | HLA-B=B*44:02:01:01 | DRB345=DRB4*01:03:01:01/DRB4*01:03:01:01:03 | DRB1=DRB1*04:01:01:01SG | DQA1=DQA1*03:03:01:01 | DQB1=DQB1*03:01:01:01 | DPA1=DPA1*01:03:01:04 | DPB1=DPB1*04:01:01:01/DPB1*04:01:01:02,HLA-A=A*24:02:01:01 | HLA-C=C*07:02:01:03 | HLA-B=B*07:02:01 | DRB345=DRB5*01:01:01 | DRB1=DRB1*15:01:01:01SG | DQA1=DQA1*01:02:01:01SG | DQB1=DQB1*06:02:01 | DPA1=DPA1*01:03:01:02 | DPB1=DPB1*04:01:01:01/DPB1*04:01:01:02,False,False,1.0,1.0,1.0,0.0,1.0,1.0,1.0,1.0,0.0
SYNTH_0778,Global,error,[Errno 104] Connection reset by peer,0.0,0.0,0,0.0,,,False,False,,,,,,,,,
SYNTH_0779,Global,success,,121.3,1.0,1,0.0,HLA-A=A*25:01:01 | HLA-C=C*12:03:01:01 | HLA-B=B*18:01:01:02 | DRB345=DRB5*01:01:01 | DRB1=DRB1*15:01:01:01SG | DQA1=DQA1*01:02:01:01SG | DQB1=DQB1*06:02:01 | DPA1=DPA1*01:03:01:04 | DPB1=DPB1*23:01:01,HLA-A=A*02:01:01:01 | HLA-C=C*07:02:01:03 | HLA-B=B*07:02:01 | DRB345=DRB3*02:02:01:01 | DRB1=DRB1*14:54:01 | DQA1=DQA1*01:04:01:01SG | DQB1=DQB1*05:03:01:01/DQB1*05:03:01:02 | DPA1=DPA1*01:03:01:01 | DPB1=DPB1*02:01:02/DPB1*02:01:19,False,False,1.0,1.0,1.0,1.0,1.0,1.0,0.0,1.0,0.0
SYNTH_0780,Global,success,,159.8,0.79411765,5,1.1283,HLA-A=A*01:01:01:01 | HLA-C=C*07:01:01:01 | HLA-B=B*08:01:01:01 | DRB345=DRB3*01:01:02:01 | DRB1=DRB1*03:01:01:01SG | DQA1=DQA1*05:01:01:02 | DQB1=DQB1*02:01:01 | DPA1=DPA1*02:01:02 | DPB1=DPB1*01:01:01,HLA-A=A*02:01:01:01 | HLA-C=C*06:02:01:01 | HLA-B=B*37:01:01 | DRB345=DRB3*02:02:01:02 | DRB1=DRB1*11:01:01:01 | DQA1=DQA1*05:05:01:01SG | DQB1=DQB1*03:01:01:03 | DPA1=DPA1*01:03:01:02 | DPB1=DPB1*04:01:01:01/DPB1*04:01:01:02,False,False,1.0,1.0,1.0,1.0,1.0,1.0,1.0,1.0,0.0
SYNTH_0781,Global,success,,177.1,1.0,1,0.0,HLA-A=A*01:01:01:01 | HLA-C=C*07:01:01:01 | HLA-B=B*08:01:01:01 | DRB345=DRB3*01:01:02:01 | DRB1=DRB1*03:01:01:01SG | DQA1=DQA1*05:01:01:02 | DQB1=DQB1*02:01:01 | DPA1=DPA1*01:03:01:05 | DPB1=DPB1*04:02:01:02,HLA-A=A*02:01:01:01 | HLA-C=C*05:01:01:02 | HLA-B=B*44:02:01:01 | DRB345=DRB4*01:03:01:01/DRB4*01:03:01:01:03 | DRB1=DRB1*04:01:01:01SG | DQA1=DQA1*03:03:01:01 | DQB1=DQB1*03:01:01:01 | DPA1=DPA1*01:03:01:01 | DPB1=DPB1*02:01:02/DPB1*02:01:19,False,False,1.0,1.0,1.0,0.0,1.0,1.0,1.0,1.0,0.0
SYNTH_0782,Global,success,,160.2,1.0,1,0.0,HLA-A=A*03:01:01:01 | HLA-C=C*07:02:01:03 | HLA-B=B*07:02:01 | DRB345=DRB5*01:01:01 | DRB1=DRB1*15:01:01:01SG | DQA1=DQA1*01:02:01:01SG | DQB1=DQB1*06:02:01 | DPA1=DPA1*01:03:01:05 | DPB1=DPB1*04:02:01:02,HLA-A=A*29:02:01:01 | HLA-C=C*16:01:01:01 | HLA-B=B*44:03:01:01 | DRB345=DRB4*01:01:01:01 | DRB1=DRB1*07:01:01:01SG | DQA1=DQA1*02:01:01:01SG | DQB1=DQB1*02:02:01:01 | DPA1=DPA1*02:01:01:01 | DPB1=DPB1*11:01:01,True,True,1.0,1.0,1.0,1.0,1.0,1.0,1.0,1.0,1.0
SYNTH_0783,Global,success,,131.2,1.0,1,0.0,HLA-A=A*30:01:01 | HLA-C=C*04:01:01:06 | HLA-B=B*35:02:01 | DRB345=DRB3*02:02:01:02 | DRB1=DRB1*11:04:01 | DQA1=DQA1*05:05:01:01SG | DQB1=DQB1*03:01:01:02 | DPA1=DPA1*01:03:01:02 | DPB1=DPB1*104:01,HLA-A=A*30:02:01:01 | HLA-C=C*05:01:01:01 | HLA-B=B*18:01:01:01 | DRB345=DRB3*02:02:01:01 | DRB1=DRB1*03:01:01:01SG | DQA1=DQA1*05:01:01:01 | DQB1=DQB1*02:01:01 | DPA1=DPA1*01:03:01:02 | DPB1=DPB1*04:01:01:01/DPB1*04:01:01:02,False,False,1.0,1.0,1.0,1.0,1.0,1.0,1.0,1.0,0.0
SYNTH_0784,Global,success,,153.0,1.0,1,0.0,HLA-A=A*30:01:01 | HLA-C=C*06:02:01:01 | HLA-B=B*13:02:01 | DRB345=DRB4*01:03:01:01/DRB4*01:03:01:01:03 | DRB1=DRB1*07:01:01:01SG | DQA1=DQA1*02:01:01:01SG | DQB1=DQB1*02:02:01:01 | DPA1=DPA1*01:03:01:05 | DPB1=DPB1*04:02:01:02,HLA-A=A*03:01:01:01 | HLA-C=C*07:02:01:03 | HLA-B=B*07:02:01 | DRB345=DRB5*01:01:01 | DRB1=DRB1*15:01:01:01SG | DQA1=DQA1*01:02:01:01SG | DQB1=DQB1*06:02:01 | DPA1=DPA1*01:03:01:03 | DPB1=DPB1*06:01:01,False,False,1.0,1.0,1.0,0.0,1.0,1.0,1.0,1.0,1.0
SYNTH_0785,Global,success,,237.6,0.20031056,18,3.2657,HLA-A=A*02:01:01:01 | HLA-C=C*07:02:01:03 | HLA-B=B*07:02:01 | DRB345=DRB5*01:01:01 | DRB1=DRB1*15:01:01:01SG | DQA1=DQA1*01:02:01:01SG | DQB1=DQB1*06:02:01 | DPA1=DPA1*01:03:01:05 | DPB1=DPB1*04:02:01:02,HLA-A=A*02:01:01:01 | HLA-C=C*07:02:01:03 | HLA-B=B*07:02:01 | DRB345=DRB5*01:01:01 | DRB1=DRB1*15:01:01:01SG | DQA1=DQA1*01:02:01:01SG | DQB1=DQB1*06:02:01 | DPA1=DPA1*01:03:01:04 | DPB1=DPB1*04:01:01:01/DPB1*04:01:01:02,False,False,0.0,1.0,1.0,1.0,1.0,1.0,1.0,1.0,0.0
SYNTH_0786,Global,success,,129.5,1.0,1,0.0,HLA-A=A*03:01:01:01 | HLA-C=C*07:02:01:03 | HLA-B=B*07:02:01 | DRB345=DRB5*01:01:01 | DRB1=DRB1*15:01:01:01SG | DQA1=DQA1*01:02:01:01SG | DQB1=DQB1*06:02:01 | DPA1=DPA1*01:03:01:02 | DPB1=DPB1*04:01:01:01/DPB1*04:01:01:02,HLA-A=A*23:01:01 | HLA-C=C*07:01:01:01 | HLA-B=B*49:01:01 | DRB345=DRB3*02:02:01:02 | DRB1=DRB1*11:04:01 | DQA1=DQA1*05:05:01:01SG | DQB1=DQB1*03:01:01:03 | DPA1=DPA1*01:03:01:04 | DPB1=DPB1*04:01:01:01/DPB1*04:01:01:02,False,False,1.0,1.0,1.0,1.0,1.0,1.0,1.0,1.0,0.0
SYNTH_0787,Global,success,,128.2,0.91011236,2,0.4361,HLA-A=A*01:01:01:01 | HLA-C=C*07:01:01:01 | HLA-B=B*08:01:01:01 | DRB345=DRB3*01:01:02:01 | DRB1=DRB1*03:01:01:01SG | DQA1=DQA1*05:01:01:02 | DQB1=DQB1*02:01:01 | DPA1=DPA1*02:01:02 | DPB1=DPB1*01:01:01,HLA-A=A*02:01:01:01 | HLA-C=C*07:01:01:01 | HLA-B=B*08:01:01:01 | DRB345=DRB3*01:01:02:01 | DRB1=DRB1*03:01:01:01SG | DQA1=DQA1*05:01:01:02 | DQB1=DQB1*02:01:01 | DPA1=DPA1*01:03:01:02 | DPB1=DPB1*04:01:01:01/DPB1*04:01:01:02,False,False,1.0,1.0,1.0,1.0,1.0,1.0,1.0,1.0,0.0
SYNTH_0788,Global,success,,140.4,1.0,1,0.0,HLA-A=A*68:02:01:01 | HLA-C=C*04:01:01:01 | HLA-B=B*53:01:01 | DRB345=DRB3*02:02:01:02 | DRB1=DRB1*11:01:02 | DQA1=DQA1*05:05:01:01SG | DQB1=DQB1*03:19:01 | DPA1=DPA1*02:01:08 | DPB1=DPB1*01:01:01,HLA-A=A*30:01:01 | HLA-C=C*06:02:01:01 | HLA-B=B*13:02:01 | DRB345=DRB4*01:03:01:01/DRB4*01:03:01:01:03 | DRB1=DRB1*07:01:01:01SG | DQA1=DQA1*02:01:01:01SG | DQB1=DQB1*02:02:01:01 | DPA1=DPA1*01:03:01:02 | DPB1=DPB1*04:01:01:01/DPB1*04:01:01:02,False,False,1.0,1.0,1.0,0.0,1.0,1.0,1.0,1.0,0.0
SYNTH_0789,Global,success,,167.2,0.42328042,14,2.6373,HLA-A=A*03:01:01:01 | HLA-C=C*07:02:01:03 | HLA-B=B*07:02:01 | DRB345=DRB5*01:01:01 | DRB1=DRB1*15:01:01:01SG | DQA1=DQA1*01:02:01:01SG | DQB1=DQB1*06:02:01 | DPA1=DPA1*01:03:01:02 | DPB1=DPB1*04:01:01:01/DPB1*04:01:01:02,HLA-A=A*01:01:01:01 | HLA-C=C*06:02:01:01 | HLA-B=B*57:01:01 | DRB345=DRB4*01:03:01:02N | DRB1=DRB1*07:01:01:01SG | DQA1=DQA1*02:01:01:01SG | DQB1=DQB1*03:03:02:01 | DPA1=DPA1*01:03:01:01 | DPB1=DPB1*02:01:02/DPB1*02:01:19,False,False,0.0,1.0,1.0,1.0,1.0,1.0,1.0,1.0,0.0
SYNTH_0790,Global,success,,113.9,0.36,5,2.0627,HLA-A=A*33:01:01 | HLA-C=C*08:02:01:01 | HLA-B=B*14:02:01:01 | DRB345=Abs | DRB1=DRB1*01:02:01 | DQA1=DQA1*01:01:02 | DQB1=DQB1*05:01:01:01 | DPA1=DPA1*01:03:01:04 | DPB1=DPB1*04:01:01:01/DPB1*04:01:01:02,HLA-A=A*01:01:01:01 | HLA-C=C*04:01:01:06 | HLA-B=B*35:02:01 | DRB345=DRB3*02:02:01:02 | DRB1=DRB1*11:04:01 | DQA1=DQA1*01:03:01:02SG | DQB1=DQB1*06:03:01 | DPA1=DPA1*02:01:01:02 | DPB1=DPB1*02:01:02/DPB1*02:01:19,False,False,1.0,1.0,1.0,1.0,1.0,1.0,1.0,0.0,0.0
SYNTH_0791,Global,success,,114.5,1.0,1,0.0,HLA-A=A*03:01:01:01 | HLA-C=C*07:02:01:03 | HLA-B=B*07:02:01 | DRB345=DRB5*01:01:01 | DRB1=DRB1*15:01:01:01SG | DQA1=DQA1*01:02:01:01SG | DQB1=DQB1*06:02:01 | DPA1=DPA1*01:03:01:03 | DPB1=DPB1*03:01:01,HLA-A=A*02:01:01:01 | HLA-C=C*04:01:01:06 | HLA-B=B*35:02:01 | DRB345=DRB3*02:02:01:02 | DRB1=DRB1*11:04:01 | DQA1=DQA1*05:05:01:01SG | DQB1=DQB1*03:01:01:02 | DPA1=DPA1*01:03:01:05 | DPB1=DPB1*04:02:01:02,True,True,1.0,1.0,1.0,1.0,1.0,1.0,1.0,1.0,1.0
SYNTH_0792,Global,success,,129.6,0.4787234,8,1.785,HLA-A=A*01:01:01:01 | HLA-C=C*07:01:01:01 | HLA-B=B*08:01:01:01 | DRB345=DRB3*01:01:02:01 | DRB1=DRB1*03:01:01:01SG | DQA1=DQA1*05:01:01:02 | DQB1=DQB1*02:01:01 | DPA1=DPA1*02:01:02 | DPB1=DPB1*01:01:01,HLA-A=A*11:01:01:01 | HLA-C=C*03:03:01:01 | HLA-B=B*15:01:01:01 | DRB345=DRB4*01:03:01:01/DRB4*01:03:01:01:03 | DRB1=DRB1*04:01:01:01SG | DQA1=DQA1*03:01:01 | DQB1=DQB1*03:02:01 | DPA1=DPA1*01:03:01:02 | DPB1=DPB1*04:01:01:01/DPB1*04:01:01:02,False,False,1.0,1.0,1.0,0.0,1.0,1.0,1.0,1.0,0.0
SYNTH_0793,Global,success,,114.3,1.0,1,0.0,HLA-A=A*02:01:01:01 | HLA-C=C*03:04:01:01 | HLA-B=B*40:01:02 | DRB345=DRB3*03:01:01 | DRB1=DRB1*13:02:01 | DQA1=DQA1*01:02:01:04SG | DQB1=DQB1*06:04:01 | DPA1=DPA1*01:03:01:02 | DPB1=DPB1*04:01:01:01/DPB1*04:01:01:02,HLA-A=A*02:05:01 | HLA-C=C*06:02:01:02 | HLA-B=B*50:01:01 | DRB345=DRB4*01:03:01:01/DRB4*01:03:01:01:03 | DRB1=DRB1*07:01:01:01SG | DQA1=DQA1*02:01:01:01SG | DQB1=DQB1*02:02:01:01 | DPA1=DPA1*01:03:01:02 | DPB1=DPB1*104:01,False,False,1.0,1.0,1.0,0.0,1.0,1.0,1.0,1.0,0.0
SYNTH_0794,Global,success,,103.8,1.0,1,0.0,HLA-A=A*11:01:01:01 | HLA-C=C*03:03:01:01 | HLA-B=B*15:01:01:01 | DRB345=DRB4*01:03:01:01/DRB4*01:03:01:01:03 | DRB1=DRB1*04:01:01:01SG | DQA1=DQA1*03:01:01 | DQB1=DQB1*03:02:01 | DPA1=DPA1*01:03:01:02 | DPB1=DPB1*04:01:01:01/DPB1*04:01:01:02,HLA-A=A*26:01:01:01 | HLA-C=C*12:03:01:01 | HLA-B=B*38:01:01 | DRB345=DRB4*01:03:01:01/DRB4*01:03:01:01:03 | DRB1=DRB1*04:02:01 | DQA1=DQA1*03:01:01 | DQB1=DQB1*03:02:01 | DPA1=DPA1*01:03:01:04 | DPB1=DPB1*04:01:01:01/DPB1*04:01:01:02,False,False,1.0,1.0,1.0,0.0,1.0,1.0,1.0,1.0,0.0
SYNTH_0795,Global,success,,107.0,1.0,1,0.0,HLA-A=A*68:02:01:01 | HLA-C=C*04:01:01:01 | HLA-B=B*53:01:01 | DRB345=DRB3*02:02:01:02 | DRB1=DRB1*11:01:02 | DQA1=DQA1*05:05:01:01SG | DQB1=DQB1*03:19:01 | DPA1=DPA1*02:01:08 | DPB1=DPB1*01:01:01,HLA-A=A*02:01:01:01 | HLA-C=C*07:02:01:03 | HLA-B=B*07:02:01 | DRB345=Abs | DRB1=DRB1*01:03 | DQA1=DQA1*01:01:01:02SG | DQB1=DQB1*05:01:01:03 | DPA1=DPA1*01:03:01:02 | DPB1=DPB1*04:01:01:01/DPB1*04:01:01:02,False,False,1.0,1.0,1.0,1.0,1.0,1.0,1.0,1.0,0.0
SYNTH_0796,Global,success,,86.8,1.0,1,0.0,HLA-A=A*01:01:01:01 | HLA-C=C*07:01:01:01 | HLA-B=B*08:01:01:01 | DRB345=DRB3*01:01:02:01 | DRB1=DRB1*03:01:01:01SG | DQA1=DQA1*05:01:01:01 | DQB1=DQB1*02:01:01 | DPA1=DPA1*02:01:02 | DPB1=DPB1*01:01:01,HLA-A=A*24:02:01:05 | HLA-C=C*03:03:01:01 | HLA-B=B*15:01:01:01 | DRB345=DRB3*02:02:01:02 | DRB1=DRB1*11:03:01 | DQA1=DQA1*05:05:01:01SG | DQB1=DQB1*03:01:01:03 | DPA1=DPA1*01:03:01:05 | DPB1=DPB1*04:02:01:02,True,True,1.0,1.0,1.0,1.0,1.0,1.0,1.0,1.0,1.0
SYNTH_0797,Global,success,,49.2,0.70731707,3,1.0624,HLA-A=A*02:01:01:01 | HLA-C=C*05:01:01:02 | HLA-B=B*44:02:01:01 | DRB345=DRB4*01:03:01:01/DRB4*01:03:01:01:03 | DRB1=DRB1*04:01:01:01SG | DQA1=DQA1*03:03:01:01 | DQB1=DQB1*03:01:01:01 | DPA1=DPA1*01:03:01:04 | DPB1=DPB1*04:01:01:01/DPB1*04:01:01:02,HLA-A=A*26:01:01:01 | HLA-C=C*12:03:01:01 | HLA-B=B*38:01:01 | DRB345=DRB3*01:01:02:01 | DRB1=DRB1*13:01:01:01SG | DQA1=DQA1*01:03:01:02SG | DQB1=DQB1*06:03:01 | DPA1=DPA1*01:03:01:01 | DPB1=DPB1*02:01:02/DPB1*02:01:19,False,False,1.0,1.0,1.0,0.0,1.0,1.0,1.0,1.0,0.0
SYNTH_0798,Global,success,,103.4,0.5375,2,0.9959,HLA-A=A*02:01:01:01 | HLA-C=C*07:02:01:03 | HLA-B=B*07:02:01 | DRB345=DRB5*01:01:01 | DRB1=DRB1*15:01:01:01SG | DQA1=DQA1*01:02:01:01SG | DQB1=DQB1*06:02:01 | DPA1=DPA1*01:03:01:04 | DPB1=DPB1*04:01:01:01/DPB1*04:01:01:02,HLA-A=A*02:01:01:01 | HLA-C=C*03:03:01:01 | HLA-B=B*55:01:01 | DRB345=DRB4*01:03:01:01/DRB4*01:03:01:01:03 | DRB1=DRB1*04:07:01 | DQA1=DQA1*03:03:01:01 | DQB1=DQB1*03:01:01:01 | DPA1=DPA1*01:03:01:04 | DPB1=DPB1*04:01:01:01/DPB1*04:01:01:02,False,False,1.0,1.0,1.0,0.0,1.0,1.0,1.0,1.0,0.0
SYNTH_0799,Global,success,,174.8,1.0,1,0.0,HLA-A=A*02:01:01:01 | HLA-C=C*05:01:01:02 | HLA-B=B*44:02:01:01 | DRB345=DRB4*01:03:01:01/DRB4*01:03:01:01:03 | DRB1=DRB1*04:01:01:01SG | DQA1=DQA1*03:03:01:01 | DQB1=DQB1*03:01:01:01 | DPA1=DPA1*01:03:01:03 | DPB1=DPB1*03:01:01,HLA-A=A*02:01:01:01 | HLA-C=C*07:02:01:03 | HLA-B=B*07:02:01 | DRB345=DRB5*01:01:01 | DRB1=DRB1*15:01:01:01SG | DQA1=DQA1*01:02:01:01SG | DQB1=DQB1*06:02:01 | DPA1=DPA1*01:03:01:05 | DPB1=DPB1*04:02:01:02,False,False,1.0,1.0,1.0,0.0,1.0,1.0,1.0,1.0,1.0
SYNTH_0800,Global,success,,147.2,1.0,1,0.0,HLA-A=A*11:01:01:01 | HLA-C=C*04:01:01:05 | HLA-B=B*35:01:01:02 | DRB345=Abs | DRB1=DRB1*01:01:01 | DQA1=DQA1*01:01:01:02SG | DQB1=DQB1*05:01:01:03 | DPA1=DPA1*01:03:01:02 | DPB1=DPB1*04:01:01:01/DPB1*04:01:01:02,HLA-A=A*02:01:01:01 | HLA-C=C*16:01:01:01 | HLA-B=B*44:03:01:01 | DRB345=DRB3*02:02:01:02 | DRB1=DRB1*11:01:02 | DQA1=DQA1*01:02:01:01SG | DQB1=DQB1*06:02:01 | DPA1=DPA1*01:03:01:02 | DPB1=DPB1*18:01,False,False,1.0,1.0,1.0,1.0,1.0,1.0,1.0,1.0,0.0
SYNTH_0801,Global,success,,102.5,1.0,1,0.0,HLA-A=A*29:02:01:01 | HLA-C=C*16:01:01:01 | HLA-B=B*44:03:01:01 | DRB345=DRB4*01:01:01:01 | DRB1=DRB1*07:01:01:01SG | DQA1=DQA1*02:01:01:01SG | DQB1=DQB1*02:02:01:01 | DPA1=DPA1*02:01:01:01 | DPB1=DPB1*11:01:01,HLA-A=A*25:01:01 | HLA-C=C*12:03:01:01 | HLA-B=B*18:01:01:02 | DRB345=DRB5*01:01:01 | DRB1=DRB1*15:01:01:01SG | DQA1=DQA1*01:02:01:01SG | DQB1=DQB1*06:02:01 | DPA1=DPA1*01:03:01:01 | DPB1=DPB1*02:01:02/DPB1*02:01:19,False,False,1.0,1.0,1.0,1.0,1.0,1.0,1.0,1.0,0.0
SYNTH_0802,Global,success,,164.8,0.77777778,3,0.9864,HLA-A=A*24:02:01:01 | HLA-C=C*04:01:01:01 | HLA-B=B*35:03:01 | DRB345=DRB4*01:03:01:02N | DRB1=DRB1*07:01:01:01SG | DQA1=DQA1*02:01:01:01SG | DQB1=DQB1*03:03:02:01 | DPA1=DPA1*01:03:01:02 | DPB1=DPB1*04:01:01:01/DPB1*04:01:01:02,HLA-A=A*29:02:01:01 | HLA-C=C*16:01:01:01 | HLA-B=B*44:03:01:01 | DRB345=DRB4*01:01:01:01 | DRB1=DRB1*07:01:01:01SG | DQA1=DQA1*02:01:01:01SG | DQB1=DQB1*02:02:01:01 | DPA1=DPA1*01:03:01:02 | DPB1=DPB1*04:01:01:01/DPB1*04:01:01:02,False,False,1.0,1.0,1.0,1.0,1.0,1.0,1.0,1.0,0.0
SYNTH_0803,Global,success,,65.8,1.0,1,0.0,HLA-A=A*03:01:01:01 | HLA-C=C*07:04:01:01 | HLA-B=B*44:02:01:03 | DRB345=DRB3*02:02:01:02 | DRB1=DRB1*11:01:01:01 | DQA1=DQA1*05:05:01:01SG | DQB1=DQB1*03:01:01:03 | DPA1=DPA1*01:03:01:02 | DPB1=DPB1*04:01:01:01/DPB1*04:01:01:02,HLA-A=A*24:02:01:05 | HLA-C=C*03:03:01:01 | HLA-B=B*15:01:01:01 | DRB345=DRB3*02:02:01:02 | DRB1=DRB1*11:03:01 | DQA1=DQA1*05:05:01:01SG | DQB1=DQB1*03:01:01:03 | DPA1=DPA1*01:03:01:05 | DPB1=DPB1*04:02:01:02,False,False,1.0,1.0,1.0,1.0,1.0,1.0,1.0,1.0,0.0
SYNTH_0804,Global,success,,249.1,0.59259259,7,1.7742,HLA-A=A*03:01:01:01 | HLA-C=C*07:02:01:03 | HLA-B=B*07:02:01 | DRB345=DRB5*01:01:01 | DRB1=DRB1*15:01:01:01SG | DQA1=DQA1*01:02:01:01SG | DQB1=DQB1*06:02:01 | DPA1=DPA1*01:03:01:02 | DPB1=DPB1*04:01:01:01/DPB1*04:01:01:02,HLA-A=A*03:01:01:01 | HLA-C=C*07:02:01:03 | HLA-B=B*07:02:01 | DRB345=Abs | DRB1=DRB1*01:01:01 | DQA1=DQA1*01:01:01:02SG | DQB1=DQB1*05:01:01:03 | DPA1=DPA1*01:03:01:02 | DPB1=DPB1*02:01:02/DPB1*02:01:19,False,False,1.0,1.0,1.0,1.0,1.0,1.0,1.0,1.0,0.0
SYNTH_0805,Global,success,,146.2,1.0,1,0.0,HLA-A=A*02:01:01:01 | HLA-C=C*07:02:01:03 | HLA-B=B*07:02:01 | DRB345=DRB5*01:01:01 | DRB1=DRB1*15:01:01:01SG | DQA1=DQA1*01:02:01:01SG | DQB1=DQB1*05:02:01 | DPA1=DPA1*01:03:01:02 | DPB1=DPB1*104:01,HLA-A=A*23:01:01 | HLA-C=C*07:01:01:01 | HLA-B=B*49:01:01 | DRB345=DRB5*01:01:01 | DRB1=DRB1*15:01:01:01SG | DQA1=DQA1*01:02:01:01SG | DQB1=DQB1*06:02:01 | DPA1=DPA1*01:03:01:04 | DPB1=DPB1*02:01:02/DPB1*02:01:19,False,False,1.0,1.0,1.0,1.0,1.0,1.0,1.0,1.0,0.0
SYNTH_0806,Global,success,,159.5,1.0,1,0.0,HLA-A=A*01:01:01:01 | HLA-C=C*07:01:01:01 | HLA-B=B*08:01:01:01 | DRB345=DRB3*01:01:02:02 | DRB1=DRB1*03:01:01:01SG | DQA1=DQA1*05:01:01:02 | DQB1=DQB1*02:01:01 | DPA1=DPA1*01:03:01:04 | DPB1=DPB1*04:01:01:01/DPB1*04:01:01:02,HLA-A=A*01:01:01:01 | HLA-C=C*07:01:01:01 | HLA-B=B*08:01:01:01 | DRB345=DRB3*01:01:02:01 | DRB1=DRB1*03:01:01:01SG | DQA1=DQA1*05:01:01:02 | DQB1=DQB1*02:01:01 | DPA1=DPA1*01:03:01:03 | DPB1=DPB1*03:01:01,False,False,1.0,1.0,1.0,1.0,1.0,1.0,1.0,1.0,0.0
SYNTH_0807,Global,success,,364.8,0.4620133,9,2.1549,HLA-A=A*01:01:01:01 | HLA-C=C*07:01:01:01 | HLA-B=B*08:01:01:01 | DRB345=DRB3*01:01:02:01 | DRB1=DRB1*03:01:01:01SG | DQA1=DQA1*05:01:01:02 | DQB1=DQB1*02:01:01 | DPA1=DPA1*01:03:01:02 | DPB1=DPB1*04:01:01:01/DPB1*04:01:01:02,HLA-A=A*01:01:01:01 | HLA-C=C*06:02:01:01 | HLA-B=B*57:01:01 | DRB345=DRB4*01:03:01:02N | DRB1=DRB1*07:01:01:01SG | DQA1=DQA1*02:01:01:01SG | DQB1=DQB1*03:03:02:01 | DPA1=DPA1*01:03:01:04 | DPB1=DPB1*04:01:01:01/DPB1*04:01:01:02,False,False,0.0,1.0,1.0,1.0,1.0,1.0,1.0,1.0,0.0
SYNTH_0808,Global,success,,252.2,0.85802469,3,0.707,HLA-A=A*01:01:01:01 | HLA-C=C*07:01:01:01 | HLA-B=B*08:01:01:01 | DRB345=DRB3*01:01:02:01 | DRB1=DRB1*03:01:01:01SG | DQA1=DQA1*05:01:01:02 | DQB1=DQB1*02:01:01 | DPA1=DPA1*01:03:01:02 | DPB1=DPB1*04:01:01:01/DPB1*04:01:01:02,HLA-A=A*01:01:01:01 | HLA-C=C*12:03:01:01 | HLA-B=B*38:01:01 | DRB345=DRB3*01:01:02:01 | DRB1=DRB1*13:01:01:01SG | DQA1=DQA1*01:03:01:02SG | DQB1=DQB1*06:03:01 | DPA1=DPA1*01:03:01:03 | DPB1=DPB1*03:01:01,False,False,1.0,1.0,1.0,1.0,1.0,1.0,1.0,1.0,0.0
SYNTH_0809,Global,success,,234.5,1.0,1,0.0,HLA-A=A*11:01:01:01 | HLA-C=C*01:02:01 | HLA-B=B*27:05:02 | DRB345=Abs | DRB1=DRB1*01:01:01 | DQA1=DQA1*01:01:01:02SG | DQB1=DQB1*05:01:01:03 | DPA1=DPA1*01:03:01:04 | DPB1=DPB1*04:01:01:01/DPB1*04:01:01:02,HLA-A=A*02:01:01:01 | HLA-C=C*07:02:01:03 | HLA-B=B*07:02:01 | DRB345=DRB5*01:01:01 | DRB1=DRB1*15:01:01:01SG | DQA1=DQA1*01:02:01:01SG | DQB1=DQB1*06:02:01 | DPA1=DPA1*01:03:01:02 | DPB1=DPB1*04:01:01:01/DPB1*04:01:01:02,False,False,1.0,1.0,1.0,1.0,1.0,1.0,1.0,1.0,0.0
SYNTH_0810,Global,success,,234.8,1.0,1,0.0,HLA-A=A*02:01:01:01 | HLA-C=C*06:02:01:01 | HLA-B=B*57:01:01 | DRB345=DRB4*01:03:01:02N | DRB1=DRB1*07:01:01:01SG | DQA1=DQA1*02:01:01:01SG | DQB1=DQB1*03:03:02:01 | DPA1=DPA1*01:03:01:02 | DPB1=DPB1*04:01:01:01/DPB1*04:01:01:02,HLA-A=A*02:01:01:01 | HLA-C=C*02:02:02:01 | HLA-B=B*51:01:01:01 | DRB345=DRB3*02:02:01:02 | DRB1=DRB1*11:01:01:01 | DQA1=DQA1*05:05:01:01SG | DQB1=DQB1*03:01:01:03 | DPA1=DPA1*01:03:01:01 | DPB1=DPB1*02:01:02/DPB1*02:01:19,False,False,1.0,1.0,1.0,1.0,1.0,1.0,1.0,1.0,0.0
SYNTH_0811,Global,success,,201.9,0.4,3,1.5621,HLA-A=A*01:01:01:01 | HLA-C=C*06:02:01:01 | HLA-B=B*57:01:01 | DRB345=DRB4*01:03:01:02N | DRB1=DRB1*07:01:01:01SG | DQA1=DQA1*02:01:01:01SG | DQB1=DQB1*03:03:02:01 | DPA1=DPA1*01:03:01:04 | DPB1=DPB1*04:01:01:01/DPB1*04:01:01:02,HLA-A=A*32:01:01 | HLA-C=C*02:02:02:01 | HLA-B=B*27:05:02 | DRB345=DRB4*01:03:02 | DRB1=DRB1*09:01:02 | DQA1=DQA1*03:02 | DQB1=DQB1*03:03:02:02/DQB1*03:03:02:03 | DPA1=DPA1*01:03:01:05 | DPB1=DPB1*04:02:01:02,False,False,1.0,1.0,1.0,1.0,1.0,1.0,0.0,0.0,0.0
SYNTH_0812,Global,success,,399.5,1.0,1,0.0,HLA-A=A*02:01:01:01 | HLA-C=C*07:02:01:03 | HLA-B=B*07:02:01 | DRB345=Abs | DRB1=DRB1*01:03 | DQA1=DQA1*01:01:01:02SG | DQB1=DQB1*05:01:01:03 | DPA1=DPA1*01:03:01:01 | DPB1=DPB1*02:01:02/DPB1*02:01:19,HLA-A=A*29:02:01:01 | HLA-C=C*08:02:01:01 | HLA-B=B*14:02:01:01 | DRB345=DRB4*01:01:01:01 | DRB1=DRB1*07:01:01:01SG | DQA1=DQA1*02:01:01:01SG | DQB1=DQB1*02:02:01:01 | DPA1=DPA1*01:04 | DPB1=DPB1*15:01:01,False,False,1.0,1.0,1.0,1.0,1.0,1.0,1.0,1.0,0.0
SYNTH_0813,Global,success,,252.2,1.0,1,0.0,HLA-A=A*02:01:01:01 | HLA-C=C*05:01:01:02 | HLA-B=B*44:02:01:01 | DRB345=DRB4*01:03:01:01/DRB4*01:03:01:01:03 | DRB1=DRB1*04:01:01:01SG | DQA1=DQA1*03:03:01:01 | DQB1=DQB1*03:01:01:01 | DPA1=DPA1*01:03:01:03 | DPB1=DPB1*03:01:01,HLA-A=A*24:02:01:01 | HLA-C=C*04:01:01:06 | HLA-B=B*35:08:01 | DRB345=DRB4*01:03:01:01/DRB4*01:03:01:01:03 | DRB1=DRB1*04:03:01 | DQA1=DQA1*03:01:01 | DQB1=DQB1*03:02:01 | DPA1=DPA1*01:03:01:04 | DPB1=DPB1*04:01:01:01/DPB1*04:01:01:02,False,False,1.0,1.0,1.0,0.0,1.0,1.0,1.0,1.0,0.0
SYNTH_0814,Global,success,,421.6,0.0,0,0.0,,,False,False,,,,,,,,,
SYNTH_0815,Global,success,,226.0,1.0,1,0.0,HLA-A=A*02:01:01:01 | HLA-C=C*03:04:01:01 | HLA-B=B*40:01:02 | DRB345=DRB3*03:01:01 | DRB1=DRB1*13:02:01 | DQA1=DQA1*01:02:01:04SG | DQB1=DQB1*06:04:01 | DPA1=DPA1*01:03:01:02 | DPB1=DPB1*04:01:01:01/DPB1*04:01:01:02,HLA-A=A*02:01:01:01 | HLA-C=C*07:02:01:03 | HLA-B=B*07:02:01 | DRB345=DRB5*01:01:01 | DRB1=DRB1*15:01:01:01SG | DQA1=DQA1*01:02:01:01SG | DQB1=DQB1*06:02:01 | DPA1=DPA1*01:03:01:04 | DPB1=DPB1*04:01:01:01/DPB1*04:01:01:02,False,False,1.0,1.0,1.0,1.0,1.0,1.0,1.0,1.0,0.0
SYNTH_0816,Global,success,,196.0,1.0,1,0.0,HLA-A=A*02:01:01:01 | HLA-C=C*03:04:01:01 | HLA-B=B*40:01:02 | DRB345=DRB5*01:01:01 | DRB1=DRB1*15:01:01:01SG | DQA1=DQA1*01:02:01:01SG | DQB1=DQB1*06:02:01 | DPA1=DPA1*02:06 | DPB1=DPB1*05:01:01,HLA-A=A*02:01:01:01 | HLA-C=C*05:01:01:02 | HLA-B=B*44:02:01:01 | DRB345=DRB4*01:03:01:01/DRB4*01:03:01:01:03 | DRB1=DRB1*04:01:01:01SG | DQA1=DQA1*03:03:01:01 | DQB1=DQB1*03:01:01:01 | DPA1=DPA1*01:03:01:04 | DPB1=DPB1*04:01:01:01/DPB1*04:01:01:02,False,False,1.0,1.0,1.0,0.0,1.0,1.0,1.0,1.0,0.0
SYNTH_0817,Global,success,,176.9,1.0,1,0.0,HLA-A=A*02:01:01:01 | HLA-C=C*02:02:02:01 | HLA-B=B*40:02:01 | DRB345=Abs | DRB1=DRB1*01:01:01 | DQA1=DQA1*01:01:01:02SG | DQB1=DQB1*05:01:01:03 | DPA1=DPA1*01:03:01:05 | DPB1=DPB1*04:02:01:02,HLA-A=A*02:01:01:01 | HLA-C=C*07:02:01:03 | HLA-B=B*07:02:01 | DRB345=DRB5*01:01:01 | DRB1=DRB1*15:01:01:01SG | DQA1=DQA1*01:02:01:01SG | DQB1=DQB1*06:02:01 | DPA1=DPA1*01:03:01:04 | DPB1=DPB1*04:01:01:01/DPB1*04:01:01:02,False,False,1.0,1.0,1.0,1.0,1.0,1.0,1.0,1.0,0.0
SYNTH_0818,Global,success,,127.5,0.6,3,1.3383,HLA-A=A*30:01:01 | HLA-C=C*06:02:01:01 | HLA-B=B*13:02:01 | DRB345=DRB4*01:03:01:01/DRB4*01:03:01:01:03 | DRB1=DRB1*07:01:01:01SG | DQA1=DQA1*02:01:01:01SG | DQB1=DQB1*02:02:01:01 | DPA1=DPA1*02:01:01:01 | DPB1=DPB1*17:01,HLA-A=A*29:02:01:01 | HLA-C=C*08:02:01:01 | HLA-B=B*14:02:01:01 | DRB345=DRB4*01:01:01:01 | DRB1=DRB1*07:01:01:01SG | DQA1=DQA1*02:01:01:01SG | DQB1=DQB1*02:02:01:01 | DPA1=DPA1*01:04 | DPB1=DPB1*15:01:01,False,False,1.0,1.0,1.0,0.0,1.0,1.0,1.0,1.0,1.0
SYNTH_0819,Global,success,,231.2,0.78306878,4,1.0299,HLA-A=A*02:01:01:01 | HLA-C=C*03:04:01:01 | HLA-B=B*15:01:01:01 | DRB345=DRB4*01:03:01:01/DRB4*01:03:01:01:03 | DRB1=DRB1*04:01:01:01SG | DQA1=DQA1*03:01:01 | DQB1=DQB1*03:02:01 | DPA1=DPA1*01:03:01:02 | DPB1=DPB1*04:01:01:01/DPB1*04:01:01:02,HLA-A=A*02:01:01:01 | HLA-C=C*07:02:01:03 | HLA-B=B*07:02:01 | DRB345=DRB5*01:01:01 | DRB1=DRB1*15:01:01:01SG | DQA1=DQA1*01:02:01:01SG | DQB1=DQB1*06:02:01 | DPA1=DPA1*01:03:01:02 | DPB1=DPB1*04:01:01:01/DPB1*04:01:01:02,False,False,1.0,1.0,1.0,0.0,1.0,1.0,1.0,1.0,0.0
SYNTH_0820,Global,success,,211.4,0.53846154,2,0.9957,HLA-A=A*01:01:01:01 | HLA-C=C*06:02:01:01 | HLA-B=B*57:01:01 | DRB345=DRB4*01:03:01:02N | DRB1=DRB1*07:01:01:01SG | DQA1=DQA1*02:01:01:01SG | DQB1=DQB1*03:03:02:01 | DPA1=DPA1*01:03:01:04 | DPB1=DPB1*04:01:01:01/DPB1*04:01:01:02,HLA-A=A*02:01:01:01 | HLA-C=C*05:01:01:02 | HLA-B=B*44:02:01:01 | DRB345=Abs | DRB1=DRB1*01:01:01 | DQA1=DQA1*01:01:01:02SG | DQB1=DQB1*05:01:01:03 | DPA1=DPA1*01:03:01:02 | DPB1=DPB1*04:01:01:01/DPB1*04:01:01:02,False,False,1.0,1.0,1.0,1.0,1.0,1.0,1.0,1.0,0.0
SYNTH_0821,Global,success,,161.6,0.46153846,5,2.0066,HLA-A=A*02:01:01:01 | HLA-C=C*05:01:01:02 | HLA-B=B*44:02:01:01 | DRB345=DRB4*01:01:01:01 | DRB1=DRB1*07:01:01:01SG | DQA1=DQA1*02:01:01:01SG | DQB1=DQB1*02:02:01:01 | DPA1=DPA1*01:03:01:02 | DPB1=DPB1*04:01:01:01/DPB1*04:01:01:02,HLA-A=A*25:01:01 | HLA-C=C*12:03:01:01 | HLA-B=B*18:01:01:02 | DRB345=DRB5*01:01:01 | DRB1=DRB1*15:01:01:01SG | DQA1=DQA1*01:02:01:01SG | DQB1=DQB1*06:02:01 | DPA1=DPA1*01:03:01:02 | DPB1=DPB1*04:01:01:01/DPB1*04:01:01:02,False,False,1.0,1.0,1.0,1.0,1.0,1.0,1.0,1.0,0.0
SYNTH_0822,Global,success,,131.0,1.0,1,0.0,HLA-A=A*01:01:01:01 | HLA-C=C*07:01:01:01 | HLA-B=B*08:01:01:01 | DRB345=DRB3*01:01:02:01 | DRB1=DRB1*03:01:01:01SG | DQA1=DQA1*05:01:01:02 | DQB1=DQB1*02:01:01 | DPA1=DPA1*01:03:01:02 | DPB1=DPB1*04:01:01:01/DPB1*04:01:01:02,HLA-A=A*01:01:01:01 | HLA-C=C*07:01:01:01 | HLA-B=B*08:01:01:01 | DRB345=DRB3*01:01:02:01 | DRB1=DRB1*03:01:01:01SG | DQA1=DQA1*05:01:01:02 | DQB1=DQB1*02:01:01 | DPA1=DPA1*01:03:01:01 | DPB1=DPB1*02:01:02/DPB1*02:01:19,False,False,1.0,1.0,1.0,1.0,1.0,1.0,1.0,1.0,0.0
SYNTH_0823,Global,success,,145.0,0.41666667,4,1.8879,HLA-A=A*33:03:01 | HLA-C=C*03:02:02:01 | HLA-B=B*58:01:01:01 | DRB345=DRB3*03:01:01 | DRB1=DRB1*13:02:01 | DQA1=DQA1*01:02:01:04SG | DQB1=DQB1*06:09:01 | DPA1=DPA1*01:03:01:01 | DPB1=DPB1*02:01:02/DPB1*02:01:19,HLA-A=A*24:02:01:01 | HLA-C=C*07:02:01:03 | HLA-B=B*07:02:01 | DRB345=DRB5*01:01:01 | DRB1=DRB1*15:01:01:01SG | DQA1=DQA1*01:02:01:01SG | DQB1=DQB1*06:02:01 | DPA1=DPA1*01:03:01:01 | DPB1=DPB1*02:01:02/DPB1*02:01:19,False,False,1.0,1.0,1.0,1.0,1.0,1.0,1.0,1.0,0.0
SYNTH_0824,Global,success,,170.3,1.0,1,0.0,HLA-A=A*01:01:01:01 | HLA-C=C*07:01:01:01 | HLA-B=B*08:01:01:01 | DRB345=DRB3*01:01:02:01 | DRB1=DRB1*03:01:01:01SG | DQA1=DQA1*05:01:01:02 | DQB1=DQB1*02:01:01 | DPA1=DPA1*01:03:01:02 | DPB1=DPB1*04:01:01:01/DPB1*04:01:01:02,HLA-A=A*02:01:01:01 | HLA-C=C*06:02:01:01 | HLA-B=B*13:02:01 | DRB345=DRB4*01:03:01:01/DRB4*01:03:01:01:03 | DRB1=DRB1*07:01:01:01SG | DQA1=DQA1*02:01:01:01SG | DQB1=DQB1*02:02:01:01 | DPA1=DPA1*01:03:01:04 | DPB1=DPB1*04:01:01:01/DPB1*04:01:01:02,False,False,1.0,1.0,1.0,0.0,1.0,1.0,1.0,1.0,0.0
SYNTH_0825,Global,success,,120.7,0.87974684,3,0.5885,HLA-A=A*01:01:01:01 | HLA-C=C*07:01:01:01 | HLA-B=B*08:01:01:01 | DRB345=DRB3*01:01:02:01 | DRB1=DRB1*03:01:01:01SG | DQA1=DQA1*05:01:01:02 | DQB1=DQB1*02:01:01 | DPA1=DPA1*01:03:01:02 | DPB1=DPB1*04:01:01:01/DPB1*04:01:01:02,HLA-A=A*02:01:01:01 | HLA-C=C*07:01:01:01 | HLA-B=B*18:01:01:02 | DRB345=DRB3*02:02:01:02 | DRB1=DRB1*11:04:01 | DQA1=DQA1*05:05:01:01SG | DQB1=DQB1*03:01:01:03 | DPA1=DPA1*01:03:01:05 | DPB1=DPB1*04:02:01:01,False,False,1.0,1.0,1.0,1.0,1.0,1.0,1.0,1.0,0.0
SYNTH_0826,Global,success,,107.8,1.0,1,0.0,HLA-A=A*11:01:01:01 | HLA-C=C*07:02:01:03 | HLA-B=B*07:02:01 | DRB345=DRB5*01:01:01 | DRB1=DRB1*15:01:01:01SG | DQA1=DQA1*01:02:01:01SG | DQB1=DQB1*06:02:01 | DPA1=DPA1*01:03:01:03 | DPB1=DPB1*03:01:01,HLA-A=A*25:01:01 | HLA-C=C*12:03:01:01 | HLA-B=B*18:01:01:02 | DRB345=DRB5*01:01:01 | DRB1=DRB1*15:01:01:01SG | DQA1=DQA1*01:02:01:01SG | DQB1=DQB1*06:02:01 | DPA1=DPA1*01:03:01:02 | DPB1=DPB1*04:01:01:01/DPB1*04:01:01:02,False,False,1.0,1.0,1.0,1.0,1.0,1.0,1.0,1.0,0.0
SYNTH_0827,Global,success,,97.2,1.0,1,0.0,HLA-A=A*24:02:01:01 | HLA-C=C*04:01:01:06 | HLA-B=B*35:08:01 | DRB345=DRB4*01:03:01:01/DRB4*01:03:01:01:03 | DRB1=DRB1*04:03:01 | DQA1=DQA1*03:01:01 | DQB1=DQB1*03:02:01 | DPA1=DPA1*01:03:01:01 | DPB1=DPB1*02:01:02/DPB1*02:01:19,HLA-A=A*29:02:01:01 | HLA-C=C*16:01:01:01 | HLA-B=B*44:03:01:01 | DRB345=DRB4*01:03:01:01/DRB4*01:03:01:01:03 | DRB1=DRB1*07:01:01:01SG | DQA1=DQA1*02:01:01:01SG | DQB1=DQB1*02:02:01:01 | DPA1=DPA1*01:03:01:02 | DPB1=DPB1*04:01:01:01/DPB1*04:01:01:02,False,False,1.0,1.0,1.0,0.0,1.0,1.0,1.0,1.0,0.0
SYNTH_0828,Global,success,,80.2,1.0,1,0.0,HLA-A=A*24:02:01:01 | HLA-C=C*04:01:01:06 | HLA-B=B*35:01:01:01 | DRB345=DRB3*02:02:01:02 | DRB1=DRB1*13:01:01:01SG | DQA1=DQA1*01:03:01:02SG | DQB1=DQB1*06:03:01 | DPA1=DPA1*01:03:01:01 | DPB1=DPB1*02:01:02/DPB1*02:01:19,HLA-A=A*31:01:02:01 | HLA-C=C*04:04:01 | HLA-B=B*51:01:01:01 | DRB345=DRB4*01:03:01:01/DRB4*01:03:01:01:03 | DRB1=DRB1*04:07:01 | DQA1=DQA1*03:01:01 | DQB1=DQB1*03:02:01 | DPA1=DPA1*01:03:01:05 | DPB1=DPB1*04:02:01:02,False,False,1.0,1.0,1.0,0.0,1.0,1.0,1.0,1.0,0.0
SYNTH_0829,Global,success,,83.9,0.59649123,4,1.4038,HLA-A=A*03:01:01:01 | HLA-C=C*03:04:01:01 | HLA-B=B*15:01:01:01 | DRB345=DRB4*01:03:01:01/DRB4*01:03:01:01:03 | DRB1=DRB1*04:01:01:01SG | DQA1=DQA1*03:01:01 | DQB1=DQB1*03:02:01 | DPA1=DPA1*01:03:01:02 | DPB1=DPB1*04:01:01:01/DPB1*04:01:01:02,HLA-A=A*01:01:01:01 | HLA-C=C*07:01:01:01 | HLA-B=B*08:01:01:01 | DRB345=DRB3*01:01:02:01 | DRB1=DRB1*03:01:01:01SG | DQA1=DQA1*05:01:01:02 | DQB1=DQB1*02:01:01 | DPA1=DPA1*01:03:01:04 | DPB1=DPB1*04:01:01:01/DPB1*04:01:01:02,False,False,1.0,1.0,0.0,0.0,1.0,1.0,1.0,1.0,0.0
SYNTH_0830,Global,success,,137.0,1.0,1,0.0,HLA-A=A*02:01:01:01 | HLA-C=C*04:01:01:01 | HLA-B=B*35:03:01 | DRB345=DRB3*02:02:01:02 | DRB1=DRB1*12:01:01:03 | DQA1=DQA1*05:05:01:05SG | DQB1=DQB1*03:01:01:01 | DPA1=DPA1*02:01:01:02 | DPB1=DPB1*04:01:01:01/DPB1*04:01:01:02,HLA-A=A*02:01:01:01 | HLA-C=C*03:04:01:01 | HLA-B=B*40:01:02 | DRB345=DRB4*01:03:01:01/DRB4*01:03:01:01:03 | DRB1=DRB1*04:01:01:01SG | DQA1=DQA1*03:01:01 | DQB1=DQB1*03:02:01 | DPA1=DPA1*02:01:01:02 | DPB1=DPB1*10:01:01,False,False,1.0,1.0,1.0,0.0,1.0,1.0,1.0,1.0,0.0
SYNTH_0831,Global,success,,161.5,0.36571429,10,2.6316,HLA-A=A*02:01:01:01 | HLA-C=C*03:04:01:01 | HLA-B=B*15:01:01:01 | DRB345=DRB4*01:03:01:01/DRB4*01:03:01:01:03 | DRB1=DRB1*04:01:01:01SG | DQA1=DQA1*03:01:01 | DQB1=DQB1*03:02:01 | DPA1=DPA1*01:03:01:02 | DPB1=DPB1*04:01:01:01/DPB1*04:01:01:02,HLA-A=A*02:01:01:01 | HLA-C=C*03:03:01:01 | HLA-B=B*15:01:01:01 | DRB345=DRB4*01:03:01:01/DRB4*01:03:01:01:03 | DRB1=DRB1*04:01:01:01SG | DQA1=DQA1*03:01:01 | DQB1=DQB1*03:02:01 | DPA1=DPA1*01:03:01:05 | DPB1=DPB1*04:02:01:02,False,False,0.0,1.0,1.0,0.0,1.0,1.0,1.0,1.0,0.0
SYNTH_0832,Global,success,,153.6,1.0,1,0.0,HLA-A=A*02:01:01:01 | HLA-C=C*03:04:01:01 | HLA-B=B*40:01:02 | DRB345=DRB5*01:01:01 | DRB1=DRB1*15:01:01:01SG | DQA1=DQA1*01:02:01:01SG | DQB1=DQB1*06:02:01 | DPA1=DPA1*01:03:01:02 | DPB1=DPB1*04:01:01:01/DPB1*04:01:01:02,HLA-A=A*01:01:01:01 | HLA-C=C*07:01:01:01 | HLA-B=B*08:01:01:01 | DRB345=DRB3*01:01:02:02 | DRB1=DRB1*03:01:01:01SG | DQA1=DQA1*05:01:01:02 | DQB1=DQB1*02:01:01 | DPA1=DPA1*01:03:01:03 | DPB1=DPB1*03:01:01,False,False,1.0,1.0,1.0,1.0,1.0,1.0,1.0,1.0,0.0
SYNTH_0833,Global,success,,137.3,1.0,1,0.0,HLA-A=A*02:01:01:01 | HLA-C=C*04:01:01:01 | HLA-B=B*44:03:01:01 | DRB345=DRB4*01:01:01:01 | DRB1=DRB1*07:01:01:01SG | DQA1=DQA1*02:01:01:01SG | DQB1=DQB1*02:02:01:01 | DPA1=DPA1*01:03:01:03 | DPB1=DPB1*03:01:01,HLA-A=A*68:01:01:02 | HLA-C=C*06:02:01:01 | HLA-B=B*58:02:01 | DRB345=DRB3*02:02:01:02 | DRB1=DRB1*12:01:01:03 | DQA1=DQA1*01:05:01 | DQB1=DQB1*05:01:01:02 | DPA1=DPA1*01:03:01:02 | DPB1=DPB1*18:01,True,True,1.0,1.0,1.0,1.0,1.0,1.0,1.0,1.0,1.0
SYNTH_0834,Global,success,,219.4,1.0,1,0.0,HLA-A=A*01:01:01:01 | HLA-C=C*07:01:01:01 | HLA-B=B*08:01:01:01 | DRB345=DRB3*01:01:02:02 | DRB1=DRB1*03:01:01:01SG | DQA1=DQA1*05:01:01:02 | DQB1=DQB1*02:01:01 | DPA1=DPA1*02:01:02 | DPB1=DPB1*01:01:01,HLA-A=A*03:01:01:01 | HLA-C=C*07:02:01:03 | HLA-B=B*07:02:01 | DRB345=DRB5*01:01:01 | DRB1=DRB1*15:01:01:01SG | DQA1=DQA1*01:02:01:01SG | DQB1=DQB1*06:02:01 | DPA1=DPA1*01:03:01:04 | DPB1=DPB1*04:01:01:01/DPB1*04:01:01:02,False,False,1.0,1.0,1.0,1.0,1.0,1.0,1.0,1.0,0.0
SYNTH_0835,Global,success,,173.5,0.73333333,2,0.8366,HLA-A=A*01:01:01:01 | HLA-C=C*07:01:01:01 | HLA-B=B*08:01:01:01 | DRB345=DRB3*01:01:02:01 | DRB1=DRB1*03:01:01:01SG | DQA1=DQA1*05:01:01:02 | DQB1=DQB1*02:01:01 | DPA1=DPA1*02:01:02 | DPB1=DPB1*01:01:01,HLA-A=A*03:01:01:01 | HLA-C=C*04:01:01:01 | HLA-B=B*35:01:01:02 | DRB345=Abs | DRB1=DRB1*01:01:01 | DQA1=DQA1*01:01:01:02SG | DQB1=DQB1*05:01:01:03 | DPA1=DPA1*01:03:01:02 | DPB1=DPB1*04:01:01:01/DPB1*04:01:01:02,False,False,1.0,1.0,1.0,1.0,1.0,1.0,1.0,1.0,0.0
SYNTH_0836,Global,success,,172.3,1.0,1,0.0,HLA-A=A*01:01:01:01 | HLA-C=C*07:01:01:01 | HLA-B=B*08:01:01:01 | DRB345=DRB3*01:01:02:01 | DRB1=DRB1*03:01:01:01SG | DQA1=DQA1*05:01:01:02 | DQB1=DQB1*02:01:01 | DPA1=DPA1*01:03:01:02 | DPB1=DPB1*04:01:01:01/DPB1*04:01:01:02,HLA-A=A*01:01:01:01 | HLA-C=C*07:01:01:01 | HLA-B=B*08:01:01:01 | DRB345=DRB5*01:01:01 | DRB1=DRB1*15:01:01:01SG | DQA1=DQA1*01:02:01:01SG | DQB1=DQB1*06:02:01 | DPA1=DPA1*01:03:01:04 | DPB1=DPB1*04:01:01:01/DPB1*04:01:01:02,False,False,1.0,1.0,1.0,1.0,1.0,1.0,1.0,1.0,0.0
SYNTH_0837,Global,success,,167.1,0.85294118,4,0.8262,HLA-A=A*02:01:01:01 | HLA-C=C*05:01:01:02 | HLA-B=B*44:02:01:01 | DRB345=DRB4*01:03:01:01/DRB4*01:03:01:01:03 | DRB1=DRB1*04:01:01:01SG | DQA1=DQA1*03:03:01:01 | DQB1=DQB1*03:01:01:01 | DPA1=DPA1*01:03:01:04 | DPB1=DPB1*04:01:01:01/DPB1*04:01:01:02,HLA-A=A*36:01 | HLA-C=C*04:01:01:01 | HLA-B=B*53:01:01 | DRB345=DRB3*02:02:01:02 | DRB1=DRB1*11:01:02 | DQA1=DQA1*01:02:01:01SG | DQB1=DQB1*06:02:01 | DPA1=DPA1*01:03:01:01 | DPB1=DPB1*02:01:02/DPB1*02:01:19,False,False,1.0,1.0,1.0,0.0,1.0,1.0,1.0,1.0,0.0
SYNTH_0838,Global,success,,167.3,1.0,1,0.0,HLA-A=A*01:01:01:01 | HLA-C=C*07:01:01:01 | HLA-B=B*08:01:01:01 | DRB345=DRB4*01:03:01:01/DRB4*01:03:01:01:03 | DRB1=DRB1*04:04:01 | DQA1=DQA1*03:01:01 | DQB1=DQB1*03:02:01 | DPA1=DPA1*01:03:01:03 | DPB1=DPB1*06:01:01,HLA-A=A*03:01:01:01 | HLA-C=C*08:02:01:01 | HLA-B=B*14:02:01:01 | DRB345=DRB3*03:01:01 | DRB1=DRB1*13:02:01 | DQA1=DQA1*01:02:01:04SG | DQB1=DQB1*06:09:01 | DPA1=DPA1*01:03:01:02 | DPB1=DPB1*04:01:01:01/DPB1*04:01:01:02,False,False,1.0,1.0,1.0,0.0,1.0,1.0,1.0,1.0,0.0
SYNTH_0839,Global,success,,160.2,1.0,1,0.0,HLA-A=A*02:01:01:01 | HLA-C=C*08:02:01:01 | HLA-B=B*14:02:01:01 | DRB345=Abs | DRB1=DRB1*01:02:01 | DQA1=DQA1*01:01:02 | DQB1=DQB1*05:01:01:01 | DPA1=DPA1*01:03:01:02 | DPB1=DPB1*04:01:01:01/DPB1*04:01:01:02,HLA-A=A*31:01:02:01 | HLA-C=C*03:04:01:01 | HLA-B=B*40:01:02 | DRB345=DRB4*01:03:01:01/DRB4*01:03:01:01:03 | DRB1=DRB1*04:04:01 | DQA1=DQA1*03:01:01 | DQB1=DQB1*03:02:01 | DPA1=DPA1*01:03:01:02 | DPB1=DPB1*04:01:01:01/DPB1*04:01:01:02,False,False,1.0,1.0,1.0,0.0,1.0,1.0,1.0,1.0,0.0
SYNTH_0840,Global,success,,98.9,1.0,1,0.0,HLA-A=A*31:01:02:01 | HLA-C=C*03:03:01:01 | HLA-B=B*15:01:01:01 | DRB345=DRB3*02:02:01:02 | DRB1=DRB1*12:01:01:01 | DQA1=DQA1*05:05:01:03 | DQB1=DQB1*03:01:01:01 | DPA1=DPA1*01:03:01:04 | DPB1=DPB1*04:01:01:01/DPB1*04:01:01:02,HLA-A=A*02:01:01:01 | HLA-C=C*04:01:01:01 | HLA-B=B*35:03:01 | DRB345=DRB3*02:02:01:02 | DRB1=DRB1*12:01:01:03 | DQA1=DQA1*05:05:01:05SG | DQB1=DQB1*03:01:01:01 | DPA1=DPA1*02:01:01:02 | DPB1=DPB1*04:01:01:01/DPB1*04:01:01:02,False,False,1.0,1.0,1.0,1.0,1.0,1.0,1.0,1.0,0.0
SYNTH_0841,Global,success,,120.3,0.27096774,10,2.9555,HLA-A=A*02:01:01:01 | HLA-C=C*02:02:02:03 | HLA-B=B*27:02:01 | DRB345=DRB5*02:02 | DRB1=DRB1*16:01:01 | DQA1=DQA1*01:02:02 | DQB1=DQB1*05:02:01 | DPA1=DPA1*01:03:01:05 | DPB1=DPB1*04:02:01:02,HLA-A=A*02:01:01:01 | HLA-C=C*03:04:01:01 | HLA-B=B*40:01:02 | DRB345=DRB3*03:01:01 | DRB1=DRB1*13:02:01 | DQA1=DQA1*01:02:01:04SG | DQB1=DQB1*06:04:01 | DPA1=DPA1*01:03:01:02 | DPB1=DPB1*04:01:01:01/DPB1*04:01:01:02,False,False,1.0,1.0,1.0,1.0,1.0,1.0,1.0,0.0,0.0
SYNTH_0842,Global,success,,115.9,0.91011236,2,0.4361,HLA-A=A*01:01:01:01 | HLA-C=C*07:01:01:01 | HLA-B=B*08:01:01:01 | DRB345=DRB3*01:01:02:01 | DRB1=DRB1*03:01:01:01SG | DQA1=DQA1*05:01:01:02 | DQB1=DQB1*02:01:01 | DPA1=DPA1*02:01:02 | DPB1=DPB1*01:01:01,HLA-A=A*02:01:01:01 | HLA-C=C*03:04:01:01 | HLA-B=B*40:01:02 | DRB345=Abs | DRB1=DRB1*01:01:01 | DQA1=DQA1*01:01:01:02SG | DQB1=DQB1*05:01:01:03 | DPA1=DPA1*01:03:01:04 | DPB1=DPB1*04:01:01:01/DPB1*04:01:01:02,False,False,1.0,1.0,1.0,1.0,1.0,1.0,1.0,1.0,0.0
SYNTH_0843,Global,success,,115.1,0.59259259,7,1.7742,HLA-A=A*03:01:01:01 | HLA-C=C*07:02:01:03 | HLA-B=B*07:02:01 | DRB345=DRB5*01:01:01 | DRB1=DRB1*15:01:01:01SG | DQA1=DQA1*01:02:01:01SG | DQB1=DQB1*06:02:01 | DPA1=DPA1*01:03:01:02 | DPB1=DPB1*04:01:01:01/DPB1*04:01:01:02,HLA-A=A*02:01:01:01 | HLA-C=C*02:02:02:01 | HLA-B=B*51:01:01:01 | DRB345=DRB3*02:02:01:02 | DRB1=DRB1*11:01:01:01 | DQA1=DQA1*05:05:01:01SG | DQB1=DQB1*03:01:01:03 | DPA1=DPA1*01:03:01:01 | DPB1=DPB1*02:01:02/DPB1*02:01:19,False,False,1.0,1.0,1.0,1.0,1.0,1.0,1.0,1.0,0.0
SYNTH_0844,Global,success,,122.1,1.0,1,0.0,HLA-A=A*11:01:01:01 | HLA-C=C*07:02:01:03 | HLA-B=B*07:02:01 | DRB345=DRB5*01:01:01 | DRB1=DRB1*15:01:01:01SG | DQA1=DQA1*01:02:01:01SG | DQB1=DQB1*06:02:01 | DPA1=DPA1*01:03:01:02 | DPB1=DPB1*04:01:01:01/DPB1*04:01:01:02,HLA-A=A*02:01:01:01 | HLA-C=C*05:01:01:02 | HLA-B=B*44:02:01:01 | DRB345=DRB4*01:03:01:01/DRB4*01:03:01:01:03 | DRB1=DRB1*04:01:01:01SG | DQA1=DQA1*03:03:01:01 | DQB1=DQB1*03:01:01:01 | DPA1=DPA1*01:03:01:04 | DPB1=DPB1*04:01:01:01/DPB1*04:01:01:02,False,False,1.0,1.0,1.0,0.0,1.0,1.0,1.0,1.0,0.0
SYNTH_0845,Global,success,,113.6,0.91011236,2,0.4361,HLA-A=A*01:01:01:01 | HLA-C=C*07:01:01:01 | HLA-B=B*08:01:01:01 | DRB345=DRB3*01:01:02:01 | DRB1=DRB1*03:01:01:01SG | DQA1=DQA1*05:01:01:02 | DQB1=DQB1*02:01:01 | DPA1=DPA1*02:01:02 | DPB1=DPB1*01:01:01,HLA-A=A*02:01:01:01 | HLA-C=C*05:01:01:02 | HLA-B=B*44:02:01:01 | DRB345=DRB3*02:02:01:02 | DRB1=DRB1*11:04:01 | DQA1=DQA1*05:05:01:01SG | DQB1=DQB1*03:01:01:03 | DPA1=DPA1*01:03:01:05 | DPB1=DPB1*04:02:01:02,True,False,1.0,1.0,1.0,1.0,1.0,1.0,1.0,1.0,1.0
SYNTH_0846,Global,success,,139.3,0.5375,2,0.9959,HLA-A=A*02:01:01:01 | HLA-C=C*07:02:01:03 | HLA-B=B*07:02:01 | DRB345=DRB5*01:01:01 | DRB1=DRB1*15:01:01:01SG | DQA1=DQA1*01:02:01:01SG | DQB1=DQB1*06:02:01 | DPA1=DPA1*01:03:01:04 | DPB1=DPB1*04:01:01:01/DPB1*04:01:01:02,HLA-A=A*33:01:01 | HLA-C=C*08:02:01:01 | HLA-B=B*14:02:01:01 | DRB345=Abs | DRB1=DRB1*01:02:01 | DQA1=DQA1*01:01:02 | DQB1=DQB1*05:01:01:01 | DPA1=DPA1*01:03:01:02 | DPB1=DPB1*104:01,False,False,1.0,1.0,1.0,1.0,1.0,1.0,1.0,1.0,0.0
SYNTH_0847,Global,success,,183.8,0.69060524,12,1.7117,HLA-A=A*01:01:01:01 | HLA-C=C*07:01:01:01 | HLA-B=B*08:01:01:01 | DRB345=DRB3*01:01:02:01 | DRB1=DRB1*03:01:01:01SG | DQA1=DQA1*05:01:01:02 | DQB1=DQB1*02:01:01 | DPA1=DPA1*01:03:01:02 | DPB1=DPB1*04:01:01:01/DPB1*04:01:01:02,HLA-A=A*29:02:01:01 | HLA-C=C*16:01:01:01 | HLA-B=B*44:03:01:01 | DRB345=DRB4*01:01:01:01 | DRB1=DRB1*07:01:01:01SG | DQA1=DQA1*02:01:01:01SG | DQB1=DQB1*02:02:01:01 | DPA1=DPA1*02:01:01:01 | DPB1=DPB1*11:01:01,False,False,0.0,1.0,1.0,1.0,1.0,1.0,1.0,1.0,0.0
SYNTH_0848,Global,success,,113.3,0.78571429,2,0.7496,HLA-A=A*68:01:01:02 | HLA-C=C*07:02:01:01 | HLA-B=B*08:01:01:02 | DRB345=DRB3*02:02:01:01 | DRB1=DRB1*03:01:01:01SG | DQA1=DQA1*05:01:01:03 | DQB1=DQB1*02:01:01 | DPA1=DPA1*01:03:01:04 | DPB1=DPB1*04:01:01:01/DPB1*04:01:01:02,HLA-A=A*03:01:01:01 | HLA-C=C*04:01:01:01 | HLA-B=B*35:01:01:02 | DRB345=Abs | DRB1=DRB1*01:01:01 | DQA1=DQA1*01:01:01:02SG | DQB1=DQB1*05:01:01:03 | DPA1=DPA1*01:03:01:02 | DPB1=DPB1*04:01:01:01/DPB1*04:01:01:02,False,False,1.0,1.0,1.0,1.0,1.0,1.0,1.0,1.0,0.0
SYNTH_0849,Global,success,,190.7,1.0,1,0.0,HLA-A=A*26:01:01:01 | HLA-C=C*12:03:01:01 | HLA-B=B*38:01:01 | DRB345=DRB4*01:03:01:01/DRB4*01:03:01:01:03 | DRB1=DRB1*04:02:01 | DQA1=DQA1*03:01:01 | DQB1=DQB1*03:02:01 | DPA1=DPA1*01:03:01:04 | DPB1=DPB1*04:01:01:01/DPB1*04:01:01:02,HLA-A=A*02:01:01:01 | HLA-C=C*05:01:01:02 | HLA-B=B*44:02:01:01 | DRB345=DRB4*01:03:01:01/DRB4*01:03:01:01:03 | DRB1=DRB1*04:01:01:01SG | DQA1=DQA1*03:03:01:01 | DQB1=DQB1*03:01:01:01 | DPA1=DPA1*01:03:01:01 | DPB1=DPB1*04:01:01:01/DPB1*04:01:01:02,False,False,1.0,1.0,1.0,0.0,1.0,1.0,1.0,1.0,0.0
SYNTH_0850,Global,success,,99.5,1.0,1,0.0,HLA-A=A*02:01:01:01 | HLA-C=C*14:02:01:01 | HLA-B=B*51:01:01:01 | DRB345=DRB5*02:02 | DRB1=DRB1*16:01:01 | DQA1=DQA1*01:02:02 | DQB1=DQB1*05:02:01 | DPA1=DPA1*01:03:01:02 | DPB1=DPB1*04:01:01:01/DPB1*04:01:01:02,HLA-A=A*01:01:01:01 | HLA-C=C*07:01:01:01 | HLA-B=B*08:01:01:01 | DRB345=DRB3*01:01:02:01 | DRB1=DRB1*03:01:01:01SG | DQA1=DQA1*05:01:01:02 | DQB1=DQB1*02:01:01 | DPA1=DPA1*01:03:01:03 | DPB1=DPB1*03:01:01,False,False,1.0,1.0,1.0,1.0,1.0,1.0,1.0,1.0,0.0
SYNTH_0851,Global,success,,148.2,0.77241379,2,0.7738,HLA-A=A*03:01:01:01 | HLA-C=C*07:02:01:03 | HLA-B=B*07:02:01 | DRB345=DRB5*01:01:01 | DRB1=DRB1*15:01:01:01SG | DQA1=DQA1*01:02:01:01SG | DQB1=DQB1*06:02:01 | DPA1=DPA1*01:03:01:02 | DPB1=DPB1*04:01:01:01/DPB1*04:01:01:02,HLA-A=A*02:01:01:01 | HLA-C=C*03:04:01:01 | HLA-B=B*40:01:02 | DRB345=DRB4*01:03:01:01/DRB4*01:03:01:01:03 | DRB1=DRB1*04:01:01:01SG | DQA1=DQA1*03:01:01 | DQB1=DQB1*03:02:01 | DPA1=DPA1*02:01:01:02 | DPB1=DPB1*10:01:01,False,False,1.0,1.0,1.0,0.0,1.0,1.0,1.0,1.0,0.0
SYNTH_0852,Global,success,,125.4,1.0,1,0.0,HLA-A=A*01:01:01:01 | HLA-C=C*07:01:01:01 | HLA-B=B*08:01:01:01 | DRB345=DRB3*01:01:02:01 | DRB1=DRB1*03:01:01:01SG | DQA1=DQA1*05:01:01:02 | DQB1=DQB1*02:01:01 | DPA1=DPA1*01:03:01:03 | DPB1=DPB1*03:01:01,HLA-A=A*02:01:01:01 | HLA-C=C*02:10:01:01 | HLA-B=B*15:03:01:02 | DRB345=DRB5*01:01:01 | DRB1=DRB1*15:03:01:01SG | DQA1=DQA1*01:02:01:01SG | DQB1=DQB1*05:01:01:01 | DPA1=DPA1*02:01:01:01 | DPB1=DPB1*17:01,True,False,1.0,1.0,1.0,1.0,1.0,1.0,1.0,1.0,1.0
SYNTH_0853,Global,success,,100.0,1.0,1,0.0,HLA-A=A*03:01:01:01 | HLA-C=C*16:01:01:01 | HLA-B=B*44:03:01:01 | DRB345=DRB4*01:01:01:01 | DRB1=DRB1*07:01:01:01SG | DQA1=DQA1*02:01:01:01SG | DQB1=DQB1*02:02:01:01 | DPA1=DPA1*01:03:01:02 | DPB1=DPB1*04:01:01:01/DPB1*04:01:01:02,HLA-A=A*26:01:01:01 | HLA-C=C*12:03:01:01 | HLA-B=B*38:01:01 | DRB345=DRB4*01:03:01:01/DRB4*01:03:01:01:03 | DRB1=DRB1*04:02:01 | DQA1=DQA1*03:01:01 | DQB1=DQB1*03:02:01 | DPA1=DPA1*01:03:01:04 | DPB1=DPB1*04:01:01:01/DPB1*04:01:01:02,False,False,1.0,1.0,1.0,0.0,1.0,1.0,1.0,1.0,0.0
SYNTH_0854,Global,success,,150.4,1.0,1,0.0,HLA-A=A*01:01:01:01 | HLA-C=C*07:01:01:01 | HLA-B=B*08:01:01:01 | DRB345=DRB3*01:01:02:02 | DRB1=DRB1*03:01:01:01SG | DQA1=DQA1*05:01:01:02 | DQB1=DQB1*02:01:01 | DPA1=DPA1*01:03:01:01 | DPB1=DPB1*02:01:02/DPB1*02:01:19,HLA-A=A*02:01:01:01 | HLA-C=C*07:02:01:03 | HLA-B=B*07:02:01 | DRB345=DRB5*01:01:01 | DRB1=DRB1*15:01:01:01SG | DQA1=DQA1*01:02:01:01SG | DQB1=DQB1*06:02:01 | DPA1=DPA1*01:03:01:02 | DPB1=DPB1*04:01:01:01/DPB1*04:01:01:02,False,False,1.0,1.0,1.0,1.0,1.0,1.0,1.0,1.0,0.0
SYNTH_0855,Global,success,,115.2,1.0,1,0.0,HLA-A=A*24:02:01:01 | HLA-C=C*06:02:01:01 | HLA-B=B*57:01:01 | DRB345=DRB4*01:03:01:02N | DRB1=DRB1*07:01:01:01SG | DQA1=DQA1*02:01:01:01SG | DQB1=DQB1*03:03:02:01 | DPA1=DPA1*01:03:01:04 | DPB1=DPB1*04:01:01:01/DPB1*04:01:01:02,HLA-A=A*29:02:01:01 | HLA-C=C*08:02:01:01 | HLA-B=B*14:02:01:01 | DRB345=DRB4*01:01:01:01 | DRB1=DRB1*07:01:01:01SG | DQA1=DQA1*02:01:01:01SG | DQB1=DQB1*02:02:01:01 | DPA1=DPA1*01:04 | DPB1=DPB1*15:01:01,False,False,1.0,1.0,1.0,1.0,1.0,1.0,1.0,1.0,0.0
SYNTH_0856,Global,success,,102.5,1.0,1,0.0,HLA-A=A*02:01:01:01 | HLA-C=C*04:01:01:06 | HLA-B=B*51:01:01:01 | DRB345=Abs | DRB1=DRB1*08:01:01 | DQA1=DQA1*04:01:01 | DQB1=DQB1*04:02:01 | DPA1=DPA1*01:03:01:03 | DPB1=DPB1*03:01:01,HLA-A=A*33:03:01 | HLA-C=C*04:01:01:01 | HLA-B=B*53:01:01 | DRB345=Abs | DRB1=DRB1*08:04:01 | DQA1=DQA1*04:01:02:02 | DQB1=DQB1*03:19:01 | DPA1=DPA1*02:01:01:02 | DPB1=DPB1*01:01:02,True,False,1.0,1.0,1.0,1.0,1.0,1.0,1.0,1.0,1.0
SYNTH_0857,Global,success,,128.9,1.0,1,0.0,HLA-A=A*02:01:01:01 | HLA-C=C*03:04:01:01 | HLA-B=B*40:01:02 | DRB345=DRB5*01:01:01 | DRB1=DRB1*15:01:01:01SG | DQA1=DQA1*01:02:01:01SG | DQB1=DQB1*06:02:01 | DPA1=DPA1*01:03:01:04 | DPB1=DPB1*04:01:01:01/DPB1*04:01:01:02,HLA-A=A*02:01:01:01 | HLA-C=C*06:02:01:01 | HLA-B=B*13:02:01 | DRB345=DRB4*01:03:01:01/DRB4*01:03:01:01:03 | DRB1=DRB1*07:01:01:01SG | DQA1=DQA1*02:01:01:01SG | DQB1=DQB1*02:02:01:01 | DPA1=DPA1*01:03:01:02 | DPB1=DPB1*04:01:01:01/DPB1*04:01:01:02,False,False,1.0,1.0,1.0,0.0,1.0,1.0,1.0,1.0,0.0
SYNTH_0858,Global,success,,122.7,1.0,1,0.0,HLA-A=A*01:01:01:01 | HLA-C=C*07:01:01:01 | HLA-B=B*08:01:01:01 | DRB345=DRB3*01:01:02:01 | DRB1=DRB1*03:01:01:01SG | DQA1=DQA1*05:01:01:02 | DQB1=DQB1*02:01:01 | DPA1=DPA1*01:03:01:05 | DPB1=DPB1*04:02:01:02,HLA-A=A*11:01:01:01 | HLA-C=C*12:02:02 | HLA-B=B*52:01:01:02 | DRB345=DRB3*03:01:01 | DRB1=DRB1*13:02:01 | DQA1=DQA1*01:02:01:04SG | DQB1=DQB1*06:09:01 | DPA1=DPA1*01:03:01:04 | DPB1=DPB1*04:01:01:01/DPB1*04:01:01:02,False,False,1.0,1.0,1.0,1.0,1.0,1.0,1.0,1.0,0.0
SYNTH_0859,Global,success,,207.6,0.52012384,9,2.1733,HLA-A=A*03:01:01:01 | HLA-C=C*04:01:01:01 | HLA-B=B*35:01:01:02 | DRB345=Abs | DRB1=DRB1*01:01:01 | DQA1=DQA1*01:01:01:02SG | DQB1=DQB1*05:01:01:03 | DPA1=DPA1*01:03:01:05 | DPB1=DPB1*04:02:01:02,HLA-A=A*29:02:01:01 | HLA-C=C*16:01:01:01 | HLA-B=B*44:03:01:01 | DRB345=DRB4*01:01:01:01 | DRB1=DRB1*07:01:01:01SG | DQA1=DQA1*02:01:01:01SG | DQB1=DQB1*02:02:01:01 | DPA1=DPA1*01:03:01:02 | DPB1=DPB1*04:01:01:01/DPB1*04:01:01:02,False,False,1.0,1.0,1.0,1.0,1.0,1.0,1.0,1.0,0.0
SYNTH_0860,Global,success,,138.3,1.0,1,0.0,HLA-A=A*01:01:01:01 | HLA-C=C*07:01:01:01 | HLA-B=B*08:01:01:01 | DRB345=DRB3*01:01:02:01 | DRB1=DRB1*03:01:01:01SG | DQA1=DQA1*05:01:01:02 | DQB1=DQB1*02:01:01 | DPA1=DPA1*02:01:02 | DPB1=DPB1*01:01:01,HLA-A=A*02:01:01:01 | HLA-C=C*02:02:02:01 | HLA-B=B*27:05:02 | DRB345=Abs | DRB1=DRB1*01:01:01 | DQA1=DQA1*01:01:01:02SG | DQB1=DQB1*05:01:01:03 | DPA1=DPA1*01:03:01:03 | DPB1=DPB1*03:01:01,True,True,1.0,1.0,1.0,1.0,1.0,1.0,1.0,1.0,1.0
SYNTH_0861,Global,success,,136.9,0.0,0,0.0,,,False,False,,,,,,,,,
SYNTH_0862,Global,success,,155.4,0.57894737,4,1.6393,HLA-A=A*30:02:01:01 | HLA-C=C*05:01:01:01 | HLA-B=B*18:01:01:01 | DRB345=Abs | DRB1=DRB1*01:01:01 | DQA1=DQA1*01:01:01:02SG | DQB1=DQB1*05:01:01:03 | DPA1=DPA1*01:03:01:01 | DPB1=DPB1*02:01:02/DPB1*02:01:19,HLA-A=A*02:01:01:01 | HLA-C=C*07:02:01:03 | HLA-B=B*07:02:01 | DRB345=Abs | DRB1=DRB1*01:01:01 | DQA1=DQA1*01:01:01:02SG | DQB1=DQB1*05:01:01:03 | DPA1=DPA1*01:03:01:02 | DPB1=DPB1*04:01:01:01/DPB1*04:01:01:02,False,False,1.0,1.0,1.0,1.0,1.0,1.0,1.0,1.0,0.0
SYNTH_0863,Global,success,,143.8,0.53846154,4,1.7272,HLA-A=A*02:01:01:01 | HLA-C=C*02:02:02:01 | HLA-B=B*51:01:01:01 | DRB345=DRB3*02:02:01:02 | DRB1=DRB1*11:01:01:01 | DQA1=DQA1*05:05:01:01SG | DQB1=DQB1*03:01:01:03 | DPA1=DPA1*01:03:01:01 | DPB1=DPB1*02:01:02/DPB1*02:01:19,HLA-A=A*02:01:01:01 | HLA-C=C*03:03:01:01 | HLA-B=B*15:01:01:01 | DRB345=DRB3*02:02:01:02 | DRB1=DRB1*13:01:01:01SG | DQA1=DQA1*01:03:01:02SG | DQB1=DQB1*06:03:01 | DPA1=DPA1*01:03:01:02 | DPB1=DPB1*04:01:01:01/DPB1*04:01:01:02,False,False,1.0,1.0,1.0,1.0,1.0,1.0,1.0,1.0,0.0
SYNTH_0864,Global,success,,259.2,0.88095238,2,0.5266,HLA-A=A*01:01:01:01 | HLA-C=C*07:01:01:01 | HLA-B=B*08:01:01:01 | DRB345=DRB3*01:01:02:01 | DRB1=DRB1*03:01:01:01SG | DQA1=DQA1*05:01:01:02 | DQB1=DQB1*02:01:01 | DPA1=DPA1*01:03:01:02 | DPB1=DPB1*04:01:01:01/DPB1*04:01:01:02,HLA-A=A*02:01:01:01 | HLA-C=C*07:02:01:03 | HLA-B=B*07:02:01 | DRB345=DRB5*01:01:01 | DRB1=DRB1*15:01:01:01SG | DQA1=DQA1*01:02:01:01SG | DQB1=DQB1*06:02:01 | DPA1=DPA1*01:03:01:02 | DPB1=DPB1*04:01:01:01/DPB1*04:01:01:02,False,False,1.0,1.0,1.0,1.0,1.0,1.0,1.0,1.0,0.0
SYNTH_0865,Global,success,,243.2,0.46666667,4,1.7352,HLA-A=A*11:01:01:01 | HLA-C=C*12:02:02 | HLA-B=B*52:01:01:02 | DRB345=DRB5*01:02 | DRB1=DRB1*15:02:01:01SG | DQA1=DQA1*01:03:01:01 | DQB1=DQB1*06:01:01 | DPA1=DPA1*01:03:01:02 | DPB1=DPB1*04:01:01:01/DPB1*04:01:01:02,HLA-A=A*02:01:01:01 | HLA-C=C*03:04:01:01 | HLA-B=B*40:01:02 | DRB345=DRB4*01:03:01:01/DRB4*01:03:01:01:03 | DRB1=DRB1*04:04:01 | DQA1=DQA1*03:01:01 | DQB1=DQB1*03:02:01 | DPA1=DPA1*01:03:01:03 | DPB1=DPB1*06:01:01,False,False,0.0,1.0,1.0,0.0,1.0,1.0,1.0,1.0,0.0
SYNTH_0866,Global,success,,208.5,0.83233533,4,0.8595,HLA-A=A*01:01:01:01 | HLA-C=C*07:01:01:01 | HLA-B=B*08:01:01:01 | DRB345=DRB3*01:01:02:01 | DRB1=DRB1*03:01:01:01SG | DQA1=DQA1*05:01:01:02 | DQB1=DQB1*02:01:01 | DPA1=DPA1*01:03:01:02 | DPB1=DPB1*04:01:01:01/DPB1*04:01:01:02,HLA-A=A*02:01:01:01 | HLA-C=C*07:04:01:01 | HLA-B=B*44:27:01 | DRB345=DRB5*02:02 | DRB1=DRB1*16:01:01 | DQA1=DQA1*01:02:02 | DQB1=DQB1*05:02:01 | DPA1=DPA1*01:03:01:04 | DPB1=DPB1*04:01:01:01/DPB1*04:01:01:02,False,False,1.0,1.0,1.0,1.0,1.0,1.0,1.0,1.0,0.0
SYNTH_0867,Global,success,,226.7,1.0,1,0.0,HLA-A=A*03:01:01:01 | HLA-C=C*16:01:01:01 | HLA-B=B*44:03:01:01 | DRB345=DRB4*01:01:01:01 | DRB1=DRB1*07:01:01:01SG | DQA1=DQA1*02:01:01:01SG | DQB1=DQB1*02:02:01:01 | DPA1=DPA1*01:03:01:02 | DPB1=DPB1*04:01:01:01/DPB1*04:01:01:02,HLA-A=A*02:01:01:01 | HLA-C=C*05:01:01:02 | HLA-B=B*44:02:01:01 | DRB345=DRB4*01:03:01:01/DRB4*01:03:01:01:03 | DRB1=DRB1*04:01:01:01SG | DQA1=DQA1*03:03:01:01 | DQB1=DQB1*03:01:01:01 | DPA1=DPA1*01:03:01:04 | DPB1=DPB1*04:01:01:01/DPB1*04:01:01:02,False,False,1.0,1.0,1.0,0.0,1.0,1.0,1.0,1.0,0.0
SYNTH_0868,Global,success,,278.2,0.40143369,12,2.6583,HLA-A=A*03:01:01:01 | HLA-C=C*07:02:01:03 | HLA-B=B*07:02:01 | DRB345=DRB5*01:01:01 | DRB1=DRB1*15:01:01:01SG | DQA1=DQA1*01:02:01:01SG | DQB1=DQB1*06:02:01 | DPA1=DPA1*01:03:01:02 | DPB1=DPB1*04:01:01:01/DPB1*04:01:01:02,HLA-A=A*02:01:01:01 | HLA-C=C*05:01:01:02 | HLA-B=B*44:02:01:01 | DRB345=DRB3*01:01:02:01 | DRB1=DRB1*13:01:01:01SG | DQA1=DQA1*01:03:01:02SG | DQB1=DQB1*06:03:01 | DPA1=DPA1*01:03:01:01 | DPB1=DPB1*02:01:02/DPB1*02:01:19,False,False,1.0,1.0,1.0,1.0,1.0,1.0,1.0,0.0,0.0
SYNTH_0869,Global,success,,243.1,0.42857143,3,1.5567,HLA-A=A*03:01:01:01 | HLA-C=C*07:02:01:03 | HLA-B=B*07:02:01 | DRB345=DRB3*01:01:02:01 | DRB1=DRB1*15:01:01:01SG | DQA1=DQA1*01:02:01:01SG | DQB1=DQB1*06:02:01 | DPA1=DPA1*01:03:01:01 | DPB1=DPB1*04:01:01:01/DPB1*04:01:01:02,HLA-A=A*03:01:01:01 | HLA-C=C*16:01:01:01 | HLA-B=B*44:03:01:01 | DRB345=DRB4*01:01:01:01 | DRB1=DRB1*07:01:01:01SG | DQA1=DQA1*02:01:01:01SG | DQB1=DQB1*02:02:01:01 | DPA1=DPA1*01:03:01:01 | DPB1=DPB1*02:01:02/DPB1*02:01:19,False,False,1.0,1.0,1.0,1.0,1.0,1.0,1.0,0.0,0.0
SYNTH_0870,Global,success,,231.2,0.6,2,0.971,HLA-A=A*01:01:01:01 | HLA-C=C*07:01:01:01 | HLA-B=B*08:01:01:01 | DRB345=DRB3*01:01:02:01 | DRB1=DRB1*03:01:01:01SG | DQA1=DQA1*05:01:01:02 | DQB1=DQB1*02:01:01 | DPA1=DPA1*02:01:02 | DPB1=DPB1*01:01:01,HLA-A=A*01:01:01:01 | HLA-C=C*06:02:01:01 | HLA-B=B*57:01:01 | DRB345=DRB5*01:01:01 | DRB1=DRB1*15:01:01:01SG | DQA1=DQA1*01:02:01:01SG | DQB1=DQB1*06:02:01 | DPA1=DPA1*01:03:01:02 | DPB1=DPB1*04:01:01:01/DPB1*04:01:01:02,False,False,1.0,1.0,1.0,1.0,1.0,1.0,1.0,0.0,0.0
SYNTH_0871,Global,success,,202.8,0.57142857,2,0.9852,HLA-A=A*01:01:01:01 | HLA-C=C*07:01:01:01 | HLA-B=B*08:01:01:01 | DRB345=DRB3*01:01:02:01 | DRB1=DRB1*03:01:01:01SG | DQA1=DQA1*05:01:01:02 | DQB1=DQB1*02:01:01 | DPA1=DPA1*01:03:01:02 | DPB1=DPB1*04:01:01:01/DPB1*04:01:01:02,HLA-A=A*01:01:01:01 | HLA-C=C*06:02:01:01 | HLA-B=B*57:01:01 | DRB345=DRB4*01:03:01:02N | DRB1=DRB1*07:01:01:01SG | DQA1=DQA1*02:01:01:01SG | DQB1=DQB1*03:03:02:01 | DPA1=DPA1*01:03:01:02 | DPB1=DPB1*04:01:01:01/DPB1*04:01:01:02,False,False,1.0,1.0,1.0,1.0,1.0,1.0,1.0,1.0,0.0
SYNTH_0872,Global,success,,197.0,0.60566449,9,1.7933,HLA-A=A*01:01:01:01 | HLA-C=C*07:01:01:01 | HLA-B=B*08:01:01:01 | DRB345=DRB3*01:01:02:01 | DRB1=DRB1*03:01:01:01SG | DQA1=DQA1*05:01:01:02 | DQB1=DQB1*02:01:01 | DPA1=DPA1*01:03:01:02 | DPB1=DPB1*04:01:01:01/DPB1*04:01:01:02,HLA-A=A*03:01:01:01 | HLA-C=C*04:01:01:01 | HLA-B=B*35:01:01:02 | DRB345=Abs | DRB1=DRB1*01:01:01 | DQA1=DQA1*01:01:01:02SG | DQB1=DQB1*05:01:01:03 | DPA1=DPA1*01:03:01:05 | DPB1=DPB1*04:02:01:02,False,False,0.0,1.0,1.0,1.0,1.0,1.0,1.0,1.0,0.0
SYNTH_0873,Global,success,,252.5,0.29743083,12,2.7626,HLA-A=A*02:01:01:01 | HLA-C=C*07:02:01:03 | HLA-B=B*07:02:01 | DRB345=DRB5*01:01:01 | DRB1=DRB1*15:01:01:01SG | DQA1=DQA1*01:02:01:01SG | DQB1=DQB1*06:02:01 | DPA1=DPA1*01:03:01:04 | DPB1=DPB1*04:01:01:01/DPB1*04:01:01:02,HLA-A=A*02:01:01:01 | HLA-C=C*03:03:01:01 | HLA-B=B*15:01:01:01 | DRB345=DRB3*02:02:01:02 | DRB1=DRB1*13:01:01:01SG | DQA1=DQA1*01:03:01:02SG | DQB1=DQB1*06:03:01 | DPA1=DPA1*01:03:01:02 | DPB1=DPB1*04:01:01:01/DPB1*04:01:01:02,False,False,0.0,1.0,1.0,1.0,1.0,1.0,1.0,1.0,0.0
SYNTH_0874,Global,success,,172.8,0.85802469,3,0.707,HLA-A=A*01:01:01:01 | HLA-C=C*07:01:01:01 | HLA-B=B*08:01:01:01 | DRB345=DRB3*01:01:02:01 | DRB1=DRB1*03:01:01:01SG | DQA1=DQA1*05:01:01:02 | DQB1=DQB1*02:01:01 | DPA1=DPA1*01:03:01:02 | DPB1=DPB1*04:01:01:01/DPB1*04:01:01:02,HLA-A=A*02:01:01:01 | HLA-C=C*03:04:01:01 | HLA-B=B*15:01:01:01 | DRB345=DRB5*01:01:01 | DRB1=DRB1*15:01:01:01SG | DQA1=DQA1*01:02:01:01SG | DQB1=DQB1*06:02:01 | DPA1=DPA1*01:03:01:05 | DPB1=DPB1*04:02:01:02,False,False,1.0,1.0,1.0,1.0,1.0,1.0,1.0,1.0,0.0
SYNTH_0875,Global,success,,133.9,0.59090909,4,1.5633,HLA-A=A*01:01:01:01 | HLA-C=C*07:01:01:01 | HLA-B=B*08:01:01:01 | DRB345=DRB4*01:03:01:01/DRB4*01:03:01:01:03 | DRB1=DRB1*04:01:01:01SG | DQA1=DQA1*03:03:01:01 | DQB1=DQB1*03:02:01 | DPA1=DPA1*01:03:01:02 | DPB1=DPB1*04:01:01:01/DPB1*04:01:01:02,HLA-A=A*30:02:01:01 | HLA-C=C*05:01:01:01 | HLA-B=B*18:01:01:01 | DRB345=DRB3*02:02:01:01 | DRB1=DRB1*03:01:01:01SG | DQA1=DQA1*05:01:01:01 | DQB1=DQB1*02:01:01 | DPA1=DPA1*01:03:01:01 | DPB1=DPB1*02:02,False,False,1.0,1.0,1.0,0.0,1.0,1.0,1.0,1.0,0.0
SYNTH_0876,Global,success,,83.9,0.70731707,3,1.0624,HLA-A=A*02:01:01:01 | HLA-C=C*05:01:01:02 | HLA-B=B*44:02:01:01 | DRB345=DRB4*01:03:01:01/DRB4*01:03:01:01:03 | DRB1=DRB1*04:01:01:01SG | DQA1=DQA1*03:03:01:01 | DQB1=DQB1*03:01:01:01 | DPA1=DPA1*01:03:01:04 | DPB1=DPB1*04:01:01:01/DPB1*04:01:01:02,HLA-A=A*24:03:01:01 | HLA-C=C*03:03:01:01 | HLA-B=B*15:12 | DRB345=DRB3*03:01:03 | DRB1=DRB1*12:02:01 | DQA1=DQA1*06:01:01 | DQB1=DQB1*03:01:01:01 | DPA1=DPA1*02:02:05 | DPB1=DPB1*05:01:01,False,False,1.0,1.0,1.0,0.0,1.0,1.0,1.0,1.0,0.0
SYNTH_0877,Global,success,,78.4,0.96428571,2,0.2223,HLA-A=A*01:01:01:01 | HLA-C=C*07:01:01:01 | HLA-B=B*08:01:01:01 | DRB345=DRB3*01:01:02:01 | DRB1=DRB1*03:01:01:01SG | DQA1=DQA1*05:01:01:02 | DQB1=DQB1*02:01:01 | DPA1=DPA1*02:01:02 | DPB1=DPB1*01:01:01,HLA-A=A*02:01:01:01 | HLA-C=C*07:02:01:01 | HLA-B=B*07:02:01 | DRB345=DRB5*01:01:01 | DRB1=DRB1*15:01:01:01SG | DQA1=DQA1*01:02:01:01SG | DQB1=DQB1*06:02:01 | DPA1=DPA1*01:03:01:02 | DPB1=DPB1*04:01:01:01/DPB1*04:01:01:02,False,False,1.0,1.0,1.0,1.0,1.0,1.0,1.0,1.0,0.0
SYNTH_0878,Global,success,,105.2,1.0,1,0.0,HLA-A=A*32:01:01 | HLA-C=C*07:02:01:01 | HLA-B=B*08:01:01:02 | DRB345=DRB3*02:02:01:01 | DRB1=DRB1*03:01:01:01SG | DQA1=DQA1*05:01:01:03 | DQB1=DQB1*02:01:01 | DPA1=DPA1*01:03:01:04 | DPB1=DPB1*04:01:01:01/DPB1*04:01:01:02,HLA-A=A*02:01:01:01 | HLA-C=C*07:02:01:03 | HLA-B=B*07:02:01 | DRB345=DRB3*02:02:01:01 | DRB1=DRB1*14:54:01 | DQA1=DQA1*01:04:01:01SG | DQB1=DQB1*05:03:01:01/DQB1*05:03:01:02 | DPA1=DPA1*01:03:01:01 | DPB1=DPB1*02:01:02/DPB1*02:01:19,False,False,1.0,1.0,1.0,1.0,1.0,1.0,0.0,1.0,0.0
SYNTH_0879,Global,success,,128.1,1.0,1,0.0,HLA-A=A*01:01:01:01 | HLA-C=C*07:01:01:01 | HLA-B=B*08:01:01:01 | DRB345=DRB3*01:01:02:02 | DRB1=DRB1*03:01:01:01SG | DQA1=DQA1*05:01:01:02 | DQB1=DQB1*02:01:01 | DPA1=DPA1*01:03:01:03 | DPB1=DPB1*03:01:01,HLA-A=A*02:01:01:01 | HLA-C=C*04:01:01:01 | HLA-B=B*35:01:01:02 | DRB345=DRB3*01:01:02:01 | DRB1=DRB1*03:02:01 | DQA1=DQA1*04:01:01 | DQB1=DQB1*04:02:01 | DPA1=DPA1*02:02:02 | DPB1=DPB1*01:01:01,True,True,1.0,1.0,1.0,1.0,1.0,1.0,1.0,1.0,1.0
SYNTH_0880,Global,success,,139.7,0.17879257,18,3.5942,HLA-A=A*29:02:01:01 | HLA-C=C*16:01:01:01 | HLA-B=B*44:03:01:01 | DRB345=DRB4*01:01:01:01 | DRB1=DRB1*07:01:01:01SG | DQA1=DQA1*02:01:01:01SG | DQB1=DQB1*02:02:01:01 | DPA1=DPA1*02:01:01:01 | DPB1=DPB1*11:01:01,HLA-A=A*24:02:01:01 | HLA-C=C*04:01:01:06 | HLA-B=B*35:02:01 | DRB345=DRB3*02:02:01:02 | DRB1=DRB1*11:04:01 | DQA1=DQA1*05:05:01:01SG | DQB1=DQB1*03:01:01:02 | DPA1=DPA1*01:03:01:02 | DPB1=DPB1*04:01:01:01/DPB1*04:01:01:02,False,False,1.0,1.0,1.0,1.0,1.0,1.0,1.0,1.0,0.0
SYNTH_0881,Global,success,,94.1,1.0,1,0.0,HLA-A=A*02:01:01:01 | HLA-C=C*06:02:01:01 | HLA-B=B*57:01:01 | DRB345=DRB4*01:03:01:02N | DRB1=DRB1*07:01:01:01SG | DQA1=DQA1*02:01:01:01SG | DQB1=DQB1*03:03:02:01 | DPA1=DPA1*01:03:01:01 | DPB1=DPB1*04:01:01:01/DPB1*04:01:01:02,HLA-A=A*02:01:01:01 | HLA-C=C*07:02:01:03 | HLA-B=B*07:02:01 | DRB345=DRB3*02:02:01:01 | DRB1=DRB1*14:54:01 | DQA1=DQA1*01:04:01:01SG | DQB1=DQB1*05:03:01:01/DQB1*05:03:01:02 | DPA1=DPA1*01:03:01:01 | DPB1=DPB1*02:01:02/DPB1*02:01:19,False,False,1.0,1.0,1.0,1.0,1.0,1.0,0.0,1.0,0.0
SYNTH_0882,Global,success,,87.6,1.0,1,0.0,HLA-A=A*01:01:01:01 | HLA-C=C*07:01:01:01 | HLA-B=B*08:01:01:01 | DRB345=DRB4*01:03:01:01/DRB4*01:03:01:01:03 | DRB1=DRB1*04:01:01:01SG | DQA1=DQA1*03:03:01:01 | DQB1=DQB1*03:01:01:01 | DPA1=DPA1*01:03:01:04 | DPB1=DPB1*04:01:01:01/DPB1*04:01:01:02,HLA-A=A*01:01:01:01 | HLA-C=C*07:01:01:01 | HLA-B=B*08:01:01:01 | DRB345=DRB3*01:01:02:01 | DRB1=DRB1*03:01:01:01SG | DQA1=DQA1*05:01:01:02 | DQB1=DQB1*02:01:01 | DPA1=DPA1*01:03:01:05 | DPB1=DPB1*04:02:01:02,False,False,1.0,1.0,1.0,0.0,1.0,1.0,1.0,1.0,0.0
SYNTH_0883,Global,success,,113.4,1.0,1,0.0,HLA-A=A*02:01:01:01 | HLA-C=C*02:02:02:01 | HLA-B=B*40:02:01 | DRB345=DRB3*02:02:01:02 | DRB1=DRB1*13:01:01:01SG | DQA1=DQA1*01:03:01:02SG | DQB1=DQB1*06:03:01 | DPA1=DPA1*01:03:01:01 | DPB1=DPB1*02:01:02/DPB1*02:01:19,HLA-A=A*02:01:01:01 | HLA-C=C*16:01:01:01 | HLA-B=B*44:03:01:01 | DRB345=DRB4*01:01:01:01 | DRB1=DRB1*07:01:01:01SG | DQA1=DQA1*02:01:01:01SG | DQB1=DQB1*04:02:01 | DPA1=DPA1*02:01:08 | DPB1=DPB1*01:01:01,False,False,1.0,1.0,1.0,1.0,1.0,1.0,1.0,1.0,0.0
SYNTH_0884,Global,success,,113.3,1.0,1,0.0,HLA-A=A*02:01:01:01 | HLA-C=C*07:02:01:03 | HLA-B=B*07:02:01 | DRB345=DRB5*01:01:01 | DRB1=DRB1*15:01:01:01SG | DQA1=DQA1*01:02:01:01SG | DQB1=DQB1*06:02:01 | DPA1=DPA1*01:03:01:04 | DPB1=DPB1*04:01:01:01/DPB1*04:01:01:02,HLA-A=A*02:01:01:01 | HLA-C=C*16:01:01:01 | HLA-B=B*44:03:01:01 | DRB345=DRB4*01:01:01:01 | DRB1=DRB1*07:01:01:01SG | DQA1=DQA1*02:01:01:01SG | DQB1=DQB1*04:02:01 | DPA1=DPA1*02:01:08 | DPB1=DPB1*01:01:01,False,False,1.0,1.0,1.0,1.0,1.0,1.0,1.0,1.0,0.0
SYNTH_0885,Global,success,,80.1,0.875,2,0.5436,HLA-A=A*02:01:01:01 | HLA-C=C*03:04:01:01 | HLA-B=B*40:01:02 | DRB345=DRB3*03:01:01 | DRB1=DRB1*13:02:01 | DQA1=DQA1*01:02:01:04SG | DQB1=DQB1*06:04:01 | DPA1=DPA1*01:03:01:02 | DPB1=DPB1*04:01:01:01/DPB1*04:01:01:02,HLA-A=A*23:01:01 | HLA-C=C*17:03 | HLA-B=B*41:02:01 | DRB345=DRB3*02:02:01:02 | DRB1=DRB1*11:04:01 | DQA1=DQA1*05:05:01:01SG | DQB1=DQB1*03:01:01:03 | DPA1=DPA1*02:01:01:01 | DPB1=DPB1*13:01:01/DPB1*107:01,False,False,1.0,1.0,1.0,1.0,1.0,1.0,1.0,1.0,0.0
SYNTH_0886,Global,success,,80.0,1.0,1,0.0,HLA-A=A*02:01:01:01 | HLA-C=C*05:01:01:02 | HLA-B=B*44:02:01:01 | DRB345=DRB4*01:03:01:01/DRB4*01:03:01:01:03 | DRB1=DRB1*04:01:01:01SG | DQA1=DQA1*03:03:01:01 | DQB1=DQB1*03:01:01:01 | DPA1=DPA1*01:03:01:04 | DPB1=DPB1*04:01:01:01/DPB1*04:01:01:02,HLA-A=A*02:01:01:01 | HLA-C=C*04:01:01:01 | HLA-B=B*35:01:01:02 | DRB345=Abs | DRB1=DRB1*01:01:01 | DQA1=DQA1*01:01:01:02SG | DQB1=DQB1*05:01:01:03 | DPA1=DPA1*01:03:01:05 | DPB1=DPB1*04:02:01:02,False,False,1.0,1.0,1.0,0.0,1.0,1.0,1.0,1.0,0.0
SYNTH_0887,Global,success,,55.2,0.89473684,2,0.4855,HLA-A=A*31:01:02:01 | HLA-C=C*03:04:01:01 | HLA-B=B*40:01:02 | DRB345=Abs | DRB1=DRB1*01:01:01 | DQA1=DQA1*01:01:01:02SG | DQB1=DQB1*05:01:01:03 | DPA1=DPA1*01:03:01:04 | DPB1=DPB1*04:01:01:01/DPB1*04:01:01:02,HLA-A=A*01:01:01:01 | HLA-C=C*07:01:01:01 | HLA-B=B*08:01:01:01 | DRB345=DRB3*01:01:02:01 | DRB1=DRB1*03:01:01:01SG | DQA1=DQA1*05:01:01:02 | DQB1=DQB1*02:01:01 | DPA1=DPA1*01:03:01:04 | DPB1=DPB1*04:01:01:01/DPB1*04:01:01:02,False,False,1.0,1.0,1.0,1.0,1.0,1.0,1.0,1.0,0.0
SYNTH_0888,Global,success,,65.7,0.46762887,15,2.259,HLA-A=A*01:01:01:01 | HLA-C=C*07:01:01:01 | HLA-B=B*08:01:01:01 | DRB345=DRB3*01:01:02:01 | DRB1=DRB1*03:01:01:01SG | DQA1=DQA1*05:01:01:02 | DQB1=DQB1*02:01:01 | DPA1=DPA1*02:01:02 | DPB1=DPB1*01:01:01,HLA-A=A*02:01:01:01 | HLA-C=C*06:02:01:01 | HLA-B=B*13:02:01 | DRB345=DRB4*01:03:01:01/DRB4*01:03:01:01:03 | DRB1=DRB1*07:01:01:01SG | DQA1=DQA1*02:01:01:01SG | DQB1=DQB1*02:02:01:01 | DPA1=DPA1*01:03:01:02 | DPB1=DPB1*04:01:01:01/DPB1*04:01:01:02,False,False,1.0,1.0,1.0,0.0,1.0,1.0,1.0,1.0,0.0
SYNTH_0889,Global,success,,120.2,1.0,1,0.0,HLA-A=A*01:01:01:01 | HLA-C=C*07:01:01:01 | HLA-B=B*57:01:01 | DRB345=DRB4*01:03:01:02N | DRB1=DRB1*07:01:01:01SG | DQA1=DQA1*02:01:01:01SG | DQB1=DQB1*03:03:02:01 | DPA1=DPA1*01:03:01:02 | DPB1=DPB1*04:01:01:01/DPB1*04:01:01:02,HLA-A=A*11:01:01:01 | HLA-C=C*07:01:01:01 | HLA-B=B*08:01:01:01 | DRB345=DRB3*01:01:02:01 | DRB1=DRB1*03:01:01:01SG | DQA1=DQA1*05:01:01:02 | DQB1=DQB1*02:01:01 | DPA1=DPA1*01:03:01:04 | DPB1=DPB1*04:01:01:01/DPB1*04:01:01:02,False,False,1.0,1.0,1.0,1.0,1.0,1.0,1.0,1.0,0.0
SYNTH_0890,Global,success,,114.1,1.0,1,0.0,HLA-A=A*03:01:01:01 | HLA-C=C*07:01:01:01 | HLA-B=B*49:01:01 | DRB345=DRB3*02:02:01:02 | DRB1=DRB1*11:01:01:01 | DQA1=DQA1*05:05:01:01SG | DQB1=DQB1*03:01:01:03 | DPA1=DPA1*01:03:01:04 | DPB1=DPB1*04:01:01:01/DPB1*04:01:01:02,HLA-A=A*01:01:01:01 | HLA-C=C*04:01:01:06 | HLA-B=B*35:02:01 | DRB345=DRB3*02:02:01:02 | DRB1=DRB1*11:04:01 | DQA1=DQA1*01:03:01:02SG | DQB1=DQB1*06:03:01 | DPA1=DPA1*02:01:01:02 | DPB1=DPB1*02:01:02/DPB1*02:01:19,False,False,1.0,1.0,1.0,1.0,1.0,1.0,1.0,1.0,0.0
SYNTH_0891,Global,success,,132.5,0.58333333,8,1.8626,HLA-A=A*03:01:01:01 | HLA-C=C*07:02:01:03 | HLA-B=B*07:02:01 | DRB345=DRB5*01:01:01 | DRB1=DRB1*15:01:01:01SG | DQA1=DQA1*01:02:01:01SG | DQB1=DQB1*06:02:01 | DPA1=DPA1*01:03:01:02 | DPB1=DPB1*04:01:01:01/DPB1*04:01:01:02,HLA-A=A*34:01:01 | HLA-C=C*04:03:01 | HLA-B=B*15:21 | DRB345=DRB5*01:01:01 | DRB1=DRB1*15:02:01:01SG | DQA1=DQA1*01:02:01:01SG | DQB1=DQB1*05:02:01 | DPA1=DPA1*02:02:02 | DPB1=DPB1*01:01:01,False,False,1.0,1.0,1.0,1.0,1.0,1.0,1.0,1.0,0.0
SYNTH_0892,Global,success,,126.1,0.57142857,2,0.9852,HLA-A=A*11:01:01:01 | HLA-C=C*03:04:01:01 | HLA-B=B*40:01:02 | DRB345=DRB3*03:01:01 | DRB1=DRB1*13:02:01 | DQA1=DQA1*01:02:01:04SG | DQB1=DQB1*06:04:01 | DPA1=DPA1*01:03:01:04 | DPB1=DPB1*04:01:01:01/DPB1*04:01:01:02,HLA-A=A*24:02:01:01 | HLA-C=C*12:02:02 | HLA-B=B*52:01:01:01 | DRB345=DRB5*01:02 | DRB1=DRB1*15:02:01:01SG | DQA1=DQA1*01:03:01:01 | DQB1=DQB1*06:01:01 | DPA1=DPA1*01:03:01:01 | DPB1=DPB1*02:01:02/DPB1*02:01:19,False,False,1.0,1.0,1.0,1.0,1.0,1.0,1.0,1.0,0.0
SYNTH_0893,Global,success,,126.5,0.6,2,0.971,HLA-A=A*02:01:01:01 | HLA-C=C*03:04:01:01 | HLA-B=B*40:01:02 | DRB345=DRB3*03:01:01 | DRB1=DRB1*13:02:01 | DQA1=DQA1*01:02:01:04SG | DQB1=DQB1*06:04:01 | DPA1=DPA1*01:03:01:05 | DPB1=DPB1*04:02:01:02,HLA-A=A*03:01:01:01 | HLA-C=C*03:04:01:01 | HLA-B=B*15:01:01:01 | DRB345=DRB4*01:03:01:01/DRB4*01:03:01:01:03 | DRB1=DRB1*04:01:01:01SG | DQA1=DQA1*03:01:01 | DQB1=DQB1*03:02:01 | DPA1=DPA1*01:03:01:03 | DPB1=DPB1*03:01:01,False,False,1.0,1.0,1.0,0.0,1.0,1.0,1.0,1.0,1.0
SYNTH_0894,Global,success,,126.6,0.66666667,3,1.206,HLA-A=A*29:02:01:01 | HLA-C=C*16:01:01:01 | HLA-B=B*44:03:01:01 | DRB345=DRB4*01:01:01:01 | DRB1=DRB1*07:01:01:01SG | DQA1=DQA1*02:01:01:01SG | DQB1=DQB1*02:02:01:01 | DPA1=DPA1*01:03:01:02 | DPB1=DPB1*04:01:01:01/DPB1*04:01:01:02,HLA-A=A*01:01:01:01 | HLA-C=C*07:01:01:01 | HLA-B=B*08:01:01:01 | DRB345=DRB3*01:01:02:01 | DRB1=DRB1*03:01:01:01SG | DQA1=DQA1*05:01:01:02 | DQB1=DQB1*02:01:01 | DPA1=DPA1*01:03:01:05 | DPB1=DPB1*04:02:01:01,False,False,1.0,1.0,1.0,1.0,1.0,1.0,1.0,1.0,0.0
SYNTH_0895,Global,success,,124.9,0.73684211,2,0.8315,HLA-A=A*03:01:01:01 | HLA-C=C*07:02:01:03 | HLA-B=B*07:02:01 | DRB345=DRB4*01:03:01:01/DRB4*01:03:01:01:03 | DRB1=DRB1*04:01:01:01SG | DQA1=DQA1*03:01:01 | DQB1=DQB1*03:02:01 | DPA1=DPA1*01:03:01:02 | DPB1=DPB1*04:01:01:01/DPB1*04:01:01:02,HLA-A=A*29:02:01:01 | HLA-C=C*16:01:01:01 | HLA-B=B*44:03:01:01 | DRB345=DRB4*01:01:01:01 | DRB1=DRB1*07:01:01:01SG | DQA1=DQA1*02:01:01:01SG | DQB1=DQB1*02:02:01:01 | DPA1=DPA1*01:03:01:02 | DPB1=DPB1*04:01:01:01/DPB1*04:01:01:02,False,False,1.0,1.0,1.0,0.0,1.0,1.0,1.0,1.0,0.0
SYNTH_0896,Global,success,,125.3,1.0,1,0.0,HLA-A=A*01:01:01:01 | HLA-C=C*07:02:01:03 | HLA-B=B*07:02:01 | DRB345=DRB5*01:01:01 | DRB1=DRB1*15:01:01:01SG | DQA1=DQA1*01:02:01:01SG | DQB1=DQB1*06:02:01 | DPA1=DPA1*01:03:01:02 | DPB1=DPB1*04:01:01:01/DPB1*04:01:01:02,HLA-A=A*03:01:01:01 | HLA-C=C*07:02:01:03 | HLA-B=B*07:02:01 | DRB345=DRB4*01:03:01:01/DRB4*01:03:01:01:03 | DRB1=DRB1*04:01:01:01SG | DQA1=DQA1*03:01:01 | DQB1=DQB1*03:02:01 | DPA1=DPA1*01:03:01:01 | DPB1=DPB1*02:01:02/DPB1*02:01:19,False,False,1.0,1.0,1.0,0.0,1.0,1.0,1.0,1.0,0.0
SYNTH_0897,Global,success,,163.5,0.94285714,2,0.316,HLA-A=A*03:01:01:01 | HLA-C=C*07:02:01:03 | HLA-B=B*07:02:01 | DRB345=DRB4*01:01:01:01 | DRB1=DRB1*07:01:01:01SG | DQA1=DQA1*02:01:01:01SG | DQB1=DQB1*02:02:01:01 | DPA1=DPA1*01:03:01:01 | DPB1=DPB1*02:01:02/DPB1*02:01:19,HLA-A=A*03:01:01:01 | HLA-C=C*07:02:01:03 | HLA-B=B*07:02:01 | DRB345=DRB5*01:01:01 | DRB1=DRB1*15:01:01:01SG | DQA1=DQA1*01:02:01:01SG | DQB1=DQB1*06:02:01 | DPA1=DPA1*01:03:01:04 | DPB1=DPB1*04:01:01:01/DPB1*04:01:01:02,False,False,1.0,1.0,1.0,1.0,1.0,1.0,1.0,1.0,0.0
SYNTH_0898,Global,success,,134.7,1.0,1,0.0,HLA-A=A*02:01:01:01 | HLA-C=C*07:02:01:03 | HLA-B=B*07:02:01 | DRB345=DRB5*01:01:01 | DRB1=DRB1*15:01:01:01SG | DQA1=DQA1*01:02:01:01SG | DQB1=DQB1*06:02:01 | DPA1=DPA1*01:03:01:02 | DPB1=DPB1*04:01:01:01/DPB1*04:01:01:02,HLA-A=A*02:01:01:01 | HLA-C=C*03:04:01:01 | HLA-B=B*40:01:02 | DRB345=DRB3*03:01:01 | DRB1=DRB1*13:02:01 | DQA1=DQA1*01:02:01:04SG | DQB1=DQB1*06:04:01 | DPA1=DPA1*01:03:01:01 | DPB1=DPB1*02:01:02/DPB1*02:01:19,False,False,1.0,1.0,1.0,1.0,1.0,1.0,1.0,1.0,0.0
SYNTH_0899,Global,success,,132.9,0.86170213,4,0.7939,HLA-A=A*01:01:01:01 | HLA-C=C*07:01:01:01 | HLA-B=B*08:01:01:01 | DRB345=DRB3*01:01:02:01 | DRB1=DRB1*03:01:01:01SG | DQA1=DQA1*05:01:01:02 | DQB1=DQB1*02:01:01 | DPA1=DPA1*02:01:02 | DPB1=DPB1*01:01:01,HLA-A=A*24:02:01:01 | HLA-C=C*07:04:01:01 | HLA-B=B*44:02:01:03 | DRB345=DRB3*02:02:01:02 | DRB1=DRB1*11:01:01:01 | DQA1=DQA1*05:05:01:01SG | DQB1=DQB1*03:01:01:03 | DPA1=DPA1*01:03:01:01 | DPB1=DPB1*02:01:02/DPB1*02:01:19,False,False,1.0,1.0,1.0,1.0,1.0,1.0,1.0,1.0,0.0
SYNTH_0900,Global,success,,115.4,1.0,1,0.0,HLA-A=A*01:01:01:01 | HLA-C=C*04:01:01:06 | HLA-B=B*35:02:01 | DRB345=DRB3*02:02:01:02 | DRB1=DRB1*11:04:01 | DQA1=DQA1*01:03:01:02SG | DQB1=DQB1*06:03:01 | DPA1=DPA1*02:01:01:02 | DPB1=DPB1*02:01:02/DPB1*02:01:19,HLA-A=A*02:01:01:01 | HLA-C=C*15:13 | HLA-B=B*51:01:01:01 | DRB345=DRB4*01:03:01:01/DRB4*01:03:01:01:03 | DRB1=DRB1*04:02:01 | DQA1=DQA1*03:01:01 | DQB1=DQB1*03:02:01 | DPA1=DPA1*01:03:01:04 | DPB1=DPB1*04:01:01:01/DPB1*04:01:01:02,False,False,1.0,1.0,1.0,0.0,1.0,1.0,1.0,1.0,0.0
SYNTH_0901,Global,success,,88.5,1.0,1,0.0,HLA-A=A*03:01:01:01 | HLA-C=C*04:01:01:01 | HLA-B=B*35:01:01:02 | DRB345=DRB3*02:02:01:02 | DRB1=DRB1*13:01:01:01SG | DQA1=DQA1*01:03:01:02SG | DQB1=DQB1*06:03:01 | DPA1=DPA1*01:03:01:02 | DPB1=DPB1*04:01:01:01/DPB1*04:01:01:02,HLA-A=A*33:01:01 | HLA-C=C*08:02:01:01 | HLA-B=B*14:02:01:01 | DRB345=Abs | DRB1=DRB1*01:02:01 | DQA1=DQA1*01:01:02 | DQB1=DQB1*05:01:01:01 | DPA1=DPA1*01:03:01:02 | DPB1=DPB1*04:01:01:01/DPB1*04:01:01:02,False,False,1.0,1.0,1.0,1.0,1.0,1.0,1.0,1.0,0.0
SYNTH_0902,Global,success,,87.2,1.0,1,0.0,HLA-A=A*02:01:01:01 | HLA-C=C*07:01:01:01 | HLA-B=B*18:01:01:02 | DRB345=DRB3*02:02:01:02 | DRB1=DRB1*11:04:01 | DQA1=DQA1*05:05:01:01SG | DQB1=DQB1*03:01:01:03 | DPA1=DPA1*01:03:01:05 | DPB1=DPB1*04:02:01:01,HLA-A=A*29:02:01:01 | HLA-C=C*08:02:01:01 | HLA-B=B*14:02:01:01 | DRB345=DRB4*01:01:01:01 | DRB1=DRB1*07:01:01:01SG | DQA1=DQA1*02:01:01:01SG | DQB1=DQB1*02:02:01:01 | DPA1=DPA1*01:04 | DPB1=DPB1*15:01:01,True,False,1.0,1.0,1.0,1.0,1.0,1.0,1.0,1.0,1.0
SYNTH_0903,Global,success,,88.1,1.0,1,0.0,HLA-A=A*24:03:01:01 | HLA-C=C*03:03:01:01 | HLA-B=B*15:12 | DRB345=DRB3*03:01:03 | DRB1=DRB1*12:02:01 | DQA1=DQA1*06:01:01 | DQB1=DQB1*03:01:01:01 | DPA1=DPA1*02:02:05 | DPB1=DPB1*05:01:01,HLA-A=A*02:01:01:01 | HLA-C=C*05:01:01:02 | HLA-B=B*44:02:01:01 | DRB345=DRB4*01:03:01:01/DRB4*01:03:01:01:03 | DRB1=DRB1*04:01:01:01SG | DQA1=DQA1*03:01:01 | DQB1=DQB1*03:02:01 | DPA1=DPA1*01:03:01:02 | DPB1=DPB1*04:01:01:01/DPB1*04:01:01:02,False,False,1.0,1.0,1.0,0.0,1.0,1.0,1.0,1.0,0.0
SYNTH_0904,Global,success,,86.9,0.59893048,6,1.7076,HLA-A=A*03:01:01:01 | HLA-C=C*07:02:01:03 | HLA-B=B*07:02:01 | DRB345=DRB5*01:01:01 | DRB1=DRB1*15:01:01:01SG | DQA1=DQA1*01:02:01:01SG | DQB1=DQB1*06:02:01 | DPA1=DPA1*01:03:01:02 | DPB1=DPB1*04:01:01:01/DPB1*04:01:01:02,HLA-A=A*30:01:01 | HLA-C=C*17:01:01:02 | HLA-B=B*42:01:01 | DRB345=Abs | DRB1=DRB1*01:02:01 | DQA1=DQA1*01:01:02 | DQB1=DQB1*05:01:01:01 | DPA1=DPA1*02:01:08 | DPB1=DPB1*01:01:01,False,False,0.0,1.0,1.0,1.0,1.0,1.0,1.0,1.0,0.0
SYNTH_0905,Global,success,,87.0,0.77777778,2,0.7642,HLA-A=A*02:01:01:01 | HLA-C=C*03:04:01:01 | HLA-B=B*40:01:02 | DRB345=DRB4*01:03:01:01/DRB4*01:03:01:01:03 | DRB1=DRB1*04:04:01 | DQA1=DQA1*03:01:01 | DQB1=DQB1*03:02:01 | DPA1=DPA1*01:03:01:03 | DPB1=DPB1*06:01:01,HLA-A=A*24:02:01:01 | HLA-C=C*04:01:01:05 | HLA-B=B*35:01:01:02 | DRB345=Abs | DRB1=DRB1*01:03 | DQA1=DQA1*01:01:01:02SG | DQB1=DQB1*05:01:01:03 | DPA1=DPA1*01:03:01:01 | DPB1=DPB1*02:01:02/DPB1*02:01:19,False,False,1.0,1.0,1.0,0.0,1.0,1.0,1.0,1.0,0.0
SYNTH_0906,Global,success,,74.6,1.0,1,0.0,HLA-A=A*02:06:01:01 | HLA-C=C*07:02:01:01 | HLA-B=B*39:05:01 | DRB345=DRB4*01:03:01:01/DRB4*01:03:01:01:03 | DRB1=DRB1*04:07:01 | DQA1=DQA1*03:01:01 | DQB1=DQB1*03:02:01 | DPA1=DPA1*01:03:01:05 | DPB1=DPB1*04:02:01:02,HLA-A=A*30:02:01:01 | HLA-C=C*05:01:01:01 | HLA-B=B*18:01:01:01 | DRB345=DRB3*02:02:01:01 | DRB1=DRB1*03:01:01:01SG | DQA1=DQA1*05:01:01:01 | DQB1=DQB1*02:01:01 | DPA1=DPA1*01:03:01:02 | DPB1=DPB1*04:01:01:01/DPB1*04:01:01:02,False,False,1.0,1.0,1.0,0.0,1.0,1.0,1.0,1.0,0.0
SYNTH_0907,Global,success,,126.5,1.0,1,0.0,HLA-A=A*02:01:01:01 | HLA-C=C*02:02:02:01 | HLA-B=B*27:05:02 | DRB345=Abs | DRB1=DRB1*01:01:01 | DQA1=DQA1*01:01:01:02SG | DQB1=DQB1*05:01:01:03 | DPA1=DPA1*01:03:01:05 | DPB1=DPB1*04:02:01:02,HLA-A=A*33:01:01 | HLA-C=C*08:02:01:01 | HLA-B=B*14:02:01:01 | DRB345=DRB3*02:02:01:02 | DRB1=DRB1*13:01:01:01SG | DQA1=DQA1*01:03:01:02SG | DQB1=DQB1*06:03:01 | DPA1=DPA1*01:03:01:02 | DPB1=DPB1*04:01:01:01/DPB1*04:01:01:02,False,False,1.0,1.0,1.0,1.0,1.0,1.0,1.0,1.0,0.0
SYNTH_0908,Global,success,,132.3,1.0,1,0.0,HLA-A=A*02:01:01:01 | HLA-C=C*05:01:01:02 | HLA-B=B*44:02:01:01 | DRB345=DRB4*01:03:01:01/DRB4*01:03:01:01:03 | DRB1=DRB1*04:01:01:01SG | DQA1=DQA1*03:03:01:01 | DQB1=DQB1*03:01:01:01 | DPA1=DPA1*01:03:01:04 | DPB1=DPB1*04:01:01:01/DPB1*04:01:01:02,HLA-A=A*03:01:01:01 | HLA-C=C*07:02:01:03 | HLA-B=B*07:02:01 | DRB345=DRB3*02:02:01:02 | DRB1=DRB1*11:01:01:01 | DQA1=DQA1*05:05:01:01SG | DQB1=DQB1*03:01:01:03 | DPA1=DPA1*01:03:01:04 | DPB1=DPB1*04:01:01:01/DPB1*04:01:01:02,False,False,1.0,1.0,1.0,0.0,1.0,1.0,1.0,1.0,0.0
SYNTH_0909,Global,success,,120.9,0.28043478,12,2.7878,HLA-A=A*02:01:01:01 | HLA-C=C*07:02:01:03 | HLA-B=B*07:02:01 | DRB345=DRB5*01:01:01 | DRB1=DRB1*15:01:01:01SG | DQA1=DQA1*01:02:01:01SG | DQB1=DQB1*06:02:01 | DPA1=DPA1*01:03:01:04 | DPB1=DPB1*04:01:01:01/DPB1*04:01:01:02,HLA-A=A*31:01:02:01 | HLA-C=C*04:01:01:06 | HLA-B=B*35:02:01 | DRB345=DRB4*01:03:01:01/DRB4*01:03:01:01:03 | DRB1=DRB1*04:03:01 | DQA1=DQA1*03:01:01 | DQB1=DQB1*03:05:01 | DPA1=DPA1*01:03:01:04 | DPB1=DPB1*04:01:01:01/DPB1*04:01:01:02,False,False,0.0,1.0,1.0,0.0,1.0,1.0,1.0,1.0,0.0
SYNTH_0910,Global,success,,113.4,1.0,1,0.0,HLA-A=A*02:01:01:01 | HLA-C=C*04:01:01:01 | HLA-B=B*53:01:01 | DRB345=Abs | DRB1=DRB1*08:04:01 | DQA1=DQA1*04:01:02:02 | DQB1=DQB1*03:19:01 | DPA1=DPA1*02:02:02 | DPB1=DPB1*01:01:01,HLA-A=A*02:01:01:01 | HLA-C=C*06:02:01:01 | HLA-B=B*13:02:01 | DRB345=DRB4*01:03:01:01/DRB4*01:03:01:01:03 | DRB1=DRB1*07:01:01:01SG | DQA1=DQA1*02:01:01:01SG | DQB1=DQB1*02:02:01:01 | DPA1=DPA1*01:03:01:01 | DPB1=DPB1*02:01:02/DPB1*02:01:19,False,False,1.0,1.0,1.0,0.0,1.0,1.0,1.0,1.0,0.0
SYNTH_0911,Global,success,,108.6,1.0,1,0.0,HLA-A=A*02:01:01:01 | HLA-C=C*07:02:01:03 | HLA-B=B*07:02:01 | DRB345=DRB4*01:03:01:02N | DRB1=DRB1*07:01:01:01SG | DQA1=DQA1*02:01:01:01SG | DQB1=DQB1*03:03:02:01 | DPA1=DPA1*01:03:01:04 | DPB1=DPB1*04:01:01:01/DPB1*04:01:01:02,HLA-A=A*11:01:01:01 | HLA-C=C*07:01:01:01 | HLA-B=B*08:01:01:01 | DRB345=DRB3*01:01:02:01 | DRB1=DRB1*03:01:01:01SG | DQA1=DQA1*05:01:01:02 | DQB1=DQB1*02:01:01 | DPA1=DPA1*01:03:01:04 | DPB1=DPB1*04:01:01:01/DPB1*04:01:01:02,False,False,1.0,1.0,1.0,1.0,1.0,1.0,1.0,1.0,0.0
SYNTH_0912,Global,success,,102.5,0.46333333,10,2.1531,HLA-A=A*01:01:01:01 | HLA-C=C*07:01:01:01 | HLA-B=B*08:01:01:01 | DRB345=DRB3*01:01:02:01 | DRB1=DRB1*03:01:01:01SG | DQA1=DQA1*05:01:01:02 | DQB1=DQB1*02:01:01 | DPA1=DPA1*01:03:01:02 | DPB1=DPB1*04:01:01:01/DPB1*04:01:01:02,HLA-A=A*26:01:01:01 | HLA-C=C*04:01:01:05 | HLA-B=B*35:01:01:02 | DRB345=DRB4*01:03:01:01/DRB4*01:03:01:01:03 | DRB1=DRB1*04:01:01:01SG | DQA1=DQA1*03:01:01 | DQB1=DQB1*03:02:01 | DPA1=DPA1*01:03:01:01 | DPB1=DPB1*02:01:02/DPB1*02:01:19,False,False,1.0,1.0,1.0,0.0,1.0,1.0,1.0,0.0,0.0
SYNTH_0913,Global,success,,103.1,1.0,1,0.0,HLA-A=A*01:01:01:01 | HLA-C=C*07:01:01:01 | HLA-B=B*08:01:01:01 | DRB345=DRB3*01:01:02:01 | DRB1=DRB1*03:01:01:01SG | DQA1=DQA1*05:01:01:02 | DQB1=DQB1*02:01:01 | DPA1=DPA1*02:01:02 | DPB1=DPB1*01:01:01,HLA-A=A*23:01:01 | HLA-C=C*04:01:01:01 | HLA-B=B*44:03:01:01 | DRB345=DRB4*01:01:01:01 | DRB1=DRB1*07:01:01:01SG | DQA1=DQA1*02:01:01:01SG | DQB1=DQB1*02:02:01:01 | DPA1=DPA1*01:03:01:01 | DPB1=DPB1*02:01:02/DPB1*02:01:19,False,False,1.0,1.0,1.0,1.0,1.0,1.0,1.0,1.0,0.0
SYNTH_0914,Global,success,,101.6,0.6,2,0.971,HLA-A=A*02:01:01:01 | HLA-C=C*06:02:01:01 | HLA-B=B*57:01:01 | DRB345=DRB4*01:03:01:02N | DRB1=DRB1*07:01:01:01SG | DQA1=DQA1*02:01:01:01SG | DQB1=DQB1*03:03:02:01 | DPA1=DPA1*01:03:01:01 | DPB1=DPB1*04:01:01:01/DPB1*04:01:01:02,HLA-A=A*29:02:01:01 | HLA-C=C*08:02:01:01 | HLA-B=B*14:02:01:01 | DRB345=DRB4*01:01:01:01 | DRB1=DRB1*07:01:01:01SG | DQA1=DQA1*02:01:01:01SG | DQB1=DQB1*02:02:01:01 | DPA1=DPA1*01:04 | DPB1=DPB1*15:01:01,False,False,1.0,1.0,1.0,1.0,1.0,1.0,1.0,1.0,0.0
SYNTH_0915,Global,success,,100.6,1.0,1,0.0,HLA-A=A*01:01:01:01 | HLA-C=C*07:01:01:01 | HLA-B=B*08:01:01:01 | DRB345=DRB3*01:01:02:01 | DRB1=DRB1*03:01:01:01SG | DQA1=DQA1*05:01:01:01 | DQB1=DQB1*02:01:01 | DPA1=DPA1*01:03:01:01 | DPB1=DPB1*04:01:01:01/DPB1*04:01:01:02,HLA-A=A*25:01:01 | HLA-C=C*12:03:01:01 | HLA-B=B*18:01:01:02 | DRB345=DRB5*01:01:01 | DRB1=DRB1*15:01:01:01SG | DQA1=DQA1*01:02:01:01SG | DQB1=DQB1*06:02:01 | DPA1=DPA1*01:03:01:04 | DPB1=DPB1*23:01:01,False,False,1.0,1.0,1.0,1.0,1.0,1.0,1.0,1.0,0.0
SYNTH_0916,Global,success,,71.2,0.56,3,1.2906,HLA-A=A*29:02:01:01 | HLA-C=C*16:01:01:01 | HLA-B=B*44:04 | DRB345=DRB3*02:02:01:02 | DRB1=DRB1*11:01:01:01 | DQA1=DQA1*05:05:01:01SG | DQB1=DQB1*03:01:01:03 | DPA1=DPA1*01:03:01:03 | DPB1=DPB1*03:01:01,HLA-A=A*02:01:01:01 | HLA-C=C*06:02:01:01 | HLA-B=B*13:02:01 | DRB345=DRB4*01:03:01:01/DRB4*01:03:01:01:03 | DRB1=DRB1*07:01:01:01SG | DQA1=DQA1*02:01:01:01SG | DQB1=DQB1*02:02:01:01 | DPA1=DPA1*01:03:01:02 | DPB1=DPB1*04:01:01:01/DPB1*04:01:01:02,False,False,1.0,1.0,1.0,0.0,1.0,1.0,1.0,1.0,0.0
SYNTH_0917,Global,success,,108.0,0.71428571,2,0.8631,HLA-A=A*03:01:01:01 | HLA-C=C*05:01:01:02 | HLA-B=B*44:02:01:01 | DRB345=Abs | DRB1=DRB1*01:01:01 | DQA1=DQA1*01:01:01:02SG | DQB1=DQB1*05:01:01:03 | DPA1=DPA1*01:03:01:05 | DPB1=DPB1*04:02:01:02,HLA-A=A*02:01:01:01 | HLA-C=C*05:01:01:02 | HLA-B=B*44:02:01:01 | DRB345=DRB4*01:03:01:01/DRB4*01:03:01:01:03 | DRB1=DRB1*04:01:01:01SG | DQA1=DQA1*03:03:01:01 | DQB1=DQB1*03:01:01:01 | DPA1=DPA1*01:03:01:01 | DPB1=DPB1*02:01:02/DPB1*02:01:19,False,False,1.0,1.0,1.0,0.0,1.0,1.0,1.0,1.0,0.0
SYNTH_0918,Global,success,,100.4,1.0,1,0.0,HLA-A=A*01:01:01:01 | HLA-C=C*07:01:01:01 | HLA-B=B*08:01:01:01 | DRB345=DRB3*01:01:02:01 | DRB1=DRB1*03:01:01:01SG | DQA1=DQA1*05:01:01:02 | DQB1=DQB1*02:01:01 | DPA1=DPA1*01:03:01:02 | DPB1=DPB1*04:01:01:01/DPB1*04:01:01:02,HLA-A=A*01:01:01:01 | HLA-C=C*07:01:01:01 | HLA-B=B*57:01:01 | DRB345=DRB4*01:03:01:02N | DRB1=DRB1*07:01:01:01SG | DQA1=DQA1*02:01:01:01SG | DQB1=DQB1*03:03:02:01 | DPA1=DPA1*01:03:01:02 | DPB1=DPB1*04:01:01:01/DPB1*04:01:01:02,False,False,1.0,1.0,1.0,1.0,1.0,1.0,1.0,1.0,0.0
SYNTH_0919,Global,success,,117.2,1.0,1,0.0,HLA-A=A*01:01:01:01 | HLA-C=C*07:01:01:01 | HLA-B=B*08:01:01:01 | DRB345=DRB5*01:01:01 | DRB1=DRB1*15:01:01:01SG | DQA1=DQA1*01:02:01:01SG | DQB1=DQB1*06:02:01 | DPA1=DPA1*01:03:01:04 | DPB1=DPB1*04:01:01:01/DPB1*04:01:01:02,HLA-A=A*24:02:01:01 | HLA-C=C*07:01:01:01 | HLA-B=B*18:01:01:02 | DRB345=DRB3*02:02:01:02 | DRB1=DRB1*11:04:01 | DQA1=DQA1*05:05:01:01SG | DQB1=DQB1*03:01:01:03 | DPA1=DPA1*01:03:01:02 | DPB1=DPB1*04:01:01:01/DPB1*04:01:01:02,False,False,1.0,1.0,1.0,1.0,1.0,1.0,1.0,1.0,0.0
SYNTH_0920,Global,success,,102.1,1.0,1,0.0,HLA-A=A*01:01:01:01 | HLA-C=C*07:01:01:01 | HLA-B=B*08:01:01:01 | DRB345=DRB3*01:01:02:01 | DRB1=DRB1*03:01:01:01SG | DQA1=DQA1*05:01:01:02 | DQB1=DQB1*02:01:01 | DPA1=DPA1*01:03:01:02 | DPB1=DPB1*04:01:01:01/DPB1*04:01:01:02,HLA-A=A*02:01:01:01 | HLA-C=C*08:02:01:01 | HLA-B=B*14:02:01:01 | DRB345=DRB4*01:01:01:01 | DRB1=DRB1*07:01:01:01SG | DQA1=DQA1*02:01:01:01SG | DQB1=DQB1*02:02:01:01 | DPA1=DPA1*02:01:01:01 | DPB1=DPB1*13:01:01/DPB1*107:01,False,False,1.0,1.0,1.0,1.0,1.0,1.0,1.0,1.0,0.0
SYNTH_0921,Global,success,,143.4,1.0,1,0.0,HLA-A=A*03:01:01:01 | HLA-C=C*07:02:01:03 | HLA-B=B*07:02:01 | DRB345=DRB5*01:01:01 | DRB1=DRB1*15:01:01:01SG | DQA1=DQA1*01:02:01:01SG | DQB1=DQB1*06:02:01 | DPA1=DPA1*01:03:01:02 | DPB1=DPB1*04:01:01:01/DPB1*04:01:01:02,HLA-A=A*01:01:01:01 | HLA-C=C*07:01:01:01 | HLA-B=B*08:01:01:01 | DRB345=DRB3*01:01:02:01 | DRB1=DRB1*03:01:01:01SG | DQA1=DQA1*05:01:01:02 | DQB1=DQB1*02:01:01 | DPA1=DPA1*02:01:02 | DPB1=DPB1*01:01:01,False,False,1.0,1.0,1.0,1.0,1.0,1.0,1.0,1.0,0.0
SYNTH_0922,Global,success,,118.3,0.6553288,3,1.0965,HLA-A=A*02:01:01:01 | HLA-C=C*07:01:01:01 | HLA-B=B*08:01:01:01 | DRB345=DRB3*01:01:02:01 | DRB1=DRB1*03:01:01:01SG | DQA1=DQA1*05:01:01:02 | DQB1=DQB1*02:01:01 | DPA1=DPA1*01:03:01:02 | DPB1=DPB1*04:01:01:01/DPB1*04:01:01:02,HLA-A=A*02:01:01:01 | HLA-C=C*07:01:01:01 | HLA-B=B*08:01:01:01 | DRB345=DRB3*01:01:02:01 | DRB1=DRB1*03:01:01:01SG | DQA1=DQA1*05:01:01:02 | DQB1=DQB1*02:01:01 | DPA1=DPA1*01:03:01:02 | DPB1=DPB1*04:01:01:01/DPB1*04:01:01:02,False,False,1.0,1.0,1.0,1.0,1.0,1.0,1.0,0.0,0.0
SYNTH_0923,Global,success,,117.8,0.91011236,2,0.4361,HLA-A=A*01:01:01:01 | HLA-C=C*07:01:01:01 | HLA-B=B*08:01:01:01 | DRB345=DRB3*01:01:02:01 | DRB1=DRB1*03:01:01:01SG | DQA1=DQA1*05:01:01:02 | DQB1=DQB1*02:01:01 | DPA1=DPA1*01:03:01:02 | DPB1=DPB1*04:01:01:01/DPB1*04:01:01:02,HLA-A=A*01:01:01:01 | HLA-C=C*07:01:01:01 | HLA-B=B*08:01:01:01 | DRB345=DRB3*01:01:02:01 | DRB1=DRB1*03:01:01:01SG | DQA1=DQA1*05:01:01:02 | DQB1=DQB1*02:01:01 | DPA1=DPA1*02:01:02 | DPB1=DPB1*01:01:01,False,False,1.0,1.0,1.0,1.0,1.0,1.0,1.0,1.0,0.0
SYNTH_0924,Global,success,,117.0,1.0,1,0.0,HLA-A=A*03:01:01:01 | HLA-C=C*07:02:01:03 | HLA-B=B*07:02:01 | DRB345=DRB5*01:01:01 | DRB1=DRB1*15:01:01:01SG | DQA1=DQA1*01:02:01:01SG | DQB1=DQB1*06:02:01 | DPA1=DPA1*01:03:01:03 | DPB1=DPB1*03:01:01,HLA-A=A*03:01:01:01 | HLA-C=C*07:02:01:03 | HLA-B=B*07:02:01 | DRB345=DRB5*01:01:01 | DRB1=DRB1*15:01:01:01SG | DQA1=DQA1*01:02:01:01SG | DQB1=DQB1*06:02:01 | DPA1=DPA1*01:03:01:04 | DPB1=DPB1*04:01:01:01/DPB1*04:01:01:02,False,False,1.0,1.0,1.0,1.0,1.0,1.0,1.0,1.0,0.0
SYNTH_0925,Global,success,,116.9,0.48484848,8,2.1727,HLA-A=A*02:01:01:01 | HLA-C=C*05:01:01:02 | HLA-B=B*44:02:01:01 | DRB345=DRB3*01:01:02:01 | DRB1=DRB1*13:01:01:01SG | DQA1=DQA1*01:03:01:02SG | DQB1=DQB1*06:03:01 | DPA1=DPA1*01:03:01:02 | DPB1=DPB1*04:01:01:01/DPB1*04:01:01:02,HLA-A=A*02:01:01:01 | HLA-C=C*03:04:01:01 | HLA-B=B*15:01:01:01 | DRB345=DRB4*01:03:01:01/DRB4*01:03:01:01:03 | DRB1=DRB1*04:01:01:01SG | DQA1=DQA1*03:01:01 | DQB1=DQB1*03:02:01 | DPA1=DPA1*01:03:01:02 | DPB1=DPB1*04:01:01:01/DPB1*04:01:01:02,False,False,1.0,1.0,1.0,0.0,1.0,1.0,1.0,0.0,0.0
SYNTH_0926,Global,success,,106.1,0.42352941,6,2.0573,HLA-A=A*03:01:01:01 | HLA-C=C*04:01:01:01 | HLA-B=B*35:01:01:02 | DRB345=Abs | DRB1=DRB1*01:01:01 | DQA1=DQA1*01:01:01:02SG | DQB1=DQB1*05:01:01:03 | DPA1=DPA1*01:03:01:05 | DPB1=DPB1*04:02:01:02,HLA-A=A*03:01:01:01 | HLA-C=C*01:02:01 | HLA-B=B*51:01:01:01 | DRB345=Abs | DRB1=DRB1*01:01:01 | DQA1=DQA1*01:01:01:02SG | DQB1=DQB1*05:01:01:03 | DPA1=DPA1*01:03:01:03 | DPB1=DPB1*03:01:01,False,False,0.0,1.0,1.0,1.0,1.0,1.0,1.0,1.0,1.0
SYNTH_0927,Global,success,,65.2,1.0,1,0.0,HLA-A=A*03:01:01:01 | HLA-C=C*07:02:01:03 | HLA-B=B*07:02:01 | DRB345=DRB4*01:03:01:01/DRB4*01:03:01:01:03 | DRB1=DRB1*04:01:01:01SG | DQA1=DQA1*03:01:01 | DQB1=DQB1*03:02:01 | DPA1=DPA1*01:03:01:01 | DPB1=DPB1*02:01:02/DPB1*02:01:19,HLA-A=A*02:01:01:01 | HLA-C=C*06:02:01:01 | HLA-B=B*13:02:01 | DRB345=DRB4*01:03:01:01/DRB4*01:03:01:01:03 | DRB1=DRB1*07:01:01:01SG | DQA1=DQA1*02:01:01:01SG | DQB1=DQB1*02:02:01:01 | DPA1=DPA1*01:03:01:01 | DPB1=DPB1*02:01:02/DPB1*02:01:19,False,False,1.0,1.0,1.0,0.0,1.0,1.0,1.0,1.0,0.0
SYNTH_0928,Global,success,,65.4,1.0,1,0.0,HLA-A=A*02:06:01:01 | HLA-C=C*08:01:01 | HLA-B=B*40:06:01:01 | DRB345=DRB4*01:03:02 | DRB1=DRB1*09:01:02 | DQA1=DQA1*03:02 | DQB1=DQB1*03:03:02:02/DQB1*03:03:02:03 | DPA1=DPA1*02:01:01:02 | DPB1=DPB1*09:01:01,HLA-A=A*31:01:02:01 | HLA-C=C*03:04:01:01 | HLA-B=B*40:01:02 | DRB345=DRB4*01:03:01:01/DRB4*01:03:01:01:03 | DRB1=DRB1*04:04:01 | DQA1=DQA1*03:01:01 | DQB1=DQB1*03:02:01 | DPA1=DPA1*01:03:01:05 | DPB1=DPB1*04:02:01:02,False,False,1.0,1.0,1.0,0.0,1.0,1.0,0.0,1.0,1.0
SYNTH_0929,Global,success,,40.9,1.0,1,0.0,HLA-A=A*11:01:01:01 | HLA-C=C*04:01:01:01 | HLA-B=B*35:03:01 | DRB345=DRB3*02:02:01:02 | DRB1=DRB1*11:01:01:01 | DQA1=DQA1*05:05:01:01SG | DQB1=DQB1*03:01:01:03 | DPA1=DPA1*01:03:01:02 | DPB1=DPB1*04:01:01:01/DPB1*04:01:01:02,HLA-A=A*69:01 | HLA-C=C*03:03:01:01 | HLA-B=B*55:01:01 | DRB345=DRB5*01:01:01 | DRB1=DRB1*15:01:01:01SG | DQA1=DQA1*01:02:01:01SG | DQB1=DQB1*06:03:01 | DPA1=DPA1*01:03:01:04 | DPB1=DPB1*04:01:01:01/DPB1*04:01:01:02,False,False,1.0,1.0,1.0,1.0,1.0,1.0,1.0,1.0,0.0
SYNTH_0930,Global,success,,100.7,1.0,1,0.0,HLA-A=A*01:01:01:01 | HLA-C=C*06:02:01:01 | HLA-B=B*57:01:01 | DRB345=DRB3*02:02:01:02 | DRB1=DRB1*13:05:01 | DQA1=DQA1*05:05:01:01SG | DQB1=DQB1*03:01:01:03 | DPA1=DPA1*01:03:01:02 | DPB1=DPB1*04:01:01:01/DPB1*04:01:01:02,HLA-A=A*68:01:01:02 | HLA-C=C*06:02:01:01 | HLA-B=B*58:02:01 | DRB345=DRB3*02:02:01:02 | DRB1=DRB1*12:01:01:03 | DQA1=DQA1*01:05:01 | DQB1=DQB1*05:01:01:02 | DPA1=DPA1*01:03:01:02 | DPB1=DPB1*18:01,False,False,1.0,1.0,1.0,1.0,1.0,1.0,1.0,1.0,0.0
SYNTH_0931,Global,success,,98.0,0.6,2,0.971,HLA-A=A*25:01:01 | HLA-C=C*12:03:01:01 | HLA-B=B*18:01:01:02 | DRB345=DRB5*01:01:01 | DRB1=DRB1*15:01:01:01SG | DQA1=DQA1*01:02:01:01SG | DQB1=DQB1*06:02:01 | DPA1=DPA1*01:03:01:01 | DPB1=DPB1*02:01:02/DPB1*02:01:19,HLA-A=A*29:02:01:02 | HLA-C=C*06:02:01:03 | HLA-B=B*45:01:01 | DRB345=DRB5*01:01:01 | DRB1=DRB1*15:01:01:01SG | DQA1=DQA1*01:02:01:01SG | DQB1=DQB1*06:02:01 | DPA1=DPA1*01:03:01:03 | DPB1=DPB1*03:01:01,False,False,1.0,1.0,1.0,1.0,1.0,1.0,1.0,1.0,0.0
SYNTH_0932,Global,success,,84.5,1.0,1,0.0,HLA-A=A*30:01:01 | HLA-C=C*17:01:01:02 | HLA-B=B*42:01:01 | DRB345=DRB5*01:01:01 | DRB1=DRB1*15:03:01:01SG | DQA1=DQA1*01:02:01:01SG | DQB1=DQB1*06:02:01 | DPA1=DPA1*01:03:01:01 | DPB1=DPB1*02:01:02/DPB1*02:01:19,HLA-A=A*03:01:01:05 | HLA-C=C*17:01:01:05 | HLA-B=B*41:01:01 | DRB345=DRB4*01:03:01:01/DRB4*01:03:01:01:03 | DRB1=DRB1*04:04:01 | DQA1=DQA1*03:03:01:01 | DQB1=DQB1*04:02:01 | DPA1=DPA1*01:03:01:04 | DPB1=DPB1*04:01:01:01/DPB1*04:01:01:02,False,False,1.0,1.0,1.0,0.0,1.0,1.0,1.0,1.0,0.0
SYNTH_0933,Global,success,,148.4,0.22395833,28,3.6227,HLA-A=A*02:01:01:01 | HLA-C=C*07:02:01:03 | HLA-B=B*07:02:01 | DRB345=DRB5*01:01:01 | DRB1=DRB1*15:01:01:01SG | DQA1=DQA1*01:02:01:01SG | DQB1=DQB1*06:02:01 | DPA1=DPA1*01:03:01:04 | DPB1=DPB1*04:01:01:01/DPB1*04:01:01:02,HLA-A=A*02:01:01:01 | HLA-C=C*06:02:01:01 | HLA-B=B*13:02:01 | DRB345=DRB4*01:03:01:01/DRB4*01:03:01:01:03 | DRB1=DRB1*07:01:01:01SG | DQA1=DQA1*02:01:01:01SG | DQB1=DQB1*02:02:01:01 | DPA1=DPA1*01:03:01:02 | DPB1=DPB1*04:01:01:01/DPB1*04:01:01:02,False,False,1.0,1.0,1.0,0.0,1.0,1.0,1.0,0.0,0.0
SYNTH_0934,Global,success,,102.2,1.0,1,0.0,HLA-A=A*01:01:01:01 | HLA-C=C*07:01:01:01 | HLA-B=B*08:01:01:01 | DRB345=DRB4*01:03:01:01/DRB4*01:03:01:01:03 | DRB1=DRB1*04:04:01 | DQA1=DQA1*03:01:01 | DQB1=DQB1*03:02:01 | DPA1=DPA1*01:03:01:02 | DPB1=DPB1*04:01:01:01/DPB1*04:01:01:02,HLA-A=A*29:02:01:01 | HLA-C=C*16:01:01:01 | HLA-B=B*44:03:01:01 | DRB345=DRB4*01:03:01:01/DRB4*01:03:01:01:03 | DRB1=DRB1*07:01:01:01SG | DQA1=DQA1*02:01:01:01SG | DQB1=DQB1*02:02:01:01 | DPA1=DPA1*02:01:01:01 | DPB1=DPB1*11:01:01,False,False,1.0,1.0,1.0,0.0,1.0,1.0,1.0,1.0,0.0
SYNTH_0935,Global,success,,30.7,1.0,1,0.0,HLA-A=A*25:01:01 | HLA-C=C*12:03:01:01 | HLA-B=B*18:01:01:02 | DRB345=DRB5*01:01:01 | DRB1=DRB1*15:01:01:01SG | DQA1=DQA1*01:02:01:01SG | DQB1=DQB1*06:03:01 | DPA1=DPA1*01:03:01:01 | DPB1=DPB1*02:01:02/DPB1*02:01:19,HLA-A=A*02:01:01:01 | HLA-C=C*07:01:01:01 | HLA-B=B*18:01:01:02 | DRB345=DRB3*02:02:01:02 | DRB1=DRB1*11:04:01 | DQA1=DQA1*05:05:01:01SG | DQB1=DQB1*03:01:01:03 | DPA1=DPA1*01:03:01:05 | DPB1=DPB1*04:02:01:01,False,False,1.0,1.0,1.0,1.0,1.0,1.0,1.0,1.0,0.0
SYNTH_0936,Global,success,,125.4,1.0,1,0.0,HLA-A=A*02:01:01:01 | HLA-C=C*05:01:01:02 | HLA-B=B*44:02:01:01 | DRB345=DRB4*01:03:01:01/DRB4*01:03:01:01:03 | DRB1=DRB1*04:01:01:01SG | DQA1=DQA1*03:03:01:01 | DQB1=DQB1*03:01:01:01 | DPA1=DPA1*01:03:01:03 | DPB1=DPB1*03:01:01,HLA-A=A*02:01:01:01 | HLA-C=C*05:01:01:02 | HLA-B=B*44:02:01:01 | DRB345=DRB3*01:01:02:01 | DRB1=DRB1*03:01:01:01SG | DQA1=DQA1*05:01:01:02 | DQB1=DQB1*02:01:01 | DPA1=DPA1*01:03:01:01 | DPB1=DPB1*02:01:02/DPB1*02:01:19,False,False,1.0,1.0,1.0,0.0,1.0,1.0,1.0,1.0,0.0
SYNTH_0937,Global,success,,124.3,0.37049942,9,2.4804,HLA-A=A*02:01:01:01 | HLA-C=C*05:01:01:02 | HLA-B=B*44:02:01:01 | DRB345=DRB4*01:03:01:01/DRB4*01:03:01:01:03 | DRB1=DRB1*04:01:01:01SG | DQA1=DQA1*03:03:01:01 | DQB1=DQB1*03:01:01:01 | DPA1=DPA1*01:03:01:04 | DPB1=DPB1*04:01:01:01/DPB1*04:01:01:02,HLA-A=A*02:01:01:01 | HLA-C=C*06:02:01:01 | HLA-B=B*57:01:01 | DRB345=DRB4*01:03:01:02N | DRB1=DRB1*07:01:01:01SG | DQA1=DQA1*02:01:01:01SG | DQB1=DQB1*03:03:02:01 | DPA1=DPA1*01:03:01:02 | DPB1=DPB1*04:01:01:01/DPB1*04:01:01:02,False,False,1.0,1.0,1.0,0.0,1.0,1.0,1.0,0.0,0.0
SYNTH_0938,Global,success,,124.4,1.0,1,0.0,HLA-A=A*32:01:01 | HLA-C=C*02:02:02:01 | HLA-B=B*40:02:01 | DRB345=DRB4*01:03:02 | DRB1=DRB1*09:01:02 | DQA1=DQA1*03:02 | DQB1=DQB1*03:03:02:02/DQB1*03:03:02:03 | DPA1=DPA1*01:03:01:02 | DPB1=DPB1*23:01:01,HLA-A=A*11:01:01:01 | HLA-C=C*12:02:02 | HLA-B=B*52:01:01:02 | DRB345=DRB5*01:02 | DRB1=DRB1*15:02:01:01SG | DQA1=DQA1*01:03:01:01 | DQB1=DQB1*06:01:01 | DPA1=DPA1*01:03:01:01 | DPB1=DPB1*02:01:02/DPB1*02:01:19,False,False,1.0,1.0,1.0,1.0,1.0,1.0,0.0,1.0,0.0
SYNTH_0939,Global,success,,123.3,1.0,1,0.0,HLA-A=A*68:02:01:01 | HLA-C=C*04:01:01:01 | HLA-B=B*53:01:01 | DRB345=DRB3*02:02:01:02 | DRB1=DRB1*11:01:02 | DQA1=DQA1*05:05:01:01SG | DQB1=DQB1*03:19:01 | DPA1=DPA1*02:01:08 | DPB1=DPB1*01:01:01,HLA-A=A*02:01:01:01 | HLA-C=C*03:04:01:01 | HLA-B=B*40:01:02 | DRB345=DRB4*01:03:01:01/DRB4*01:03:01:01:03 | DRB1=DRB1*04:04:01 | DQA1=DQA1*03:01:01 | DQB1=DQB1*03:02:01 | DPA1=DPA1*01:03:01:02 | DPB1=DPB1*04:01:01:01/DPB1*04:01:01:02,False,False,1.0,1.0,1.0,0.0,1.0,1.0,1.0,1.0,0.0
SYNTH_0940,Global,success,,222.3,1.0,1,0.0,HLA-A=A*03:01:01:01 | HLA-C=C*07:02:01:03 | HLA-B=B*07:02:01 | DRB345=Abs | DRB1=DRB1*01:01:01 | DQA1=DQA1*01:01:01:02SG | DQB1=DQB1*05:01:01:03 | DPA1=DPA1*01:03:01:02 | DPB1=DPB1*02:01:02/DPB1*02:01:19,HLA-A=A*01:01:01:01 | HLA-C=C*07:01:01:01 | HLA-B=B*08:01:01:01 | DRB345=DRB3*01:01:02:01 | DRB1=DRB1*03:01:01:01SG | DQA1=DQA1*05:01:01:02 | DQB1=DQB1*02:01:01 | DPA1=DPA1*01:03:01:03 | DPB1=DPB1*03:01:01,False,False,1.0,1.0,1.0,1.0,1.0,1.0,1.0,1.0,0.0
SYNTH_0941,Global,success,,170.1,0.89102564,2,0.4968,HLA-A=A*01:01:01:01 | HLA-C=C*07:01:01:01 | HLA-B=B*08:01:01:01 | DRB345=DRB3*01:01:02:01 | DRB1=DRB1*03:01:01:01SG | DQA1=DQA1*05:01:01:02 | DQB1=DQB1*02:01:01 | DPA1=DPA1*01:03:01:02 | DPB1=DPB1*04:01:01:01/DPB1*04:01:01:02,HLA-A=A*68:02:01:01 | HLA-C=C*08:02:01:01 | HLA-B=B*14:02:01:01 | DRB345=DRB3*01:01:02:01 | DRB1=DRB1*13:03:01 | DQA1=DQA1*05:05:01:05SG | DQB1=DQB1*03:01:01:03 | DPA1=DPA1*01:03:01:02 | DPB1=DPB1*04:01:01:01/DPB1*04:01:01:02,False,False,1.0,1.0,1.0,1.0,1.0,1.0,1.0,0.0,0.0
SYNTH_0942,Global,success,,153.6,0.87974684,3,0.5885,HLA-A=A*01:01:01:01 | HLA-C=C*07:01:01:01 | HLA-B=B*08:01:01:01 | DRB345=DRB3*01:01:02:01 | DRB1=DRB1*03:01:01:01SG | DQA1=DQA1*05:01:01:02 | DQB1=DQB1*02:01:01 | DPA1=DPA1*01:03:01:02 | DPB1=DPB1*04:01:01:01/DPB1*04:01:01:02,HLA-A=A*01:01:01:01 | HLA-C=C*07:01:01:01 | HLA-B=B*57:01:01 | DRB345=DRB4*01:03:01:02N | DRB1=DRB1*07:01:01:01SG | DQA1=DQA1*02:01:01:01SG | DQB1=DQB1*03:03:02:01 | DPA1=DPA1*01:03:01:02 | DPB1=DPB1*04:01:01:01/DPB1*04:01:01:02,False,False,1.0,1.0,1.0,1.0,1.0,1.0,1.0,1.0,0.0
SYNTH_0943,Global,success,,148.0,0.97391304,2,0.1744,HLA-A=A*03:01:01:01 | HLA-C=C*07:02:01:03 | HLA-B=B*07:02:01 | DRB345=DRB5*01:01:01 | DRB1=DRB1*15:01:01:01SG | DQA1=DQA1*01:02:01:01SG | DQB1=DQB1*06:02:01 | DPA1=DPA1*01:03:01:02 | DPB1=DPB1*04:01:01:01/DPB1*04:01:01:02,HLA-A=A*02:01:01:01 | HLA-C=C*07:01:01:01 | HLA-B=B*08:01:01:01 | DRB345=DRB3*01:01:02:01 | DRB1=DRB1*03:01:01:01SG | DQA1=DQA1*05:01:01:02 | DQB1=DQB1*02:01:01 | DPA1=DPA1*01:03:01:02 | DPB1=DPB1*04:01:01:01/DPB1*04:01:01:02,False,False,1.0,1.0,1.0,1.0,1.0,1.0,1.0,1.0,0.0
SYNTH_0944,Global,success,,152.3,0.40952381,6,1.863,HLA-A=A*03:01:01:01 | HLA-C=C*07:02:01:03 | HLA-B=B*07:02:01 | DRB345=DRB5*01:01:01 | DRB1=DRB1*15:01:01:01SG | DQA1=DQA1*01:02:01:01SG | DQB1=DQB1*06:02:01 | DPA1=DPA1*01:03:01:02 | DPB1=DPB1*04:01:01:01/DPB1*04:01:01:02,HLA-A=A*02:01:01:01 | HLA-C=C*07:02:01:03 | HLA-B=B*07:02:01 | DRB345=DRB5*01:01:01 | DRB1=DRB1*15:01:01:01SG | DQA1=DQA1*01:02:01:01SG | DQB1=DQB1*06:02:01 | DPA1=DPA1*01:03:01:04 | DPB1=DPB1*04:01:01:01/DPB1*04:01:01:02,False,False,1.0,1.0,1.0,1.0,1.0,1.0,1.0,1.0,0.0
SYNTH_0945,Global,success,,105.4,1.0,1,0.0,HLA-A=A*31:01:02:01 | HLA-C=C*03:04:01:01 | HLA-B=B*40:01:02 | DRB345=DRB4*01:03:01:01/DRB4*01:03:01:01:03 | DRB1=DRB1*04:04:01 | DQA1=DQA1*03:01:01 | DQB1=DQB1*03:02:01 | DPA1=DPA1*01:03:01:05 | DPB1=DPB1*04:02:01:02,HLA-A=A*02:01:01:01 | HLA-C=C*07:01:01:01 | HLA-B=B*18:01:01:02 | DRB345=DRB3*02:02:01:02 | DRB1=DRB1*11:04:01 | DQA1=DQA1*05:05:01:01SG | DQB1=DQB1*03:01:01:02 | DPA1=DPA1*01:03:01:05 | DPB1=DPB1*04:02:01:01,False,False,1.0,1.0,1.0,0.0,1.0,1.0,1.0,1.0,1.0
SYNTH_0946,Global,success,,101.4,1.0,1,0.0,HLA-A=A*30:01:01 | HLA-C=C*06:02:01:01 | HLA-B=B*13:02:01 | DRB345=DRB4*01:03:01:01/DRB4*01:03:01:01:03 | DRB1=DRB1*07:01:01:01SG | DQA1=DQA1*02:01:01:01SG | DQB1=DQB1*02:02:01:01 | DPA1=DPA1*02:01:01:01 | DPB1=DPB1*17:01,HLA-A=A*11:01:01:01 | HLA-C=C*12:02:02 | HLA-B=B*52:01:01:02 | DRB345=DRB3*03:01:01 | DRB1=DRB1*13:02:01 | DQA1=DQA1*01:02:01:04SG | DQB1=DQB1*06:09:01 | DPA1=DPA1*01:03:01:04 | DPB1=DPB1*04:01:01:01/DPB1*04:01:01:02,False,False,1.0,1.0,1.0,0.0,1.0,1.0,1.0,1.0,0.0
SYNTH_0947,Global,success,,104.8,1.0,1,0.0,HLA-A=A*01:01:01:01 | HLA-C=C*07:01:01:01 | HLA-B=B*08:01:01:01 | DRB345=DRB3*01:01:02:01 | DRB1=DRB1*03:01:01:01SG | DQA1=DQA1*05:01:01:02 | DQB1=DQB1*02:01:01 | DPA1=DPA1*01:03:01:02 | DPB1=DPB1*04:01:01:01/DPB1*04:01:01:02,HLA-A=A*02:01:01:01 | HLA-C=C*07:02:01:03 | HLA-B=B*07:02:01 | DRB345=DRB5*01:01:01 | DRB1=DRB1*15:01:01:01SG | DQA1=DQA1*01:02:01:01SG | DQB1=DQB1*06:02:01 | DPA1=DPA1*01:03:01:02 | DPB1=DPB1*04:01:01:01/DPB1*04:01:01:02,False,False,1.0,1.0,1.0,1.0,1.0,1.0,1.0,1.0,0.0
SYNTH_0948,Global,success,,105.2,1.0,1,0.0,HLA-A=A*02:01:01:01 | HLA-C=C*17:01:01:05 | HLA-B=B*41:01:01 | DRB345=DRB3*02:02:01:01 | DRB1=DRB1*03:01:01:01SG | DQA1=DQA1*05:01:01:01 | DQB1=DQB1*02:01:01 | DPA1=DPA1*01:03:01:01 | DPB1=DPB1*02:01:02/DPB1*02:01:19,HLA-A=A*68:02:01:01 | HLA-C=C*08:02:01:01 | HLA-B=B*14:02:01:01 | DRB345=DRB3*01:01:02:01 | DRB1=DRB1*13:03:01 | DQA1=DQA1*05:05:01:01SG | DQB1=DQB1*03:01:01:03 | DPA1=DPA1*01:03:01:01 | DPB1=DPB1*02:01:02/DPB1*02:01:19,False,False,1.0,1.0,1.0,1.0,1.0,1.0,1.0,1.0,0.0
SYNTH_0949,Global,success,,104.6,0.97391304,2,0.1744,HLA-A=A*03:01:01:01 | HLA-C=C*07:02:01:03 | HLA-B=B*07:02:01 | DRB345=DRB5*01:01:01 | DRB1=DRB1*15:01:01:01SG | DQA1=DQA1*01:02:01:01SG | DQB1=DQB1*06:02:01 | DPA1=DPA1*01:03:01:02 | DPB1=DPB1*04:01:01:01/DPB1*04:01:01:02,HLA-A=A*02:01:01:01 | HLA-C=C*07:02:01:03 | HLA-B=B*07:02:01 | DRB345=DRB5*01:01:01 | DRB1=DRB1*15:01:01:01SG | DQA1=DQA1*01:02:01:01SG | DQB1=DQB1*06:02:01 | DPA1=DPA1*01:03:01:04 | DPB1=DPB1*04:01:01:01/DPB1*04:01:01:02,False,False,1.0,1.0,1.0,1.0,1.0,1.0,1.0,1.0,0.0
SYNTH_0950,Global,success,,61.4,1.0,1,0.0,HLA-A=A*24:02:01:01 | HLA-C=C*06:02:01:01 | HLA-B=B*13:02:01 | DRB345=DRB4*01:03:01:01/DRB4*01:03:01:01:03 | DRB1=DRB1*07:01:01:01SG | DQA1=DQA1*02:01:01:01SG | DQB1=DQB1*02:02:01:01 | DPA1=DPA1*02:01:01:01 | DPB1=DPB1*17:01,HLA-A=A*02:01:01:01 | HLA-C=C*01:02:01 | HLA-B=B*27:05:02 | DRB345=Abs | DRB1=DRB1*01:01:01 | DQA1=DQA1*01:01:01:02SG | DQB1=DQB1*05:01:01:03 | DPA1=DPA1*01:03:01:03 | DPB1=DPB1*20:01:01,False,False,1.0,1.0,1.0,0.0,1.0,1.0,1.0,1.0,1.0
SYNTH_0951,Global,success,,61.5,1.0,1,0.0,HLA-A=A*68:03:01 | HLA-C=C*07:02:01:01 | HLA-B=B*39:05:01 | DRB345=DRB4*01:03:02 | DRB1=DRB1*04:07:01 | DQA1=DQA1*03:01:01 | DQB1=DQB1*03:02:01 | DPA1=DPA1*01:03:01:05 | DPB1=DPB1*04:02:01:02,HLA-A=A*01:01:01:01 | HLA-C=C*01:02:01 | HLA-B=B*51:01:01:01 | DRB345=Abs | DRB1=DRB1*01:01:01 | DQA1=DQA1*01:01:01:02SG | DQB1=DQB1*05:01:01:03 | DPA1=DPA1*01:03:01:03 | DPB1=DPB1*03:01:01,True,True,1.0,1.0,1.0,1.0,1.0,1.0,1.0,1.0,1.0
SYNTH_0952,Global,success,,62.0,0.96666667,2,0.2108,HLA-A=A*02:01:01:01 | HLA-C=C*05:01:01:02 | HLA-B=B*44:02:01:01 | DRB345=DRB4*01:03:01:01/DRB4*01:03:01:01:03 | DRB1=DRB1*04:01:01:01SG | DQA1=DQA1*03:03:01:01 | DQB1=DQB1*03:01:01:01 | DPA1=DPA1*01:03:01:04 | DPB1=DPB1*04:01:01:01/DPB1*04:01:01:02,HLA-A=A*01:01:01:01 | HLA-C=C*04:01:01:01 | HLA-B=B*44:03:01:01 | DRB345=DRB4*01:01:01:01 | DRB1=DRB1*07:01:01:01SG | DQA1=DQA1*02:01:01:01SG | DQB1=DQB1*02:02:01:01 | DPA1=DPA1*01:03:01:04 | DPB1=DPB1*04:01:01:01/DPB1*04:01:01:02,False,False,1.0,1.0,1.0,0.0,1.0,1.0,1.0,1.0,0.0
SYNTH_0953,Global,success,,58.5,1.0,1,0.0,HLA-A=A*29:02:01:01 | HLA-C=C*16:01:01:01 | HLA-B=B*44:03:01:01 | DRB345=DRB4*01:01:01:01 | DRB1=DRB1*07:01:01:01SG | DQA1=DQA1*02:01:01:01SG | DQB1=DQB1*02:02:01:01 | DPA1=DPA1*02:01:01:01 | DPB1=DPB1*11:01:01,HLA-A=A*29:02:01:01 | HLA-C=C*16:01:01:01 | HLA-B=B*44:03:01:01 | DRB345=DRB5*01:01:01 | DRB1=DRB1*15:01:01:01SG | DQA1=DQA1*01:02:01:01SG | DQB1=DQB1*06:02:01 | DPA1=DPA1*01:03:01:02 | DPB1=DPB1*04:01:01:01/DPB1*04:01:01:02,False,False,1.0,1.0,1.0,1.0,1.0,1.0,1.0,1.0,0.0
SYNTH_0954,Global,success,,58.9,1.0,1,0.0,HLA-A=A*26:01:01:01 | HLA-C=C*12:03:01:01 | HLA-B=B*38:01:01 | DRB345=DRB3*03:01:01 | DRB1=DRB1*13:02:01 | DQA1=DQA1*01:02:01:04SG | DQB1=DQB1*06:09:01 | DPA1=DPA1*01:03:01:04 | DPB1=DPB1*04:01:01:01/DPB1*04:01:01:02,HLA-A=A*01:01:01:01 | HLA-C=C*07:01:01:01 | HLA-B=B*08:01:01:01 | DRB345=Abs | DRB1=DRB1*01:01:01 | DQA1=DQA1*01:01:01:02SG | DQB1=DQB1*05:01:01:03 | DPA1=DPA1*01:03:01:02 | DPB1=DPB1*04:01:01:01/DPB1*04:01:01:02,False,False,1.0,1.0,1.0,1.0,1.0,1.0,1.0,1.0,0.0
SYNTH_0955,Global,success,,70.0,1.0,1,0.0,HLA-A=A*11:01:01:01 | HLA-C=C*03:03:01:01 | HLA-B=B*15:01:01:01 | DRB345=DRB4*01:03:01:01/DRB4*01:03:01:01:03 | DRB1=DRB1*04:01:01:01SG | DQA1=DQA1*03:01:01 | DQB1=DQB1*03:02:01 | DPA1=DPA1*01:03:01:02 | DPB1=DPB1*04:01:01:01/DPB1*04:01:01:02,HLA-A=A*01:01:01:01 | HLA-C=C*04:01:01:06 | HLA-B=B*35:02:01 | DRB345=DRB3*02:02:01:02 | DRB1=DRB1*11:04:01 | DQA1=DQA1*01:03:01:02SG | DQB1=DQB1*06:03:01 | DPA1=DPA1*02:01:01:02 | DPB1=DPB1*02:01:02/DPB1*02:01:19,False,False,1.0,1.0,1.0,0.0,1.0,1.0,1.0,1.0,0.0
SYNTH_0956,Global,success,,64.7,0.66666667,2,0.9183,HLA-A=A*02:01:01:01 | HLA-C=C*05:01:01:02 | HLA-B=B*44:02:01:01 | DRB345=DRB3*01:01:02:01 | DRB1=DRB1*13:01:01:01SG | DQA1=DQA1*01:03:01:02SG | DQB1=DQB1*06:03:01 | DPA1=DPA1*01:03:01:02 | DPB1=DPB1*04:01:01:01/DPB1*04:01:01:02,HLA-A=A*03:01:01:01 | HLA-C=C*03:04:01:01 | HLA-B=B*40:01:02 | DRB345=DRB4*01:03:01:01/DRB4*01:03:01:01:03 | DRB1=DRB1*04:01:01:01SG | DQA1=DQA1*03:01:01 | DQB1=DQB1*03:02:01 | DPA1=DPA1*01:03:01:02 | DPB1=DPB1*04:01:01:01/DPB1*04:01:01:02,False,False,1.0,1.0,1.0,0.0,1.0,1.0,1.0,1.0,0.0
SYNTH_0957,Global,success,,58.5,1.0,1,0.0,HLA-A=A*02:01:01:01 | HLA-C=C*08:02:01:01 | HLA-B=B*14:02:01:01 | DRB345=Abs | DRB1=DRB1*01:02:01 | DQA1=DQA1*01:01:02 | DQB1=DQB1*05:01:01:01 | DPA1=DPA1*01:03:01:02 | DPB1=DPB1*04:01:01:01/DPB1*04:01:01:02,HLA-A=A*02:01:01:01 | HLA-C=C*02:02:02:01 | HLA-B=B*40:02:01 | DRB345=Abs | DRB1=DRB1*01:01:01 | DQA1=DQA1*01:01:01:02SG | DQB1=DQB1*05:01:01:03 | DPA1=DPA1*01:03:01:05 | DPB1=DPB1*04:02:01:02,False,False,1.0,1.0,1.0,1.0,1.0,1.0,1.0,1.0,0.0
SYNTH_0958,Global,success,,56.3,1.0,1,0.0,HLA-A=A*02:01:01:01 | HLA-C=C*03:04:01:01 | HLA-B=B*40:01:02 | DRB345=DRB5*01:01:01 | DRB1=DRB1*15:01:01:01SG | DQA1=DQA1*01:02:01:01SG | DQB1=DQB1*06:02:01 | DPA1=DPA1*01:03:01:04 | DPB1=DPB1*04:01:01:01/DPB1*04:01:01:02,HLA-A=A*11:01:01:01 | HLA-C=C*07:01:01:01 | HLA-B=B*08:01:01:01 | DRB345=DRB3*01:01:02:01 | DRB1=DRB1*03:01:01:01SG | DQA1=DQA1*01:02:01:01SG | DQB1=DQB1*06:02:01 | DPA1=DPA1*01:03:01:03 | DPB1=DPB1*03:01:01,False,False,1.0,1.0,1.0,1.0,1.0,1.0,1.0,1.0,0.0
SYNTH_0959,Global,success,,113.5,1.0,1,0.0,HLA-A=A*33:01:01 | HLA-C=C*08:02:01:01 | HLA-B=B*14:02:01:01 | DRB345=Abs | DRB1=DRB1*01:02:01 | DQA1=DQA1*01:01:02 | DQB1=DQB1*05:01:01:01 | DPA1=DPA1*01:03:01:04 | DPB1=DPB1*04:01:01:01/DPB1*04:01:01:02,HLA-A=A*01:01:01:01 | HLA-C=C*07:01:01:01 | HLA-B=B*08:01:01:01 | DRB345=DRB3*01:01:02:01 | DRB1=DRB1*03:01:01:01SG | DQA1=DQA1*05:01:01:02 | DQB1=DQB1*02:01:01 | DPA1=DPA1*01:03:01:03 | DPB1=DPB1*03:01:01,False,False,1.0,1.0,1.0,1.0,1.0,1.0,1.0,1.0,0.0
SYNTH_0960,Global,success,,67.0,0.875,2,0.5436,HLA-A=A*03:01:01:01 | HLA-C=C*07:02:01:03 | HLA-B=B*07:02:01 | DRB345=DRB5*01:01:01 | DRB1=DRB1*15:01:01:01SG | DQA1=DQA1*01:02:01:01SG | DQB1=DQB1*06:02:01 | DPA1=DPA1*01:03:01:05 | DPB1=DPB1*04:02:01:02,HLA-A=A*03:01:01:01 | HLA-C=C*07:02:01:03 | HLA-B=B*07:02:01 | DRB345=DRB5*01:01:01 | DRB1=DRB1*15:01:01:01SG | DQA1=DQA1*01:02:01:01SG | DQB1=DQB1*06:02:01 | DPA1=DPA1*01:03:01:03 | DPB1=DPB1*03:01:01,True,True,1.0,1.0,1.0,1.0,1.0,1.0,1.0,1.0,1.0
SYNTH_0961,Global,success,,145.1,1.0,1,0.0,HLA-A=A*01:01:01:01 | HLA-C=C*06:02:01:01 | HLA-B=B*57:01:01 | DRB345=DRB3*02:02:01:02 | DRB1=DRB1*13:05:01 | DQA1=DQA1*05:05:01:01SG | DQB1=DQB1*03:01:01:03 | DPA1=DPA1*01:03:01:02 | DPB1=DPB1*04:01:01:01/DPB1*04:01:01:02,HLA-A=A*02:01:01:01 | HLA-C=C*03:04:01:01 | HLA-B=B*40:01:02 | DRB345=DRB4*01:03:01:01/DRB4*01:03:01:01:03 | DRB1=DRB1*04:04:01 | DQA1=DQA1*03:01:01 | DQB1=DQB1*03:02:01 | DPA1=DPA1*01:03:01:02 | DPB1=DPB1*04:01:01:01/DPB1*04:01:01:02,False,False,1.0,1.0,1.0,0.0,1.0,1.0,1.0,1.0,0.0
SYNTH_0962,Global,success,,56.7,1.0,1,0.0,HLA-A=A*01:01:01:01 | HLA-C=C*03:03:01:01 | HLA-B=B*15:01:01:01 | DRB345=DRB4*01:03:01:01/DRB4*01:03:01:01:03 | DRB1=DRB1*04:01:01:01SG | DQA1=DQA1*03:01:01 | DQB1=DQB1*03:02:01 | DPA1=DPA1*01:03:01:05 | DPB1=DPB1*04:02:01:02,HLA-A=A*02:01:01:01 | HLA-C=C*02:02:02:01 | HLA-B=B*40:02:01 | DRB345=Abs | DRB1=DRB1*01:01:01 | DQA1=DQA1*01:01:01:02SG | DQB1=DQB1*05:01:01:03 | DPA1=DPA1*01:03:01:05 | DPB1=DPB1*04:02:01:02,False,False,1.0,1.0,1.0,0.0,1.0,1.0,1.0,1.0,1.0
SYNTH_0963,Global,success,,158.9,1.0,1,0.0,HLA-A=A*01:01:01:01 | HLA-C=C*07:01:01:01 | HLA-B=B*08:01:01:01 | DRB345=DRB3*01:01:02:01 | DRB1=DRB1*03:01:01:01SG | DQA1=DQA1*05:01:01:02 | DQB1=DQB1*02:01:01 | DPA1=DPA1*01:03:01:02 | DPB1=DPB1*04:01:01:01/DPB1*04:01:01:02,HLA-A=A*29:02:01:01 | HLA-C=C*16:01:01:01 | HLA-B=B*44:03:01:01 | DRB345=DRB4*01:01:01:01 | DRB1=DRB1*07:01:01:01SG | DQA1=DQA1*02:01:01:01SG | DQB1=DQB1*02:02:01:01 | DPA1=DPA1*01:03:01:02 | DPB1=DPB1*04:01:01:01/DPB1*04:01:01:02,False,False,1.0,1.0,1.0,1.0,1.0,1.0,1.0,1.0,0.0
SYNTH_0964,Global,success,,150.2,0.77777778,2,0.7642,HLA-A=A*01:01:01:01 | HLA-C=C*06:02:01:01 | HLA-B=B*57:01:01 | DRB345=DRB5*01:01:01 | DRB1=DRB1*15:01:01:01SG | DQA1=DQA1*01:02:01:01SG | DQB1=DQB1*06:02:01 | DPA1=DPA1*01:03:01:04 | DPB1=DPB1*04:01:01:01/DPB1*04:01:01:02,HLA-A=A*29:02:01:01 | HLA-C=C*16:01:01:01 | HLA-B=B*44:03:01:01 | DRB345=DRB4*01:01:01:01 | DRB1=DRB1*07:01:01:01SG | DQA1=DQA1*02:01:01:01SG | DQB1=DQB1*02:02:01:01 | DPA1=DPA1*01:03:01:02 | DPB1=DPB1*04:01:01:01/DPB1*04:01:01:02,False,False,1.0,1.0,1.0,1.0,1.0,1.0,1.0,1.0,0.0
SYNTH_0965,Global,success,,143.9,1.0,1,0.0,HLA-A=A*02:01:01:01 | HLA-C=C*07:01:01:01 | HLA-B=B*18:01:01:02 | DRB345=DRB3*02:02:01:02 | DRB1=DRB1*11:04:01 | DQA1=DQA1*05:05:01:01SG | DQB1=DQB1*03:01:01:03 | DPA1=DPA1*01:03:01:05 | DPB1=DPB1*04:02:01:01,HLA-A=A*02:01:01:01 | HLA-C=C*07:02:01:03 | HLA-B=B*07:02:01 | DRB345=Abs | DRB1=DRB1*01:01:01 | DQA1=DQA1*01:01:01:02SG | DQB1=DQB1*05:01:01:03 | DPA1=DPA1*01:03:01:02 | DPB1=DPB1*04:01:01:01/DPB1*04:01:01:02,False,False,1.0,1.0,1.0,1.0,1.0,1.0,1.0,1.0,0.0
SYNTH_0966,Global,success,,158.1,0.91011236,2,0.4361,HLA-A=A*01:01:01:01 | HLA-C=C*07:01:01:01 | HLA-B=B*08:01:01:01 | DRB345=DRB3*01:01:02:01 | DRB1=DRB1*03:01:01:01SG | DQA1=DQA1*05:01:01:02 | DQB1=DQB1*02:01:01 | DPA1=DPA1*02:01:02 | DPB1=DPB1*01:01:01,HLA-A=A*23:01:01 | HLA-C=C*04:01:01:01 | HLA-B=B*44:03:01:01 | DRB345=DRB4*01:01:01:01 | DRB1=DRB1*07:01:01:01SG | DQA1=DQA1*02:01:01:01SG | DQB1=DQB1*02:02:01:01 | DPA1=DPA1*01:03:01:01 | DPB1=DPB1*02:01:02/DPB1*02:01:19,False,False,1.0,1.0,1.0,1.0,1.0,1.0,1.0,1.0,0.0
SYNTH_0967,Global,success,,151.5,1.0,1,0.0,HLA-A=A*30:01:01 | HLA-C=C*04:01:01:01 | HLA-B=B*53:01:01 | DRB345=Abs | DRB1=DRB1*08:04:01 | DQA1=DQA1*04:01:02:02 | DQB1=DQB1*06:02:01 | DPA1=DPA1*03:01 | DPB1=DPB1*105:01,HLA-A=A*30:01:01 | HLA-C=C*17:01:01:02 | HLA-B=B*42:01:01 | DRB345=DRB3*02:02:01:02 | DRB1=DRB1*03:02:01 | DQA1=DQA1*04:01:01 | DQB1=DQB1*04:02:01 | DPA1=DPA1*02:02:02 | DPB1=DPB1*01:01:01,True,True,1.0,1.0,1.0,1.0,1.0,1.0,1.0,1.0,1.0
SYNTH_0968,Global,success,,212.8,0.49029982,6,1.6922,HLA-A=A*01:01:01:01 | HLA-C=C*07:01:01:01 | HLA-B=B*08:01:01:01 | DRB345=DRB3*01:01:02:01 | DRB1=DRB1*03:01:01:01SG | DQA1=DQA1*05:01:01:02 | DQB1=DQB1*02:01:01 | DPA1=DPA1*01:03:01:02 | DPB1=DPB1*04:01:01:01/DPB1*04:01:01:02,HLA-A=A*11:01:01:01 | HLA-C=C*03:04:01:01 | HLA-B=B*40:01:02 | DRB345=DRB3*03:01:01 | DRB1=DRB1*13:02:01 | DQA1=DQA1*01:02:01:04SG | DQB1=DQB1*06:04:01 | DPA1=DPA1*01:03:01:04 | DPB1=DPB1*04:01:01:01/DPB1*04:01:01:02,False,False,1.0,1.0,1.0,1.0,1.0,1.0,1.0,1.0,0.0
SYNTH_0969,Global,success,,168.4,0.88888889,2,0.5033,HLA-A=A*02:01:01:01 | HLA-C=C*03:04:01:01 | HLA-B=B*15:01:01:01 | DRB345=DRB4*01:03:01:01/DRB4*01:03:01:01:03 | DRB1=DRB1*04:01:01:01SG | DQA1=DQA1*03:01:01 | DQB1=DQB1*03:02:01 | DPA1=DPA1*01:03:01:02 | DPB1=DPB1*04:01:01:01/DPB1*04:01:01:02,HLA-A=A*02:01:01:01 | HLA-C=C*07:01:01:01 | HLA-B=B*08:01:01:01 | DRB345=DRB3*01:01:02:01 | DRB1=DRB1*03:01:01:01SG | DQA1=DQA1*05:01:01:02 | DQB1=DQB1*02:01:01 | DPA1=DPA1*02:01:02 | DPB1=DPB1*01:01:01,False,False,1.0,0.0,1.0,0.0,1.0,1.0,1.0,1.0,0.0
SYNTH_0970,Global,success,,115.1,0.45280303,6,1.7711,HLA-A=A*01:01:01:01 | HLA-C=C*07:01:01:01 | HLA-B=B*08:01:01:01 | DRB345=DRB3*01:01:02:01 | DRB1=DRB1*03:01:01:01SG | DQA1=DQA1*05:01:01:02 | DQB1=DQB1*02:01:01 | DPA1=DPA1*01:03:01:02 | DPB1=DPB1*04:01:01:01/DPB1*04:01:01:02,HLA-A=A*02:01:01:01 | HLA-C=C*07:02:01:03 | HLA-B=B*07:02:01 | DRB345=DRB5*01:01:01 | DRB1=DRB1*15:01:01:01SG | DQA1=DQA1*01:02:01:01SG | DQB1=DQB1*06:02:01 | DPA1=DPA1*01:03:01:04 | DPB1=DPB1*04:01:01:01/DPB1*04:01:01:02,False,False,1.0,1.0,1.0,1.0,1.0,1.0,1.0,1.0,0.0
SYNTH_0971,Global,success,,110.7,1.0,1,0.0,HLA-A=A*01:01:01:01 | HLA-C=C*07:01:01:01 | HLA-B=B*08:01:01:01 | DRB345=DRB3*01:01:02:01 | DRB1=DRB1*03:01:01:01SG | DQA1=DQA1*05:01:01:02 | DQB1=DQB1*02:01:01 | DPA1=DPA1*01:03:01:02 | DPB1=DPB1*04:01:01:01/DPB1*04:01:01:02,HLA-A=A*01:01:01:01 | HLA-C=C*03:03:01:01 | HLA-B=B*15:01:01:01 | DRB345=DRB4*01:03:01:01/DRB4*01:03:01:01:03 | DRB1=DRB1*04:01:01:01SG | DQA1=DQA1*03:01:01 | DQB1=DQB1*03:02:01 | DPA1=DPA1*01:03:01:05 | DPB1=DPB1*04:02:01:02,False,False,1.0,1.0,1.0,0.0,1.0,1.0,1.0,1.0,0.0
SYNTH_0972,Global,success,,123.7,0.71428571,2,0.8631,HLA-A=A*30:01:01 | HLA-C=C*17:01:01:02 | HLA-B=B*42:01:01 | DRB345=DRB3*01:01:02:01 | DRB1=DRB1*03:02:01 | DQA1=DQA1*04:01:01 | DQB1=DQB1*04:02:01 | DPA1=DPA1*02:02:02 | DPB1=DPB1*01:01:01,HLA-A=A*24:02:01:01 | HLA-C=C*12:02:02 | HLA-B=B*52:01:01:01 | DRB345=DRB5*01:02 | DRB1=DRB1*15:02:01:01SG | DQA1=DQA1*01:03:01:01 | DQB1=DQB1*06:01:01 | DPA1=DPA1*01:03:01:01 | DPB1=DPB1*02:01:02/DPB1*02:01:19,False,False,0.0,1.0,1.0,1.0,1.0,1.0,1.0,1.0,0.0
SYNTH_0973,Global,success,,122.8,0.6,2,0.971,HLA-A=A*29:02:01:01 | HLA-C=C*16:01:01:01 | HLA-B=B*44:04 | DRB345=DRB3*02:02:01:02 | DRB1=DRB1*11:01:01:01 | DQA1=DQA1*05:05:01:01SG | DQB1=DQB1*03:01:01:03 | DPA1=DPA1*01:03:01:03 | DPB1=DPB1*03:01:01,HLA-A=A*03:01:01:01 | HLA-C=C*07:02:01:03 | HLA-B=B*07:02:01 | DRB345=DRB4*01:03:01:01/DRB4*01:03:01:01:03 | DRB1=DRB1*04:01:01:01SG | DQA1=DQA1*03:01:01 | DQB1=DQB1*03:02:01 | DPA1=DPA1*01:03:01:02 | DPB1=DPB1*04:01:01:01/DPB1*04:01:01:02,False,False,1.0,1.0,1.0,0.0,0.0,1.0,1.0,1.0,0.0
SYNTH_0974,Global,success,,111.9,0.74331551,7,1.365,HLA-A=A*01:01:01:01 | HLA-C=C*07:01:01:01 | HLA-B=B*08:01:01:01 | DRB345=DRB3*01:01:02:01 | DRB1=DRB1*03:01:01:01SG | DQA1=DQA1*05:01:01:02 | DQB1=DQB1*02:01:01 | DPA1=DPA1*01:03:01:02 | DPB1=DPB1*04:01:01:01/DPB1*04:01:01:02,HLA-A=A*68:01:01:02 | HLA-C=C*06:02:01:01 | HLA-B=B*58:02:01 | DRB345=DRB3*02:02:01:02 | DRB1=DRB1*12:01:01:03 | DQA1=DQA1*01:05:01 | DQB1=DQB1*05:01:01:02 | DPA1=DPA1*01:03:01:02 | DPB1=DPB1*18:01,False,False,1.0,1.0,1.0,1.0,1.0,1.0,1.0,1.0,0.0
SYNTH_0975,Global,success,,237.5,0.98245614,2,0.1274,HLA-A=A*01:01:01:01 | HLA-C=C*07:01:01:01 | HLA-B=B*08:01:01:01 | DRB345=DRB3*01:01:02:01 | DRB1=DRB1*03:01:01:01SG | DQA1=DQA1*05:01:01:02 | DQB1=DQB1*02:01:01 | DPA1=DPA1*01:03:01:02 | DPB1=DPB1*04:01:01:01/DPB1*04:01:01:02,HLA-A=A*03:01:01:01 | HLA-C=C*07:02:01:03 | HLA-B=B*07:02:01 | DRB345=DRB5*01:01:01 | DRB1=DRB1*15:01:01:01SG | DQA1=DQA1*01:02:01:01SG | DQB1=DQB1*06:02:01 | DPA1=DPA1*01:03:01:02 | DPB1=DPB1*04:01:01:01/DPB1*04:01:01:02,False,False,1.0,1.0,1.0,1.0,1.0,1.0,1.0,1.0,0.0
SYNTH_0976,Global,success,,108.3,0.50271248,6,1.5737,HLA-A=A*01:01:01:01 | HLA-C=C*07:01:01:01 | HLA-B=B*08:01:01:01 | DRB345=DRB3*01:01:02:01 | DRB1=DRB1*03:01:01:01SG | DQA1=DQA1*05:01:01:02 | DQB1=DQB1*02:01:01 | DPA1=DPA1*01:03:01:02 | DPB1=DPB1*04:01:01:01/DPB1*04:01:01:02,HLA-A=A*02:01:01:01 | HLA-C=C*12:03:01:01 | HLA-B=B*38:01:01 | DRB345=DRB3*01:01:02:01 | DRB1=DRB1*13:01:01:01SG | DQA1=DQA1*01:03:01:02SG | DQB1=DQB1*06:03:01 | DPA1=DPA1*01:03:01:04 | DPB1=DPB1*04:01:01:01/DPB1*04:01:01:02,False,False,1.0,1.0,1.0,1.0,1.0,1.0,1.0,1.0,0.0
SYNTH_0977,Global,success,,107.7,0.83233533,4,0.8595,HLA-A=A*01:01:01:01 | HLA-C=C*07:01:01:01 | HLA-B=B*08:01:01:01 | DRB345=DRB3*01:01:02:01 | DRB1=DRB1*03:01:01:01SG | DQA1=DQA1*05:01:01:02 | DQB1=DQB1*02:01:01 | DPA1=DPA1*01:03:01:02 | DPB1=DPB1*04:01:01:01/DPB1*04:01:01:02,HLA-A=A*02:01:01:01 | HLA-C=C*05:01:01:02 | HLA-B=B*44:02:01:01 | DRB345=DRB3*01:01:02:01 | DRB1=DRB1*03:01:01:01SG | DQA1=DQA1*05:01:01:02 | DQB1=DQB1*02:01:01 | DPA1=DPA1*01:03:01:01 | DPB1=DPB1*02:01:02/DPB1*02:01:19,False,False,1.0,1.0,1.0,1.0,1.0,1.0,1.0,1.0,0.0
SYNTH_0978,Global,success,,225.6,1.0,1,0.0,HLA-A=A*01:01:01:01 | HLA-C=C*07:01:01:01 | HLA-B=B*08:01:01:01 | DRB345=DRB3*01:01:02:01 | DRB1=DRB1*03:01:01:01SG | DQA1=DQA1*05:01:01:02 | DQB1=DQB1*02:01:01 | DPA1=DPA1*01:03:01:02 | DPB1=DPB1*04:01:01:01/DPB1*04:01:01:02,HLA-A=A*03:01:01:01 | HLA-C=C*04:01:01:01 | HLA-B=B*35:01:01:02 | DRB345=DRB4*01:03:01:01/DRB4*01:03:01:01:03 | DRB1=DRB1*04:04:01 | DQA1=DQA1*03:01:01 | DQB1=DQB1*03:02:01 | DPA1=DPA1*01:03:01:01 | DPB1=DPB1*02:01:02/DPB1*02:01:19,False,False,1.0,1.0,1.0,0.0,1.0,1.0,1.0,1.0,0.0
SYNTH_0979,Global,success,,209.2,1.0,1,0.0,HLA-A=A*02:01:01:01 | HLA-C=C*05:01:01:02 | HLA-B=B*44:02:01:01 | DRB345=DRB3*01:01:02:01 | DRB1=DRB1*13:01:01:01SG | DQA1=DQA1*01:03:01:02SG | DQB1=DQB1*06:03:01 | DPA1=DPA1*01:03:01:02 | DPB1=DPB1*04:01:01:01/DPB1*04:01:01:02,HLA-A=A*02:01:01:01 | HLA-C=C*12:03:01:01 | HLA-B=B*38:01:01 | DRB345=DRB3*01:01:02:01 | DRB1=DRB1*13:01:01:01SG | DQA1=DQA1*01:03:01:02SG | DQB1=DQB1*06:03:01 | DPA1=DPA1*01:03:01:04 | DPB1=DPB1*04:01:01:01/DPB1*04:01:01:02,False,False,1.0,1.0,1.0,1.0,1.0,1.0,1.0,1.0,0.0
SYNTH_0980,Global,success,,57.0,1.0,1,0.0,HLA-A=A*24:02:01:01 | HLA-C=C*12:02:02 | HLA-B=B*52:01:01:01 | DRB345=DRB5*01:02 | DRB1=DRB1*15:02:01:01SG | DQA1=DQA1*01:03:01:01 | DQB1=DQB1*06:01:01 | DPA1=DPA1*02:02:02 | DPB1=DPB1*05:01:01,HLA-A=A*02:01:01:01 | HLA-C=C*03:04:01:01 | HLA-B=B*40:01:02 | DRB345=Abs | DRB1=DRB1*01:01:01 | DQA1=DQA1*01:01:01:02SG | DQB1=DQB1*05:01:01:03 | DPA1=DPA1*01:03:01:02 | DPB1=DPB1*04:01:01:01/DPB1*04:01:01:02,False,False,1.0,1.0,1.0,1.0,1.0,1.0,1.0,1.0,0.0
SYNTH_0981,Global,success,,155.7,1.0,1,0.0,HLA-A=A*02:01:01:01 | HLA-C=C*03:04:01:01 | HLA-B=B*40:01:02 | DRB345=DRB5*01:01:01 | DRB1=DRB1*15:01:01:01SG | DQA1=DQA1*01:02:01:01SG | DQB1=DQB1*06:02:01 | DPA1=DPA1*02:06 | DPB1=DPB1*05:01:01,HLA-A=A*02:01:01:01 | HLA-C=C*08:02:01:01 | HLA-B=B*14:02:01:01 | DRB345=DRB4*01:03:01:01/DRB4*01:03:01:01:03 | DRB1=DRB1*07:01:01:01SG | DQA1=DQA1*02:01:01:01SG | DQB1=DQB1*03:02:01 | DPA1=DPA1*01:03:01:02 | DPB1=DPB1*04:01:01:01/DPB1*04:01:01:02,False,False,1.0,1.0,1.0,0.0,1.0,1.0,1.0,1.0,0.0
SYNTH_0982,Global,success,,130.2,1.0,1,0.0,HLA-A=A*03:01:01:01 | HLA-C=C*01:02:01 | HLA-B=B*51:01:01:01 | DRB345=Abs | DRB1=DRB1*01:01:01 | DQA1=DQA1*01:01:01:02SG | DQB1=DQB1*05:01:01:03 | DPA1=DPA1*01:03:01:02 | DPB1=DPB1*04:01:01:01/DPB1*04:01:01:02,HLA-A=A*02:01:01:01 | HLA-C=C*03:04:01:01 | HLA-B=B*40:01:02 | DRB345=Abs | DRB1=DRB1*08:01:01 | DQA1=DQA1*04:01:01 | DQB1=DQB1*04:02:01 | DPA1=DPA1*01:03:01:02 | DPB1=DPB1*04:01:01:01/DPB1*04:01:01:02,False,False,1.0,1.0,1.0,1.0,1.0,1.0,1.0,1.0,0.0
SYNTH_0983,Global,success,,129.0,1.0,1,0.0,HLA-A=A*24:02:01:01 | HLA-C=C*04:01:01:06 | HLA-B=B*35:02:01 | DRB345=DRB3*02:02:01:02 | DRB1=DRB1*11:04:01 | DQA1=DQA1*05:05:01:01SG | DQB1=DQB1*03:01:01:02 | DPA1=DPA1*01:03:01:02 | DPB1=DPB1*04:01:01:01/DPB1*04:01:01:02,HLA-A=A*02:01:01:01 | HLA-C=C*02:02:02:01 | HLA-B=B*27:05:02 | DRB345=Abs | DRB1=DRB1*01:01:01 | DQA1=DQA1*01:01:01:02SG | DQB1=DQB1*05:01:01:03 | DPA1=DPA1*01:03:01:03 | DPB1=DPB1*03:01:01,False,False,1.0,1.0,1.0,1.0,1.0,1.0,1.0,1.0,0.0
SYNTH_0984,Global,success,,128.1,1.0,1,0.0,HLA-A=A*02:01:01:01 | HLA-C=C*05:01:01:02 | HLA-B=B*44:02:01:01 | DRB345=DRB4*01:03:01:01/DRB4*01:03:01:01:03 | DRB1=DRB1*04:01:01:01SG | DQA1=DQA1*03:03:01:01 | DQB1=DQB1*03:01:01:01 | DPA1=DPA1*01:03:01:04 | DPB1=DPB1*04:01:01:01/DPB1*04:01:01:02,HLA-A=A*03:01:01:01 | HLA-C=C*07:02:01:03 | HLA-B=B*07:02:01 | DRB345=DRB5*01:01:01 | DRB1=DRB1*15:01:01:01SG | DQA1=DQA1*01:02:01:01SG | DQB1=DQB1*06:02:01 | DPA1=DPA1*01:03:01:03 | DPB1=DPB1*03:01:01,False,False,1.0,1.0,1.0,0.0,1.0,1.0,1.0,1.0,0.0
SYNTH_0985,Global,success,,128.7,1.0,1,0.0,HLA-A=A*02:01:01:01 | HLA-C=C*05:01:01:02 | HLA-B=B*44:02:01:01 | DRB345=DRB4*01:03:01:01/DRB4*01:03:01:01:03 | DRB1=DRB1*07:01:01:01SG | DQA1=DQA1*02:01:01:01SG | DQB1=DQB1*02:02:01:01 | DPA1=DPA1*01:03:01:02 | DPB1=DPB1*02:01:02/DPB1*02:01:19,HLA-A=A*29:02:01:01 | HLA-C=C*16:01:01:01 | HLA-B=B*44:03:01:01 | DRB345=DRB4*01:01:01:01 | DRB1=DRB1*07:01:01:01SG | DQA1=DQA1*02:01:01:01SG | DQB1=DQB1*02:02:01:01 | DPA1=DPA1*02:01:01:01 | DPB1=DPB1*17:01,False,False,1.0,1.0,1.0,0.0,1.0,1.0,1.0,1.0,0.0
SYNTH_0986,Global,success,,172.3,0.85802469,3,0.707,HLA-A=A*01:01:01:01 | HLA-C=C*07:01:01:01 | HLA-B=B*08:01:01:01 | DRB345=DRB3*01:01:02:01 | DRB1=DRB1*03:01:01:01SG | DQA1=DQA1*05:01:01:02 | DQB1=DQB1*02:01:01 | DPA1=DPA1*01:03:01:02 | DPB1=DPB1*04:01:01:01/DPB1*04:01:01:02,HLA-A=A*29:02:01:01 | HLA-C=C*08:02:01:01 | HLA-B=B*14:02:01:01 | DRB345=DRB4*01:01:01:01 | DRB1=DRB1*07:01:01:01SG | DQA1=DQA1*02:01:01:01SG | DQB1=DQB1*02:02:01:01 | DPA1=DPA1*01:04 | DPB1=DPB1*15:01:01,False,False,1.0,1.0,1.0,1.0,1.0,1.0,1.0,1.0,0.0
SYNTH_0987,Global,success,,240.2,0.89102564,2,0.4968,HLA-A=A*01:01:01:01 | HLA-C=C*07:01:01:01 | HLA-B=B*08:01:01:01 | DRB345=DRB3*01:01:02:01 | DRB1=DRB1*03:01:01:01SG | DQA1=DQA1*05:01:01:02 | DQB1=DQB1*02:01:01 | DPA1=DPA1*01:03:01:02 | DPB1=DPB1*04:01:01:01/DPB1*04:01:01:02,HLA-A=A*24:02:01:01 | HLA-C=C*07:02:01:01 | HLA-B=B*39:06:02 | DRB345=DRB3*01:01:02:01 | DRB1=DRB1*14:06:01 | DQA1=DQA1*05:03 | DQB1=DQB1*03:01:01:01 | DPA1=DPA1*01:03:01:05 | DPB1=DPB1*04:02:01:02,False,False,1.0,1.0,1.0,1.0,1.0,1.0,1.0,1.0,0.0
SYNTH_0988,Global,success,,486.3,0.875,2,0.5436,HLA-A=A*01:01:01:01 | HLA-C=C*07:01:01:01 | HLA-B=B*08:01:01:01 | DRB345=DRB3*01:01:02:01 | DRB1=DRB1*03:01:01:01SG | DQA1=DQA1*05:01:01:02 | DQB1=DQB1*02:01:01 | DPA1=DPA1*01:03:01:02 | DPB1=DPB1*04:01:01:01/DPB1*04:01:01:02,HLA-A=A*02:01:01:01 | HLA-C=C*06:02:01:01 | HLA-B=B*13:02:01 | DRB345=DRB4*01:03:01:01/DRB4*01:03:01:01:03 | DRB1=DRB1*07:01:01:01SG | DQA1=DQA1*02:01:01:01SG | DQB1=DQB1*02:02:01:01 | DPA1=DPA1*01:03:01:02 | DPB1=DPB1*04:01:01:01/DPB1*04:01:01:02,False,False,1.0,1.0,1.0,0.0,1.0,1.0,1.0,1.0,0.0
SYNTH_0989,Global,success,,350.1,1.0,1,0.0,HLA-A=A*03:01:01:01 | HLA-C=C*07:02:01:03 | HLA-B=B*07:02:01 | DRB345=DRB3*02:02:01:02 | DRB1=DRB1*11:01:01:01 | DQA1=DQA1*05:05:01:01SG | DQB1=DQB1*03:01:01:03 | DPA1=DPA1*01:03:01:04 | DPB1=DPB1*04:01:01:01/DPB1*04:01:01:02,HLA-A=A*02:01:01:01 | HLA-C=C*04:01:01:01 | HLA-B=B*35:03:01 | DRB345=DRB3*02:02:01:02 | DRB1=DRB1*12:01:01:03 | DQA1=DQA1*05:05:01:05SG | DQB1=DQB1*03:01:01:01 | DPA1=DPA1*02:01:01:02 | DPB1=DPB1*04:01:01:01/DPB1*04:01:01:02,False,False,1.0,1.0,1.0,1.0,1.0,1.0,1.0,1.0,0.0
SYNTH_0990,Global,success,,346.8,0.59893048,6,1.7076,HLA-A=A*03:01:01:01 | HLA-C=C*07:02:01:03 | HLA-B=B*07:02:01 | DRB345=DRB5*01:01:01 | DRB1=DRB1*15:01:01:01SG | DQA1=DQA1*01:02:01:01SG | DQB1=DQB1*06:02:01 | DPA1=DPA1*01:03:01:02 | DPB1=DPB1*04:01:01:01/DPB1*04:01:01:02,HLA-A=A*01:01:01:01 | HLA-C=C*07:01:01:01 | HLA-B=B*08:01:01:01 | DRB345=DRB3*01:01:02:01 | DRB1=DRB1*03:01:01:01SG | DQA1=DQA1*05:01:01:02 | DQB1=DQB1*02:01:01 | DPA1=DPA1*01:03:01:05 | DPB1=DPB1*04:02:01:02,False,False,1.0,1.0,1.0,1.0,1.0,1.0,1.0,1.0,0.0
SYNTH_0991,Global,success,,299.0,0.10730906,78,5.1241,HLA-A=A*03:01:01:01 | HLA-C=C*07:02:01:03 | HLA-B=B*07:02:01 | DRB345=DRB5*01:01:01 | DRB1=DRB1*15:01:01:01SG | DQA1=DQA1*01:02:01:01SG | DQB1=DQB1*06:02:01 | DPA1=DPA1*01:03:01:02 | DPB1=DPB1*04:01:01:01/DPB1*04:01:01:02,HLA-A=A*01:01:01:01 | HLA-C=C*06:02:01:01 | HLA-B=B*57:01:01 | DRB345=DRB4*01:03:01:02N | DRB1=DRB1*07:01:01:01SG | DQA1=DQA1*02:01:01:01SG | DQB1=DQB1*03:03:02:01 | DPA1=DPA1*01:03:01:04 | DPB1=DPB1*04:01:01:01/DPB1*04:01:01:02,False,False,0.0,1.0,1.0,1.0,1.0,1.0,1.0,1.0,0.0
SYNTH_0992,Global,success,,293.0,1.0,1,0.0,HLA-A=A*29:02:01:01 | HLA-C=C*16:01:01:01 | HLA-B=B*44:03:01:01 | DRB345=DRB4*01:01:01:01 | DRB1=DRB1*07:01:01:01SG | DQA1=DQA1*02:01:01:01SG | DQB1=DQB1*02:02:01:01 | DPA1=DPA1*02:02:02 | DPB1=DPB1*01:01:01,HLA-A=A*03:01:01:01 | HLA-C=C*07:02:01:03 | HLA-B=B*07:02:01 | DRB345=DRB4*01:03:01:01/DRB4*01:03:01:01:03 | DRB1=DRB1*04:01:01:01SG | DQA1=DQA1*03:01:01 | DQB1=DQB1*03:02:01 | DPA1=DPA1*01:03:01:02 | DPB1=DPB1*04:01:01:01/DPB1*04:01:01:02,False,False,1.0,1.0,1.0,0.0,1.0,1.0,1.0,1.0,0.0
SYNTH_0993,Global,success,,124.2,1.0,1,0.0,HLA-A=A*30:01:01 | HLA-C=C*03:04:02 | HLA-B=B*15:10:01 | DRB345=DRB3*02:02:01:01 | DRB1=DRB1*03:01:01:01SG | DQA1=DQA1*05:01:01:01 | DQB1=DQB1*02:01:01 | DPA1=DPA1*01:03:01:01 | DPB1=DPB1*02:01:02/DPB1*02:01:19,HLA-A=A*02:01:01:01 | HLA-C=C*05:01:01:02 | HLA-B=B*44:02:01:01 | DRB345=DRB4*01:03:01:01/DRB4*01:03:01:01:03 | DRB1=DRB1*04:01:01:01SG | DQA1=DQA1*03:03:01:01 | DQB1=DQB1*03:01:01:01 | DPA1=DPA1*01:03:01:02 | DPB1=DPB1*04:01:01:01/DPB1*04:01:01:02,False,False,1.0,1.0,1.0,0.0,1.0,1.0,1.0,1.0,0.0
SYNTH_0994,Global,success,,208.3,0.38095238,4,1.9035,HLA-A=A*03:01:01:01 | HLA-C=C*04:01:01:01 | HLA-B=B*35:01:01:02 | DRB345=Abs | DRB1=DRB1*01:01:01 | DQA1=DQA1*01:01:01:02SG | DQB1=DQB1*05:01:01:03 | DPA1=DPA1*01:03:01:03 | DPB1=DPB1*03:01:01,HLA-A=A*02:01:01:01 | HLA-C=C*03:03:01:01 | HLA-B=B*15:01:01:01 | DRB345=DRB4*01:03:01:01/DRB4*01:03:01:01:03 | DRB1=DRB1*04:01:01:01SG | DQA1=DQA1*03:01:01 | DQB1=DQB1*03:02:01 | DPA1=DPA1*01:03:01:05 | DPB1=DPB1*04:02:01:02,False,False,1.0,1.0,1.0,0.0,1.0,1.0,1.0,1.0,1.0
SYNTH_0995,Global,success,,117.9,0.91011236,2,0.4361,HLA-A=A*01:01:01:01 | HLA-C=C*07:01:01:01 | HLA-B=B*08:01:01:01 | DRB345=DRB3*01:01:02:01 | DRB1=DRB1*03:01:01:01SG | DQA1=DQA1*05:01:01:02 | DQB1=DQB1*02:01:01 | DPA1=DPA1*02:01:02 | DPB1=DPB1*01:01:01,HLA-A=A*02:01:01:01 | HLA-C=C*07:01:01:01 | HLA-B=B*18:01:01:02 | DRB345=DRB3*02:02:01:02 | DRB1=DRB1*11:04:01 | DQA1=DQA1*05:05:01:01SG | DQB1=DQB1*03:01:01:03 | DPA1=DPA1*01:03:01:04 | DPB1=DPB1*04:01:01:01/DPB1*04:01:01:02,False,False,1.0,1.0,1.0,1.0,1.0,1.0,1.0,1.0,0.0
SYNTH_0996,Global,success,,296.5,1.0,1,0.0,HLA-A=A*02:01:01:01 | HLA-C=C*01:02:01 | HLA-B=B*15:15 | DRB345=DRB4*01:03:02 | DRB1=DRB1*04:10:01 | DQA1=DQA1*03:01:01 | DQB1=DQB1*03:02:01 | DPA1=DPA1*01:03:01:05 | DPB1=DPB1*04:02:01:02,HLA-A=A*02:01:01:01 | HLA-C=C*07:02:01:03 | HLA-B=B*07:02:01 | DRB345=DRB5*01:01:01 | DRB1=DRB1*15:01:01:01SG | DQA1=DQA1*01:02:01:01SG | DQB1=DQB1*06:02:01 | DPA1=DPA1*01:03:01:02 | DPB1=DPB1*04:01:01:01/DPB1*04:01:01:02,False,False,1.0,1.0,1.0,1.0,1.0,1.0,1.0,1.0,0.0
SYNTH_0997,Global,success,,233.6,1.0,1,0.0,HLA-A=A*01:01:01:01 | HLA-C=C*06:02:01:01 | HLA-B=B*37:01:01 | DRB345=Abs | DRB1=DRB1*10:01:01:01 | DQA1=DQA1*01:05:01 | DQB1=DQB1*05:01:01:02 | DPA1=DPA1*01:03:01:02 | DPB1=DPB1*04:01:01:01/DPB1*04:01:01:02,HLA-A=A*26:01:01:01 | HLA-C=C*12:03:01:01 | HLA-B=B*38:01:01 | DRB345=DRB4*01:03:01:01/DRB4*01:03:01:01:03 | DRB1=DRB1*04:02:01 | DQA1=DQA1*03:01:01 | DQB1=DQB1*03:02:01 | DPA1=DPA1*01:03:01:04 | DPB1=DPB1*04:01:01:01/DPB1*04:01:01:02,False,False,1.0,1.0,1.0,0.0,1.0,1.0,1.0,1.0,0.0
SYNTH_0998,Global,success,,221.9,1.0,1,0.0,HLA-A=A*03:01:01:01 | HLA-C=C*16:01:01:01 | HLA-B=B*44:03:01:01 | DRB345=DRB4*01:01:01:01 | DRB1=DRB1*07:01:01:01SG | DQA1=DQA1*02:01:01:01SG | DQB1=DQB1*02:02:01:01 | DPA1=DPA1*01:03:01:02 | DPB1=DPB1*04:01:01:01/DPB1*04:01:01:02,HLA-A=A*26:01:01:01 | HLA-C=C*12:03:01:01 | HLA-B=B*38:01:01 | DRB345=DRB3*03:01:01 | DRB1=DRB1*13:02:01 | DQA1=DQA1*01:02:01:04SG | DQB1=DQB1*06:09:01 | DPA1=DPA1*01:03:01:04 | DPB1=DPB1*04:01:01:01/DPB1*04:01:01:02,False,False,1.0,1.0,1.0,1.0,1.0,1.0,1.0,1.0,0.0
SYNTH_0999,Global,success,,220.6,1.0,1,0.0,HLA-A=A*01:01:01:01 | HLA-C=C*07:01:01:01 | HLA-B=B*08:01:01:01 | DRB345=DRB3*01:01:02:01 | DRB1=DRB1*03:01:01:01SG | DQA1=DQA1*05:01:01:02 | DQB1=DQB1*02:01:01 | DPA1=DPA1*01:03:01:02 | DPB1=DPB1*04:01:01:01/DPB1*04:01:01:02,HLA-A=A*02:01:01:01 | HLA-C=C*06:02:01:01 | HLA-B=B*57:01:01 | DRB345=DRB4*01:03:01:02N | DRB1=DRB1*07:01:01:01SG | DQA1=DQA1*02:01:01:01SG | DQB1=DQB1*03:03:02:01 | DPA1=DPA1*01:03:01:04 | DPB1=DPB1*04:01:01:01/DPB1*04:01:01:02,False,False,1.0,1.0,1.0,1.0,1.0,1.0,1.0,1.0,0.0
SYNTH_1000,Global,success,,166.0,1.0,1,0.0,HLA-A=A*03:01:01:01 | HLA-C=C*07:02:01:03 | HLA-B=B*07:02:01 | DRB345=DRB3*02:02:01:02 | DRB1=DRB1*11:04:01 | DQA1=DQA1*05:05:01:01SG | DQB1=DQB1*03:01:01:03 | DPA1=DPA1*01:03:01:05 | DPB1=DPB1*04:02:01:02,HLA-A=A*24:02:01:01 | HLA-C=C*07:02:01:01 | HLA-B=B*39:05:01 | DRB345=DRB5*02:02 | DRB1=DRB1*16:02:01:02 | DQA1=DQA1*05:05:01:05SG | DQB1=DQB1*03:01:01:01 | DPA1=DPA1*01:03:01:05 | DPB1=DPB1*04:02:01:02,True,False,1.0,1.0,1.0,1.0,1.0,1.0,1.0,1.0,1.0
