hla_a,hla_c,hla_b,hla_drb345,hla_drb1,hla_dqa1,hla_dqb1,hla_dpa1,hla_dpb1,Global_freq,Global_n,Global_rank,EuAm_freq,EuAm_n,EuAm_rank,AfAm_freq,AfAm_n,AfAm_rank,USA_Hispanic_freq,USA_Hispanic_n,USA_Hispanic_rank,European_freq,European_n,European_rank,Spanish_freq,Spanish_n,Spanish_rank,Mexican_freq,Mexican_n,Mexican_rank,API_freq,API_n,API_rank,Arab_freq,Arab_n,Arab_rank
A*01:01:01:01,C*07:01:01:01,B*08:01:01:01,DRB3*01:01:02:01,DRB1*03:01:01:01SG,DQA1*05:01:01:02,DQB1*02:01:01,DPA1*01:03:01:02,"[""DPB1*04:01:01:01"", ""DPB1*04:01:01:02""]",0.021118201154664236,139,1,0.02806,123,1,0.00529,4,3,0.0,0,,0.01415,6,3,0.01132,6,1,0.0,0,,0.0,0,,0.0,0,
A*03:01:01:01,C*07:02:01:03,B*07:02:01,DRB5*01:01:01,DRB1*15:01:01:01SG,DQA1*01:02:01:01SG,DQB1*06:02:01,DPA1*01:03:01:02,"[""DPB1*04:01:01:01"", ""DPB1*04:01:01:02""]",0.01701610452749924,112,2,0.02099,92,2,0.00529,4,3,0.0,0,,0.02358,10,1,0.01132,6,1,0.0,0,,0.0,0,,0.0,0,
A*01:01:01:01,C*07:01:01:01,B*08:01:01:01,DRB3*01:01:02:01,DRB1*03:01:01:01SG,DQA1*05:01:01:02,DQB1*02:01:01,DPA1*02:01:02,DPB1*01:01:01,0.012306289881494986,81,3,0.01642,72,3,0.0,0,,0.0,0,,0.00708,3,6,0.01132,6,1,0.0,0,,0.0,0,,0.0,0,
A*02:01:01:01,C*05:01:01:02,B*44:02:01:01,"[""DRB4*01:03:01:01"", ""DRB4*01:03:01:01:03""]",DRB1*04:01:01:01SG,DQA1*03:03:01:01,DQB1*03:01:01:01,DPA1*01:03:01:04,"[""DPB1*04:01:01:01"", ""DPB1*04:01:01:02""]",0.00881191127316925,58,4,0.01323,58,4,0.0,0,,0.0,0,,0.0,0,,0.0,0,,0.0,0,,0.0,0,,0.0,0,
A*02:01:01:01,C*07:02:01:03,B*07:02:01,DRB5*01:01:01,DRB1*15:01:01:01SG,DQA1*01:02:01:01SG,DQB1*06:02:01,DPA1*01:03:01:04,"[""DPB1*04:01:01:01"", ""DPB1*04:01:01:02""]",0.006532968702522029,43,5,0.00821,36,5,0.00397,3,4,0.0,0,,0.00943,4,5,0.0,0,,0.0,0,,0.0,0,,0.0,0,
A*02:01:01:01,C*07:02:01:03,B*07:02:01,DRB5*01:01:01,DRB1*15:01:01:01SG,DQA1*01:02:01:01SG,DQB1*06:02:01,DPA1*01:03:01:02,"[""DPB1*04:01:01:01"", ""DPB1*04:01:01:02""]",0.005621391674263142,37,6,0.00593,26,10,0.00265,2,5,0.0,0,,0.00708,3,6,0.01132,6,1,0.0,0,,0.0,0,,0.0,0,
A*01:01:01:01,C*07:01:01:01,B*08:01:01:01,DRB3*01:01:02:01,DRB1*03:01:01:01SG,DQA1*05:01:01:02,DQB1*02:01:01,DPA1*01:03:01:03,DPB1*03:01:01,0.005013673655423883,33,7,0.00639,28,8,0.0,0,,0.0,0,,0.01179,5,4,0.0,0,,0.0,0,,0.0,0,,0.0,0,
A*03:01:01:01,C*07:02:01:03,B*07:02:01,DRB5*01:01:01,DRB1*15:01:01:01SG,DQA1*01:02:01:01SG,DQB1*06:02:01,DPA1*01:03:01:04,"[""DPB1*04:01:01:01"", ""DPB1*04:01:01:02""]",0.005013673655423883,33,7,0.00707,31,7,0.0,0,,0.0,0,,0.00472,2,7,0.0,0,,0.0,0,,0.0,0,,0.0,0,
A*29:02:01:01,C*16:01:01:01,B*44:03:01:01,DRB4*01:01:01:01,DRB1*07:01:01:01SG,DQA1*02:01:01:01SG,DQB1*02:02:01:01,DPA1*02:01:01:01,DPB1*11:01:01,0.005013673655423883,33,7,0.00616,27,9,0.0,0,,0.0,0,,0.0,0,,0.01132,6,1,0.0,0,,0.0,0,,0.0,0,
A*02:01:01:01,C*03:04:01:01,B*15:01:01:01,"[""DRB4*01:03:01:01"", ""DRB4*01:03:01:01:03""]",DRB1*04:01:01:01SG,DQA1*03:01:01,DQB1*03:02:01,DPA1*01:03:01:02,"[""DPB1*04:01:01:01"", ""DPB1*04:01:01:02""]",0.004861744150714068,32,8,0.0073,32,6,0.0,0,,0.0,0,,0.0,0,,0.0,0,,0.0,0,,0.0,0,,0.0,0,
A*03:01:01:01,C*04:01:01:01,B*35:01:01:02,Abs,DRB1*01:01:01,DQA1*01:01:01:02SG,DQB1*05:01:01:03,DPA1*01:03:01:05,DPB1*04:02:01:02,0.0036463081130355514,24,9,0.00547,24,11,0.0,0,,0.0,0,,0.0,0,,0.0,0,,0.0,0,,0.0,0,,0.0,0,
A*26:01:01:01,C*12:03:01:01,B*38:01:01,"[""DRB4*01:03:01:01"", ""DRB4*01:03:01:01:03""]",DRB1*04:02:01,DQA1*03:01:01,DQB1*03:02:01,DPA1*01:03:01:04,"[""DPB1*04:01:01:01"", ""DPB1*04:01:01:02""]",0.0036463081130355514,24,9,0.00502,22,12,0.0,0,,0.0,0,,0.00472,2,7,0.0,0,,0.0,0,,0.0,0,,0.0,0,
A*02:01:01:01,C*05:01:01:02,B*44:02:01:01,"[""DRB4*01:03:01:01"", ""DRB4*01:03:01:01:03""]",DRB1*04:01:01:01SG,DQA1*03:03:01:01,DQB1*03:01:01:01,DPA1*01:03:01:02,"[""DPB1*04:01:01:01"", ""DPB1*04:01:01:02""]",0.003038590094196293,20,10,0.00365,16,15,0.00265,2,5,0.0,0,,0.00472,2,7,0.0,0,,0.0,0,,0.0,0,,0.0,0,
A*24:02:01:01,C*07:02:01:03,B*07:02:01,DRB5*01:01:01,DRB1*15:01:01:01SG,DQA1*01:02:01:01SG,DQB1*06:02:01,DPA1*01:03:01:02,"[""DPB1*04:01:01:01"", ""DPB1*04:01:01:02""]",0.0027347310847766638,18,11,0.00411,18,13,0.0,0,,0.0,0,,0.0,0,,0.0,0,,0.0,0,,0.0,0,,0.0,0,
A*01:01:01:01,C*07:01:01:01,B*08:01:01:01,DRB3*01:01:02:01,DRB1*03:01:01:01SG,DQA1*05:01:01:02,DQB1*02:01:01,DPA1*01:03:01:04,"[""DPB1*04:01:01:01"", ""DPB1*04:01:01:02""]",0.002582801580066849,17,12,0.00388,17,14,0.0,0,,0.0,0,,0.0,0,,0.0,0,,0.0,0,,0.0,0,,0.0,0,
A*02:01:01:01,C*07:01:01:01,B*08:01:01:01,DRB3*01:01:02:01,DRB1*03:01:01:01SG,DQA1*05:01:01:02,DQB1*02:01:01,DPA1*01:03:01:02,"[""DPB1*04:01:01:01"", ""DPB1*04:01:01:02""]",0.002582801580066849,17,12,0.00319,14,16,0.0,0,,0.0,0,,0.00708,3,6,0.0,0,,0.0,0,,0.0,0,,0.0,0,
A*01:01:01:01,C*06:02:01:01,B*57:01:01,DRB4*01:03:01:02N,DRB1*07:01:01:01SG,DQA1*02:01:01:01SG,DQB1*03:03:02:01,DPA1*01:03:01:04,"[""DPB1*04:01:01:01"", ""DPB1*04:01:01:02""]",0.002127013065937405,14,13,0.00319,14,16,0.0,0,,0.0,0,,0.0,0,,0.0,0,,0.0,0,,0.0,0,,0.0,0,
A*01:01:01:01,C*07:01:01:01,B*08:01:01:01,DRB3*01:01:02:01,DRB1*03:01:01:01SG,DQA1*05:01:01:02,DQB1*02:01:01,DPA1*01:03:01:05,DPB1*04:02:01:02,0.002127013065937405,14,13,0.00319,14,16,0.0,0,,0.0,0,,0.0,0,,0.0,0,,0.0,0,,0.0,0,,0.0,0,
A*02:01:01:01,C*03:04:01:01,B*40:01:02,DRB3*03:01:01,DRB1*13:02:01,DQA1*01:02:01:04SG,DQB1*06:04:01,DPA1*01:03:01:02,"[""DPB1*04:01:01:01"", ""DPB1*04:01:01:02""]",0.002127013065937405,14,13,0.00319,14,16,0.0,0,,0.0,0,,0.0,0,,0.0,0,,0.0,0,,0.0,0,,0.0,0,
A*02:01:01:01,C*05:01:01:02,B*44:02:01:01,"[""DRB4*01:03:01:01"", ""DRB4*01:03:01:01:03""]",DRB1*04:01:01:01SG,DQA1*03:03:01:01,DQB1*03:01:01:01,DPA1*01:03:01:03,DPB1*03:01:01,0.002127013065937405,14,13,0.00319,14,16,0.0,0,,0.0,0,,0.0,0,,0.0,0,,0.0,0,,0.0,0,,0.0,0,
A*02:01:01:01,C*06:02:01:01,B*13:02:01,"[""DRB4*01:03:01:01"", ""DRB4*01:03:01:01:03""]",DRB1*07:01:01:01SG,DQA1*02:01:01:01SG,DQB1*02:02:01:01,DPA1*01:03:01:02,"[""DPB1*04:01:01:01"", ""DPB1*04:01:01:02""]",0.002127013065937405,14,13,0.00228,10,20,0.0,0,,0.0,0,,0.00943,4,5,0.0,0,,0.0,0,,0.0,0,,0.0,0,
A*03:01:01:01,C*07:02:01:03,B*07:02:01,DRB5*01:01:01,DRB1*15:01:01:01SG,DQA1*01:02:01:01SG,DQB1*06:02:01,DPA1*01:03:01:03,DPB1*03:01:01,0.002127013065937405,14,13,0.00319,14,16,0.0,0,,0.0,0,,0.0,0,,0.0,0,,0.0,0,,0.0,0,,0.0,0,
A*29:02:01:01,C*08:02:01:01,B*14:02:01:01,DRB4*01:01:01:01,DRB1*07:01:01:01SG,DQA1*02:01:01:01SG,DQB1*02:02:01:01,DPA1*01:04,DPB1*15:01:01,0.002127013065937405,14,13,0.00319,14,16,0.0,0,,0.0,0,,0.0,0,,0.0,0,,0.0,0,,0.0,0,,0.0,0,
A*29:02:01:01,C*16:01:01:01,B*44:03:01:01,DRB4*01:01:01:01,DRB1*07:01:01:01SG,DQA1*02:01:01:01SG,DQB1*02:02:01:01,DPA1*01:03:01:02,"[""DPB1*04:01:01:01"", ""DPB1*04:01:01:02""]",0.002127013065937405,14,13,0.00137,6,24,0.0,0,,0.0,0,,0.00708,3,6,0.00943,5,2,0.0,0,,0.0,0,,0.0,0,
A*01:01:01:01,C*07:02:01:03,B*07:02:01,DRB5*01:01:01,DRB1*15:01:01:01SG,DQA1*01:02:01:01SG,DQB1*06:02:01,DPA1*01:03:01:02,"[""DPB1*04:01:01:01"", ""DPB1*04:01:01:02""]",0.0019750835612275903,13,14,0.00297,13,17,0.0,0,,0.0,0,,0.0,0,,0.0,0,,0.0,0,,0.0,0,,0.0,0,
A*30:02:01:01,C*05:01:01:01,B*18:01:01:01,DRB3*02:02:01:01,DRB1*03:01:01:01SG,DQA1*05:01:01:01,DQB1*02:01:01,DPA1*01:03:01:01,DPB1*02:02,0.0019750835612275903,13,14,0.00297,13,17,0.0,0,,0.0,0,,0.0,0,,0.0,0,,0.0,0,,0.0,0,,0.0,0,
A*01:01:01:01,C*06:02:01:01,B*57:01:01,DRB4*01:03:01:02N,DRB1*07:01:01:01SG,DQA1*02:01:01:01SG,DQB1*03:03:02:01,DPA1*01:03:01:02,"[""DPB1*04:01:01:01"", ""DPB1*04:01:01:02""]",0.0018231540565177757,12,15,0.00274,12,18,0.0,0,,0.0,0,,0.0,0,,0.0,0,,0.0,0,,0.0,0,,0.0,0,
A*25:01:01,C*12:03:01:01,B*18:01:01:02,DRB5*01:01:01,DRB1*15:01:01:01SG,DQA1*01:02:01:01SG,DQB1*06:02:01,DPA1*01:03:01:02,"[""DPB1*04:01:01:01"", ""DPB1*04:01:01:02""]",0.0018231540565177757,12,15,0.00182,8,22,0.0,0,,0.0,0,,0.0,0,,0.00755,4,3,0.0,0,,0.0,0,,0.0,0,
A*02:01:01:01,C*06:02:01:01,B*57:01:01,DRB4*01:03:01:02N,DRB1*07:01:01:01SG,DQA1*02:01:01:01SG,DQB1*03:03:02:01,DPA1*01:03:01:02,"[""DPB1*04:01:01:01"", ""DPB1*04:01:01:02""]",0.001671224551807961,11,16,0.00182,8,22,0.0,0,,0.0,0,,0.00708,3,6,0.0,0,,0.0,0,,0.0,0,,0.0,0,
A*02:01:01:01,C*07:01:01:01,B*18:01:01:02,DRB3*02:02:01:02,DRB1*11:04:01,DQA1*05:05:01:01SG,DQB1*03:01:01:03,DPA1*01:03:01:05,DPB1*04:02:01:01,0.001671224551807961,11,16,0.00251,11,19,0.0,0,,0.0,0,,0.0,0,,0.0,0,,0.0,0,,0.0,0,,0.0,0,
A*02:01:01:01,C*07:02:01:03,B*07:02:01,Abs,DRB1*01:01:01,DQA1*01:01:01:02SG,DQB1*05:01:01:03,DPA1*01:03:01:02,"[""DPB1*04:01:01:01"", ""DPB1*04:01:01:02""]",0.001671224551807961,11,16,0.00251,11,19,0.0,0,,0.0,0,,0.0,0,,0.0,0,,0.0,0,,0.0,0,,0.0,0,
A*03:01:01:01,C*04:01:01:01,B*35:01:01:02,Abs,DRB1*01:01:01,DQA1*01:01:01:02SG,DQB1*05:01:01:03,DPA1*01:03:01:02,"[""DPB1*04:01:01:01"", ""DPB1*04:01:01:02""]",0.001671224551807961,11,16,0.00205,9,21,0.0,0,,0.0,0,,0.0,0,,0.00377,2,5,0.0,0,,0.0,0,,0.0,0,
A*29:02:01:01,C*16:01:01:01,B*44:03:01:01,DRB4*01:01:01:01,DRB1*07:01:01:01SG,DQA1*02:01:01:01SG,DQB1*02:02:01:01,DPA1*02:02:02,DPB1*01:01:01,0.001671224551807961,11,16,0.00251,11,19,0.0,0,,0.0,0,,0.0,0,,0.0,0,,0.0,0,,0.0,0,,0.0,0,
A*02:01:01:01,C*05:01:01:02,B*44:02:01:01,DRB3*01:01:02:01,DRB1*13:01:01:01SG,DQA1*01:03:01:02SG,DQB1*06:03:01,DPA1*01:03:01:02,"[""DPB1*04:01:01:01"", ""DPB1*04:01:01:02""]",0.0015192950470981465,10,17,0.00228,10,20,0.0,0,,0.0,0,,0.0,0,,0.0,0,,0.0,0,,0.0,0,,0.0,0,
A*01:01:01:01,C*07:01:01:01,B*08:01:01:01,DRB3*01:01:02:01,DRB1*03:01:01:01SG,DQA1*05:01:01:01,DQB1*02:01:01,DPA1*01:03:01:01,"[""DPB1*04:01:01:01"", ""DPB1*04:01:01:02""]",0.0013673655423883319,9,18,0.0,0,,0.0,0,,0.0,0,,0.02123,9,2,0.0,0,,0.0,0,,0.0,0,,0.0,0,
A*01:01:01:01,C*07:01:01:01,B*57:01:01,DRB4*01:03:01:02N,DRB1*07:01:01:01SG,DQA1*02:01:01:01SG,DQB1*03:03:02:01,DPA1*01:03:01:02,"[""DPB1*04:01:01:01"", ""DPB1*04:01:01:02""]",0.0013673655423883319,9,18,0.00205,9,21,0.0,0,,0.0,0,,0.0,0,,0.0,0,,0.0,0,,0.0,0,,0.0,0,
A*30:01:01,C*06:02:01:01,B*13:02:01,"[""DRB4*01:03:01:01"", ""DRB4*01:03:01:01:03""]",DRB1*07:01:01:01SG,DQA1*02:01:01:01SG,DQB1*02:02:01:01,DPA1*01:03:01:02,"[""DPB1*04:01:01:01"", ""DPB1*04:01:01:02""]",0.0013673655423883319,9,18,0.00205,9,21,0.0,0,,0.0,0,,0.0,0,,0.0,0,,0.0,0,,0.0,0,,0.0,0,
A*30:01:01,C*06:02:01:01,B*13:02:01,"[""DRB4*01:03:01:01"", ""DRB4*01:03:01:01:03""]",DRB1*07:01:01:01SG,DQA1*02:01:01:01SG,DQB1*02:02:01:01,DPA1*02:01:01:01,DPB1*17:01,0.0013673655423883319,9,18,0.00046,2,28,0.0,0,,0.0,0,,0.00708,3,6,0.00377,2,5,0.00962,2,5,0.0,0,,0.0,0,
A*33:01:01,C*08:02:01:01,B*14:02:01:01,Abs,DRB1*01:02:01,DQA1*01:01:02,DQB1*05:01:01:01,DPA1*01:03:01:04,"[""DPB1*04:01:01:01"", ""DPB1*04:01:01:02""]",0.0013673655423883319,9,18,0.00205,9,21,0.0,0,,0.0,0,,0.0,0,,0.0,0,,0.0,0,,0.0,0,,0.0,0,
A*68:02:01:01,C*08:02:01:01,B*14:02:01:01,DRB3*01:01:02:01,DRB1*13:03:01,DQA1*05:05:01:01SG,DQB1*03:01:01:03,DPA1*01:03:01:01,"[""DPB1*02:01:02"", ""DPB1*02:01:19""]",0.0013673655423883319,9,18,0.00205,9,21,0.0,0,,0.0,0,,0.0,0,,0.0,0,,0.0,0,,0.0,0,,0.0,0,
A*01:01:01:01,C*07:01:01:01,B*08:01:01:01,DRB3*01:01:02:02,DRB1*03:01:01:01SG,DQA1*05:01:01:02,DQB1*02:01:01,DPA1*02:01:02,DPB1*01:01:01,0.001215436037678517,8,19,0.00182,8,22,0.0,0,,0.0,0,,0.0,0,,0.0,0,,0.0,0,,0.0,0,,0.0,0,
A*01:01:01:01,C*07:01:01:01,B*08:01:01:01,DRB5*01:01:01,DRB1*15:01:01:01SG,DQA1*01:02:01:01SG,DQB1*06:02:01,DPA1*01:03:01:04,"[""DPB1*04:01:01:01"", ""DPB1*04:01:01:02""]",0.001215436037678517,8,19,0.00182,8,22,0.0,0,,0.0,0,,0.0,0,,0.0,0,,0.0,0,,0.0,0,,0.0,0,
A*02:01:01:01,C*03:04:01:01,B*15:01:01:01,"[""DRB4*01:03:01:01"", ""DRB4*01:03:01:01:03""]",DRB1*04:01:01:01SG,DQA1*03:01:01,DQB1*03:02:01,DPA1*01:03:01:01,"[""DPB1*02:01:02"", ""DPB1*02:01:19""]",0.001215436037678517,8,19,0.00182,8,22,0.0,0,,0.0,0,,0.0,0,,0.0,0,,0.0,0,,0.0,0,,0.0,0,
A*02:01:01:01,C*03:04:01:01,B*40:01:02,DRB3*03:01:01,DRB1*13:02:01,DQA1*01:02:01:04SG,DQB1*06:04:01,DPA1*01:03:01:03,DPB1*03:01:01,0.001215436037678517,8,19,0.00182,8,22,0.0,0,,0.0,0,,0.0,0,,0.0,0,,0.0,0,,0.0,0,,0.0,0,
A*02:01:01:01,C*04:01:01:01,B*35:01:01:02,Abs,DRB1*01:01:01,DQA1*01:01:01:02SG,DQB1*05:01:01:03,DPA1*01:03:01:05,DPB1*04:02:01:02,0.001215436037678517,8,19,0.00114,5,25,0.00397,3,4,0.0,0,,0.0,0,,0.0,0,,0.0,0,,0.0,0,,0.0,0,
A*33:01:01,C*08:02:01:01,B*14:02:01:01,Abs,DRB1*01:02:01,DQA1*01:01:02,DQB1*05:01:01:01,DPA1*01:03:01:02,"[""DPB1*04:01:01:01"", ""DPB1*04:01:01:02""]",0.001215436037678517,8,19,0.00137,6,24,0.0,0,,0.0,0,,0.0,0,,0.00377,2,5,0.0,0,,0.0,0,,0.0,0,
A*68:01:01:02,C*06:02:01:01,B*58:02:01,DRB3*02:02:01:02,DRB1*12:01:01:03,DQA1*01:05:01,DQB1*05:01:01:02,DPA1*01:03:01:02,DPB1*18:01,0.001215436037678517,8,19,0.0,0,,0.01058,8,1,0.0,0,,0.0,0,,0.0,0,,0.0,0,,0.0,0,,0.0,0,
A*68:03:01,C*07:02:01:01,B*39:05:01,"[""DRB4*01:03:01:01"", ""DRB4*01:03:01:01:03""]",DRB1*04:07:01,DQA1*03:01:01,DQB1*03:02:01,DPA1*01:03:01:05,DPB1*04:02:01:02,0.001215436037678517,8,19,0.0,0,,0.0,0,,0.04167,4,1,0.0,0,,0.0,0,,0.01923,4,3,0.0,0,,0.0,0,
A*01:01:01:01,C*06:02:01:01,B*57:01:01,DRB3*02:02:01:02,DRB1*13:05:01,DQA1*05:05:01:01SG,DQB1*03:01:01:03,DPA1*01:03:01:02,"[""DPB1*04:01:01:01"", ""DPB1*04:01:01:02""]",0.0010635065329687025,7,20,0.0016,7,23,0.0,0,,0.0,0,,0.0,0,,0.0,0,,0.0,0,,0.0,0,,0.0,0,
A*01:01:01:01,C*07:01:01:01,B*08:01:01:01,DRB3*01:01:02:01,DRB1*03:01:01:01SG,DQA1*05:01:01:02,DQB1*02:01:01,DPA1*01:03:01:01,"[""DPB1*02:01:02"", ""DPB1*02:01:19""]",0.0010635065329687025,7,20,0.0016,7,23,0.0,0,,0.0,0,,0.0,0,,0.0,0,,0.0,0,,0.0,0,,0.0,0,
A*02:01:01:01,C*03:03:01:01,B*15:01:01:01,DRB3*02:02:01:02,DRB1*13:01:01:01SG,DQA1*01:03:01:02SG,DQB1*06:03:01,DPA1*01:03:01:02,"[""DPB1*04:01:01:01"", ""DPB1*04:01:01:02""]",0.0010635065329687025,7,20,0.0016,7,23,0.0,0,,0.0,0,,0.0,0,,0.0,0,,0.0,0,,0.0,0,,0.0,0,
A*02:01:01:01,C*03:04:01:01,B*40:01:02,"[""DRB4*01:03:01:01"", ""DRB4*01:03:01:01:03""]",DRB1*04:04:01,DQA1*03:01:01,DQB1*03:02:01,DPA1*01:03:01:03,DPB1*06:01:01,0.0010635065329687025,7,20,0.00091,4,26,0.0,0,,0.0,0,,0.0,0,,0.00566,3,4,0.0,0,,0.0,0,,0.0,0,
A*02:01:01:01,C*06:02:01:01,B*57:01:01,DRB4*01:03:01:02N,DRB1*07:01:01:01SG,DQA1*02:01:01:01SG,DQB1*03:03:02:01,DPA1*01:03:01:04,"[""DPB1*04:01:01:01"", ""DPB1*04:01:01:02""]",0.0010635065329687025,7,20,0.00114,5,25,0.0,0,,0.0,0,,0.0,0,,0.00377,2,5,0.0,0,,0.0,0,,0.0,0,
A*02:05:01,C*06:02:01:02,B*50:01:01,"[""DRB4*01:03:01:01"", ""DRB4*01:03:01:01:03""]",DRB1*07:01:01:01SG,DQA1*02:01:01:01SG,DQB1*02:02:01:01,DPA1*01:03:01:02,DPB1*104:01,0.0010635065329687025,7,20,0.0016,7,23,0.0,0,,0.0,0,,0.0,0,,0.0,0,,0.0,0,,0.0,0,,0.0,0,
A*03:01:01:01,C*03:04:01:01,B*15:01:01:01,"[""DRB4*01:03:01:01"", ""DRB4*01:03:01:01:03""]",DRB1*04:01:01:01SG,DQA1*03:01:01,DQB1*03:02:01,DPA1*01:03:01:03,DPB1*03:01:01,0.0010635065329687025,7,20,0.0016,7,23,0.0,0,,0.0,0,,0.0,0,,0.0,0,,0.0,0,,0.0,0,,0.0,0,
A*03:01:01:01,C*08:02:01:01,B*14:02:01:01,DRB3*03:01:01,DRB1*13:02:01,DQA1*01:02:01:04SG,DQB1*06:09:01,DPA1*02:01:01:01,DPB1*05:01:01,0.0010635065329687025,7,20,0.0016,7,23,0.0,0,,0.0,0,,0.0,0,,0.0,0,,0.0,0,,0.0,0,,0.0,0,
A*11:01:01:01,C*04:01:01:01,B*35:01:01:02,Abs,DRB1*01:01:01,DQA1*01:01:01:02SG,DQB1*05:01:01:03,DPA1*01:03:01:02,"[""DPB1*04:01:01:01"", ""DPB1*04:01:01:02""]",0.0010635065329687025,7,20,0.0016,7,23,0.0,0,,0.0,0,,0.0,0,,0.0,0,,0.0,0,,0.0,0,,0.0,0,
A*23:01:01,C*04:01:01:01,B*44:03:01:01,DRB4*01:01:01:01,DRB1*07:01:01:01SG,DQA1*02:01:01:01SG,DQB1*02:02:01:01,DPA1*01:03:01:01,"[""DPB1*02:01:02"", ""DPB1*02:01:19""]",0.0010635065329687025,7,20,0.0016,7,23,0.0,0,,0.0,0,,0.0,0,,0.0,0,,0.0,0,,0.0,0,,0.0,0,
A*24:02:01:01,C*04:01:01:06,B*35:02:01,DRB3*02:02:01:02,DRB1*11:04:01,DQA1*05:05:01:01SG,DQB1*03:01:01:02,DPA1*01:03:01:01,"[""DPB1*02:01:02"", ""DPB1*02:01:19""]",0.0010635065329687025,7,20,0.0016,7,23,0.0,0,,0.0,0,,0.0,0,,0.0,0,,0.0,0,,0.0,0,,0.0,0,
A*24:02:01:01,C*04:01:01:06,B*35:02:01,DRB3*02:02:01:02,DRB1*11:04:01,DQA1*05:05:01:01SG,DQB1*03:01:01:02,DPA1*01:03:01:02,"[""DPB1*04:01:01:01"", ""DPB1*04:01:01:02""]",0.0010635065329687025,7,20,0.0016,7,23,0.0,0,,0.0,0,,0.0,0,,0.0,0,,0.0,0,,0.0,0,,0.0,0,
A*30:01:01,C*06:02:01:01,B*13:02:01,"[""DRB4*01:03:01:01"", ""DRB4*01:03:01:01:03""]",DRB1*07:01:01:01SG,DQA1*02:01:01:01SG,DQB1*02:02:01:01,DPA1*01:03:01:04,"[""DPB1*04:01:01:01"", ""DPB1*04:01:01:02""]",0.0010635065329687025,7,20,0.0016,7,23,0.0,0,,0.0,0,,0.0,0,,0.0,0,,0.0,0,,0.0,0,,0.0,0,
A*31:01:02:01,C*03:04:01:01,B*40:01:02,"[""DRB4*01:03:01:01"", ""DRB4*01:03:01:01:03""]",DRB1*04:04:01,DQA1*03:01:01,DQB1*03:02:01,DPA1*01:03:01:02,"[""DPB1*04:01:01:01"", ""DPB1*04:01:01:02""]",0.0010635065329687025,7,20,0.0016,7,23,0.0,0,,0.0,0,,0.0,0,,0.0,0,,0.0,0,,0.0,0,,0.0,0,
A*01:01:01:01,C*07:01:01:01,B*08:01:01:01,DRB5*01:01:01,DRB1*15:01:01:01SG,DQA1*01:02:01:01SG,DQB1*06:02:01,DPA1*01:03:01:02,"[""DPB1*04:01:01:01"", ""DPB1*04:01:01:02""]",0.0009115770282588879,6,21,0.00137,6,24,0.0,0,,0.0,0,,0.0,0,,0.0,0,,0.0,0,,0.0,0,,0.0,0,
A*02:01:01:01,C*04:01:01:01,B*35:03:01,DRB3*02:02:01:02,DRB1*12:01:01:03,DQA1*05:05:01:05SG,DQB1*03:01:01:01,DPA1*02:01:01:02,"[""DPB1*04:01:01:01"", ""DPB1*04:01:01:02""]",0.0009115770282588879,6,21,0.00137,6,24,0.0,0,,0.0,0,,0.0,0,,0.0,0,,0.0,0,,0.0,0,,0.0,0,
A*02:01:01:01,C*06:02:01:01,B*13:02:01,"[""DRB4*01:03:01:01"", ""DRB4*01:03:01:01:03""]",DRB1*07:01:01:01SG,DQA1*02:01:01:01SG,DQB1*02:02:01:01,DPA1*01:03:01:04,"[""DPB1*04:01:01:01"", ""DPB1*04:01:01:02""]",0.0009115770282588879,6,21,0.00137,6,24,0.0,0,,0.0,0,,0.0,0,,0.0,0,,0.0,0,,0.0,0,,0.0,0,
A*02:01:01:01,C*07:02:01:03,B*07:02:01,Abs,DRB1*01:03,DQA1*01:01:01:02SG,DQB1*05:01:01:03,DPA1*01:03:01:01,"[""DPB1*02:01:02"", ""DPB1*02:01:19""]",0.0009115770282588879,6,21,0.00091,4,26,0.0,0,,0.0,0,,0.0,0,,0.00377,2,5,0.0,0,,0.0,0,,0.0,0,
A*02:01:01:01,C*07:02:01:03,B*07:02:01,Abs,DRB1*01:03,DQA1*01:01:01:02SG,DQB1*05:01:01:03,DPA1*01:03:01:02,"[""DPB1*04:01:01:01"", ""DPB1*04:01:01:02""]",0.0009115770282588879,6,21,0.00046,2,28,0.0,0,,0.0,0,,0.0,0,,0.00755,4,3,0.0,0,,0.0,0,,0.0,0,
A*02:01:01:01,C*07:02:01:03,B*07:02:01,DRB5*01:01:01,DRB1*15:01:01:01SG,DQA1*01:02:01:01SG,DQB1*06:02:01,DPA1*01:03:01:05,DPB1*04:02:01:02,0.0009115770282588879,6,21,0.00137,6,24,0.0,0,,0.0,0,,0.0,0,,0.0,0,,0.0,0,,0.0,0,,0.0,0,
A*03:01:01:01,C*03:04:01:01,B*15:01:01:01,"[""DRB4*01:03:01:01"", ""DRB4*01:03:01:01:03""]",DRB1*04:01:01:01SG,DQA1*03:01:01,DQB1*03:02:01,DPA1*01:03:01:02,"[""DPB1*04:01:01:01"", ""DPB1*04:01:01:02""]",0.0009115770282588879,6,21,0.00137,6,24,0.0,0,,0.0,0,,0.0,0,,0.0,0,,0.0,0,,0.0,0,,0.0,0,
A*03:01:01:01,C*04:01:01:01,B*35:01:01:02,Abs,DRB1*01:01:01,DQA1*01:01:01:02SG,DQB1*05:01:01:03,DPA1*01:03:01:03,DPB1*03:01:01,0.0009115770282588879,6,21,0.00137,6,24,0.0,0,,0.0,0,,0.0,0,,0.0,0,,0.0,0,,0.0,0,,0.0,0,
A*03:01:01:01,C*07:01:01:01,B*08:01:01:01,DRB3*01:01:02:01,DRB1*03:01:01:01SG,DQA1*05:01:01:02,DQB1*02:01:01,DPA1*01:03:01:02,"[""DPB1*04:01:01:01"", ""DPB1*04:01:01:02""]",0.0009115770282588879,6,21,0.00137,6,24,0.0,0,,0.0,0,,0.0,0,,0.0,0,,0.0,0,,0.0,0,,0.0,0,
A*03:01:01:01,C*07:02:01:03,B*07:02:01,Abs,DRB1*01:01:01,DQA1*01:01:01:02SG,DQB1*05:01:01:03,DPA1*01:03:01:05,DPB1*04:02:01:02,0.0009115770282588879,6,21,0.00137,6,24,0.0,0,,0.0,0,,0.0,0,,0.0,0,,0.0,0,,0.0,0,,0.0,0,
A*03:01:01:01,C*07:02:01:03,B*07:02:01,DRB5*01:01:01,DRB1*15:01:01:01SG,DQA1*01:02:01:01SG,DQB1*06:02:01,DPA1*01:03:01:05,DPB1*04:02:01:02,0.0009115770282588879,6,21,0.00137,6,24,0.0,0,,0.0,0,,0.0,0,,0.0,0,,0.0,0,,0.0,0,,0.0,0,
A*24:02:01:01,C*07:02:01:01,B*39:06:02,DRB3*01:01:02:01,DRB1*14:06:01,DQA1*05:03,DQB1*03:01:01:01,DPA1*01:03:01:05,DPB1*04:02:01:02,0.0009115770282588879,6,21,0.0,0,,0.0,0,,0.0,0,,0.0,0,,0.0,0,,0.02885,6,1,0.0,0,,0.0,0,
A*25:01:01,C*12:03:01:01,B*18:01:01:02,DRB5*01:01:01,DRB1*15:01:01:01SG,DQA1*01:02:01:01SG,DQB1*06:02:01,DPA1*01:03:01:04,DPB1*23:01:01,0.0009115770282588879,6,21,0.00137,6,24,0.0,0,,0.0,0,,0.0,0,,0.0,0,,0.0,0,,0.0,0,,0.0,0,
A*32:01:01,C*08:02:01:02,B*14:01:01,DRB4*01:01:01:01,DRB1*07:01:01:01SG,DQA1*02:01:01:01SG,DQB1*02:02:01:01,DPA1*01:03:01:02,"[""DPB1*04:01:01:01"", ""DPB1*04:01:01:02""]",0.0009115770282588879,6,21,0.00137,6,24,0.0,0,,0.0,0,,0.0,0,,0.0,0,,0.0,0,,0.0,0,,0.0,0,
A*01:01:01:01,C*04:01:01:06,B*35:02:01,DRB3*02:02:01:02,DRB1*11:04:01,DQA1*01:03:01:02SG,DQB1*06:03:01,DPA1*02:01:01:02,"[""DPB1*02:01:02"", ""DPB1*02:01:19""]",0.0007596475235490732,5,22,0.00114,5,25,0.0,0,,0.0,0,,0.0,0,,0.0,0,,0.0,0,,0.0,0,,0.0,0,
A*01:01:01:01,C*06:02:01:01,B*37:01:01,DRB5*01:01:01,DRB1*15:01:01:01SG,DQA1*01:02:01:01SG,DQB1*06:02:01,DPA1*01:03:01:04,"[""DPB1*04:01:01:01"", ""DPB1*04:01:01:02""]",0.0007596475235490732,5,22,0.00114,5,25,0.0,0,,0.0,0,,0.0,0,,0.0,0,,0.0,0,,0.0,0,,0.0,0,
A*01:01:01:01,C*06:02:01:01,B*57:01:01,DRB4*01:03:01:02N,DRB1*07:01:01:01SG,DQA1*02:01:01:01SG,DQB1*03:03:02:01,DPA1*01:03:01:01,"[""DPB1*02:01:02"", ""DPB1*02:01:19""]",0.0007596475235490732,5,22,0.00114,5,25,0.0,0,,0.0,0,,0.0,0,,0.0,0,,0.0,0,,0.0,0,,0.0,0,
A*01:01:01:01,C*07:01:01:01,B*08:01:01:01,Abs,DRB1*01:01:01,DQA1*01:01:01:02SG,DQB1*05:01:01:03,DPA1*01:03:01:02,"[""DPB1*04:01:01:01"", ""DPB1*04:01:01:02""]",0.0007596475235490732,5,22,0.00114,5,25,0.0,0,,0.0,0,,0.0,0,,0.0,0,,0.0,0,,0.0,0,,0.0,0,
A*01:01:01:01,C*07:02:01:03,B*07:02:01,DRB5*01:01:01,DRB1*15:01:01:01SG,DQA1*01:02:01:01SG,DQB1*06:02:01,DPA1*01:03:01:04,"[""DPB1*04:01:01:01"", ""DPB1*04:01:01:02""]",0.0007596475235490732,5,22,0.00114,5,25,0.0,0,,0.0,0,,0.0,0,,0.0,0,,0.0,0,,0.0,0,,0.0,0,
A*02:01:01:01,C*02:02:02:01,B*27:05:02,Abs,DRB1*01:01:01,DQA1*01:01:01:02SG,DQB1*05:01:01:03,DPA1*01:03:01:02,"[""DPB1*04:01:01:01"", ""DPB1*04:01:01:02""]",0.0007596475235490732,5,22,0.00114,5,25,0.0,0,,0.0,0,,0.0,0,,0.0,0,,0.0,0,,0.0,0,,0.0,0,
A*02:01:01:01,C*05:01:01:02,B*44:02:01:01,DRB3*01:01:02:01,DRB1*13:01:01:01SG,DQA1*01:03:01:02SG,DQB1*06:03:01,DPA1*01:03:01:04,"[""DPB1*04:01:01:01"", ""DPB1*04:01:01:02""]",0.0007596475235490732,5,22,0.00114,5,25,0.0,0,,0.0,0,,0.0,0,,0.0,0,,0.0,0,,0.0,0,,0.0,0,
A*02:01:01:01,C*05:01:01:02,B*44:02:01:01,"[""DRB4*01:03:01:01"", ""DRB4*01:03:01:01:03""]",DRB1*04:01:01:01SG,DQA1*03:03:01:01,DQB1*03:01:01:01,DPA1*01:03:01:01,"[""DPB1*02:01:02"", ""DPB1*02:01:19""]",0.0007596475235490732,5,22,0.00114,5,25,0.0,0,,0.0,0,,0.0,0,,0.0,0,,0.0,0,,0.0,0,,0.0,0,
A*02:01:01:01,C*05:01:01:02,B*44:02:01:01,DRB5*01:01:01,DRB1*15:01:01:01SG,DQA1*01:02:01:01SG,DQB1*06:02:01,DPA1*01:03:01:02,"[""DPB1*04:01:01:01"", ""DPB1*04:01:01:02""]",0.0007596475235490732,5,22,0.00114,5,25,0.0,0,,0.0,0,,0.0,0,,0.0,0,,0.0,0,,0.0,0,,0.0,0,
A*02:01:01:01,C*07:01:01:01,B*08:01:01:01,DRB3*01:01:02:01,DRB1*03:01:01:01SG,DQA1*05:01:01:02,DQB1*02:01:01,DPA1*02:01:02,DPB1*01:01:01,0.0007596475235490732,5,22,0.00114,5,25,0.0,0,,0.0,0,,0.0,0,,0.0,0,,0.0,0,,0.0,0,,0.0,0,
A*02:01:01:01,C*07:01:01:01,B*18:01:01:02,DRB3*02:02:01:02,DRB1*11:04:01,DQA1*05:05:01:01SG,DQB1*03:01:01:03,DPA1*01:03:01:02,"[""DPB1*04:01:01:01"", ""DPB1*04:01:01:02""]",0.0007596475235490732,5,22,0.00114,5,25,0.0,0,,0.0,0,,0.0,0,,0.0,0,,0.0,0,,0.0,0,,0.0,0,
A*02:01:01:01,C*07:02:01:01,B*07:02:01,DRB5*01:01:01,DRB1*15:01:01:01SG,DQA1*01:02:01:01SG,DQB1*06:02:01,DPA1*01:03:01:02,"[""DPB1*04:01:01:01"", ""DPB1*04:01:01:02""]",0.0007596475235490732,5,22,0.00114,5,25,0.0,0,,0.0,0,,0.0,0,,0.0,0,,0.0,0,,0.0,0,,0.0,0,
A*03:01:01:01,C*07:01:01:01,B*08:01:01:01,DRB3*01:01:02:01,DRB1*03:01:01:01SG,DQA1*05:01:01:02,DQB1*02:01:01,DPA1*02:01:02,DPB1*01:01:01,0.0007596475235490732,5,22,0.00114,5,25,0.0,0,,0.0,0,,0.0,0,,0.0,0,,0.0,0,,0.0,0,,0.0,0,
A*11:01:01:01,C*03:03:01:01,B*15:01:01:01,"[""DRB4*01:03:01:01"", ""DRB4*01:03:01:01:03""]",DRB1*04:01:01:01SG,DQA1*03:01:01,DQB1*03:02:01,DPA1*01:03:01:02,"[""DPB1*04:01:01:01"", ""DPB1*04:01:01:02""]",0.0007596475235490732,5,22,0.00114,5,25,0.0,0,,0.0,0,,0.0,0,,0.0,0,,0.0,0,,0.0,0,,0.0,0,
A*11:01:01:01,C*07:02:01:03,B*07:02:01,DRB5*01:01:01,DRB1*15:01:01:01SG,DQA1*01:02:01:01SG,DQB1*06:02:01,DPA1*01:03:01:02,"[""DPB1*04:01:01:01"", ""DPB1*04:01:01:02""]",0.0007596475235490732,5,22,0.00114,5,25,0.0,0,,0.0,0,,0.0,0,,0.0,0,,0.0,0,,0.0,0,,0.0,0,
A*11:01:01:01,C*07:02:01:03,B*07:02:01,DRB5*01:01:01,DRB1*15:01:01:01SG,DQA1*01:02:01:01SG,DQB1*06:02:01,DPA1*01:03:01:04,"[""DPB1*04:01:01:01"", ""DPB1*04:01:01:02""]",0.0007596475235490732,5,22,0.00114,5,25,0.0,0,,0.0,0,,0.0,0,,0.0,0,,0.0,0,,0.0,0,,0.0,0,
A*11:01:01:01,C*12:02:02,B*52:01:01:02,DRB5*01:02,DRB1*15:02:01:01SG,DQA1*01:03:01:01,DQB1*06:01:01,DPA1*02:01:01:01,DPB1*17:01,0.0007596475235490732,5,22,0.00114,5,25,0.0,0,,0.0,0,,0.0,0,,0.0,0,,0.0,0,,0.0,0,,0.0,0,
A*24:02:01:01,C*04:01:01:06,B*35:02:01,DRB3*02:02:01:02,DRB1*11:04:01,DQA1*05:05:01:01SG,DQB1*03:01:01:02,DPA1*01:03:01:04,"[""DPB1*04:01:01:01"", ""DPB1*04:01:01:02""]",0.0007596475235490732,5,22,0.00046,2,28,0.0,0,,0.0,0,,0.0,0,,0.00566,3,4,0.0,0,,0.0,0,,0.0,0,
A*24:02:01:01,C*06:02:01:01,B*57:01:01,DRB4*01:03:01:02N,DRB1*07:01:01:01SG,DQA1*02:01:01:01SG,DQB1*03:03:02:01,DPA1*01:03:01:04,"[""DPB1*04:01:01:01"", ""DPB1*04:01:01:02""]",0.0007596475235490732,5,22,0.00114,5,25,0.0,0,,0.0,0,,0.0,0,,0.0,0,,0.0,0,,0.0,0,,0.0,0,
A*24:02:01:01,C*07:02:01:03,B*07:02:01,DRB5*01:01:01,DRB1*15:01:01:01SG,DQA1*01:02:01:01SG,DQB1*06:02:01,DPA1*01:03:01:01,"[""DPB1*02:01:02"", ""DPB1*02:01:19""]",0.0007596475235490732,5,22,0.00114,5,25,0.0,0,,0.0,0,,0.0,0,,0.0,0,,0.0,0,,0.0,0,,0.0,0,
A*29:02:01:01,C*16:01:01:01,B*44:03:01:01,DRB4*01:01:01:01,DRB1*07:01:01:01SG,DQA1*02:01:01:01SG,DQB1*02:02:01:01,DPA1*01:03:01:04,"[""DPB1*04:01:01:01"", ""DPB1*04:01:01:02""]",0.0007596475235490732,5,22,0.00068,3,27,0.00265,2,5,0.0,0,,0.0,0,,0.0,0,,0.0,0,,0.0,0,,0.0,0,
A*30:01:01,C*06:02:01:01,B*13:02:01,"[""DRB4*01:03:01:01"", ""DRB4*01:03:01:01:03""]",DRB1*07:01:01:01SG,DQA1*02:01:01:01SG,DQB1*02:02:01:01,DPA1*01:03:01:05,DPB1*04:02:01:02,0.0007596475235490732,5,22,0.00114,5,25,0.0,0,,0.0,0,,0.0,0,,0.0,0,,0.0,0,,0.0,0,,0.0,0,
A*30:01:01,C*17:01:01:02,B*42:01:01,DRB3*01:01:02:01,DRB1*03:02:01,DQA1*04:01:01,DQB1*04:02:01,DPA1*02:02:02,DPB1*01:01:01,0.0007596475235490732,5,22,0.0,0,,0.00661,5,2,0.0,0,,0.0,0,,0.0,0,,0.0,0,,0.0,0,,0.0,0,
A*30:02:01:01,C*05:01:01:01,B*18:01:01:01,DRB3*02:02:01:01,DRB1*03:01:01:01SG,DQA1*05:01:01:01,DQB1*02:01:01,DPA1*01:03:01:02,"[""DPB1*04:01:01:01"", ""DPB1*04:01:01:02""]",0.0007596475235490732,5,22,0.0,0,,0.0,0,,0.0,0,,0.0,0,,0.00943,5,2,0.0,0,,0.0,0,,0.0,0,
A*66:02,C*07:18,B*58:01:01:01,DRB5*01:01:01,DRB1*15:03:01:01SG,DQA1*01:02:01:01SG,DQB1*06:02:01,DPA1*01:03:01:01,"[""DPB1*02:01:02"", ""DPB1*02:01:19""]",0.0007596475235490732,5,22,0.0,0,,0.00661,5,2,0.0,0,,0.0,0,,0.0,0,,0.0,0,,0.0,0,,0.0,0,
A*68:02:01:01,C*07:02:01:01,B*07:02:01,DRB5*01:01:01,DRB1*15:03:01:01SG,DQA1*01:02:01:01SG,DQB1*06:02:01,DPA1*01:03:01:01,"[""DPB1*02:01:02"", ""DPB1*02:01:19""]",0.0007596475235490732,5,22,0.0,0,,0.00661,5,2,0.0,0,,0.0,0,,0.0,0,,0.0,0,,0.0,0,,0.0,0,
A*68:03:01,C*07:02:01:01,B*39:05:01,DRB4*01:03:02,DRB1*04:07:01,DQA1*03:01:01,DQB1*03:02:01,DPA1*01:03:01:05,DPB1*04:02:01:02,0.0007596475235490732,5,22,0.0,0,,0.0,0,,0.0,0,,0.0,0,,0.0,0,,0.02404,5,2,0.0,0,,0.0,0,
A*01:01:01:01,C*05:01:01:02,B*44:02:01:01,"[""DRB4*01:03:01:01"", ""DRB4*01:03:01:01:03""]",DRB1*04:01:01:01SG,DQA1*03:03:01:01,DQB1*03:01:01:01,DPA1*01:03:01:04,"[""DPB1*04:01:01:01"", ""DPB1*04:01:01:02""]",0.0006077180188392585,4,23,0.00091,4,26,0.0,0,,0.0,0,,0.0,0,,0.0,0,,0.0,0,,0.0,0,,0.0,0,
A*01:01:01:01,C*06:02:01:01,B*57:01:01,DRB4*01:03:01:02N,DRB1*07:01:01:01SG,DQA1*02:01:01:01SG,DQB1*03:03:02:01,DPA1*02:01:01:01,"[""DPB1*13:01:01"", ""DPB1*107:01""]",0.0006077180188392585,4,23,0.00091,4,26,0.0,0,,0.0,0,,0.0,0,,0.0,0,,0.0,0,,0.0,0,,0.0,0,
A*01:01:01:01,C*07:01:01:01,B*08:01:01:01,"[""DRB4*01:03:01:01"", ""DRB4*01:03:01:01:03""]",DRB1*04:01:01:01SG,DQA1*03:03:01:01,DQB1*03:01:01:01,DPA1*01:03:01:04,"[""DPB1*04:01:01:01"", ""DPB1*04:01:01:02""]",0.0006077180188392585,4,23,0.00091,4,26,0.0,0,,0.0,0,,0.0,0,,0.0,0,,0.0,0,,0.0,0,,0.0,0,
A*01:01:01:01,C*07:01:01:01,B*08:01:01:01,"[""DRB4*01:03:01:01"", ""DRB4*01:03:01:01:03""]",DRB1*04:04:01,DQA1*03:01:01,DQB1*03:02:01,DPA1*01:03:01:03,DPB1*06:01:01,0.0006077180188392585,4,23,0.00091,4,26,0.0,0,,0.0,0,,0.0,0,,0.0,0,,0.0,0,,0.0,0,,0.0,0,
A*02:01:01:01,C*01:02:01,B*15:15,DRB4*01:03:02,DRB1*04:10:01,DQA1*03:01:01,DQB1*03:02:01,DPA1*01:03:01:05,DPB1*04:02:01:02,0.0006077180188392585,4,23,0.0,0,,0.0,0,,0.04167,4,1,0.0,0,,0.0,0,,0.0,0,,0.0,0,,0.0,0,
A*02:01:01:01,C*02:02:02:01,B*40:02:01,Abs,DRB1*01:01:01,DQA1*01:01:01:02SG,DQB1*05:01:01:03,DPA1*01:03:01:05,DPB1*04:02:01:02,0.0006077180188392585,4,23,0.00091,4,26,0.0,0,,0.0,0,,0.0,0,,0.0,0,,0.0,0,,0.0,0,,0.0,0,
A*02:01:01:01,C*03:03:01:01,B*15:01:01:01,"[""DRB4*01:03:01:01"", ""DRB4*01:03:01:01:03""]",DRB1*04:01:01:01SG,DQA1*03:01:01,DQB1*03:02:01,DPA1*01:03:01:02,"[""DPB1*04:01:01:01"", ""DPB1*04:01:01:02""]",0.0006077180188392585,4,23,0.00091,4,26,0.0,0,,0.0,0,,0.0,0,,0.0,0,,0.0,0,,0.0,0,,0.0,0,
A*02:01:01:01,C*03:03:01:01,B*15:01:01:01,"[""DRB4*01:03:01:01"", ""DRB4*01:03:01:01:03""]",DRB1*04:01:01:01SG,DQA1*03:01:01,DQB1*03:02:01,DPA1*01:03:01:05,DPB1*04:02:01:02,0.0006077180188392585,4,23,0.00091,4,26,0.0,0,,0.0,0,,0.0,0,,0.0,0,,0.0,0,,0.0,0,,0.0,0,
A*02:01:01:01,C*03:04:01:01,B*40:01:02,DRB3*03:01:01,DRB1*13:02:01,DQA1*01:02:01:04SG,DQB1*06:04:01,DPA1*01:03:01:01,"[""DPB1*02:01:02"", ""DPB1*02:01:19""]",0.0006077180188392585,4,23,0.00091,4,26,0.0,0,,0.0,0,,0.0,0,,0.0,0,,0.0,0,,0.0,0,,0.0,0,
A*02:01:01:01,C*03:04:01:01,B*40:01:02,DRB5*01:01:01,DRB1*15:01:01:01SG,DQA1*01:02:01:01SG,DQB1*06:02:01,DPA1*01:03:01:02,"[""DPB1*04:01:01:01"", ""DPB1*04:01:01:02""]",0.0006077180188392585,4,23,0.00091,4,26,0.0,0,,0.0,0,,0.0,0,,0.0,0,,0.0,0,,0.0,0,,0.0,0,
A*02:01:01:01,C*03:04:01:01,B*40:01:02,DRB5*01:01:01,DRB1*15:01:01:01SG,DQA1*01:02:01:01SG,DQB1*06:02:01,DPA1*01:03:01:04,"[""DPB1*04:01:01:01"", ""DPB1*04:01:01:02""]",0.0006077180188392585,4,23,0.00091,4,26,0.0,0,,0.0,0,,0.0,0,,0.0,0,,0.0,0,,0.0,0,,0.0,0,
A*02:01:01:01,C*04:01:01:01,B*44:03:01:01,DRB4*01:01:01:01,DRB1*07:01:01:01SG,DQA1*02:01:01:01SG,DQB1*02:02:01:01,DPA1*01:03:01:03,DPB1*03:01:01,0.0006077180188392585,4,23,0.00046,2,28,0.00265,2,5,0.0,0,,0.0,0,,0.0,0,,0.0,0,,0.0,0,,0.0,0,
A*02:01:01:01,C*05:01:01:02,B*44:02:01:01,"[""DRB4*01:03:01:01"", ""DRB4*01:03:01:01:03""]",DRB1*04:01:01:01SG,DQA1*03:03:01:01,DQB1*03:01:01:01,DPA1*01:03:01:01,"[""DPB1*04:01:01:01"", ""DPB1*04:01:01:02""]",0.0006077180188392585,4,23,0.0,0,,0.0,0,,0.0,0,,0.00943,4,5,0.0,0,,0.0,0,,0.0,0,,0.0,0,
A*02:01:01:01,C*06:02:01:01,B*13:02:01,"[""DRB4*01:03:01:01"", ""DRB4*01:03:01:01:03""]",DRB1*07:01:01:01SG,DQA1*02:01:01:01SG,DQB1*02:02:01:01,DPA1*01:03:01:01,"[""DPB1*02:01:02"", ""DPB1*02:01:19""]",0.0006077180188392585,4,23,0.00091,4,26,0.0,0,,0.0,0,,0.0,0,,0.0,0,,0.0,0,,0.0,0,,0.0,0,
A*02:01:01:01,C*06:02:01:01,B*13:02:01,"[""DRB4*01:03:01:01"", ""DRB4*01:03:01:01:03""]",DRB1*07:01:01:01SG,DQA1*02:01:01:01SG,DQB1*02:02:01:01,DPA1*02:01:01:01,DPB1*17:01,0.0006077180188392585,4,23,0.00091,4,26,0.0,0,,0.0,0,,0.0,0,,0.0,0,,0.0,0,,0.0,0,,0.0,0,
A*02:01:01:01,C*07:01:01:01,B*08:01:01:01,DRB3*01:01:02:01,DRB1*03:01:01:01SG,DQA1*05:01:01:02,DQB1*02:01:01,DPA1*01:03:01:04,"[""DPB1*04:01:01:01"", ""DPB1*04:01:01:02""]",0.0006077180188392585,4,23,0.00091,4,26,0.0,0,,0.0,0,,0.0,0,,0.0,0,,0.0,0,,0.0,0,,0.0,0,
A*02:01:01:01,C*07:02:01:01,B*39:02:02,DRB5*02:02,DRB1*16:02:01:02,DQA1*05:05:01:05SG,DQB1*03:01:01:01,DPA1*01:03:01:05,DPB1*04:02:01:02,0.0006077180188392585,4,23,0.0,0,,0.0,0,,0.0,0,,0.0,0,,0.0,0,,0.01923,4,3,0.0,0,,0.0,0,
A*02:01:01:01,C*07:02:01:03,B*07:02:01,DRB4*01:03:01:02N,DRB1*07:01:01:01SG,DQA1*02:01:01:01SG,DQB1*03:03:02:01,DPA1*01:03:01:04,"[""DPB1*04:01:01:01"", ""DPB1*04:01:01:02""]",0.0006077180188392585,4,23,0.00091,4,26,0.0,0,,0.0,0,,0.0,0,,0.0,0,,0.0,0,,0.0,0,,0.0,0,
A*02:01:01:01,C*07:04:01:01,B*44:27:01,DRB5*02:02,DRB1*16:01:01,DQA1*01:02:02,DQB1*05:02:01,DPA1*01:03:01:04,"[""DPB1*04:01:01:01"", ""DPB1*04:01:01:02""]",0.0006077180188392585,4,23,0.00091,4,26,0.0,0,,0.0,0,,0.0,0,,0.0,0,,0.0,0,,0.0,0,,0.0,0,
A*02:01:01:01,C*08:02:01:01,B*14:02:01:01,Abs,DRB1*01:02:01,DQA1*01:01:02,DQB1*05:01:01:01,DPA1*01:03:01:02,"[""DPB1*04:01:01:01"", ""DPB1*04:01:01:02""]",0.0006077180188392585,4,23,0.00091,4,26,0.0,0,,0.0,0,,0.0,0,,0.0,0,,0.0,0,,0.0,0,,0.0,0,
A*02:01:01:01,C*12:02:02,B*52:01:01:02,DRB5*01:02,DRB1*15:02:01:01SG,DQA1*01:03:01:01,DQB1*06:01:01,DPA1*01:03:01:04,"[""DPB1*04:01:01:01"", ""DPB1*04:01:01:02""]",0.0006077180188392585,4,23,0.00091,4,26,0.0,0,,0.0,0,,0.0,0,,0.0,0,,0.0,0,,0.0,0,,0.0,0,
A*02:01:01:01,C*12:03:01:01,B*38:01:01,DRB3*01:01:02:01,DRB1*13:01:01:01SG,DQA1*01:03:01:02SG,DQB1*06:03:01,DPA1*01:03:01:04,"[""DPB1*04:01:01:01"", ""DPB1*04:01:01:02""]",0.0006077180188392585,4,23,0.0,0,,0.0,0,,0.0,0,,0.00472,2,7,0.00377,2,5,0.0,0,,0.0,0,,0.0,0,
A*02:01:01:01,C*15:02:01:01,B*51:01:01:01,Abs,DRB1*01:01:01,DQA1*01:01:01:02SG,DQB1*05:01:01:03,DPA1*01:03:01:04,"[""DPB1*04:01:01:01"", ""DPB1*04:01:01:02""]",0.0006077180188392585,4,23,0.00091,4,26,0.0,0,,0.0,0,,0.0,0,,0.0,0,,0.0,0,,0.0,0,,0.0,0,
A*02:05:01,C*06:02:01:02,B*50:01:01,"[""DRB4*01:03:01:01"", ""DRB4*01:03:01:01:03""]",DRB1*07:01:01:01SG,DQA1*02:01:01:01SG,DQB1*02:02:01:01,DPA1*01:03:01:04,"[""DPB1*04:01:01:01"", ""DPB1*04:01:01:02""]",0.0006077180188392585,4,23,0.00091,4,26,0.0,0,,0.0,0,,0.0,0,,0.0,0,,0.0,0,,0.0,0,,0.0,0,
A*03:01:01:01,C*04:01:01:01,B*35:03:01,Abs,DRB1*01:01:01,DQA1*01:01:01:02SG,DQB1*05:01:01:03,DPA1*01:03:01:02,"[""DPB1*04:01:01:01"", ""DPB1*04:01:01:02""]",0.0006077180188392585,4,23,0.00091,4,26,0.0,0,,0.0,0,,0.0,0,,0.0,0,,0.0,0,,0.0,0,,0.0,0,
A*03:01:01:01,C*07:02:01:03,B*07:02:01,Abs,DRB1*08:01:01,DQA1*04:01:01,DQB1*04:02:01,DPA1*01:03:01:02,"[""DPB1*04:01:01:01"", ""DPB1*04:01:01:02""]",0.0006077180188392585,4,23,0.00091,4,26,0.0,0,,0.0,0,,0.0,0,,0.0,0,,0.0,0,,0.0,0,,0.0,0,
A*03:01:01:01,C*07:02:01:03,B*07:02:01,DRB3*01:01:02:01,DRB1*13:01:01:01SG,DQA1*01:03:01:02SG,DQB1*06:03:01,DPA1*01:03:01:02,"[""DPB1*04:01:01:01"", ""DPB1*04:01:01:02""]",0.0006077180188392585,4,23,0.00091,4,26,0.0,0,,0.0,0,,0.0,0,,0.0,0,,0.0,0,,0.0,0,,0.0,0,
A*11:01:01:01,C*03:04:01:01,B*40:01:02,DRB3*03:01:01,DRB1*13:02:01,DQA1*01:02:01:04SG,DQB1*06:04:01,DPA1*01:03:01:04,"[""DPB1*04:01:01:01"", ""DPB1*04:01:01:02""]",0.0006077180188392585,4,23,0.00091,4,26,0.0,0,,0.0,0,,0.0,0,,0.0,0,,0.0,0,,0.0,0,,0.0,0,
A*11:01:01:01,C*12:02:02,B*52:01:01:02,DRB5*01:02,DRB1*15:02:01:01SG,DQA1*01:03:01:01,DQB1*06:01:01,DPA1*02:02:01,"[""DPB1*04:01:01:01"", ""DPB1*04:01:01:02""]",0.0006077180188392585,4,23,0.00091,4,26,0.0,0,,0.0,0,,0.0,0,,0.0,0,,0.0,0,,0.0,0,,0.0,0,
A*23:01:01,C*04:01:01:01,B*44:03:01:01,DRB4*01:01:01:01,DRB1*07:01:01:01SG,DQA1*02:01:01:01SG,DQB1*02:02:01:01,DPA1*01:03:01:05,DPB1*04:02:01:02,0.0006077180188392585,4,23,0.00091,4,26,0.0,0,,0.0,0,,0.0,0,,0.0,0,,0.0,0,,0.0,0,,0.0,0,
A*23:01:01,C*07:01:01:01,B*49:01:01,DRB3*02:02:01:02,DRB1*11:01:01:01,DQA1*05:05:01:01SG,DQB1*03:01:01:03,DPA1*01:03:01:02,"[""DPB1*04:01:01:01"", ""DPB1*04:01:01:02""]",0.0006077180188392585,4,23,0.00091,4,26,0.0,0,,0.0,0,,0.0,0,,0.0,0,,0.0,0,,0.0,0,,0.0,0,
A*24:02:01:01,C*03:03:01:01,B*15:01:01:01,DRB3*02:02:01:02,DRB1*13:01:01:01SG,DQA1*01:03:01:02SG,DQB1*06:03:01,DPA1*01:03:01:02,"[""DPB1*04:01:01:01"", ""DPB1*04:01:01:02""]",0.0006077180188392585,4,23,0.00091,4,26,0.0,0,,0.0,0,,0.0,0,,0.0,0,,0.0,0,,0.0,0,,0.0,0,
A*24:02:01:01,C*04:01:01:05,B*35:01:01:02,Abs,DRB1*01:03,DQA1*01:01:01:02SG,DQB1*05:01:01:03,DPA1*01:03:01:01,"[""DPB1*02:01:02"", ""DPB1*02:01:19""]",0.0006077180188392585,4,23,0.00091,4,26,0.0,0,,0.0,0,,0.0,0,,0.0,0,,0.0,0,,0.0,0,,0.0,0,
A*24:02:01:01,C*05:01:01:02,B*44:02:01:01,DRB3*02:02:01:02,DRB1*11:01:01:01,DQA1*05:05:01:01SG,DQB1*03:01:01:03,DPA1*01:03:01:02,"[""DPB1*04:01:01:01"", ""DPB1*04:01:01:02""]",0.0006077180188392585,4,23,0.00091,4,26,0.0,0,,0.0,0,,0.0,0,,0.0,0,,0.0,0,,0.0,0,,0.0,0,
A*24:02:01:01,C*07:02:01:03,B*07:02:01,DRB5*01:01:01,DRB1*15:01:01:01SG,DQA1*01:02:01:01SG,DQB1*06:02:01,DPA1*01:03:01:04,"[""DPB1*04:01:01:01"", ""DPB1*04:01:01:02""]",0.0006077180188392585,4,23,0.00091,4,26,0.0,0,,0.0,0,,0.0,0,,0.0,0,,0.0,0,,0.0,0,,0.0,0,
A*24:02:01:01,C*12:02:02,B*52:01:01:01,DRB5*01:02,DRB1*15:02:01:01SG,DQA1*01:03:01:01,DQB1*06:01:01,DPA1*01:03:01:01,"[""DPB1*02:01:02"", ""DPB1*02:01:19""]",0.0006077180188392585,4,23,0.0,0,,0.0,0,,0.0,0,,0.0,0,,0.0,0,,0.0,0,,0.05,4,1,0.0,0,
A*24:03:01:01,C*03:03:01:01,B*15:12,DRB3*03:01:03,DRB1*12:02:01,DQA1*06:01:01,DQB1*03:01:01:01,DPA1*02:02:05,DPB1*05:01:01,0.0006077180188392585,4,23,0.0,0,,0.0,0,,0.0,0,,0.0,0,,0.0,0,,0.0,0,,0.05,4,1,0.0,0,
A*26:01:01:01,C*04:01:01:06,B*35:01:01:02,"[""DRB4*01:03:01:01"", ""DRB4*01:03:01:01:03""]",DRB1*04:02:01,DQA1*03:01:01,DQB1*03:02:01,DPA1*01:03:01:02,"[""DPB1*04:01:01:01"", ""DPB1*04:01:01:02""]",0.0006077180188392585,4,23,0.00091,4,26,0.0,0,,0.0,0,,0.0,0,,0.0,0,,0.0,0,,0.0,0,,0.0,0,
A*26:01:01:01,C*12:03:01:01,B*38:01:01,DRB3*03:01:01,DRB1*13:02:01,DQA1*01:02:01:04SG,DQB1*06:09:01,DPA1*01:03:01:04,"[""DPB1*04:01:01:01"", ""DPB1*04:01:01:02""]",0.0006077180188392585,4,23,0.00091,4,26,0.0,0,,0.0,0,,0.0,0,,0.0,0,,0.0,0,,0.0,0,,0.0,0,
A*29:02:01:01,C*16:01:01:01,B*44:03:01:01,"[""DRB4*01:03:01:01"", ""DRB4*01:03:01:01:03""]",DRB1*07:01:01:01SG,DQA1*02:01:01:01SG,DQB1*02:02:01:01,DPA1*01:03:01:02,"[""DPB1*04:01:01:01"", ""DPB1*04:01:01:02""]",0.0006077180188392585,4,23,0.00091,4,26,0.0,0,,0.0,0,,0.0,0,,0.0,0,,0.0,0,,0.0,0,,0.0,0,
A*29:02:01:01,C*16:01:01:01,B*44:03:01:01,"[""DRB4*01:03:01:01"", ""DRB4*01:03:01:01:03""]",DRB1*07:01:01:01SG,DQA1*02:01:01:01SG,DQB1*02:02:01:01,DPA1*02:01:01:01,DPB1*11:01:01,0.0006077180188392585,4,23,0.00091,4,26,0.0,0,,0.0,0,,0.0,0,,0.0,0,,0.0,0,,0.0,0,,0.0,0,
A*31:01:02:01,C*03:04:01:01,B*40:01:02,"[""DRB4*01:03:01:01"", ""DRB4*01:03:01:01:03""]",DRB1*04:04:01,DQA1*03:01:01,DQB1*03:02:01,DPA1*01:03:01:03,DPB1*03:01:01,0.0006077180188392585,4,23,0.00091,4,26,0.0,0,,0.0,0,,0.0,0,,0.0,0,,0.0,0,,0.0,0,,0.0,0,
A*31:01:02:01,C*03:04:01:01,B*40:01:02,"[""DRB4*01:03:01:01"", ""DRB4*01:03:01:01:03""]",DRB1*04:04:01,DQA1*03:01:01,DQB1*03:02:01,DPA1*01:03:01:05,DPB1*04:02:01:02,0.0006077180188392585,4,23,0.00091,4,26,0.0,0,,0.0,0,,0.0,0,,0.0,0,,0.0,0,,0.0,0,,0.0,0,
A*31:01:02:01,C*05:01:01:02,B*44:02:01:01,"[""DRB4*01:03:01:01"", ""DRB4*01:03:01:01:03""]",DRB1*04:01:01:01SG,DQA1*03:03:01:01,DQB1*03:01:01:01,DPA1*01:03:01:04,"[""DPB1*04:01:01:01"", ""DPB1*04:01:01:02""]",0.0006077180188392585,4,23,0.00091,4,26,0.0,0,,0.0,0,,0.0,0,,0.0,0,,0.0,0,,0.0,0,,0.0,0,
A*32:01:01,C*08:02:01:02,B*14:01:01,DRB4*01:01:01:01,DRB1*07:01:01:01SG,DQA1*02:01:01:01SG,DQB1*02:02:01:01,DPA1*01:03:01:02,"[""DPB1*02:01:02"", ""DPB1*02:01:19""]",0.0006077180188392585,4,23,0.00046,2,28,0.0,0,,0.0,0,,0.00472,2,7,0.0,0,,0.0,0,,0.0,0,,0.0,0,
A*33:01:01,C*08:02:01:01,B*14:02:01:01,Abs,DRB1*01:02:01,DQA1*01:01:02,DQB1*05:01:01:01,DPA1*01:03:01:02,DPB1*104:01,0.0006077180188392585,4,23,0.00091,4,26,0.0,0,,0.0,0,,0.0,0,,0.0,0,,0.0,0,,0.0,0,,0.0,0,
A*36:01,C*04:01:01:01,B*53:01:01,DRB3*02:02:01:02,DRB1*11:01:02,DQA1*01:02:01:01SG,DQB1*06:02:01,DPA1*01:03:01:01,"[""DPB1*02:01:02"", ""DPB1*02:01:19""]",0.0006077180188392585,4,23,0.0,0,,0.00529,4,3,0.0,0,,0.0,0,,0.0,0,,0.0,0,,0.0,0,,0.0,0,
A*68:01:02:02,C*07:04:01:01,B*44:02:01:03,Abs,DRB1*01:01:01,DQA1*01:01:01:02SG,DQB1*05:01:01:03,DPA1*01:03:01:05,DPB1*04:02:01:02,0.0006077180188392585,4,23,0.00091,4,26,0.0,0,,0.0,0,,0.0,0,,0.0,0,,0.0,0,,0.0,0,,0.0,0,
A*68:01:02:02,C*07:04:01:01,B*44:02:01:03,DRB3*02:02:01:02,DRB1*11:01:01:01,DQA1*05:05:01:01SG,DQB1*03:01:01:03,DPA1*01:03:01:02,"[""DPB1*04:01:01:01"", ""DPB1*04:01:01:02""]",0.0006077180188392585,4,23,0.00091,4,26,0.0,0,,0.0,0,,0.0,0,,0.0,0,,0.0,0,,0.0,0,,0.0,0,
A*68:02:01:01,C*08:02:01:01,B*14:02:01:01,Abs,DRB1*01:02:01,DQA1*01:01:02,DQB1*05:01:01:01,DPA1*01:03:01:05,DPB1*04:02:01:02,0.0006077180188392585,4,23,0.00091,4,26,0.0,0,,0.0,0,,0.0,0,,0.0,0,,0.0,0,,0.0,0,,0.0,0,
A*01:01:01:01,C*03:03:01:01,B*15:01:01:01,"[""DRB4*01:03:01:01"", ""DRB4*01:03:01:01:03""]",DRB1*04:01:01:01SG,DQA1*03:01:01,DQB1*03:02:01,DPA1*01:03:01:05,DPB1*04:02:01:02,0.00045578851412944393,3,24,0.00068,3,27,0.0,0,,0.0,0,,0.0,0,,0.0,0,,0.0,0,,0.0,0,,0.0,0,
A*01:01:01:01,C*03:04:01:01,B*15:01:01:01,"[""DRB4*01:03:01:01"", ""DRB4*01:03:01:01:03""]",DRB1*04:01:01:01SG,DQA1*03:01:01,DQB1*03:02:01,DPA1*01:03:01:02,"[""DPB1*04:01:01:01"", ""DPB1*04:01:01:02""]",0.00045578851412944393,3,24,0.00068,3,27,0.0,0,,0.0,0,,0.0,0,,0.0,0,,0.0,0,,0.0,0,,0.0,0,
A*01:01:01:01,C*06:02:01:01,B*57:01:01,DRB5*01:01:01,DRB1*15:01:01:01SG,DQA1*01:02:01:01SG,DQB1*06:02:01,DPA1*01:03:01:02,"[""DPB1*04:01:01:01"", ""DPB1*04:01:01:02""]",0.00045578851412944393,3,24,0.00068,3,27,0.0,0,,0.0,0,,0.0,0,,0.0,0,,0.0,0,,0.0,0,,0.0,0,
A*01:01:01:01,C*07:01:01:01,B*08:01:01:01,DRB3*01:01:02:01,DRB1*03:01:01:01SG,DQA1*05:01:01:01,DQB1*02:01:01,DPA1*02:01:02,DPB1*01:01:01,0.00045578851412944393,3,24,0.00068,3,27,0.0,0,,0.0,0,,0.0,0,,0.0,0,,0.0,0,,0.0,0,,0.0,0,
A*01:01:01:01,C*07:01:01:01,B*08:01:01:01,DRB3*01:01:02:01,DRB1*03:01:01:01SG,DQA1*05:01:01:02,DQB1*02:01:01,DPA1*01:03:01:05,DPB1*04:02:01:01,0.00045578851412944393,3,24,0.00068,3,27,0.0,0,,0.0,0,,0.0,0,,0.0,0,,0.0,0,,0.0,0,,0.0,0,
A*01:01:01:01,C*07:01:01:01,B*08:01:01:01,DRB3*01:01:02:02,DRB1*03:01:01:01SG,DQA1*05:01:01:02,DQB1*02:01:01,DPA1*01:03:01:03,DPB1*03:01:01,0.00045578851412944393,3,24,0.00068,3,27,0.0,0,,0.0,0,,0.0,0,,0.0,0,,0.0,0,,0.0,0,,0.0,0,
A*01:01:01:01,C*07:01:01:01,B*08:01:01:01,DRB3*02:02:01:02,DRB1*11:01:01:01,DQA1*05:05:01:01SG,DQB1*03:01:01:03,DPA1*01:03:01:03,DPB1*03:01:01,0.00045578851412944393,3,24,0.00068,3,27,0.0,0,,0.0,0,,0.0,0,,0.0,0,,0.0,0,,0.0,0,,0.0,0,
A*01:01:01:01,C*07:01:01:01,B*08:01:01:01,"[""DRB4*01:03:01:01"", ""DRB4*01:03:01:01:03""]",DRB1*04:04:01,DQA1*03:01:01,DQB1*03:02:01,DPA1*01:03:01:04,"[""DPB1*04:01:01:01"", ""DPB1*04:01:01:02""]",0.00045578851412944393,3,24,0.00068,3,27,0.0,0,,0.0,0,,0.0,0,,0.0,0,,0.0,0,,0.0,0,,0.0,0,
A*01:01:01:01,C*07:02:01:03,B*07:02:01,Abs,DRB1*01:01:01,DQA1*01:01:01:02SG,DQB1*05:01:01:03,DPA1*01:03:01:02,"[""DPB1*04:01:01:01"", ""DPB1*04:01:01:02""]",0.00045578851412944393,3,24,0.00068,3,27,0.0,0,,0.0,0,,0.0,0,,0.0,0,,0.0,0,,0.0,0,,0.0,0,
A*01:01:01:01,C*07:18,B*58:01:01:01,DRB4*01:01:01:01,DRB1*07:01:01:01SG,DQA1*02:01:01:01SG,DQB1*02:02:01:01,DPA1*01:03:01:04,"[""DPB1*04:01:01:01"", ""DPB1*04:01:01:02""]",0.00045578851412944393,3,24,0.00068,3,27,0.0,0,,0.0,0,,0.0,0,,0.0,0,,0.0,0,,0.0,0,,0.0,0,
A*01:01:01:01,C*12:03:01:01,B*38:01:01,DRB3*01:01:02:01,DRB1*13:01:01:01SG,DQA1*01:03:01:02SG,DQB1*06:03:01,DPA1*01:03:01:03,DPB1*03:01:01,0.00045578851412944393,3,24,0.00068,3,27,0.0,0,,0.0,0,,0.0,0,,0.0,0,,0.0,0,,0.0,0,,0.0,0,
A*02:01:01:01,C*01:02:01,B*27:05:02,Abs,DRB1*01:01:01,DQA1*01:01:01:02SG,DQB1*05:01:01:03,DPA1*01:03:01:02,"[""DPB1*04:01:01:01"", ""DPB1*04:01:01:02""]",0.00045578851412944393,3,24,0.00068,3,27,0.0,0,,0.0,0,,0.0,0,,0.0,0,,0.0,0,,0.0,0,,0.0,0,
A*02:01:01:01,C*02:02:02:01,B*27:05:02,Abs,DRB1*01:01:01,DQA1*01:01:01:02SG,DQB1*05:01:01:03,DPA1*01:03:01:03,DPB1*03:01:01,0.00045578851412944393,3,24,0.00068,3,27,0.0,0,,0.0,0,,0.0,0,,0.0,0,,0.0,0,,0.0,0,,0.0,0,
A*02:01:01:01,C*02:02:02:01,B*27:05:02,"[""DRB4*01:03:01:01"", ""DRB4*01:03:01:01:03""]",DRB1*04:01:01:01SG,DQA1*03:01:01,DQB1*03:02:01,DPA1*01:03:01:04,"[""DPB1*04:01:01:01"", ""DPB1*04:01:01:02""]",0.00045578851412944393,3,24,0.00068,3,27,0.0,0,,0.0,0,,0.0,0,,0.0,0,,0.0,0,,0.0,0,,0.0,0,
A*02:01:01:01,C*02:02:02:01,B*51:01:01:01,DRB3*02:02:01:02,DRB1*11:01:01:01,DQA1*05:05:01:01SG,DQB1*03:01:01:03,DPA1*01:03:01:01,"[""DPB1*02:01:02"", ""DPB1*02:01:19""]",0.00045578851412944393,3,24,0.00068,3,27,0.0,0,,0.0,0,,0.0,0,,0.0,0,,0.0,0,,0.0,0,,0.0,0,
A*02:01:01:01,C*02:02:02:03,B*27:02:01,DRB5*02:02,DRB1*16:01:01,DQA1*01:02:02,DQB1*05:02:01,DPA1*01:03:01:05,DPB1*04:02:01:02,0.00045578851412944393,3,24,0.00068,3,27,0.0,0,,0.0,0,,0.0,0,,0.0,0,,0.0,0,,0.0,0,,0.0,0,
A*02:01:01:01,C*03:04:01:01,B*15:01:01:01,"[""DRB4*01:03:01:01"", ""DRB4*01:03:01:01:03""]",DRB1*04:01:01:01SG,DQA1*03:01:01,DQB1*03:02:01,DPA1*01:03:01:04,"[""DPB1*04:01:01:01"", ""DPB1*04:01:01:02""]",0.00045578851412944393,3,24,0.00068,3,27,0.0,0,,0.0,0,,0.0,0,,0.0,0,,0.0,0,,0.0,0,,0.0,0,
A*02:01:01:01,C*03:04:01:01,B*40:01:02,Abs,DRB1*01:01:01,DQA1*01:01:01:02SG,DQB1*05:01:01:03,DPA1*01:03:01:02,"[""DPB1*04:01:01:01"", ""DPB1*04:01:01:02""]",0.00045578851412944393,3,24,0.00068,3,27,0.0,0,,0.0,0,,0.0,0,,0.0,0,,0.0,0,,0.0,0,,0.0,0,
A*02:01:01:01,C*03:04:01:01,B*40:01:02,DRB3*03:01:01,DRB1*13:02:01,DQA1*01:02:01:04SG,DQB1*06:04:01,DPA1*01:03:01:05,DPB1*04:02:01:02,0.00045578851412944393,3,24,0.00068,3,27,0.0,0,,0.0,0,,0.0,0,,0.0,0,,0.0,0,,0.0,0,,0.0,0,
A*02:01:01:01,C*03:04:01:02,B*40:01:02,DRB3*02:02:01:02,DRB1*11:01:01:01,DQA1*05:05:01:01SG,DQB1*03:01:01:03,DPA1*01:03:01:02,"[""DPB1*04:01:01:01"", ""DPB1*04:01:01:02""]",0.00045578851412944393,3,24,0.00068,3,27,0.0,0,,0.0,0,,0.0,0,,0.0,0,,0.0,0,,0.0,0,,0.0,0,
A*02:01:01:01,C*04:01:01:01,B*35:03:01,DRB3*02:02:01:02,DRB1*11:01:01:01,DQA1*05:05:01:01SG,DQB1*03:01:01:03,DPA1*01:03:01:04,"[""DPB1*04:01:01:01"", ""DPB1*04:01:01:02""]",0.00045578851412944393,3,24,0.00068,3,27,0.0,0,,0.0,0,,0.0,0,,0.0,0,,0.0,0,,0.0,0,,0.0,0,
A*02:01:01:01,C*04:01:01:01,B*35:17:01,Abs,DRB1*08:02:01,DQA1*04:01:01,DQB1*04:02:01,DPA1*01:03:01:05,DPB1*04:02:01:02,0.00045578851412944393,3,24,0.0,0,,0.0,0,,0.0,0,,0.0,0,,0.0,0,,0.01442,3,4,0.0,0,,0.0,0,
A*02:01:01:01,C*04:01:01:06,B*35:02:01,DRB3*02:02:01:02,DRB1*11:04:01,DQA1*05:05:01:01SG,DQB1*03:01:01:02,DPA1*01:03:01:05,DPB1*04:02:01:02,0.00045578851412944393,3,24,0.00068,3,27,0.0,0,,0.0,0,,0.0,0,,0.0,0,,0.0,0,,0.0,0,,0.0,0,
A*02:01:01:01,C*04:01:01:06,B*51:01:01:01,Abs,DRB1*08:01:01,DQA1*04:01:01,DQB1*04:02:01,DPA1*01:03:01:03,DPB1*03:01:01,0.00045578851412944393,3,24,0.00068,3,27,0.0,0,,0.0,0,,0.0,0,,0.0,0,,0.0,0,,0.0,0,,0.0,0,
A*02:01:01:01,C*05:01:01:02,B*44:02:01:01,Abs,DRB1*01:01:01,DQA1*01:01:01:02SG,DQB1*05:01:01:03,DPA1*01:03:01:02,"[""DPB1*04:01:01:01"", ""DPB1*04:01:01:02""]",0.00045578851412944393,3,24,0.00068,3,27,0.0,0,,0.0,0,,0.0,0,,0.0,0,,0.0,0,,0.0,0,,0.0,0,
A*02:01:01:01,C*05:01:01:02,B*44:02:01:01,Abs,DRB1*08:01:01,DQA1*04:01:01,DQB1*04:02:01,DPA1*01:03:01:02,"[""DPB1*04:01:01:01"", ""DPB1*04:01:01:02""]",0.00045578851412944393,3,24,0.00068,3,27,0.0,0,,0.0,0,,0.0,0,,0.0,0,,0.0,0,,0.0,0,,0.0,0,
A*02:01:01:01,C*05:01:01:02,B*44:02:01:01,Abs,DRB1*08:01:01,DQA1*04:01:01,DQB1*04:02:01,DPA1*01:03:01:03,DPB1*03:01:01,0.00045578851412944393,3,24,0.00068,3,27,0.0,0,,0.0,0,,0.0,0,,0.0,0,,0.0,0,,0.0,0,,0.0,0,
A*02:01:01:01,C*05:01:01:02,B*44:02:01:01,DRB3*01:01:02:01,DRB1*13:01:01:01SG,DQA1*01:03:01:02SG,DQB1*06:03:01,DPA1*01:03:01:01,"[""DPB1*02:01:02"", ""DPB1*02:01:19""]",0.00045578851412944393,3,24,0.00068,3,27,0.0,0,,0.0,0,,0.0,0,,0.0,0,,0.0,0,,0.0,0,,0.0,0,
A*02:01:01:01,C*05:01:01:02,B*44:02:01:01,DRB3*02:02:01:02,DRB1*12:01:01:03,DQA1*05:05:01:05SG,DQB1*03:01:01:01,DPA1*01:03:01:02,"[""DPB1*04:01:01:01"", ""DPB1*04:01:01:02""]",0.00045578851412944393,3,24,0.00068,3,27,0.0,0,,0.0,0,,0.0,0,,0.0,0,,0.0,0,,0.0,0,,0.0,0,
A*02:01:01:01,C*05:01:01:02,B*44:02:01:01,"[""DRB4*01:03:01:01"", ""DRB4*01:03:01:01:03""]",DRB1*04:01:01:01SG,DQA1*03:03:01:01,DQB1*03:01:01:01,DPA1*01:04,DPB1*15:01:01,0.00045578851412944393,3,24,0.00068,3,27,0.0,0,,0.0,0,,0.0,0,,0.0,0,,0.0,0,,0.0,0,,0.0,0,
A*02:01:01:01,C*05:01:01:02,B*44:02:01:01,"[""DRB4*01:03:01:01"", ""DRB4*01:03:01:01:03""]",DRB1*07:01:01:01SG,DQA1*02:01:01:01SG,DQB1*02:02:01:01,DPA1*01:03:01:02,"[""DPB1*02:01:02"", ""DPB1*02:01:19""]",0.00045578851412944393,3,24,0.00068,3,27,0.0,0,,0.0,0,,0.0,0,,0.0,0,,0.0,0,,0.0,0,,0.0,0,
A*02:01:01:01,C*06:02:01:01,B*37:01:01,DRB3*02:02:01:02,DRB1*11:01:01:01,DQA1*05:05:01:01SG,DQB1*03:01:01:03,DPA1*01:03:01:02,"[""DPB1*04:01:01:01"", ""DPB1*04:01:01:02""]",0.00045578851412944393,3,24,0.00068,3,27,0.0,0,,0.0,0,,0.0,0,,0.0,0,,0.0,0,,0.0,0,,0.0,0,
A*02:01:01:01,C*06:02:01:01,B*57:01:01,DRB4*01:03:01:02N,DRB1*07:01:01:01SG,DQA1*02:01:01:01SG,DQB1*03:03:02:01,DPA1*01:03:01:01,"[""DPB1*04:01:01:01"", ""DPB1*04:01:01:02""]",0.00045578851412944393,3,24,0.0,0,,0.0,0,,0.0,0,,0.00708,3,6,0.0,0,,0.0,0,,0.0,0,,0.0,0,
A*02:01:01:01,C*07:01:01:01,B*18:01:01:02,DRB3*02:02:01:02,DRB1*11:04:01,DQA1*05:05:01:01SG,DQB1*03:01:01:02,DPA1*01:03:01:05,DPB1*04:02:01:01,0.00045578851412944393,3,24,0.0,0,,0.0,0,,0.0,0,,0.00708,3,6,0.0,0,,0.0,0,,0.0,0,,0.0,0,
A*02:01:01:01,C*07:01:01:01,B*18:01:01:02,DRB3*02:02:01:02,DRB1*11:04:01,DQA1*05:05:01:01SG,DQB1*03:01:01:03,DPA1*01:03:01:04,"[""DPB1*04:01:01:01"", ""DPB1*04:01:01:02""]",0.00045578851412944393,3,24,0.00068,3,27,0.0,0,,0.0,0,,0.0,0,,0.0,0,,0.0,0,,0.0,0,,0.0,0,
A*02:01:01:01,C*07:02:01:03,B*07:02:01,Abs,DRB1*01:01:01,DQA1*01:01:01:02SG,DQB1*05:01:01:03,DPA1*01:03:01:01,"[""DPB1*02:01:02"", ""DPB1*02:01:19""]",0.00045578851412944393,3,24,0.00068,3,27,0.0,0,,0.0,0,,0.0,0,,0.0,0,,0.0,0,,0.0,0,,0.0,0,
A*02:01:01:01,C*07:02:01:03,B*07:02:01,DRB3*02:02:01:01,DRB1*14:54:01,DQA1*01:04:01:01SG,"[""DQB1*05:03:01:01"", ""DQB1*05:03:01:02""]",DPA1*01:03:01:01,"[""DPB1*02:01:02"", ""DPB1*02:01:19""]",0.00045578851412944393,3,24,0.00068,3,27,0.0,0,,0.0,0,,0.0,0,,0.0,0,,0.0,0,,0.0,0,,0.0,0,
A*02:01:01:01,C*07:02:01:03,B*07:02:01,DRB3*03:01:01,DRB1*13:02:01,DQA1*01:02:01:04SG,DQB1*06:04:01,DPA1*01:03:01:03,DPB1*03:01:01,0.00045578851412944393,3,24,0.00068,3,27,0.0,0,,0.0,0,,0.0,0,,0.0,0,,0.0,0,,0.0,0,,0.0,0,
A*02:01:01:01,C*07:02:01:03,B*07:02:01,DRB4*01:01:01:01,DRB1*07:01:01:01SG,DQA1*02:01:01:01SG,DQB1*02:02:01:01,DPA1*01:03:01:02,"[""DPB1*04:01:01:01"", ""DPB1*04:01:01:02""]",0.00045578851412944393,3,24,0.00068,3,27,0.0,0,,0.0,0,,0.0,0,,0.0,0,,0.0,0,,0.0,0,,0.0,0,
A*02:01:01:01,C*07:02:01:03,B*07:02:01,DRB5*01:01:01,DRB1*15:01:01:01SG,DQA1*01:02:01:01SG,DQB1*05:02:01,DPA1*01:03:01:02,DPB1*104:01,0.00045578851412944393,3,24,0.0,0,,0.0,0,,0.0,0,,0.0,0,,0.0,0,,0.01442,3,4,0.0,0,,0.0,0,
A*02:01:01:01,C*07:02:01:03,B*07:02:01,DRB5*01:01:01,DRB1*15:01:01:01SG,DQA1*01:02:01:01SG,DQB1*06:02:01,DPA1*01:03:01:01,"[""DPB1*02:01:02"", ""DPB1*02:01:19""]",0.00045578851412944393,3,24,0.0,0,,0.0,0,,0.0,0,,0.00708,3,6,0.0,0,,0.0,0,,0.0,0,,0.0,0,
A*02:01:01:01,C*07:02:01:03,B*07:02:01,DRB5*01:01:01,DRB1*15:01:01:01SG,DQA1*01:02:01:01SG,DQB1*06:02:01,DPA1*01:03:01:04,DPB1*23:01:01,0.00045578851412944393,3,24,0.00068,3,27,0.0,0,,0.0,0,,0.0,0,,0.0,0,,0.0,0,,0.0,0,,0.0,0,
A*02:01:01:01,C*07:04:01:01,B*44:02:01:03,DRB3*02:02:01:02,DRB1*11:01:01:01,DQA1*05:05:01:01SG,DQB1*03:01:01:03,DPA1*01:03:01:02,"[""DPB1*04:01:01:01"", ""DPB1*04:01:01:02""]",0.00045578851412944393,3,24,0.00068,3,27,0.0,0,,0.0,0,,0.0,0,,0.0,0,,0.0,0,,0.0,0,,0.0,0,
A*02:01:01:01,C*07:04:01:01,B*44:27:01,DRB5*02:02,DRB1*16:01:01,DQA1*01:02:02,DQB1*05:02:01,DPA1*01:03:01:01,"[""DPB1*02:01:02"", ""DPB1*02:01:19""]",0.00045578851412944393,3,24,0.00068,3,27,0.0,0,,0.0,0,,0.0,0,,0.0,0,,0.0,0,,0.0,0,,0.0,0,
A*02:01:01:01,C*12:03:01:01,B*38:01:01,DRB3*01:01:02:01,DRB1*13:01:01:01SG,DQA1*01:03:01:02SG,DQB1*06:03:01,DPA1*01:03:01:02,"[""DPB1*04:01:01:01"", ""DPB1*04:01:01:02""]",0.00045578851412944393,3,24,0.00068,3,27,0.0,0,,0.0,0,,0.0,0,,0.0,0,,0.0,0,,0.0,0,,0.0,0,
A*02:01:01:01,C*16:01:01:01,B*44:03:01:01,DRB4*01:01:01:01,DRB1*07:01:01:01SG,DQA1*02:01:01:01SG,DQB1*03:01:01:03,DPA1*01:03:01:02,"[""DPB1*04:01:01:01"", ""DPB1*04:01:01:02""]",0.00045578851412944393,3,24,0.00068,3,27,0.0,0,,0.0,0,,0.0,0,,0.0,0,,0.0,0,,0.0,0,,0.0,0,
A*02:01:01:01,C*16:01:01:01,B*44:03:01:01,DRB4*01:01:01:01,DRB1*07:01:01:01SG,DQA1*02:01:01:01SG,DQB1*04:02:01,DPA1*02:01:08,DPB1*01:01:01,0.00045578851412944393,3,24,0.00068,3,27,0.0,0,,0.0,0,,0.0,0,,0.0,0,,0.0,0,,0.0,0,,0.0,0,
A*02:06:01:01,C*07:02:01:01,B*39:05:01,"[""DRB4*01:03:01:01"", ""DRB4*01:03:01:01:03""]",DRB1*04:07:01,DQA1*03:01:01,DQB1*03:02:01,DPA1*01:03:01:05,DPB1*04:02:01:02,0.00045578851412944393,3,24,0.0,0,,0.0,0,,0.0,0,,0.0,0,,0.0,0,,0.01442,3,4,0.0,0,,0.0,0,
A*02:06:01:01,C*08:01:01,B*40:06:01:01,DRB4*01:03:02,DRB1*09:01:02,DQA1*03:02,"[""DQB1*03:03:02:02"", ""DQB1*03:03:02:03""]",DPA1*02:01:01:02,DPB1*09:01:01,0.00045578851412944393,3,24,0.0,0,,0.0,0,,0.0,0,,0.0,0,,0.0,0,,0.0,0,,0.0375,3,2,0.0,0,
A*03:01:01:01,C*01:02:01,B*51:01:01:01,Abs,DRB1*01:01:01,DQA1*01:01:01:02SG,DQB1*05:01:01:03,DPA1*01:03:01:02,"[""DPB1*04:01:01:01"", ""DPB1*04:01:01:02""]",0.00045578851412944393,3,24,0.00068,3,27,0.0,0,,0.0,0,,0.0,0,,0.0,0,,0.0,0,,0.0,0,,0.0,0,
A*03:01:01:01,C*01:02:01,B*51:01:01:01,Abs,DRB1*01:01:01,DQA1*01:01:01:02SG,DQB1*05:01:01:03,DPA1*01:03:01:03,DPB1*03:01:01,0.00045578851412944393,3,24,0.00068,3,27,0.0,0,,0.0,0,,0.0,0,,0.0,0,,0.0,0,,0.0,0,,0.0,0,
A*03:01:01:01,C*02:02:02:01,B*51:01:01:01,Abs,DRB1*01:01:01,DQA1*01:01:01:02SG,DQB1*05:01:01:03,DPA1*01:03:01:05,DPB1*04:02:01:02,0.00045578851412944393,3,24,0.00068,3,27,0.0,0,,0.0,0,,0.0,0,,0.0,0,,0.0,0,,0.0,0,,0.0,0,
A*03:01:01:01,C*03:04:01:01,B*40:01:02,DRB3*03:01:01,DRB1*13:02:01,DQA1*01:02:01:04SG,DQB1*06:04:01,DPA1*01:03:01:04,"[""DPB1*04:01:01:01"", ""DPB1*04:01:01:02""]",0.00045578851412944393,3,24,0.00068,3,27,0.0,0,,0.0,0,,0.0,0,,0.0,0,,0.0,0,,0.0,0,,0.0,0,
A*03:01:01:01,C*03:04:01:01,B*40:01:02,"[""DRB4*01:03:01:01"", ""DRB4*01:03:01:01:03""]",DRB1*04:01:01:01SG,DQA1*03:01:01,DQB1*03:02:01,DPA1*01:03:01:02,"[""DPB1*04:01:01:01"", ""DPB1*04:01:01:02""]",0.00045578851412944393,3,24,0.00068,3,27,0.0,0,,0.0,0,,0.0,0,,0.0,0,,0.0,0,,0.0,0,,0.0,0,
A*03:01:01:01,C*04:01:01:01,B*35:01:01:02,Abs,DRB1*01:01:01,DQA1*01:01:01:02SG,DQB1*05:01:01:03,DPA1*01:03:01:01,"[""DPB1*02:01:02"", ""DPB1*02:01:19""]",0.00045578851412944393,3,24,0.00068,3,27,0.0,0,,0.0,0,,0.0,0,,0.0,0,,0.0,0,,0.0,0,,0.0,0,
A*03:01:01:01,C*04:01:01:01,B*35:01:01:02,Abs,DRB1*01:01:01,DQA1*01:01:01:02SG,DQB1*05:01:01:03,DPA1*01:03:01:04,"[""DPB1*04:01:01:01"", ""DPB1*04:01:01:02""]",0.00045578851412944393,3,24,0.00068,3,27,0.0,0,,0.0,0,,0.0,0,,0.0,0,,0.0,0,,0.0,0,,0.0,0,
A*03:01:01:01,C*05:01:01:02,B*44:02:01:01,Abs,DRB1*01:01:01,DQA1*01:01:01:02SG,DQB1*05:01:01:03,DPA1*01:03:01:02,"[""DPB1*04:01:01:01"", ""DPB1*04:01:01:02""]",0.00045578851412944393,3,24,0.00068,3,27,0.0,0,,0.0,0,,0.0,0,,0.0,0,,0.0,0,,0.0,0,,0.0,0,
A*03:01:01:01,C*07:01:01:01,B*07:02:01,DRB5*01:01:01,DRB1*15:01:01:01SG,DQA1*01:02:01:01SG,DQB1*06:02:01,DPA1*01:03:01:02,"[""DPB1*04:01:01:01"", ""DPB1*04:01:01:02""]",0.00045578851412944393,3,24,0.00068,3,27,0.0,0,,0.0,0,,0.0,0,,0.0,0,,0.0,0,,0.0,0,,0.0,0,
A*03:01:01:01,C*07:02:01:03,B*07:02:01,Abs,DRB1*01:01:01,DQA1*01:01:01:02SG,DQB1*05:01:01:03,DPA1*01:03:01:04,"[""DPB1*04:01:01:01"", ""DPB1*04:01:01:02""]",0.00045578851412944393,3,24,0.00068,3,27,0.0,0,,0.0,0,,0.0,0,,0.0,0,,0.0,0,,0.0,0,,0.0,0,
A*03:01:01:01,C*07:02:01:03,B*07:02:01,DRB3*01:01:02:01,DRB1*03:01:01:01SG,DQA1*05:01:01:02,DQB1*02:01:01,DPA1*02:01:02,DPB1*01:01:01,0.00045578851412944393,3,24,0.00068,3,27,0.0,0,,0.0,0,,0.0,0,,0.0,0,,0.0,0,,0.0,0,,0.0,0,
A*03:01:01:01,C*07:02:01:03,B*07:02:01,DRB3*02:02:01:02,DRB1*11:01:01:01,DQA1*05:05:01:01SG,DQB1*03:01:01:03,DPA1*01:03:01:04,"[""DPB1*04:01:01:01"", ""DPB1*04:01:01:02""]",0.00045578851412944393,3,24,0.00068,3,27,0.0,0,,0.0,0,,0.0,0,,0.0,0,,0.0,0,,0.0,0,,0.0,0,
A*03:01:01:01,C*07:02:01:03,B*07:02:01,DRB3*02:02:01:02,DRB1*11:04:01,DQA1*05:05:01:01SG,DQB1*03:01:01:03,DPA1*01:04,DPB1*15:01:01,0.00045578851412944393,3,24,0.00068,3,27,0.0,0,,0.0,0,,0.0,0,,0.0,0,,0.0,0,,0.0,0,,0.0,0,
A*03:01:01:01,C*07:02:01:03,B*07:02:01,"[""DRB4*01:03:01:01"", ""DRB4*01:03:01:01:03""]",DRB1*04:01:01:01SG,DQA1*03:01:01,DQB1*03:02:01,DPA1*01:03:01:02,"[""DPB1*04:01:01:01"", ""DPB1*04:01:01:02""]",0.00045578851412944393,3,24,0.00068,3,27,0.0,0,,0.0,0,,0.0,0,,0.0,0,,0.0,0,,0.0,0,,0.0,0,
A*03:01:01:01,C*07:02:01:03,B*07:02:01,"[""DRB4*01:03:01:01"", ""DRB4*01:03:01:01:03""]",DRB1*04:04:01,DQA1*03:01:01,DQB1*03:02:01,DPA1*01:03:01:03,DPB1*06:01:01,0.00045578851412944393,3,24,0.00068,3,27,0.0,0,,0.0,0,,0.0,0,,0.0,0,,0.0,0,,0.0,0,,0.0,0,
A*03:01:01:01,C*08:02:01:01,B*14:02:01:01,Abs,DRB1*01:02:01,DQA1*01:01:02,DQB1*05:01:01:01,DPA1*01:03:01:01,"[""DPB1*02:01:02"", ""DPB1*02:01:19""]",0.00045578851412944393,3,24,0.00068,3,27,0.0,0,,0.0,0,,0.0,0,,0.0,0,,0.0,0,,0.0,0,,0.0,0,
A*03:01:01:01,C*16:01:01:01,B*44:03:01:01,DRB4*01:01:01:01,DRB1*07:01:01:01SG,DQA1*02:01:01:01SG,DQB1*02:02:01:01,DPA1*01:03:01:01,"[""DPB1*02:01:02"", ""DPB1*02:01:19""]",0.00045578851412944393,3,24,0.00068,3,27,0.0,0,,0.0,0,,0.0,0,,0.0,0,,0.0,0,,0.0,0,,0.0,0,
A*03:01:01:01,C*17:03,B*41:02:01,DRB3*01:01:02:01,DRB1*13:03:01,DQA1*05:05:01:01SG,DQB1*03:01:01:03,DPA1*01:03:01:05,DPB1*04:02:01:02,0.00045578851412944393,3,24,0.00068,3,27,0.0,0,,0.0,0,,0.0,0,,0.0,0,,0.0,0,,0.0,0,,0.0,0,
A*03:01:01:05,C*06:02:01:01,B*47:01:01:03,DRB4*01:01:01:01,DRB1*07:01:01:01SG,DQA1*02:01:01:01SG,DQB1*02:02:01:01,DPA1*01:03:01:03,DPB1*06:01:01,0.00045578851412944393,3,24,0.00068,3,27,0.0,0,,0.0,0,,0.0,0,,0.0,0,,0.0,0,,0.0,0,,0.0,0,
A*11:01:01:01,C*01:02:01,B*27:05:02,Abs,DRB1*01:01:01,DQA1*01:01:01:02SG,DQB1*05:01:01:03,DPA1*01:03:01:04,"[""DPB1*04:01:01:01"", ""DPB1*04:01:01:02""]",0.00045578851412944393,3,24,0.00068,3,27,0.0,0,,0.0,0,,0.0,0,,0.0,0,,0.0,0,,0.0,0,,0.0,0,
A*11:01:01:01,C*02:02:02:01,B*27:05:02,DRB3*02:02:01:02,DRB1*13:01:01:01SG,DQA1*01:03:01:02SG,DQB1*06:03:01,DPA1*01:03:01:05,DPB1*04:02:01:02,0.00045578851412944393,3,24,0.0,0,,0.0,0,,0.0,0,,0.0,0,,0.0,0,,0.01442,3,4,0.0,0,,0.0,0,
A*11:01:01:01,C*04:01:01:01,B*15:01:01:01,"[""DRB4*01:03:01:01"", ""DRB4*01:03:01:01:03""]",DRB1*04:06:01,DQA1*03:01:01,DQB1*03:02:01,DPA1*02:02:02,DPB1*05:01:01,0.00045578851412944393,3,24,0.0,0,,0.0,0,,0.0,0,,0.0,0,,0.0,0,,0.0,0,,0.0375,3,2,0.0,0,
A*11:01:01:01,C*04:01:01:01,B*35:01:01:02,Abs,DRB1*01:01:01,DQA1*01:01:01:02SG,DQB1*05:01:01:03,DPA1*01:03:01:03,DPB1*03:01:01,0.00045578851412944393,3,24,0.00068,3,27,0.0,0,,0.0,0,,0.0,0,,0.0,0,,0.0,0,,0.0,0,,0.0,0,
A*11:01:01:01,C*04:01:01:05,B*35:01:01:02,Abs,DRB1*01:01:01,DQA1*01:01:01:02SG,DQB1*05:01:01:03,DPA1*01:03:01:02,"[""DPB1*04:01:01:01"", ""DPB1*04:01:01:02""]",0.00045578851412944393,3,24,0.00068,3,27,0.0,0,,0.0,0,,0.0,0,,0.0,0,,0.0,0,,0.0,0,,0.0,0,
A*11:01:01:01,C*04:01:01:05,B*35:01:01:02,Abs,DRB1*01:03,DQA1*01:01:01:02SG,DQB1*05:01:01:03,DPA1*01:03:01:05,DPB1*04:02:01:02,0.00045578851412944393,3,24,0.00068,3,27,0.0,0,,0.0,0,,0.0,0,,0.0,0,,0.0,0,,0.0,0,,0.0,0,
A*11:01:01:01,C*04:01:01:05,B*35:01:01:02,"[""DRB4*01:03:01:01"", ""DRB4*01:03:01:01:03""]",DRB1*04:07:01,DQA1*03:03:01:01,DQB1*03:01:01:01,DPA1*01:03:01:03,DPB1*03:01:01,0.00045578851412944393,3,24,0.00068,3,27,0.0,0,,0.0,0,,0.0,0,,0.0,0,,0.0,0,,0.0,0,,0.0,0,
A*11:01:01:01,C*05:01:01:01,B*18:01:01:01,DRB3*02:02:01:01,DRB1*03:01:01:01SG,DQA1*05:01:01:01,DQB1*02:01:01,DPA1*01:03:01:04,"[""DPB1*04:01:01:01"", ""DPB1*04:01:01:02""]",0.00045578851412944393,3,24,0.00068,3,27,0.0,0,,0.0,0,,0.0,0,,0.0,0,,0.0,0,,0.0,0,,0.0,0,
A*11:01:01:01,C*05:01:01:02,B*44:02:01:01,Abs,DRB1*01:01:01,DQA1*01:01:01:02SG,DQB1*05:01:01:03,DPA1*01:03:01:04,"[""DPB1*04:01:01:01"", ""DPB1*04:01:01:02""]",0.00045578851412944393,3,24,0.00068,3,27,0.0,0,,0.0,0,,0.0,0,,0.0,0,,0.0,0,,0.0,0,,0.0,0,
A*11:01:01:01,C*12:02:02,B*52:01:01:02,DRB3*03:01:01,DRB1*13:02:01,DQA1*01:02:01:04SG,DQB1*06:09:01,DPA1*01:03:01:04,"[""DPB1*04:01:01:01"", ""DPB1*04:01:01:02""]",0.00045578851412944393,3,24,0.00068,3,27,0.0,0,,0.0,0,,0.0,0,,0.0,0,,0.0,0,,0.0,0,,0.0,0,
A*11:01:01:01,C*12:02:02,B*52:01:01:02,DRB5*01:02,DRB1*15:02:01:01SG,DQA1*01:03:01:01,DQB1*06:01:01,DPA1*01:03:01:02,"[""DPB1*04:01:01:01"", ""DPB1*04:01:01:02""]",0.00045578851412944393,3,24,0.00068,3,27,0.0,0,,0.0,0,,0.0,0,,0.0,0,,0.0,0,,0.0,0,,0.0,0,
A*23:01:01,C*04:01:01:01,B*44:03:01:01,DRB4*01:01:01:01,DRB1*07:01:01:01SG,DQA1*02:01:01:01SG,DQB1*02:02:01:01,DPA1*01:03:01:02,"[""DPB1*04:01:01:01"", ""DPB1*04:01:01:02""]",0.00045578851412944393,3,24,0.00068,3,27,0.0,0,,0.0,0,,0.0,0,,0.0,0,,0.0,0,,0.0,0,,0.0,0,
A*23:01:01,C*04:01:01:01,B*44:03:01:01,DRB4*01:01:01:01,DRB1*07:01:01:01SG,DQA1*02:01:01:01SG,DQB1*02:02:01:01,DPA1*01:03:01:04,"[""DPB1*04:01:01:01"", ""DPB1*04:01:01:02""]",0.00045578851412944393,3,24,0.00068,3,27,0.0,0,,0.0,0,,0.0,0,,0.0,0,,0.0,0,,0.0,0,,0.0,0,
A*23:01:01,C*07:01:01:01,B*49:01:01,DRB3*02:02:01:02,DRB1*11:04:01,DQA1*05:05:01:01SG,DQB1*03:01:01:03,DPA1*01:03:01:04,"[""DPB1*04:01:01:01"", ""DPB1*04:01:01:02""]",0.00045578851412944393,3,24,0.00068,3,27,0.0,0,,0.0,0,,0.0,0,,0.0,0,,0.0,0,,0.0,0,,0.0,0,
A*24:02:01:01,C*04:01:01:01,B*35:14:01,DRB5*02:02,DRB1*16:02:01:02,DQA1*05:05:01:05SG,DQB1*03:01:01:01,DPA1*01:03:01:05,DPB1*04:02:01:02,0.00045578851412944393,3,24,0.0,0,,0.0,0,,0.0,0,,0.0,0,,0.0,0,,0.01442,3,4,0.0,0,,0.0,0,
A*24:02:01:01,C*04:01:01:06,B*35:08:01,"[""DRB4*01:03:01:01"", ""DRB4*01:03:01:01:03""]",DRB1*04:03:01,DQA1*03:01:01,DQB1*03:02:01,DPA1*01:03:01:01,"[""DPB1*02:01:02"", ""DPB1*02:01:19""]",0.00045578851412944393,3,24,0.00068,3,27,0.0,0,,0.0,0,,0.0,0,,0.0,0,,0.0,0,,0.0,0,,0.0,0,
A*24:02:01:01,C*07:01:01:01,B*08:01:01:01,DRB3*01:01:02:01,DRB1*03:01:01:01SG,DQA1*05:01:01:02,DQB1*02:01:01,DPA1*02:01:02,DPB1*01:01:01,0.00045578851412944393,3,24,0.00068,3,27,0.0,0,,0.0,0,,0.0,0,,0.0,0,,0.0,0,,0.0,0,,0.0,0,
A*24:02:01:01,C*07:02:01:03,B*07:02:01,Abs,DRB1*01:01:01,DQA1*01:01:01:02SG,DQB1*05:01:01:03,DPA1*01:03:01:02,"[""DPB1*04:01:01:01"", ""DPB1*04:01:01:02""]",0.00045578851412944393,3,24,0.00068,3,27,0.0,0,,0.0,0,,0.0,0,,0.0,0,,0.0,0,,0.0,0,,0.0,0,
A*25:01:01,C*12:03:01:01,B*18:01:01:02,Abs,DRB1*01:01:01,DQA1*01:01:01:02SG,DQB1*05:01:01:03,DPA1*01:03:01:05,DPB1*04:02:01:02,0.00045578851412944393,3,24,0.00068,3,27,0.0,0,,0.0,0,,0.0,0,,0.0,0,,0.0,0,,0.0,0,,0.0,0,
A*25:01:01,C*12:03:01:01,B*18:01:01:02,DRB5*01:01:01,DRB1*15:01:01:01SG,DQA1*01:02:01:01SG,DQB1*06:02:01,DPA1*01:03:01:01,"[""DPB1*02:01:02"", ""DPB1*02:01:19""]",0.00045578851412944393,3,24,0.00068,3,27,0.0,0,,0.0,0,,0.0,0,,0.0,0,,0.0,0,,0.0,0,,0.0,0,
A*25:01:01,C*12:03:01:01,B*18:01:01:02,DRB5*01:01:01,DRB1*15:01:01:01SG,DQA1*01:02:01:01SG,DQB1*06:02:01,DPA1*01:03:01:05,DPB1*04:02:01:02,0.00045578851412944393,3,24,0.00068,3,27,0.0,0,,0.0,0,,0.0,0,,0.0,0,,0.0,0,,0.0,0,,0.0,0,
A*26:01:01:01,C*12:03:01:01,B*38:01:01,DRB3*01:01:02:01,DRB1*13:01:01:01SG,DQA1*01:03:01:02SG,DQB1*06:03:01,DPA1*01:03:01:01,"[""DPB1*02:01:02"", ""DPB1*02:01:19""]",0.00045578851412944393,3,24,0.00068,3,27,0.0,0,,0.0,0,,0.0,0,,0.0,0,,0.0,0,,0.0,0,,0.0,0,
A*26:01:01:01,C*12:03:01:01,B*38:01:01,DRB3*02:02:01:02,DRB1*11:01:01:01,DQA1*05:05:01:01SG,DQB1*03:01:01:03,DPA1*01:03:01:01,"[""DPB1*02:01:02"", ""DPB1*02:01:19""]",0.00045578851412944393,3,24,0.00068,3,27,0.0,0,,0.0,0,,0.0,0,,0.0,0,,0.0,0,,0.0,0,,0.0,0,
A*29:01:01:01,C*15:05:02,B*07:05:01:01,Abs,DRB1*10:01:01:01,DQA1*01:05:01,DQB1*05:01:01:02,DPA1*01:03:01:01,"[""DPB1*02:01:02"", ""DPB1*02:01:19""]",0.00045578851412944393,3,24,0.00068,3,27,0.0,0,,0.0,0,,0.0,0,,0.0,0,,0.0,0,,0.0,0,,0.0,0,
A*29:02:01:01,C*16:01:01:01,B*44:03:01:01,DRB4*01:01:01:01,DRB1*07:01:01:01SG,DQA1*02:01:01:01SG,DQB1*02:02:01:01,DPA1*01:03:01:01,"[""DPB1*02:01:02"", ""DPB1*02:01:19""]",0.00045578851412944393,3,24,0.00068,3,27,0.0,0,,0.0,0,,0.0,0,,0.0,0,,0.0,0,,0.0,0,,0.0,0,
A*29:02:01:02,C*18:01,B*81:01,Abs,DRB1*08:04:01,DQA1*04:01:02:02,DQB1*04:02:01,DPA1*01:03:01:02,DPB1*18:01,0.00045578851412944393,3,24,0.0,0,,0.00397,3,4,0.0,0,,0.0,0,,0.0,0,,0.0,0,,0.0,0,,0.0,0,
A*30:01:01,C*06:02:01:01,B*13:02:01,Abs,DRB1*01:01:01,DQA1*01:01:01:02SG,DQB1*05:01:01:03,DPA1*01:03:01:05,DPB1*04:02:01:02,0.00045578851412944393,3,24,0.00068,3,27,0.0,0,,0.0,0,,0.0,0,,0.0,0,,0.0,0,,0.0,0,,0.0,0,
A*30:01:01,C*06:02:01:01,B*13:02:01,"[""DRB4*01:03:01:01"", ""DRB4*01:03:01:01:03""]",DRB1*07:01:01:01SG,DQA1*02:01:01:01SG,DQB1*02:02:01:01,DPA1*01:03:01:01,"[""DPB1*02:01:02"", ""DPB1*02:01:19""]",0.00045578851412944393,3,24,0.00068,3,27,0.0,0,,0.0,0,,0.0,0,,0.0,0,,0.0,0,,0.0,0,,0.0,0,
A*30:01:01,C*17:01:01:02,B*18:01:01:01,Abs,DRB1*08:04:01,DQA1*05:05:01:01SG,DQB1*02:01:01,DPA1*02:01:01:01,DPB1*131:01,0.00045578851412944393,3,24,0.0,0,,0.00397,3,4,0.0,0,,0.0,0,,0.0,0,,0.0,0,,0.0,0,,0.0,0,
A*31:01:02:01,C*04:01:01:06,B*35:02:01,"[""DRB4*01:03:01:01"", ""DRB4*01:03:01:01:03""]",DRB1*04:03:01,DQA1*03:01:01,DQB1*03:05:01,DPA1*01:03:01:04,"[""DPB1*04:01:01:01"", ""DPB1*04:01:01:02""]",0.00045578851412944393,3,24,0.00068,3,27,0.0,0,,0.0,0,,0.0,0,,0.0,0,,0.0,0,,0.0,0,,0.0,0,
A*68:01:01:02,C*07:02:01:01,B*08:01:01:02,DRB3*02:02:01:01,DRB1*03:01:01:01SG,DQA1*05:01:01:03,DQB1*02:01:01,DPA1*01:03:01:04,"[""DPB1*04:01:01:01"", ""DPB1*04:01:01:02""]",0.00045578851412944393,3,24,0.0,0,,0.0,0,,0.0,0,,0.0,0,,0.0,0,,0.0,0,,0.0,0,,0.02885,3,1
A*68:02:01:01,C*04:01:01:01,B*53:01:01,DRB3*03:01:01,DRB1*13:02:01,DQA1*01:02:01:04SG,DQB1*06:04:01,DPA1*01:03:01:04,"[""DPB1*04:01:01:01"", ""DPB1*04:01:01:02""]",0.00045578851412944393,3,24,0.00068,3,27,0.0,0,,0.0,0,,0.0,0,,0.0,0,,0.0,0,,0.0,0,,0.0,0,
A*68:03:01,C*03:05,B*35:01:01:02,"[""DRB4*01:03:01:01"", ""DRB4*01:03:01:01:03""]",DRB1*04:07:01,DQA1*03:01:01,DQB1*03:02:01,DPA1*01:03:01:05,DPB1*04:02:01:02,0.00045578851412944393,3,24,0.0,0,,0.0,0,,0.0,0,,0.0,0,,0.0,0,,0.01442,3,4,0.0,0,,0.0,0,
A*01:01:01:01,C*01:02:01,B*51:01:01:01,Abs,DRB1*01:01:01,DQA1*01:01:01:02SG,DQB1*05:01:01:03,DPA1*01:03:01:03,DPB1*03:01:01,0.00030385900941962927,2,25,0.00046,2,28,0.0,0,,0.0,0,,0.0,0,,0.0,0,,0.0,0,,0.0,0,,0.0,0,
A*01:01:01:01,C*02:02:02:01,B*27:05:02,"[""DRB4*01:03:01:01"", ""DRB4*01:03:01:01:03""]",DRB1*04:01:01:01SG,DQA1*03:03:01:01,DQB1*03:02:01,DPA1*01:03:01:05,DPB1*04:02:01:02,0.00030385900941962927,2,25,0.00046,2,28,0.0,0,,0.0,0,,0.0,0,,0.0,0,,0.0,0,,0.0,0,,0.0,0,
A*01:01:01:01,C*02:02:02:01,B*27:05:02,DRB5*01:01:01,DRB1*15:01:01:01SG,DQA1*01:02:01:01SG,DQB1*06:02:01,DPA1*01:03:01:02,"[""DPB1*04:01:01:01"", ""DPB1*04:01:01:02""]",0.00030385900941962927,2,25,0.00046,2,28,0.0,0,,0.0,0,,0.0,0,,0.0,0,,0.0,0,,0.0,0,,0.0,0,
A*01:01:01:01,C*03:03:01:01,B*55:01:01,DRB3*02:02:01:02,DRB1*11:01:01:01,DQA1*05:05:01:01SG,DQB1*03:01:01:03,DPA1*01:03:01:02,"[""DPB1*04:01:01:01"", ""DPB1*04:01:01:02""]",0.00030385900941962927,2,25,0.00046,2,28,0.0,0,,0.0,0,,0.0,0,,0.0,0,,0.0,0,,0.0,0,,0.0,0,
A*01:01:01:01,C*04:01:01:01,B*35:01:01:02,Abs,DRB1*01:01:01,DQA1*01:01:01:02SG,DQB1*05:01:01:03,DPA1*01:03:01:01,"[""DPB1*02:01:02"", ""DPB1*02:01:19""]",0.00030385900941962927,2,25,0.00046,2,28,0.0,0,,0.0,0,,0.0,0,,0.0,0,,0.0,0,,0.0,0,,0.0,0,
A*01:01:01:01,C*04:01:01:01,B*35:01:01:02,Abs,DRB1*01:01:01,DQA1*01:01:01:02SG,DQB1*05:01:01:03,DPA1*01:03:01:02,"[""DPB1*04:01:01:01"", ""DPB1*04:01:01:02""]",0.00030385900941962927,2,25,0.00046,2,28,0.0,0,,0.0,0,,0.0,0,,0.0,0,,0.0,0,,0.0,0,,0.0,0,
A*01:01:01:01,C*04:01:01:01,B*35:01:01:02,DRB5*01:01:01,DRB1*15:01:01:01SG,DQA1*01:02:01:01SG,DQB1*06:02:01,DPA1*01:03:01:03,DPB1*03:01:01,0.00030385900941962927,2,25,0.00046,2,28,0.0,0,,0.0,0,,0.0,0,,0.0,0,,0.0,0,,0.0,0,,0.0,0,
A*01:01:01:01,C*04:01:01:01,B*44:03:01:01,DRB4*01:01:01:01,DRB1*07:01:01:01SG,DQA1*02:01:01:01SG,DQB1*02:02:01:01,DPA1*01:03:01:04,"[""DPB1*04:01:01:01"", ""DPB1*04:01:01:02""]",0.00030385900941962927,2,25,0.00046,2,28,0.0,0,,0.0,0,,0.0,0,,0.0,0,,0.0,0,,0.0,0,,0.0,0,
A*01:01:01:01,C*04:01:01:06,B*35:02:01,"[""DRB4*01:03:01:01"", ""DRB4*01:03:01:01:03""]",DRB1*04:03:01,DQA1*03:01:01,DQB1*03:05:01,DPA1*01:03:01:04,"[""DPB1*04:01:01:01"", ""DPB1*04:01:01:02""]",0.00030385900941962927,2,25,0.00046,2,28,0.0,0,,0.0,0,,0.0,0,,0.0,0,,0.0,0,,0.0,0,,0.0,0,
A*01:01:01:01,C*06:02:01:01,B*13:02:01,DRB5*01:01:01,DRB1*15:01:01:01SG,DQA1*01:02:01:01SG,DQB1*06:02:01,DPA1*01:03:01:02,"[""DPB1*04:01:01:01"", ""DPB1*04:01:01:02""]",0.00030385900941962927,2,25,0.00046,2,28,0.0,0,,0.0,0,,0.0,0,,0.0,0,,0.0,0,,0.0,0,,0.0,0,
A*01:01:01:01,C*06:02:01:01,B*37:01:01,Abs,DRB1*10:01:01:01,DQA1*01:05:01,DQB1*05:01:01:02,DPA1*01:03:01:02,"[""DPB1*04:01:01:01"", ""DPB1*04:01:01:02""]",0.00030385900941962927,2,25,0.00046,2,28,0.0,0,,0.0,0,,0.0,0,,0.0,0,,0.0,0,,0.0,0,,0.0,0,
A*01:01:01:01,C*06:02:01:01,B*37:01:01,DRB5*01:01:01,DRB1*15:01:01:01SG,DQA1*01:02:01:01SG,DQB1*06:02:01,DPA1*01:03:01:01,"[""DPB1*02:01:02"", ""DPB1*02:01:19""]",0.00030385900941962927,2,25,0.00046,2,28,0.0,0,,0.0,0,,0.0,0,,0.0,0,,0.0,0,,0.0,0,,0.0,0,
A*01:01:01:01,C*06:02:01:01,B*37:01:01,DRB5*01:01:01,DRB1*15:01:01:01SG,DQA1*01:02:01:01SG,DQB1*06:03:01,DPA1*01:03:01:05,DPB1*04:02:01:02,0.00030385900941962927,2,25,0.0,0,,0.0,0,,0.0,0,,0.0,0,,0.00377,2,5,0.0,0,,0.0,0,,0.0,0,
A*01:01:01:01,C*06:02:01:01,B*57:01:01,DRB3*01:01:02:01,DRB1*03:01:01:01SG,DQA1*05:01:01:02,DQB1*02:01:01,DPA1*02:01:02,DPB1*01:01:01,0.00030385900941962927,2,25,0.00046,2,28,0.0,0,,0.0,0,,0.0,0,,0.0,0,,0.0,0,,0.0,0,,0.0,0,
A*01:01:01:01,C*06:02:01:01,B*57:01:01,DRB5*01:01:01,DRB1*15:01:01:01SG,DQA1*01:02:01:01SG,DQB1*06:02:01,DPA1*01:03:01:04,"[""DPB1*04:01:01:01"", ""DPB1*04:01:01:02""]",0.00030385900941962927,2,25,0.00046,2,28,0.0,0,,0.0,0,,0.0,0,,0.0,0,,0.0,0,,0.0,0,,0.0,0,
A*01:01:01:01,C*06:02:01:02,B*50:01:01,"[""DRB4*01:03:01:01"", ""DRB4*01:03:01:01:03""]",DRB1*07:01:01:01SG,DQA1*02:01:01:01SG,DQB1*02:02:01:01,DPA1*01:03:01:01,"[""DPB1*04:01:01:01"", ""DPB1*04:01:01:02""]",0.00030385900941962927,2,25,0.00046,2,28,0.0,0,,0.0,0,,0.0,0,,0.0,0,,0.0,0,,0.0,0,,0.0,0,
A*01:01:01:01,C*07:01:01:01,B*08:01:01:01,DRB3*01:01:02:01,DRB1*03:01:01:01SG,DQA1*05:01:01:02,DQB1*02:01:01,DPA1*01:03:01:04,"[""DPB1*02:01:02"", ""DPB1*02:01:19""]",0.00030385900941962927,2,25,0.00046,2,28,0.0,0,,0.0,0,,0.0,0,,0.0,0,,0.0,0,,0.0,0,,0.0,0,
A*01:01:01:01,C*07:01:01:01,B*08:01:01:01,DRB3*01:01:02:01,DRB1*03:01:01:01SG,DQA1*05:01:01:02,DQB1*02:01:01,DPA1*02:01:01:01,DPB1*131:01,0.00030385900941962927,2,25,0.0,0,,0.00265,2,5,0.0,0,,0.0,0,,0.0,0,,0.0,0,,0.0,0,,0.0,0,
A*01:01:01:01,C*07:01:01:01,B*08:01:01:01,DRB3*01:01:02:01,DRB1*03:01:01:01SG,DQA1*05:01:01:02,DQB1*02:01:01,DPA1*02:01:01:02,DPB1*09:01:01,0.00030385900941962927,2,25,0.00046,2,28,0.0,0,,0.0,0,,0.0,0,,0.0,0,,0.0,0,,0.0,0,,0.0,0,
A*01:01:01:01,C*07:01:01:01,B*08:01:01:01,DRB3*01:01:02:02,DRB1*03:01:01:01SG,DQA1*05:01:01:02,DQB1*02:01:01,DPA1*01:03:01:01,"[""DPB1*02:01:02"", ""DPB1*02:01:19""]",0.00030385900941962927,2,25,0.00046,2,28,0.0,0,,0.0,0,,0.0,0,,0.0,0,,0.0,0,,0.0,0,,0.0,0,
A*01:01:01:01,C*07:01:01:01,B*08:01:01:01,DRB3*01:01:02:02,DRB1*03:01:01:01SG,DQA1*05:01:01:02,DQB1*02:01:01,DPA1*01:03:01:04,"[""DPB1*04:01:01:01"", ""DPB1*04:01:01:02""]",0.00030385900941962927,2,25,0.00046,2,28,0.0,0,,0.0,0,,0.0,0,,0.0,0,,0.0,0,,0.0,0,,0.0,0,
A*01:01:01:01,C*07:01:01:01,B*08:01:01:01,DRB3*02:02:01:02,DRB1*11:01:01:01,DQA1*05:05:01:01SG,DQB1*06:02:01,DPA1*01:03:01:02,"[""DPB1*04:01:01:01"", ""DPB1*04:01:01:02""]",0.00030385900941962927,2,25,0.0,0,,0.0,0,,0.0,0,,0.00472,2,7,0.0,0,,0.0,0,,0.0,0,,0.0,0,
A*01:01:01:01,C*07:01:01:01,B*08:01:01:01,"[""DRB4*01:03:01:01"", ""DRB4*01:03:01:01:03""]",DRB1*04:01:01:01SG,DQA1*03:03:01:01,DQB1*03:02:01,DPA1*01:03:01:02,"[""DPB1*04:01:01:01"", ""DPB1*04:01:01:02""]",0.00030385900941962927,2,25,0.0,0,,0.0,0,,0.0,0,,0.00472,2,7,0.0,0,,0.0,0,,0.0,0,,0.0,0,
A*01:01:01:01,C*07:01:01:01,B*08:01:01:01,"[""DRB4*01:03:01:01"", ""DRB4*01:03:01:01:03""]",DRB1*04:04:01,DQA1*03:01:01,DQB1*03:02:01,DPA1*01:03:01:02,"[""DPB1*04:01:01:01"", ""DPB1*04:01:01:02""]",0.00030385900941962927,2,25,0.00046,2,28,0.0,0,,0.0,0,,0.0,0,,0.0,0,,0.0,0,,0.0,0,,0.0,0,
A*01:01:01:01,C*07:01:01:01,B*08:01:01:01,DRB5*01:01:01,DRB1*15:01:01:01SG,DQA1*01:02:01:01SG,DQB1*05:01:01:03,DPA1*01:03:01:05,DPB1*04:02:01:02,0.00030385900941962927,2,25,0.00046,2,28,0.0,0,,0.0,0,,0.0,0,,0.0,0,,0.0,0,,0.0,0,,0.0,0,
A*01:01:01:01,C*07:01:01:01,B*49:01:01,DRB3*03:01:01,DRB1*13:02:01,DQA1*01:02:01:04SG,DQB1*06:04:01,DPA1*01:03:01:02,"[""DPB1*04:01:01:01"", ""DPB1*04:01:01:02""]",0.00030385900941962927,2,25,0.0,0,,0.0,0,,0.0,0,,0.0,0,,0.0,0,,0.00962,2,5,0.0,0,,0.0,0,
A*01:01:01:01,C*07:02:01:03,B*07:02:01,DRB5*01:01:01,DRB1*15:01:01:01SG,DQA1*01:02:01:01SG,DQB1*06:02:01,DPA1*01:03:01:05,DPB1*04:02:01:02,0.00030385900941962927,2,25,0.00046,2,28,0.0,0,,0.0,0,,0.0,0,,0.0,0,,0.0,0,,0.0,0,,0.0,0,
A*01:01:01:01,C*08:02:01:01,B*14:02:01:01,Abs,DRB1*01:02:01,DQA1*01:01:02,DQB1*05:01:01:01,DPA1*01:03:01:01,"[""DPB1*04:01:01:01"", ""DPB1*04:01:01:02""]",0.00030385900941962927,2,25,0.00046,2,28,0.0,0,,0.0,0,,0.0,0,,0.0,0,,0.0,0,,0.0,0,,0.0,0,
A*01:01:01:01,C*12:02:02,B*52:01:01:02,DRB5*01:02,DRB1*15:02:01:01SG,DQA1*01:03:01:01,DQB1*06:01:01,DPA1*01:03:01:02,"[""DPB1*04:01:01:01"", ""DPB1*04:01:01:02""]",0.00030385900941962927,2,25,0.00046,2,28,0.0,0,,0.0,0,,0.0,0,,0.0,0,,0.0,0,,0.0,0,,0.0,0,
A*01:01:01:01,C*12:02:02,B*52:01:01:02,DRB5*01:02,DRB1*15:02:01:01SG,DQA1*01:03:01:01,DQB1*06:01:01,DPA1*01:03:01:04,"[""DPB1*04:01:01:01"", ""DPB1*04:01:01:02""]",0.00030385900941962927,2,25,0.00046,2,28,0.0,0,,0.0,0,,0.0,0,,0.0,0,,0.0,0,,0.0,0,,0.0,0,
A*01:01:01:01,C*12:03:01:01,B*38:01:01,DRB3*01:01:02:01,DRB1*13:01:01:01SG,DQA1*01:03:01:02SG,DQB1*02:02:01:01,DPA1*01:03:01:04,"[""DPB1*04:01:01:01"", ""DPB1*04:01:01:02""]",0.00030385900941962927,2,25,0.00046,2,28,0.0,0,,0.0,0,,0.0,0,,0.0,0,,0.0,0,,0.0,0,,0.0,0,
A*01:01:01:01,C*16:01:01:01,B*44:03:01:01,DRB4*01:01:01:01,DRB1*07:01:01:01SG,DQA1*02:01:01:01SG,DQB1*02:02:01:01,DPA1*02:01:01:01,DPB1*11:01:01,0.00030385900941962927,2,25,0.00046,2,28,0.0,0,,0.0,0,,0.0,0,,0.0,0,,0.0,0,,0.0,0,,0.0,0,
A*02:01:01:01,C*01:02:01,B*15:15,"[""DRB4*01:03:01:01"", ""DRB4*01:03:01:01:03""]",DRB1*04:04:01,DQA1*03:01:01,DQB1*03:02:01,DPA1*01:03:01:05,DPB1*04:02:01:02,0.00030385900941962927,2,25,0.0,0,,0.0,0,,0.0,0,,0.0,0,,0.0,0,,0.00962,2,5,0.0,0,,0.0,0,
A*02:01:01:01,C*01:02:01,B*27:05:02,Abs,DRB1*01:01:01,DQA1*01:01:01:02SG,DQB1*05:01:01:03,DPA1*01:03:01:03,DPB1*20:01:01,0.00030385900941962927,2,25,0.00046,2,28,0.0,0,,0.0,0,,0.0,0,,0.0,0,,0.0,0,,0.0,0,,0.0,0,
A*02:01:01:01,C*01:02:01,B*27:05:02,"[""DRB4*01:03:01:01"", ""DRB4*01:03:01:01:03""]",DRB1*04:01:01:01SG,DQA1*03:03:01:01,DQB1*03:01:01:01,DPA1*01:03:01:04,"[""DPB1*04:01:01:01"", ""DPB1*04:01:01:02""]",0.00030385900941962927,2,25,0.00046,2,28,0.0,0,,0.0,0,,0.0,0,,0.0,0,,0.0,0,,0.0,0,,0.0,0,
A*02:01:01:01,C*02:02:02:01,B*27:02:01,DRB3*02:02:01:02,DRB1*11:01:01:01,DQA1*05:05:01:01SG,DQB1*03:01:01:03,DPA1*01:03:01:04,"[""DPB1*04:01:01:01"", ""DPB1*04:01:01:02""]",0.00030385900941962927,2,25,0.00046,2,28,0.0,0,,0.0,0,,0.0,0,,0.0,0,,0.0,0,,0.0,0,,0.0,0,
A*02:01:01:01,C*02:02:02:01,B*27:05:02,Abs,DRB1*01:01:01,DQA1*01:01:01:02SG,DQB1*05:01:01:03,DPA1*01:03:01:05,DPB1*04:02:01:02,0.00030385900941962927,2,25,0.00046,2,28,0.0,0,,0.0,0,,0.0,0,,0.0,0,,0.0,0,,0.0,0,,0.0,0,
A*02:01:01:01,C*02:02:02:01,B*27:05:02,"[""DRB4*01:03:01:01"", ""DRB4*01:03:01:01:03""]",DRB1*04:01:01:01SG,DQA1*03:03:01:01,DQB1*03:01:01:01,DPA1*01:03:01:02,"[""DPB1*04:01:01:01"", ""DPB1*04:01:01:02""]",0.00030385900941962927,2,25,0.00046,2,28,0.0,0,,0.0,0,,0.0,0,,0.0,0,,0.0,0,,0.0,0,,0.0,0,
A*02:01:01:01,C*02:02:02:01,B*27:05:02,"[""DRB4*01:03:01:01"", ""DRB4*01:03:01:01:03""]",DRB1*04:04:01,DQA1*03:01:01,DQB1*03:02:01,DPA1*01:03:01:01,"[""DPB1*02:01:02"", ""DPB1*02:01:19""]",0.00030385900941962927,2,25,0.00046,2,28,0.0,0,,0.0,0,,0.0,0,,0.0,0,,0.0,0,,0.0,0,,0.0,0,
A*02:01:01:01,C*02:02:02:01,B*40:02:01,DRB3*02:02:01:02,DRB1*13:01:01:01SG,DQA1*01:03:01:02SG,DQB1*06:03:01,DPA1*01:03:01:01,"[""DPB1*02:01:02"", ""DPB1*02:01:19""]",0.00030385900941962927,2,25,0.00046,2,28,0.0,0,,0.0,0,,0.0,0,,0.0,0,,0.0,0,,0.0,0,,0.0,0,
A*02:01:01:01,C*02:02:02:03,B*27:02:01,DRB5*02:02,DRB1*16:01:01,DQA1*01:02:02,DQB1*05:02:01,DPA1*01:03:01:01,"[""DPB1*02:01:02"", ""DPB1*02:01:19""]",0.00030385900941962927,2,25,0.00046,2,28,0.0,0,,0.0,0,,0.0,0,,0.0,0,,0.0,0,,0.0,0,,0.0,0,
A*02:01:01:01,C*02:10:01:01,B*15:03:01:02,DRB5*01:01:01,DRB1*15:03:01:01SG,DQA1*01:02:01:01SG,DQB1*05:01:01:01,DPA1*02:01:01:01,DPB1*17:01,0.00030385900941962927,2,25,0.0,0,,0.00265,2,5,0.0,0,,0.0,0,,0.0,0,,0.0,0,,0.0,0,,0.0,0,
A*02:01:01:01,C*03:03:01:01,B*15:01:01:01,DRB3*02:02:01:02,DRB1*11:01:01:01,DQA1*05:09,DQB1*03:01:01:03,DPA1*01:03:01:03,DPB1*03:01:01,0.00030385900941962927,2,25,0.00046,2,28,0.0,0,,0.0,0,,0.0,0,,0.0,0,,0.0,0,,0.0,0,,0.0,0,
A*02:01:01:01,C*03:03:01:01,B*15:01:01:01,DRB3*02:02:01:02,DRB1*13:01:01:01SG,DQA1*01:03:01:02SG,DQB1*06:03:01,DPA1*01:03:01:02,DPB1*104:01,0.00030385900941962927,2,25,0.00046,2,28,0.0,0,,0.0,0,,0.0,0,,0.0,0,,0.0,0,,0.0,0,,0.0,0,
A*02:01:01:01,C*03:03:01:01,B*15:01:01:01,DRB3*02:02:01:02,DRB1*13:01:01:01SG,DQA1*01:03:01:02SG,DQB1*06:03:01,DPA1*01:03:01:04,"[""DPB1*04:01:01:01"", ""DPB1*04:01:01:02""]",0.00030385900941962927,2,25,0.00046,2,28,0.0,0,,0.0,0,,0.0,0,,0.0,0,,0.0,0,,0.0,0,,0.0,0,
A*02:01:01:01,C*03:03:01:01,B*15:01:01:01,DRB3*02:02:01:02,DRB1*13:01:01:01SG,DQA1*01:03:01:02SG,DQB1*06:03:01,DPA1*02:01:01:02,DPB1*19:01,0.00030385900941962927,2,25,0.00046,2,28,0.0,0,,0.0,0,,0.0,0,,0.0,0,,0.0,0,,0.0,0,,0.0,0,
A*02:01:01:01,C*03:03:01:01,B*15:01:01:01,DRB3*03:01:01,DRB1*13:02:01,DQA1*01:02:01:04SG,DQB1*06:04:01,DPA1*01:03:01:03,DPB1*03:01:01,0.00030385900941962927,2,25,0.00046,2,28,0.0,0,,0.0,0,,0.0,0,,0.0,0,,0.0,0,,0.0,0,,0.0,0,
A*02:01:01:01,C*03:03:01:01,B*15:01:01:01,"[""DRB4*01:03:01:01"", ""DRB4*01:03:01:01:03""]",DRB1*07:01:01:01SG,DQA1*02:01:01:01SG,DQB1*03:03:02:01,DPA1*01:03:01:02,"[""DPB1*04:01:01:01"", ""DPB1*04:01:01:02""]",0.00030385900941962927,2,25,0.0,0,,0.0,0,,0.0,0,,0.00472,2,7,0.0,0,,0.0,0,,0.0,0,,0.0,0,
A*02:01:01:01,C*03:03:01:01,B*55:01:01,"[""DRB4*01:03:01:01"", ""DRB4*01:03:01:01:03""]",DRB1*04:07:01,DQA1*03:03:01:01,DQB1*03:01:01:01,DPA1*01:03:01:04,"[""DPB1*04:01:01:01"", ""DPB1*04:01:01:02""]",0.00030385900941962927,2,25,0.00046,2,28,0.0,0,,0.0,0,,0.0,0,,0.0,0,,0.0,0,,0.0,0,,0.0,0,
A*02:01:01:01,C*03:04:01:01,B*15:01:01:01,Abs,DRB1*01:01:01,DQA1*01:01:01:02SG,DQB1*05:01:01:03,DPA1*01:03:01:05,DPB1*04:02:01:02,0.00030385900941962927,2,25,0.00046,2,28,0.0,0,,0.0,0,,0.0,0,,0.0,0,,0.0,0,,0.0,0,,0.0,0,
A*02:01:01:01,C*03:04:01:01,B*15:01:01:01,"[""DRB4*01:03:01:01"", ""DRB4*01:03:01:01:03""]",DRB1*04:01:01:01SG,DQA1*03:03:01:01,DQB1*03:01:01:01,DPA1*01:03:01:02,"[""DPB1*04:01:01:01"", ""DPB1*04:01:01:02""]",0.00030385900941962927,2,25,0.00046,2,28,0.0,0,,0.0,0,,0.0,0,,0.0,0,,0.0,0,,0.0,0,,0.0,0,
A*02:01:01:01,C*03:04:01:01,B*15:01:01:01,DRB5*01:01:01,DRB1*15:01:01:01SG,DQA1*01:02:01:01SG,DQB1*06:02:01,DPA1*01:03:01:02,"[""DPB1*04:01:01:01"", ""DPB1*04:01:01:02""]",0.00030385900941962927,2,25,0.00046,2,28,0.0,0,,0.0,0,,0.0,0,,0.0,0,,0.0,0,,0.0,0,,0.0,0,
A*02:01:01:01,C*03:04:01:01,B*15:01:01:01,DRB5*01:01:01,DRB1*15:01:01:01SG,DQA1*01:02:01:01SG,DQB1*06:02:01,DPA1*01:03:01:05,DPB1*04:02:01:02,0.00030385900941962927,2,25,0.00046,2,28,0.0,0,,0.0,0,,0.0,0,,0.0,0,,0.0,0,,0.0,0,,0.0,0,
A*02:01:01:01,C*03:04:01:01,B*40:01:02,Abs,DRB1*01:01:01,DQA1*01:01:01:02SG,DQB1*05:01:01:03,DPA1*01:03:01:04,"[""DPB1*04:01:01:01"", ""DPB1*04:01:01:02""]",0.00030385900941962927,2,25,0.00046,2,28,0.0,0,,0.0,0,,0.0,0,,0.0,0,,0.0,0,,0.0,0,,0.0,0,
A*02:01:01:01,C*03:04:01:01,B*40:01:02,Abs,DRB1*08:01:01,DQA1*04:01:01,DQB1*04:02:01,DPA1*01:03:01:02,"[""DPB1*04:01:01:01"", ""DPB1*04:01:01:02""]",0.00030385900941962927,2,25,0.0,0,,0.0,0,,0.0,0,,0.00472,2,7,0.0,0,,0.0,0,,0.0,0,,0.0,0,
A*02:01:01:01,C*03:04:01:01,B*40:01:02,DRB3*03:01:01,DRB1*13:02:01,DQA1*01:02:01:04SG,DQB1*06:04:01,DPA1*02:06,DPB1*05:01:01,0.00030385900941962927,2,25,0.00046,2,28,0.0,0,,0.0,0,,0.0,0,,0.0,0,,0.0,0,,0.0,0,,0.0,0,
A*02:01:01:01,C*03:04:01:01,B*40:01:02,DRB4*01:01:01:01,DRB1*07:01:01:01SG,DQA1*02:01:01:01SG,DQB1*02:02:01:01,DPA1*02:02:02,DPB1*01:01:01,0.00030385900941962927,2,25,0.00046,2,28,0.0,0,,0.0,0,,0.0,0,,0.0,0,,0.0,0,,0.0,0,,0.0,0,
A*02:01:01:01,C*03:04:01:01,B*40:01:02,"[""DRB4*01:03:01:01"", ""DRB4*01:03:01:01:03""]",DRB1*04:01:01:01SG,DQA1*03:01:01,DQB1*03:02:01,DPA1*02:01:01:02,DPB1*10:01:01,0.00030385900941962927,2,25,0.00046,2,28,0.0,0,,0.0,0,,0.0,0,,0.0,0,,0.0,0,,0.0,0,,0.0,0,
A*02:01:01:01,C*03:04:01:01,B*40:01:02,"[""DRB4*01:03:01:01"", ""DRB4*01:03:01:01:03""]",DRB1*04:04:01,DQA1*03:01:01,DQB1*03:02:01,DPA1*01:03:01:02,"[""DPB1*04:01:01:01"", ""DPB1*04:01:01:02""]",0.00030385900941962927,2,25,0.00046,2,28,0.0,0,,0.0,0,,0.0,0,,0.0,0,,0.0,0,,0.0,0,,0.0,0,
A*02:01:01:01,C*03:04:01:01,B*40:01:02,"[""DRB4*01:03:01:01"", ""DRB4*01:03:01:01:03""]",DRB1*04:04:01,DQA1*03:01:01,DQB1*03:02:01,DPA1*01:03:01:03,DPB1*03:01:01,0.00030385900941962927,2,25,0.00046,2,28,0.0,0,,0.0,0,,0.0,0,,0.0,0,,0.0,0,,0.0,0,,0.0,0,
A*02:01:01:01,C*03:04:01:01,B*40:01:02,DRB5*01:01:01,DRB1*15:01:01:01SG,DQA1*01:02:01:01SG,DQB1*06:02:01,DPA1*02:06,DPB1*05:01:01,0.00030385900941962927,2,25,0.00046,2,28,0.0,0,,0.0,0,,0.0,0,,0.0,0,,0.0,0,,0.0,0,,0.0,0,
A*02:01:01:01,C*03:04:01:02,B*40:01:02,"[""DRB4*01:03:01:01"", ""DRB4*01:03:01:01:03""]",DRB1*04:01:01:01SG,DQA1*03:03:01:01,DQB1*03:01:01:01,DPA1*01:03:01:02,"[""DPB1*04:01:01:01"", ""DPB1*04:01:01:02""]",0.00030385900941962927,2,25,0.00046,2,28,0.0,0,,0.0,0,,0.0,0,,0.0,0,,0.0,0,,0.0,0,,0.0,0,
A*02:01:01:01,C*04:01:01:01,B*35:01:01:02,DRB3*01:01:02:01,DRB1*03:02:01,DQA1*04:01:01,DQB1*04:02:01,DPA1*02:02:02,DPB1*01:01:01,0.00030385900941962927,2,25,0.0,0,,0.00265,2,5,0.0,0,,0.0,0,,0.0,0,,0.0,0,,0.0,0,,0.0,0,
A*02:01:01:01,C*04:01:01:01,B*35:01:01:02,DRB3*02:02:01:02,DRB1*13:01:01:01SG,DQA1*01:03:01:02SG,DQB1*06:03:01,DPA1*01:03:01:02,"[""DPB1*04:01:01:01"", ""DPB1*04:01:01:02""]",0.00030385900941962927,2,25,0.00046,2,28,0.0,0,,0.0,0,,0.0,0,,0.0,0,,0.0,0,,0.0,0,,0.0,0,
A*02:01:01:01,C*04:01:01:01,B*35:01:01:02,"[""DRB4*01:03:01:01"", ""DRB4*01:03:01:01:03""]",DRB1*04:04:01,DQA1*03:01:01,DQB1*03:02:01,DPA1*01:03:01:02,"[""DPB1*02:01:02"", ""DPB1*02:01:19""]",0.00030385900941962927,2,25,0.00046,2,28,0.0,0,,0.0,0,,0.0,0,,0.0,0,,0.0,0,,0.0,0,,0.0,0,
A*02:01:01:01,C*04:01:01:01,B*35:01:01:02,DRB5*01:01:01,DRB1*15:03:01:01SG,DQA1*01:02:01:01SG,DQB1*06:02:01,DPA1*01:03:01:02,"[""DPB1*02:01:02"", ""DPB1*02:01:19""]",0.00030385900941962927,2,25,0.0,0,,0.00265,2,5,0.0,0,,0.0,0,,0.0,0,,0.0,0,,0.0,0,,0.0,0,
A*02:01:01:01,C*04:01:01:01,B*35:01:01:02,DRB5*01:01:01,DRB1*15:03:01:01SG,DQA1*01:02:01:01SG,DQB1*06:02:01,DPA1*02:01:01:01,"[""DPB1*13:01:01"", ""DPB1*107:01""]",0.00030385900941962927,2,25,0.0,0,,0.00265,2,5,0.0,0,,0.0,0,,0.0,0,,0.0,0,,0.0,0,,0.0,0,
A*02:01:01:01,C*04:01:01:01,B*35:03:01,DRB5*01:01:01,DRB1*15:01:01:01SG,DQA1*01:02:01:01SG,DQB1*06:02:01,DPA1*01:03:01:01,"[""DPB1*04:01:01:01"", ""DPB1*04:01:01:02""]",0.00030385900941962927,2,25,0.00046,2,28,0.0,0,,0.0,0,,0.0,0,,0.0,0,,0.0,0,,0.0,0,,0.0,0,
A*02:01:01:01,C*04:01:01:01,B*44:03:01:01,DRB4*01:01:01:01,DRB1*07:01:01:01SG,DQA1*02:01:01:01SG,DQB1*02:02:01:01,DPA1*01:03:01:04,"[""DPB1*04:01:01:01"", ""DPB1*04:01:01:02""]",0.00030385900941962927,2,25,0.00046,2,28,0.0,0,,0.0,0,,0.0,0,,0.0,0,,0.0,0,,0.0,0,,0.0,0,
A*02:01:01:01,C*04:01:01:01,B*53:01:01,Abs,DRB1*08:04:01,DQA1*04:01:02:02,DQB1*03:19:01,DPA1*02:02:02,DPB1*01:01:01,0.00030385900941962927,2,25,0.0,0,,0.00265,2,5,0.0,0,,0.0,0,,0.0,0,,0.0,0,,0.0,0,,0.0,0,
A*02:01:01:01,C*04:01:01:06,B*35:02:01,DRB3*02:02:01:02,DRB1*11:04:01,DQA1*05:05:01:01SG,DQB1*03:01:01:02,DPA1*01:03:01:04,"[""DPB1*04:01:01:01"", ""DPB1*04:01:01:02""]",0.00030385900941962927,2,25,0.00046,2,28,0.0,0,,0.0,0,,0.0,0,,0.0,0,,0.0,0,,0.0,0,,0.0,0,
A*02:01:01:01,C*05:01:01:01,B*18:01:01:01,DRB3*02:02:01:01,DRB1*03:01:01:01SG,DQA1*05:01:01:01,DQB1*02:01:01,DPA1*01:03:01:03,DPB1*03:01:01,0.00030385900941962927,2,25,0.00046,2,28,0.0,0,,0.0,0,,0.0,0,,0.0,0,,0.0,0,,0.0,0,,0.0,0,
A*02:01:01:01,C*05:01:01:02,B*44:02:01:01,DRB3*01:01:02:01,DRB1*03:01:01:01SG,DQA1*05:01:01:02,DQB1*02:01:01,DPA1*01:03:01:01,"[""DPB1*02:01:02"", ""DPB1*02:01:19""]",0.00030385900941962927,2,25,0.00046,2,28,0.0,0,,0.0,0,,0.0,0,,0.0,0,,0.0,0,,0.0,0,,0.0,0,
A*02:01:01:01,C*05:01:01:02,B*44:02:01:01,DRB3*01:01:02:01,DRB1*13:01:01:01SG,DQA1*01:03:01:02SG,DQB1*06:03:01,DPA1*01:03:01:01,DPB1*02:02,0.00030385900941962927,2,25,0.0,0,,0.0,0,,0.0,0,,0.00472,2,7,0.0,0,,0.0,0,,0.0,0,,0.0,0,
A*02:01:01:01,C*05:01:01:02,B*44:02:01:01,DRB3*01:01:02:01,DRB1*13:01:01:01SG,DQA1*01:03:01:02SG,DQB1*06:03:01,DPA1*02:01:01:02,DPB1*10:01:01,0.00030385900941962927,2,25,0.00046,2,28,0.0,0,,0.0,0,,0.0,0,,0.0,0,,0.0,0,,0.0,0,,0.0,0,
A*02:01:01:01,C*05:01:01:02,B*44:02:01:01,DRB3*02:02:01:02,DRB1*11:03:01,DQA1*05:05:01:01SG,DQB1*03:01:01:02,DPA1*01:03:01:02,"[""DPB1*04:01:01:01"", ""DPB1*04:01:01:02""]",0.00030385900941962927,2,25,0.0,0,,0.0,0,,0.0,0,,0.00472,2,7,0.0,0,,0.0,0,,0.0,0,,0.0,0,
A*02:01:01:01,C*05:01:01:02,B*44:02:01:01,DRB3*02:02:01:02,DRB1*11:04:01,DQA1*05:05:01:01SG,DQB1*03:01:01:03,DPA1*01:03:01:05,DPB1*04:02:01:02,0.00030385900941962927,2,25,0.00046,2,28,0.0,0,,0.0,0,,0.0,0,,0.0,0,,0.0,0,,0.0,0,,0.0,0,
A*02:01:01:01,C*05:01:01:02,B*44:02:01:01,DRB4*01:01:01:01,DRB1*07:01:01:01SG,DQA1*02:01:01:01SG,DQB1*02:02:01:01,DPA1*01:03:01:02,"[""DPB1*04:01:01:01"", ""DPB1*04:01:01:02""]",0.00030385900941962927,2,25,0.00046,2,28,0.0,0,,0.0,0,,0.0,0,,0.0,0,,0.0,0,,0.0,0,,0.0,0,
A*02:01:01:01,C*05:01:01:02,B*44:02:01:01,"[""DRB4*01:03:01:01"", ""DRB4*01:03:01:01:03""]",DRB1*04:01:01:01SG,DQA1*03:01:01,DQB1*03:02:01,DPA1*01:03:01:02,"[""DPB1*04:01:01:01"", ""DPB1*04:01:01:02""]",0.00030385900941962927,2,25,0.00046,2,28,0.0,0,,0.0,0,,0.0,0,,0.0,0,,0.0,0,,0.0,0,,0.0,0,
A*02:01:01:01,C*05:01:01:02,B*44:02:01:01,"[""DRB4*01:03:01:01"", ""DRB4*01:03:01:01:03""]",DRB1*04:01:01:01SG,DQA1*03:03:01:01,DQB1*03:01:01:01,DPA1*01:03:01:04,"[""DPB1*02:01:02"", ""DPB1*02:01:19""]",0.00030385900941962927,2,25,0.00046,2,28,0.0,0,,0.0,0,,0.0,0,,0.0,0,,0.0,0,,0.0,0,,0.0,0,
A*02:01:01:01,C*05:01:01:02,B*44:02:01:01,"[""DRB4*01:03:01:01"", ""DRB4*01:03:01:01:03""]",DRB1*04:01:01:01SG,DQA1*03:03:01:01,DQB1*03:01:01:01,DPA1*01:03:01:05,DPB1*04:02:01:02,0.00030385900941962927,2,25,0.00046,2,28,0.0,0,,0.0,0,,0.0,0,,0.0,0,,0.0,0,,0.0,0,,0.0,0,
A*02:01:01:01,C*05:01:01:02,B*44:02:01:01,DRB5*01:01:01,DRB1*15:01:01:01SG,DQA1*01:02:01:01SG,DQB1*06:02:01,DPA1*01:03:01:03,DPB1*03:01:01,0.00030385900941962927,2,25,0.00046,2,28,0.0,0,,0.0,0,,0.0,0,,0.0,0,,0.0,0,,0.0,0,,0.0,0,
A*02:01:01:01,C*06:02:01:01,B*57:01:01,DRB4*01:03:01:02N,DRB1*07:01:01:01SG,DQA1*02:01:01:01SG,DQB1*03:03:02:01,DPA1*01:03:01:01,"[""DPB1*02:01:02"", ""DPB1*02:01:19""]",0.00030385900941962927,2,25,0.00046,2,28,0.0,0,,0.0,0,,0.0,0,,0.0,0,,0.0,0,,0.0,0,,0.0,0,
A*02:01:01:01,C*06:02:01:01,B*57:01:01,DRB4*01:03:01:02N,DRB1*07:01:01:01SG,DQA1*02:01:01:01SG,DQB1*03:03:02:01,DPA1*02:01:01:01,"[""DPB1*13:01:01"", ""DPB1*107:01""]",0.00030385900941962927,2,25,0.00046,2,28,0.0,0,,0.0,0,,0.0,0,,0.0,0,,0.0,0,,0.0,0,,0.0,0,
A*02:01:01:01,C*06:02:01:02,B*50:01:01,"[""DRB4*01:03:01:01"", ""DRB4*01:03:01:01:03""]",DRB1*07:01:01:01SG,DQA1*02:01:01:01SG,DQB1*02:02:01:01,DPA1*01:03:01:01,"[""DPB1*02:01:02"", ""DPB1*02:01:19""]",0.00030385900941962927,2,25,0.00046,2,28,0.0,0,,0.0,0,,0.0,0,,0.0,0,,0.0,0,,0.0,0,,0.0,0,
A*02:01:01:01,C*06:02:01:02,B*50:01:01,"[""DRB4*01:03:01:01"", ""DRB4*01:03:01:01:03""]",DRB1*07:01:01:01SG,DQA1*02:01:01:01SG,DQB1*02:02:01:01,DPA1*01:03:01:02,"[""DPB1*04:01:01:01"", ""DPB1*04:01:01:02""]",0.00030385900941962927,2,25,0.0,0,,0.0,0,,0.0,0,,0.0,0,,0.0,0,,0.0,0,,0.0,0,,0.01923,2,2
A*02:01:01:01,C*06:02:01:03,B*45:01:01,"[""DRB4*01:03:01:01"", ""DRB4*01:03:01:01:03""]",DRB1*04:01:01:01SG,DQA1*03:03:01:01,DQB1*03:01:01:01,DPA1*01:03:01:01,"[""DPB1*02:01:02"", ""DPB1*02:01:19""]",0.00030385900941962927,2,25,0.00046,2,28,0.0,0,,0.0,0,,0.0,0,,0.0,0,,0.0,0,,0.0,0,,0.0,0,
A*02:01:01:01,C*07:01:01:01,B*08:01:01:01,Abs,DRB1*08:01:01,DQA1*04:01:01,DQB1*04:02:01,DPA1*01:03:01:02,"[""DPB1*04:01:01:01"", ""DPB1*04:01:01:02""]",0.00030385900941962927,2,25,0.0,0,,0.0,0,,0.0,0,,0.0,0,,0.00377,2,5,0.0,0,,0.0,0,,0.0,0,
A*02:01:01:01,C*07:01:01:01,B*18:01:01:02,DRB3*02:02:01:02,DRB1*11:01:01:01,DQA1*05:05:01:01SG,DQB1*03:01:01:03,DPA1*01:03:01:04,"[""DPB1*04:01:01:01"", ""DPB1*04:01:01:02""]",0.00030385900941962927,2,25,0.00046,2,28,0.0,0,,0.0,0,,0.0,0,,0.0,0,,0.0,0,,0.0,0,,0.0,0,
A*02:01:01:01,C*07:01:01:01,B*49:01:01,DRB4*01:01:01:01,DRB1*09:01:02,DQA1*03:03:01:01,DQB1*02:02:01:02,DPA1*02:01:01:01,"[""DPB1*02:01:02"", ""DPB1*02:01:19""]",0.00030385900941962927,2,25,0.0,0,,0.00265,2,5,0.0,0,,0.0,0,,0.0,0,,0.0,0,,0.0,0,,0.0,0,
A*02:01:01:01,C*07:02:01:01,B*39:02:02,DRB5*02:02,DRB1*16:02:01:02,DQA1*05:05:01:05SG,DQB1*03:01:01:01,DPA1*01:03:01:02,"[""DPB1*04:01:01:01"", ""DPB1*04:01:01:02""]",0.00030385900941962927,2,25,0.0,0,,0.0,0,,0.0,0,,0.0,0,,0.0,0,,0.00962,2,5,0.0,0,,0.0,0,
A*02:01:01:01,C*07:02:01:01,B*39:05:01,"[""DRB4*01:03:01:01"", ""DRB4*01:03:01:01:03""]",DRB1*04:07:01,DQA1*03:01:01,DQB1*03:02:01,DPA1*01:03:01:05,DPB1*04:02:01:02,0.00030385900941962927,2,25,0.0,0,,0.0,0,,0.0,0,,0.0,0,,0.0,0,,0.00962,2,5,0.0,0,,0.0,0,
A*02:01:01:01,C*07:02:01:01,B*39:06:02,Abs,DRB1*08:01:01,DQA1*04:01:01,DQB1*04:02:01,DPA1*01:03:01:02,"[""DPB1*04:01:01:01"", ""DPB1*04:01:01:02""]",0.00030385900941962927,2,25,0.00046,2,28,0.0,0,,0.0,0,,0.0,0,,0.0,0,,0.0,0,,0.0,0,,0.0,0,
A*02:01:01:01,C*07:02:01:03,B*07:02:01,DRB3*01:01:02:01,DRB1*13:01:01:01SG,DQA1*01:03:01:02SG,DQB1*06:03:01,DPA1*01:03:01:03,DPB1*03:01:01,0.00030385900941962927,2,25,0.00046,2,28,0.0,0,,0.0,0,,0.0,0,,0.0,0,,0.0,0,,0.0,0,,0.0,0,
A*02:01:01:01,C*07:02:01:03,B*07:02:01,DRB3*03:01:01,DRB1*13:02:01,DQA1*01:02:01:04SG,DQB1*06:04:01,DPA1*01:04,DPB1*15:01:01,0.00030385900941962927,2,25,0.00046,2,28,0.0,0,,0.0,0,,0.0,0,,0.0,0,,0.0,0,,0.0,0,,0.0,0,
A*02:01:01:01,C*07:02:01:03,B*07:02:01,DRB4*01:01:01:01,DRB1*07:01:01:01SG,DQA1*02:01:01:01SG,DQB1*02:02:01:01,DPA1*01:03:01:04,DPB1*23:01:01,0.00030385900941962927,2,25,0.00046,2,28,0.0,0,,0.0,0,,0.0,0,,0.0,0,,0.0,0,,0.0,0,,0.0,0,
A*02:01:01:01,C*07:02:01:03,B*07:02:01,DRB5*01:01:01,DRB1*15:01:01:01SG,DQA1*01:02:01:01SG,DQB1*06:02:01,DPA1*01:03:01:03,DPB1*03:01:01,0.00030385900941962927,2,25,0.00046,2,28,0.0,0,,0.0,0,,0.0,0,,0.0,0,,0.0,0,,0.0,0,,0.0,0,
A*02:01:01:01,C*07:02:01:03,B*07:02:01,DRB5*01:01:01,DRB1*15:01:01:01SG,DQA1*01:02:01:01SG,DQB1*06:02:01,DPA1*02:06,DPB1*05:01:01,0.00030385900941962927,2,25,0.00046,2,28,0.0,0,,0.0,0,,0.0,0,,0.0,0,,0.0,0,,0.0,0,,0.0,0,
A*02:01:01:01,C*08:02:01:01,B*14:02:01:01,Abs,DRB1*01:02:01,DQA1*01:01:02,DQB1*05:01:01:01,DPA1*01:03:01:05,DPB1*04:02:01:02,0.00030385900941962927,2,25,0.00046,2,28,0.0,0,,0.0,0,,0.0,0,,0.0,0,,0.0,0,,0.0,0,,0.0,0,
A*02:01:01:01,C*08:02:01:01,B*14:02:01:01,DRB4*01:01:01:01,DRB1*07:01:01:01SG,DQA1*02:01:01:01SG,DQB1*02:02:01:01,DPA1*02:01:01:01,"[""DPB1*13:01:01"", ""DPB1*107:01""]",0.00030385900941962927,2,25,0.0,0,,0.0,0,,0.0,0,,0.00472,2,7,0.0,0,,0.0,0,,0.0,0,,0.0,0,
A*02:01:01:01,C*08:02:01:01,B*14:02:01:01,"[""DRB4*01:03:01:01"", ""DRB4*01:03:01:01:03""]",DRB1*07:01:01:01SG,DQA1*02:01:01:01SG,DQB1*02:02:01:01,DPA1*01:03:01:03,DPB1*03:01:01,0.00030385900941962927,2,25,0.00046,2,28,0.0,0,,0.0,0,,0.0,0,,0.0,0,,0.0,0,,0.0,0,,0.0,0,
A*02:01:01:01,C*08:02:01:01,B*14:02:01:01,"[""DRB4*01:03:01:01"", ""DRB4*01:03:01:01:03""]",DRB1*07:01:01:01SG,DQA1*02:01:01:01SG,DQB1*03:02:01,DPA1*01:03:01:02,"[""DPB1*04:01:01:01"", ""DPB1*04:01:01:02""]",0.00030385900941962927,2,25,0.00046,2,28,0.0,0,,0.0,0,,0.0,0,,0.0,0,,0.0,0,,0.0,0,,0.0,0,
A*02:01:01:01,C*08:02:01:02,B*14:01:01,DRB4*01:01:01:01,DRB1*07:01:01:01SG,DQA1*02:01:01:01SG,DQB1*02:02:01:01,DPA1*01:03:01:05,DPB1*04:02:01:02,0.00030385900941962927,2,25,0.00046,2,28,0.0,0,,0.0,0,,0.0,0,,0.0,0,,0.0,0,,0.0,0,,0.0,0,
A*02:01:01:01,C*08:02:01:02,B*14:01:01,DRB4*01:01:01:01,DRB1*07:01:01:01SG,DQA1*02:01:01:01SG,DQB1*06:03:01,DPA1*01:03:01:01,"[""DPB1*02:01:02"", ""DPB1*02:01:19""]",0.00030385900941962927,2,25,0.00046,2,28,0.0,0,,0.0,0,,0.0,0,,0.0,0,,0.0,0,,0.0,0,,0.0,0,
A*02:01:01:01,C*12:02:02,B*52:01:01:02,DRB5*01:02,DRB1*15:02:01:01SG,DQA1*01:03:01:01,DQB1*06:01:01,DPA1*01:03:01:01,"[""DPB1*02:01:02"", ""DPB1*02:01:19""]",0.00030385900941962927,2,25,0.00046,2,28,0.0,0,,0.0,0,,0.0,0,,0.0,0,,0.0,0,,0.0,0,,0.0,0,
A*02:01:01:01,C*12:03:01:01,B*38:01:01,Abs,DRB1*10:01:01:01,DQA1*01:05:01,DQB1*05:01:01:02,DPA1*01:03:01:01,"[""DPB1*02:01:02"", ""DPB1*02:01:19""]",0.00030385900941962927,2,25,0.00046,2,28,0.0,0,,0.0,0,,0.0,0,,0.0,0,,0.0,0,,0.0,0,,0.0,0,
A*02:01:01:01,C*12:03:01:01,B*38:01:01,DRB3*01:01:02:01,DRB1*13:01:01:01SG,DQA1*01:03:01:02SG,DQB1*06:03:01,DPA1*01:03:01:01,"[""DPB1*02:01:02"", ""DPB1*02:01:19""]",0.00030385900941962927,2,25,0.00046,2,28,0.0,0,,0.0,0,,0.0,0,,0.0,0,,0.0,0,,0.0,0,,0.0,0,
A*02:01:01:01,C*14:02:01:01,B*51:01:01:01,Abs,DRB1*08:01:01,DQA1*04:01:01,DQB1*04:02:01,DPA1*01:03:01:04,"[""DPB1*02:01:02"", ""DPB1*02:01:19""]",0.00030385900941962927,2,25,0.0,0,,0.0,0,,0.0,0,,0.0,0,,0.00377,2,5,0.0,0,,0.0,0,,0.0,0,
A*02:01:01:01,C*14:02:01:01,B*51:01:01:01,DRB5*02:02,DRB1*16:01:01,DQA1*01:02:02,DQB1*05:02:01,DPA1*01:03:01:02,"[""DPB1*04:01:01:01"", ""DPB1*04:01:01:02""]",0.00030385900941962927,2,25,0.0,0,,0.0,0,,0.0,0,,0.00472,2,7,0.0,0,,0.0,0,,0.0,0,,0.0,0,
A*02:01:01:01,C*15:02:01:01,B*51:01:01:01,DRB3*02:02:01:02,DRB1*12:01:01:03,DQA1*05:05:01:05SG,DQB1*03:01:01:01,DPA1*01:03:01:01,"[""DPB1*02:01:02"", ""DPB1*02:01:19""]",0.00030385900941962927,2,25,0.00046,2,28,0.0,0,,0.0,0,,0.0,0,,0.0,0,,0.0,0,,0.0,0,,0.0,0,
A*02:01:01:01,C*15:02:01:01,B*51:01:01:01,"[""DRB4*01:03:01:01"", ""DRB4*01:03:01:01:03""]",DRB1*04:07:01,DQA1*03:03:01:01,DQB1*03:01:01:01,DPA1*01:03:01:03,DPB1*03:01:01,0.00030385900941962927,2,25,0.00046,2,28,0.0,0,,0.0,0,,0.0,0,,0.0,0,,0.0,0,,0.0,0,,0.0,0,
A*02:01:01:01,C*15:13,B*51:01:01:01,"[""DRB4*01:03:01:01"", ""DRB4*01:03:01:01:03""]",DRB1*04:02:01,DQA1*03:01:01,DQB1*03:02:01,DPA1*01:03:01:04,"[""DPB1*04:01:01:01"", ""DPB1*04:01:01:02""]",0.00030385900941962927,2,25,0.0,0,,0.0,0,,0.0,0,,0.0,0,,0.0,0,,0.0,0,,0.0,0,,0.01923,2,2
A*02:01:01:01,C*16:01:01:01,B*44:03:01:01,DRB3*02:02:01:02,DRB1*11:01:02,DQA1*01:02:01:01SG,DQB1*06:02:01,DPA1*01:03:01:02,DPB1*18:01,0.00030385900941962927,2,25,0.0,0,,0.00265,2,5,0.0,0,,0.0,0,,0.0,0,,0.0,0,,0.0,0,,0.0,0,
A*02:01:01:01,C*16:01:01:01,B*44:03:01:01,DRB4*01:01:01:01,DRB1*07:01:01:01SG,DQA1*02:01:01:01SG,DQB1*02:02:01:01,DPA1*02:01:02,DPB1*01:01:01,0.00030385900941962927,2,25,0.00046,2,28,0.0,0,,0.0,0,,0.0,0,,0.0,0,,0.0,0,,0.0,0,,0.0,0,
A*02:01:01:01,C*16:02:01,B*51:01:01:01,DRB3*02:02:01:01,DRB1*03:01:01:01SG,DQA1*05:01:01:03,DQB1*02:01:01,DPA1*01:03:01:03,DPB1*03:01:01,0.00030385900941962927,2,25,0.0,0,,0.0,0,,0.0,0,,0.0,0,,0.0,0,,0.0,0,,0.0,0,,0.01923,2,2
A*02:01:01:01,C*17:01:01:05,B*41:01:01,DRB3*02:02:01:01,DRB1*03:01:01:01SG,DQA1*05:01:01:01,DQB1*02:01:01,DPA1*01:03:01:01,"[""DPB1*02:01:02"", ""DPB1*02:01:19""]",0.00030385900941962927,2,25,0.00046,2,28,0.0,0,,0.0,0,,0.0,0,,0.0,0,,0.0,0,,0.0,0,,0.0,0,
A*02:05:01,C*07:01:01:01,B*41:01:01,DRB3*02:02:01:02,DRB1*13:05:01,DQA1*05:05:01:01SG,DQB1*03:01:01:03,DPA1*01:03:01:01,"[""DPB1*02:01:02"", ""DPB1*02:01:19""]",0.00030385900941962927,2,25,0.00046,2,28,0.0,0,,0.0,0,,0.0,0,,0.0,0,,0.0,0,,0.0,0,,0.0,0,
A*02:06:01:01,C*03:03:01:01,B*52:01:02,Abs,DRB1*08:02:01,DQA1*04:01:01,DQB1*04:02:01,DPA1*01:03:01:02,"[""DPB1*04:01:01:01"", ""DPB1*04:01:01:02""]",0.00030385900941962927,2,25,0.0,0,,0.0,0,,0.0,0,,0.0,0,,0.0,0,,0.00962,2,5,0.0,0,,0.0,0,
A*02:06:01:01,C*07:02:01:01,B*39:02:02,Abs,DRB1*08:02:01,DQA1*04:01:01,DQB1*04:02:01,DPA1*01:03:01:05,DPB1*04:02:01:02,0.00030385900941962927,2,25,0.0,0,,0.0,0,,0.0,0,,0.0,0,,0.0,0,,0.00962,2,5,0.0,0,,0.0,0,
A*02:06:01:01,C*08:01:01,B*40:06:01:01,DRB4*01:03:02,DRB1*09:01:02,DQA1*03:02,"[""DQB1*03:03:02:02"", ""DQB1*03:03:02:03""]",DPA1*01:03:01:01,"[""DPB1*04:01:01:01"", ""DPB1*04:01:01:02""]",0.00030385900941962927,2,25,0.0,0,,0.0,0,,0.0,0,,0.0,0,,0.0,0,,0.0,0,,0.025,2,3,0.0,0,
A*03:01:01:01,C*01:02:01,B*27:05:02,Abs,DRB1*01:01:01,DQA1*01:01:01:02SG,DQB1*05:01:01:03,DPA1*01:03:01:02,"[""DPB1*02:01:02"", ""DPB1*02:01:19""]",0.00030385900941962927,2,25,0.0,0,,0.0,0,,0.0,0,,0.0,0,,0.00377,2,5,0.0,0,,0.0,0,,0.0,0,
A*03:01:01:01,C*02:02:02:01,B*27:05:02,"[""DRB4*01:03:01:01"", ""DRB4*01:03:01:01:03""]",DRB1*04:01:01:01SG,DQA1*03:03:01:01,DQB1*03:01:01:01,DPA1*01:03:01:02,"[""DPB1*04:01:01:01"", ""DPB1*04:01:01:02""]",0.00030385900941962927,2,25,0.00046,2,28,0.0,0,,0.0,0,,0.0,0,,0.0,0,,0.0,0,,0.0,0,,0.0,0,
A*03:01:01:01,C*02:02:02:01,B*40:02:01,Abs,DRB1*01:01:01,DQA1*01:01:01:02SG,DQB1*03:01:01:03,DPA1*01:03:01:02,"[""DPB1*04:01:01:01"", ""DPB1*04:01:01:02""]",0.00030385900941962927,2,25,0.00046,2,28,0.0,0,,0.0,0,,0.0,0,,0.0,0,,0.0,0,,0.0,0,,0.0,0,
A*03:01:01:01,C*02:02:02:01,B*40:02:01,DRB3*02:02:01:02,DRB1*11:01:01:01,DQA1*05:05:01:01SG,DQB1*03:01:01:03,DPA1*01:03:01:01,"[""DPB1*02:01:02"", ""DPB1*02:01:19""]",0.00030385900941962927,2,25,0.00046,2,28,0.0,0,,0.0,0,,0.0,0,,0.0,0,,0.0,0,,0.0,0,,0.0,0,
A*03:01:01:01,C*03:03:01:01,B*15:01:01:01,DRB5*01:01:01,DRB1*15:01:01:01SG,DQA1*01:02:01:01SG,DQB1*06:02:01,DPA1*01:03:01:02,"[""DPB1*04:01:01:01"", ""DPB1*04:01:01:02""]",0.00030385900941962927,2,25,0.00046,2,28,0.0,0,,0.0,0,,0.0,0,,0.0,0,,0.0,0,,0.0,0,,0.0,0,
A*03:01:01:01,C*03:03:01:01,B*55:01:01,DRB5*01:01:01,DRB1*15:01:01:01SG,DQA1*01:02:01:01SG,DQB1*06:02:01,DPA1*01:03:01:02,"[""DPB1*04:01:01:01"", ""DPB1*04:01:01:02""]",0.00030385900941962927,2,25,0.00046,2,28,0.0,0,,0.0,0,,0.0,0,,0.0,0,,0.0,0,,0.0,0,,0.0,0,
A*03:01:01:01,C*03:04:01:01,B*40:01:02,Abs,DRB1*01:01:01,DQA1*01:01:01:02SG,DQB1*05:01:01:03,DPA1*01:03:01:02,"[""DPB1*04:01:01:01"", ""DPB1*04:01:01:02""]",0.00030385900941962927,2,25,0.00046,2,28,0.0,0,,0.0,0,,0.0,0,,0.0,0,,0.0,0,,0.0,0,,0.0,0,
A*03:01:01:01,C*03:04:01:01,B*40:01:02,"[""DRB4*01:03:01:01"", ""DRB4*01:03:01:01:03""]",DRB1*04:04:01,DQA1*03:01:01,DQB1*03:02:01,DPA1*01:03:01:03,DPB1*06:01:01,0.00030385900941962927,2,25,0.00046,2,28,0.0,0,,0.0,0,,0.0,0,,0.0,0,,0.0,0,,0.0,0,,0.0,0,
A*03:01:01:01,C*04:01:01:01,B*35:01:01:02,Abs,DRB1*01:01:01,DQA1*01:01:01:02SG,DQB1*05:01:01:03,DPA1*01:03:01:04,DPB1*02:02,0.00030385900941962927,2,25,0.0,0,,0.0,0,,0.0,0,,0.0,0,,0.00377,2,5,0.0,0,,0.0,0,,0.0,0,
A*03:01:01:01,C*04:01:01:01,B*35:01:01:02,Abs,DRB1*01:01:01,DQA1*01:01:01:02SG,DQB1*05:01:01:03,DPA1*01:03:01:05,DPB1*01:01:01,0.00030385900941962927,2,25,0.0,0,,0.00265,2,5,0.0,0,,0.0,0,,0.0,0,,0.0,0,,0.0,0,,0.0,0,
A*03:01:01:01,C*04:01:01:01,B*35:01:01:02,DRB3*02:02:01:02,DRB1*13:01:01:01SG,DQA1*01:03:01:02SG,DQB1*06:03:01,DPA1*01:03:01:02,"[""DPB1*04:01:01:01"", ""DPB1*04:01:01:02""]",0.00030385900941962927,2,25,0.0,0,,0.00265,2,5,0.0,0,,0.0,0,,0.0,0,,0.0,0,,0.0,0,,0.0,0,
A*03:01:01:01,C*04:01:01:01,B*35:01:01:02,"[""DRB4*01:03:01:01"", ""DRB4*01:03:01:01:03""]",DRB1*04:04:01,DQA1*03:01:01,DQB1*03:02:01,DPA1*01:03:01:01,"[""DPB1*02:01:02"", ""DPB1*02:01:19""]",0.00030385900941962927,2,25,0.00046,2,28,0.0,0,,0.0,0,,0.0,0,,0.0,0,,0.0,0,,0.0,0,,0.0,0,
A*03:01:01:01,C*05:01:01:02,B*44:02:01:01,Abs,DRB1*01:01:01,DQA1*01:01:01:02SG,DQB1*05:01:01:03,DPA1*01:03:01:05,DPB1*04:02:01:02,0.00030385900941962927,2,25,0.00046,2,28,0.0,0,,0.0,0,,0.0,0,,0.0,0,,0.0,0,,0.0,0,,0.0,0,
A*03:01:01:01,C*07:01:01:01,B*49:01:01,DRB3*02:02:01:02,DRB1*11:01:01:01,DQA1*05:05:01:01SG,DQB1*03:01:01:03,DPA1*01:03:01:04,"[""DPB1*04:01:01:01"", ""DPB1*04:01:01:02""]",0.00030385900941962927,2,25,0.00046,2,28,0.0,0,,0.0,0,,0.0,0,,0.0,0,,0.0,0,,0.0,0,,0.0,0,
A*03:01:01:01,C*07:02:01:03,B*07:02:01,Abs,DRB1*01:01:01,DQA1*01:01:01:02SG,DQB1*05:01:01:03,DPA1*01:03:01:02,"[""DPB1*02:01:02"", ""DPB1*02:01:19""]",0.00030385900941962927,2,25,0.00046,2,28,0.0,0,,0.0,0,,0.0,0,,0.0,0,,0.0,0,,0.0,0,,0.0,0,
A*03:01:01:01,C*07:02:01:03,B*07:02:01,Abs,DRB1*01:02:01,DQA1*01:01:02,DQB1*05:01:01:01,DPA1*01:03:01:05,DPB1*04:02:01:02,0.00030385900941962927,2,25,0.00046,2,28,0.0,0,,0.0,0,,0.0,0,,0.0,0,,0.0,0,,0.0,0,,0.0,0,
A*03:01:01:01,C*07:02:01:03,B*07:02:01,DRB3*01:01:02:01,DRB1*13:01:01:01SG,DQA1*01:03:01:02SG,DQB1*06:03:01,DPA1*01:03:01:01,"[""DPB1*02:01:02"", ""DPB1*02:01:19""]",0.00030385900941962927,2,25,0.00046,2,28,0.0,0,,0.0,0,,0.0,0,,0.0,0,,0.0,0,,0.0,0,,0.0,0,
A*03:01:01:01,C*07:02:01:03,B*07:02:01,DRB3*01:01:02:01,DRB1*13:01:01:01SG,DQA1*01:03:01:02SG,DQB1*06:03:01,DPA1*01:03:01:03,DPB1*03:01:01,0.00030385900941962927,2,25,0.00046,2,28,0.0,0,,0.0,0,,0.0,0,,0.0,0,,0.0,0,,0.0,0,,0.0,0,
A*03:01:01:01,C*07:02:01:03,B*07:02:01,DRB3*01:01:02:01,DRB1*15:01:01:01SG,DQA1*01:02:01:01SG,DQB1*06:02:01,DPA1*01:03:01:01,"[""DPB1*04:01:01:01"", ""DPB1*04:01:01:02""]",0.00030385900941962927,2,25,0.0,0,,0.0,0,,0.0,0,,0.00472,2,7,0.0,0,,0.0,0,,0.0,0,,0.0,0,
A*03:01:01:01,C*07:02:01:03,B*07:02:01,DRB3*02:02:01:02,DRB1*11:04:01,DQA1*05:05:01:01SG,DQB1*03:01:01:03,DPA1*01:03:01:05,DPB1*04:02:01:02,0.00030385900941962927,2,25,0.00046,2,28,0.0,0,,0.0,0,,0.0,0,,0.0,0,,0.0,0,,0.0,0,,0.0,0,
A*03:01:01:01,C*07:02:01:03,B*07:02:01,DRB4*01:01:01:01,DRB1*07:01:01:01SG,DQA1*02:01:01:01SG,DQB1*02:02:01:01,DPA1*01:03:01:01,"[""DPB1*02:01:02"", ""DPB1*02:01:19""]",0.00030385900941962927,2,25,0.00046,2,28,0.0,0,,0.0,0,,0.0,0,,0.0,0,,0.0,0,,0.0,0,,0.0,0,
A*03:01:01:01,C*07:02:01:03,B*07:02:01,"[""DRB4*01:03:01:01"", ""DRB4*01:03:01:01:03""]",DRB1*04:01:01:01SG,DQA1*03:01:01,DQB1*03:02:01,DPA1*01:03:01:01,"[""DPB1*02:01:02"", ""DPB1*02:01:19""]",0.00030385900941962927,2,25,0.00046,2,28,0.0,0,,0.0,0,,0.0,0,,0.0,0,,0.0,0,,0.0,0,,0.0,0,
A*03:01:01:01,C*07:02:01:03,B*07:02:01,"[""DRB4*01:03:01:01"", ""DRB4*01:03:01:01:03""]",DRB1*04:04:01,DQA1*03:01:01,DQB1*03:02:01,DPA1*01:03:01:02,"[""DPB1*04:01:01:01"", ""DPB1*04:01:01:02""]",0.00030385900941962927,2,25,0.00046,2,28,0.0,0,,0.0,0,,0.0,0,,0.0,0,,0.0,0,,0.0,0,,0.0,0,
A*03:01:01:01,C*07:02:01:03,B*07:02:01,"[""DRB4*01:03:01:01"", ""DRB4*01:03:01:01:03""]",DRB1*04:04:01,DQA1*03:01:01,DQB1*03:02:01,DPA1*01:03:01:03,DPB1*03:01:01,0.00030385900941962927,2,25,0.00046,2,28,0.0,0,,0.0,0,,0.0,0,,0.0,0,,0.0,0,,0.0,0,,0.0,0,
A*03:01:01:01,C*07:02:01:03,B*07:02:01,DRB5*01:01:01,DRB1*15:01:01:01SG,DQA1*01:02:01:01SG,DQB1*06:02:01,DPA1*01:03:01:01,"[""DPB1*02:01:02"", ""DPB1*02:01:19""]",0.00030385900941962927,2,25,0.00046,2,28,0.0,0,,0.0,0,,0.0,0,,0.0,0,,0.0,0,,0.0,0,,0.0,0,
A*03:01:01:01,C*07:02:01:03,B*07:02:01,DRB5*01:01:01,DRB1*15:01:01:01SG,DQA1*01:02:01:01SG,DQB1*06:02:01,DPA1*01:03:01:03,DPB1*06:01:01,0.00030385900941962927,2,25,0.00046,2,28,0.0,0,,0.0,0,,0.0,0,,0.0,0,,0.0,0,,0.0,0,,0.0,0,
A*03:01:01:01,C*07:02:01:03,B*07:02:01,DRB5*01:01:01,DRB1*15:01:01:01SG,DQA1*01:02:01:01SG,DQB1*06:02:01,DPA1*01:03:01:04,"[""DPB1*02:01:02"", ""DPB1*02:01:19""]",0.00030385900941962927,2,25,0.0,0,,0.0,0,,0.0,0,,0.0,0,,0.00377,2,5,0.0,0,,0.0,0,,0.0,0,
A*03:01:01:01,C*07:02:01:03,B*07:02:01,DRB5*01:01:01,DRB1*15:01:01:01SG,DQA1*01:02:01:01SG,DQB1*06:03:01,DPA1*01:03:01:02,"[""DPB1*04:01:01:01"", ""DPB1*04:01:01:02""]",0.00030385900941962927,2,25,0.00046,2,28,0.0,0,,0.0,0,,0.0,0,,0.0,0,,0.0,0,,0.0,0,,0.0,0,
A*03:01:01:01,C*07:02:01:03,B*07:02:01,DRB5*01:01:01,DRB1*15:01:01:01SG,DQA1*01:02:02,DQB1*05:02:01,DPA1*01:03:01:03,DPB1*06:01:01,0.00030385900941962927,2,25,0.00046,2,28,0.0,0,,0.0,0,,0.0,0,,0.0,0,,0.0,0,,0.0,0,,0.0,0,
A*03:01:01:01,C*07:04:01:01,B*44:02:01:03,DRB3*02:02:01:02,DRB1*11:01:01:01,DQA1*05:05:01:01SG,DQB1*03:01:01:03,DPA1*01:03:01:02,"[""DPB1*04:01:01:01"", ""DPB1*04:01:01:02""]",0.00030385900941962927,2,25,0.00046,2,28,0.0,0,,0.0,0,,0.0,0,,0.0,0,,0.0,0,,0.0,0,,0.0,0,
A*03:01:01:01,C*08:02:01:01,B*14:02:01:01,DRB3*03:01:01,DRB1*13:02:01,DQA1*01:02:01:04SG,DQB1*06:09:01,DPA1*01:03:01:02,"[""DPB1*04:01:01:01"", ""DPB1*04:01:01:02""]",0.00030385900941962927,2,25,0.00046,2,28,0.0,0,,0.0,0,,0.0,0,,0.0,0,,0.0,0,,0.0,0,,0.0,0,
A*03:01:01:01,C*08:02:01:01,B*14:02:01:01,DRB5*01:01:01,DRB1*15:01:01:01SG,DQA1*01:02:01:01SG,DQB1*06:02:01,DPA1*01:03:01:01,"[""DPB1*02:01:02"", ""DPB1*02:01:19""]",0.00030385900941962927,2,25,0.00046,2,28,0.0,0,,0.0,0,,0.0,0,,0.0,0,,0.0,0,,0.0,0,,0.0,0,
A*03:01:01:01,C*08:02:01:01,B*35:08:01,"[""DRB4*01:03:01:01"", ""DRB4*01:03:01:01:03""]",DRB1*04:05:01,DQA1*05:05:01:01SG,DQB1*03:01:01:02,DPA1*01:03:01:01,"[""DPB1*02:01:02"", ""DPB1*02:01:19""]",0.00030385900941962927,2,25,0.0,0,,0.0,0,,0.02083,2,2,0.0,0,,0.0,0,,0.0,0,,0.0,0,,0.0,0,
A*03:01:01:01,C*15:13,B*51:01:01:01,"[""DRB4*01:03:01:01"", ""DRB4*01:03:01:01:03""]",DRB1*04:02:01,DQA1*03:01:01,DQB1*03:02:01,DPA1*01:03:01:01,"[""DPB1*02:01:02"", ""DPB1*02:01:19""]",0.00030385900941962927,2,25,0.00046,2,28,0.0,0,,0.0,0,,0.0,0,,0.0,0,,0.0,0,,0.0,0,,0.0,0,
A*03:01:01:01,C*16:01:01:01,B*44:03:01:01,DRB4*01:01:01:01,DRB1*07:01:01:01SG,DQA1*02:01:01:01SG,DQB1*02:02:01:01,DPA1*01:03:01:02,"[""DPB1*04:01:01:01"", ""DPB1*04:01:01:02""]",0.00030385900941962927,2,25,0.0,0,,0.0,0,,0.0,0,,0.00472,2,7,0.0,0,,0.0,0,,0.0,0,,0.0,0,
A*03:01:01:01,C*16:01:01:01,B*44:03:01:01,DRB4*01:01:01:01,DRB1*07:01:01:01SG,DQA1*02:01:01:01SG,DQB1*02:02:01:01,DPA1*02:02:02,DPB1*01:01:01,0.00030385900941962927,2,25,0.00046,2,28,0.0,0,,0.0,0,,0.0,0,,0.0,0,,0.0,0,,0.0,0,,0.0,0,
A*03:01:01:01,C*16:01:01:01,B*44:03:01:01,"[""DRB4*01:03:01:01"", ""DRB4*01:03:01:01:03""]",DRB1*04:04:01,DQA1*03:01:01,DQB1*03:02:01,DPA1*01:03:01:02,"[""DPB1*04:01:01:01"", ""DPB1*04:01:01:02""]",0.00030385900941962927,2,25,0.00046,2,28,0.0,0,,0.0,0,,0.0,0,,0.0,0,,0.0,0,,0.0,0,,0.0,0,
A*03:01:01:05,C*06:02:01:01,B*47:01:01:03,"[""DRB4*01:03:01:01"", ""DRB4*01:03:01:01:03""]",DRB1*04:05:01,DQA1*03:03:01:01,DQB1*03:02:01,DPA1*01:03:01:02,DPB1*104:01,0.00030385900941962927,2,25,0.0,0,,0.0,0,,0.0,0,,0.0,0,,0.00377,2,5,0.0,0,,0.0,0,,0.0,0,
A*03:01:01:05,C*17:01:01:05,B*41:01:01,"[""DRB4*01:03:01:01"", ""DRB4*01:03:01:01:03""]",DRB1*04:04:01,DQA1*03:03:01:01,DQB1*04:02:01,DPA1*01:03:01:04,"[""DPB1*04:01:01:01"", ""DPB1*04:01:01:02""]",0.00030385900941962927,2,25,0.00046,2,28,0.0,0,,0.0,0,,0.0,0,,0.0,0,,0.0,0,,0.0,0,,0.0,0,
A*03:01:01:07,C*04:01:01:01,B*35:01:01:02,DRB3*01:01:02:01,DRB1*12:01:01:03,DQA1*01:05:01,DQB1*05:01:01:02,DPA1*01:03:01:02,"[""DPB1*02:01:02"", ""DPB1*02:01:19""]",0.00030385900941962927,2,25,0.0,0,,0.00265,2,5,0.0,0,,0.0,0,,0.0,0,,0.0,0,,0.0,0,,0.0,0,
A*03:01:01:07,C*04:01:01:01,B*35:01:01:02,DRB3*01:01:02:01,DRB1*12:01:01:03,DQA1*01:05:01,DQB1*05:01:01:02,DPA1*02:01:08,DPB1*01:01:01,0.00030385900941962927,2,25,0.0,0,,0.00265,2,5,0.0,0,,0.0,0,,0.0,0,,0.0,0,,0.0,0,,0.0,0,
A*03:02:01,C*07:01:01:01,B*08:01:01:01,DRB3*01:01:02:01,DRB1*03:01:01:01SG,DQA1*05:01:01:02,DQB1*02:01:01,DPA1*01:03:01:04,"[""DPB1*04:01:01:01"", ""DPB1*04:01:01:02""]",0.00030385900941962927,2,25,0.00046,2,28,0.0,0,,0.0,0,,0.0,0,,0.0,0,,0.0,0,,0.0,0,,0.0,0,
A*11:01:01:01,C*01:02:01,B*27:05:02,Abs,DRB1*01:01:01,DQA1*01:01:01:02SG,DQB1*03:01:01:03,DPA1*01:03:01:05,DPB1*04:02:01:02,0.00030385900941962927,2,25,0.00046,2,28,0.0,0,,0.0,0,,0.0,0,,0.0,0,,0.0,0,,0.0,0,,0.0,0,
A*11:01:01:01,C*01:02:01,B*27:05:02,Abs,DRB1*01:01:01,DQA1*01:01:01:02SG,DQB1*05:01:01:03,DPA1*01:03:01:03,DPB1*03:01:01,0.00030385900941962927,2,25,0.00046,2,28,0.0,0,,0.0,0,,0.0,0,,0.0,0,,0.0,0,,0.0,0,,0.0,0,
A*11:01:01:01,C*01:02:01,B*56:01:01:03,Abs,DRB1*01:01:01,DQA1*01:01:01:02SG,DQB1*05:01:01:03,DPA1*01:03:01:03,DPB1*06:01:01,0.00030385900941962927,2,25,0.00046,2,28,0.0,0,,0.0,0,,0.0,0,,0.0,0,,0.0,0,,0.0,0,,0.0,0,
A*11:01:01:01,C*01:02:01,B*56:01:01:03,Abs,DRB1*01:01:01,DQA1*01:01:01:02SG,DQB1*05:01:01:03,DPA1*02:01:02,DPB1*01:01:01,0.00030385900941962927,2,25,0.00046,2,28,0.0,0,,0.0,0,,0.0,0,,0.0,0,,0.0,0,,0.0,0,,0.0,0,
A*11:01:01:01,C*03:03:01:01,B*55:01:01,"[""DRB4*01:03:01:01"", ""DRB4*01:03:01:01:03""]",DRB1*04:07:01,DQA1*03:03:01:01,DQB1*03:01:01:01,DPA1*01:03:01:03,DPB1*03:01:01,0.00030385900941962927,2,25,0.00046,2,28,0.0,0,,0.0,0,,0.0,0,,0.0,0,,0.0,0,,0.0,0,,0.0,0,
A*11:01:01:01,C*03:03:01:01,B*55:01:01,"[""DRB4*01:03:01:01"", ""DRB4*01:03:01:01:03""]",DRB1*04:07:01,DQA1*03:03:01:01,DQB1*03:01:01:01,DPA1*01:03:01:04,"[""DPB1*04:01:01:01"", ""DPB1*04:01:01:02""]",0.00030385900941962927,2,25,0.00046,2,28,0.0,0,,0.0,0,,0.0,0,,0.0,0,,0.0,0,,0.0,0,,0.0,0,
A*11:01:01:01,C*03:04:01:01,B*44:03:01:01,DRB5*01:01:01,DRB1*15:01:01:01SG,DQA1*01:02:01:01SG,DQB1*06:02:01,DPA1*01:03:01:02,"[""DPB1*04:01:01:01"", ""DPB1*04:01:01:02""]",0.00030385900941962927,2,25,0.0,0,,0.0,0,,0.0,0,,0.0,0,,0.00377,2,5,0.0,0,,0.0,0,,0.0,0,
A*11:01:01:01,C*04:01:01:01,B*35:01:01:01,DRB3*01:01:02:02,DRB1*13:01:01:01SG,DQA1*01:03:01:02SG,DQB1*06:03:01,DPA1*01:03:01:02,"[""DPB1*04:01:01:01"", ""DPB1*04:01:01:02""]",0.00030385900941962927,2,25,0.00046,2,28,0.0,0,,0.0,0,,0.0,0,,0.0,0,,0.0,0,,0.0,0,,0.0,0,
A*11:01:01:01,C*04:01:01:01,B*35:01:01:02,Abs,DRB1*01:01:01,DQA1*01:01:01:02SG,DQB1*05:01:01:03,DPA1*01:03:01:04,"[""DPB1*04:01:01:01"", ""DPB1*04:01:01:02""]",0.00030385900941962927,2,25,0.0,0,,0.0,0,,0.0,0,,0.0,0,,0.00377,2,5,0.0,0,,0.0,0,,0.0,0,
A*11:01:01:01,C*04:01:01:01,B*35:01:01:02,DRB3*02:02:01:01,DRB1*12:01:01:03,DQA1*05:05:01:05SG,DQB1*03:01:01:01,DPA1*01:03:01:02,"[""DPB1*04:01:01:01"", ""DPB1*04:01:01:02""]",0.00030385900941962927,2,25,0.00046,2,28,0.0,0,,0.0,0,,0.0,0,,0.0,0,,0.0,0,,0.0,0,,0.0,0,
A*11:01:01:01,C*04:01:01:01,B*35:01:01:02,DRB3*02:02:01:01,DRB1*14:54:01,DQA1*01:04:01:01SG,"[""DQB1*05:03:01:01"", ""DQB1*05:03:01:02""]",DPA1*01:03:01:02,"[""DPB1*04:01:01:01"", ""DPB1*04:01:01:02""]",0.00030385900941962927,2,25,0.00046,2,28,0.0,0,,0.0,0,,0.0,0,,0.0,0,,0.0,0,,0.0,0,,0.0,0,
A*11:01:01:01,C*04:01:01:01,B*35:03:01,DRB3*02:02:01:02,DRB1*11:01:01:01,DQA1*05:05:01:01SG,DQB1*03:01:01:03,DPA1*01:03:01:02,"[""DPB1*04:01:01:01"", ""DPB1*04:01:01:02""]",0.00030385900941962927,2,25,0.00046,2,28,0.0,0,,0.0,0,,0.0,0,,0.0,0,,0.0,0,,0.0,0,,0.0,0,
A*11:01:01:01,C*04:01:01:01,B*44:03:01:01,DRB4*01:01:01:01,DRB1*07:01:01:01SG,DQA1*02:01:01:01SG,DQB1*02:02:01:01,DPA1*01:03:01:01,"[""DPB1*02:01:02"", ""DPB1*02:01:19""]",0.00030385900941962927,2,25,0.00046,2,28,0.0,0,,0.0,0,,0.0,0,,0.0,0,,0.0,0,,0.0,0,,0.0,0,
A*11:01:01:01,C*04:01:01:01,B*44:03:01:01,DRB4*01:01:01:01,DRB1*07:01:01:01SG,DQA1*02:01:01:01SG,DQB1*02:02:01:01,DPA1*01:03:01:04,"[""DPB1*04:01:01:01"", ""DPB1*04:01:01:02""]",0.00030385900941962927,2,25,0.0,0,,0.0,0,,0.0,0,,0.0,0,,0.00377,2,5,0.0,0,,0.0,0,,0.0,0,
A*11:01:01:01,C*04:01:01:05,B*35:01:01:02,Abs,DRB1*01:01:01,DQA1*01:01:01:02SG,DQB1*05:01:01:03,DPA1*02:01:01:02,DPB1*09:01:01,0.00030385900941962927,2,25,0.00046,2,28,0.0,0,,0.0,0,,0.0,0,,0.0,0,,0.0,0,,0.0,0,,0.0,0,
A*11:01:01:01,C*04:01:01:05,B*35:01:01:02,"[""DRB4*01:03:01:01"", ""DRB4*01:03:01:01:03""]",DRB1*04:01:01:01SG,DQA1*03:03:01:01,DQB1*03:01:01:01,DPA1*01:03:01:02,"[""DPB1*04:01:01:01"", ""DPB1*04:01:01:02""]",0.00030385900941962927,2,25,0.00046,2,28,0.0,0,,0.0,0,,0.0,0,,0.0,0,,0.0,0,,0.0,0,,0.0,0,
A*11:01:01:01,C*04:01:01:05,B*35:01:01:02,"[""DRB4*01:03:01:01"", ""DRB4*01:03:01:01:03""]",DRB1*04:04:01,DQA1*03:01:01,DQB1*03:02:01,DPA1*01:03:01:03,"[""DPB1*04:01:01:01"", ""DPB1*04:01:01:02""]",0.00030385900941962927,2,25,0.00046,2,28,0.0,0,,0.0,0,,0.0,0,,0.0,0,,0.0,0,,0.0,0,,0.0,0,
A*11:01:01:01,C*05:01:01:02,B*44:02:01:01,Abs,DRB1*01:01:01,DQA1*01:01:01:02SG,DQB1*05:01:01:03,DPA1*01:03:01:02,"[""DPB1*04:01:01:01"", ""DPB1*04:01:01:02""]",0.00030385900941962927,2,25,0.0,0,,0.0,0,,0.0,0,,0.0,0,,0.00377,2,5,0.0,0,,0.0,0,,0.0,0,
A*11:01:01:01,C*05:01:01:02,B*44:02:01:01,Abs,DRB1*01:01:01,DQA1*01:01:01:02SG,DQB1*06:03:01,DPA1*01:03:01:03,DPB1*03:01:01,0.00030385900941962927,2,25,0.00046,2,28,0.0,0,,0.0,0,,0.0,0,,0.0,0,,0.0,0,,0.0,0,,0.0,0,
A*11:01:01:01,C*05:01:01:02,B*44:02:01:01,DRB5*01:01:01,DRB1*15:01:01:01SG,DQA1*01:02:01:01SG,DQB1*06:02:01,DPA1*01:03:01:04,"[""DPB1*04:01:01:01"", ""DPB1*04:01:01:02""]",0.00030385900941962927,2,25,0.00046,2,28,0.0,0,,0.0,0,,0.0,0,,0.0,0,,0.0,0,,0.0,0,,0.0,0,
A*11:01:01:01,C*06:02:01:01,B*13:02:01,"[""DRB4*01:03:01:01"", ""DRB4*01:03:01:01:03""]",DRB1*07:01:01:01SG,DQA1*02:01:01:01SG,DQB1*02:02:01:01,DPA1*01:03:01:04,"[""DPB1*04:01:01:01"", ""DPB1*04:01:01:02""]",0.00030385900941962927,2,25,0.00046,2,28,0.0,0,,0.0,0,,0.0,0,,0.0,0,,0.0,0,,0.0,0,,0.0,0,
A*11:01:01:01,C*06:02:01:01,B*57:01:01,DRB4*01:03:01:02N,DRB1*07:01:01:01SG,DQA1*02:01:01:01SG,DQB1*03:03:02:01,DPA1*01:03:01:03,DPB1*03:01:01,0.00030385900941962927,2,25,0.00046,2,28,0.0,0,,0.0,0,,0.0,0,,0.0,0,,0.0,0,,0.0,0,,0.0,0,
A*11:01:01:01,C*07:01:01:01,B*08:01:01:01,DRB3*01:01:02:01,DRB1*03:01:01:01SG,DQA1*01:02:01:01SG,DQB1*06:02:01,DPA1*01:03:01:03,DPB1*03:01:01,0.00030385900941962927,2,25,0.00046,2,28,0.0,0,,0.0,0,,0.0,0,,0.0,0,,0.0,0,,0.0,0,,0.0,0,
A*11:01:01:01,C*07:01:01:01,B*08:01:01:01,DRB3*01:01:02:01,DRB1*03:01:01:01SG,DQA1*05:01:01:02,DQB1*02:01:01,DPA1*01:03:01:04,"[""DPB1*04:01:01:01"", ""DPB1*04:01:01:02""]",0.00030385900941962927,2,25,0.00046,2,28,0.0,0,,0.0,0,,0.0,0,,0.0,0,,0.0,0,,0.0,0,,0.0,0,
A*11:01:01:01,C*07:02:01:03,B*07:02:01,Abs,DRB1*01:01:01,DQA1*01:01:01:02SG,DQB1*05:01:01:03,DPA1*01:03:01:01,"[""DPB1*02:01:02"", ""DPB1*02:01:19""]",0.00030385900941962927,2,25,0.00046,2,28,0.0,0,,0.0,0,,0.0,0,,0.0,0,,0.0,0,,0.0,0,,0.0,0,
A*11:01:01:01,C*07:02:01:03,B*07:02:01,DRB5*01:01:01,DRB1*15:01:01:01SG,DQA1*01:02:01:01SG,DQB1*06:02:01,DPA1*01:03:01:03,DPB1*03:01:01,0.00030385900941962927,2,25,0.00046,2,28,0.0,0,,0.0,0,,0.0,0,,0.0,0,,0.0,0,,0.0,0,,0.0,0,
A*11:01:01:01,C*12:02:02,B*52:01:01:02,DRB5*01:02,DRB1*15:02:01:01SG,DQA1*01:03:01:01,DQB1*06:01:01,DPA1*01:03:01:01,"[""DPB1*02:01:02"", ""DPB1*02:01:19""]",0.00030385900941962927,2,25,0.0,0,,0.0,0,,0.0,0,,0.0,0,,0.00377,2,5,0.0,0,,0.0,0,,0.0,0,
A*11:01:01:01,C*12:02:02,B*52:01:01:02,DRB5*01:02,DRB1*15:02:01:01SG,DQA1*01:03:01:01,DQB1*06:01:01,DPA1*01:03:01:02,"[""DPB1*02:01:02"", ""DPB1*02:01:19""]",0.00030385900941962927,2,25,0.0,0,,0.0,0,,0.0,0,,0.0,0,,0.0,0,,0.0,0,,0.0,0,,0.01923,2,2
A*11:01:01:01,C*12:03:01:01,B*35:03:01,"[""DRB4*01:03:01:01"", ""DRB4*01:03:01:01:03""]",DRB1*04:08:01,DQA1*03:03:01:01,DQB1*03:04:01,DPA1*01:04,DPB1*15:01:01,0.00030385900941962927,2,25,0.00046,2,28,0.0,0,,0.0,0,,0.0,0,,0.0,0,,0.0,0,,0.0,0,,0.0,0,
A*11:01:01:01,C*15:02:01:01,B*18:01:01:02,DRB3*02:02:01:02,DRB1*11:04:01,DQA1*05:05:01:01SG,DQB1*03:01:01:03,DPA1*01:03:01:05,DPB1*04:02:01:01,0.00030385900941962927,2,25,0.00046,2,28,0.0,0,,0.0,0,,0.0,0,,0.0,0,,0.0,0,,0.0,0,,0.0,0,
A*11:01:01:01,C*16:01:01:01,B*44:03:01:01,DRB4*01:01:01:01,DRB1*07:01:01:01SG,DQA1*02:01:01:01SG,DQB1*02:02:01:01,DPA1*02:01:01:01,DPB1*11:01:01,0.00030385900941962927,2,25,0.00046,2,28,0.0,0,,0.0,0,,0.0,0,,0.0,0,,0.0,0,,0.0,0,,0.0,0,
A*23:01:01,C*04:01:01:01,B*44:03:01:01,Abs,DRB1*01:01:01,DQA1*01:01:01:02SG,DQB1*05:01:01:03,DPA1*01:03:01:04,"[""DPB1*04:01:01:01"", ""DPB1*04:01:01:02""]",0.00030385900941962927,2,25,0.00046,2,28,0.0,0,,0.0,0,,0.0,0,,0.0,0,,0.0,0,,0.0,0,,0.0,0,
A*23:01:01,C*07:01:01:01,B*49:01:01,"[""DRB4*01:03:01:01"", ""DRB4*01:03:01:01:03""]",DRB1*04:05:01,DQA1*03:03:01:01,DQB1*03:02:01,DPA1*02:01:01:01,DPB1*17:01,0.00030385900941962927,2,25,0.0,0,,0.0,0,,0.0,0,,0.0,0,,0.0,0,,0.00962,2,5,0.0,0,,0.0,0,
A*23:01:01,C*07:01:01:01,B*49:01:01,DRB5*01:01:01,DRB1*15:01:01:01SG,DQA1*01:02:01:01SG,DQB1*06:02:01,DPA1*01:03:01:04,"[""DPB1*02:01:02"", ""DPB1*02:01:19""]",0.00030385900941962927,2,25,0.00046,2,28,0.0,0,,0.0,0,,0.0,0,,0.0,0,,0.0,0,,0.0,0,,0.0,0,
A*23:01:01,C*07:01:01:01,B*49:01:01,DRB5*01:01:01,DRB1*15:01:01:01SG,DQA1*01:02:01:01SG,DQB1*06:02:01,DPA1*02:01:01:02,DPB1*14:01:01,0.00030385900941962927,2,25,0.00046,2,28,0.0,0,,0.0,0,,0.0,0,,0.0,0,,0.0,0,,0.0,0,,0.0,0,
A*23:01:01,C*17:03,B*41:02:01,DRB3*02:02:01:02,DRB1*11:04:01,DQA1*05:05:01:01SG,DQB1*03:01:01:03,DPA1*02:01:01:01,"[""DPB1*13:01:01"", ""DPB1*107:01""]",0.00030385900941962927,2,25,0.00046,2,28,0.0,0,,0.0,0,,0.0,0,,0.0,0,,0.0,0,,0.0,0,,0.0,0,
A*23:17,C*18:01,B*81:01,DRB3*01:01:02:02,DRB1*14:06:01,DQA1*05:03,DQB1*03:01:01:01,DPA1*02:01:01:01,DPB1*14:01:01,0.00030385900941962927,2,25,0.0,0,,0.0,0,,0.02083,2,2,0.0,0,,0.0,0,,0.0,0,,0.0,0,,0.0,0,
A*24:02:01:01,C*01:02:01,B*51:01:01:01,DRB3*02:02:01:02,DRB1*11:01:01:01,DQA1*05:05:01:01SG,DQB1*03:01:01:03,DPA1*01:03:01:02,"[""DPB1*04:01:01:01"", ""DPB1*04:01:01:02""]",0.00030385900941962927,2,25,0.00046,2,28,0.0,0,,0.0,0,,0.0,0,,0.0,0,,0.0,0,,0.0,0,,0.0,0,
A*24:02:01:01,C*02:02:02:01,B*44:05:01,DRB3*02:02:01:02,DRB1*11:04:01,DQA1*05:05:01:01SG,DQB1*03:01:01:02,DPA1*02:01:01:02,DPB1*14:01:01,0.00030385900941962927,2,25,0.00046,2,28,0.0,0,,0.0,0,,0.0,0,,0.0,0,,0.0,0,,0.0,0,,0.0,0,
A*24:02:01:01,C*03:03:01:01,B*15:01:01:01,Abs,DRB1*01:01:01,DQA1*01:01:01:02SG,DQB1*05:01:01:03,DPA1*01:03:01:02,"[""DPB1*04:01:01:01"", ""DPB1*04:01:01:02""]",0.00030385900941962927,2,25,0.00046,2,28,0.0,0,,0.0,0,,0.0,0,,0.0,0,,0.0,0,,0.0,0,,0.0,0,
A*24:02:01:01,C*03:03:01:01,B*15:01:01:01,DRB3*02:02:01:02,DRB1*13:01:01:01SG,DQA1*01:03:01:02SG,DQB1*06:03:01,DPA1*01:03:01:01,"[""DPB1*02:01:02"", ""DPB1*02:01:19""]",0.00030385900941962927,2,25,0.00046,2,28,0.0,0,,0.0,0,,0.0,0,,0.0,0,,0.0,0,,0.0,0,,0.0,0,
A*24:02:01:01,C*03:03:01:01,B*15:07:01,"[""DRB4*01:03:01:01"", ""DRB4*01:03:01:01:03""]",DRB1*04:04:01,DQA1*03:01:01,DQB1*03:02:01,DPA1*01:03:01:03,DPB1*06:01:01,0.00030385900941962927,2,25,0.00046,2,28,0.0,0,,0.0,0,,0.0,0,,0.0,0,,0.0,0,,0.0,0,,0.0,0,
A*24:02:01:01,C*03:04:01:01,B*15:01:01:01,"[""DRB4*01:03:01:01"", ""DRB4*01:03:01:01:03""]",DRB1*04:01:01:01SG,DQA1*03:01:01,DQB1*03:02:01,DPA1*01:03:01:01,"[""DPB1*02:01:02"", ""DPB1*02:01:19""]",0.00030385900941962927,2,25,0.00046,2,28,0.0,0,,0.0,0,,0.0,0,,0.0,0,,0.0,0,,0.0,0,,0.0,0,
A*24:02:01:01,C*03:04:01:01,B*40:01:02,Abs,DRB1*08:01:01,DQA1*04:01:01,DQB1*04:02:01,DPA1*01:03:01:02,"[""DPB1*04:01:01:01"", ""DPB1*04:01:01:02""]",0.00030385900941962927,2,25,0.00046,2,28,0.0,0,,0.0,0,,0.0,0,,0.0,0,,0.0,0,,0.0,0,,0.0,0,
A*24:02:01:01,C*03:04:01:01,B*40:01:02,DRB3*03:01:01,DRB1*13:02:01,DQA1*01:02:01:04SG,DQB1*06:04:01,DPA1*01:03:01:02,"[""DPB1*04:01:01:01"", ""DPB1*04:01:01:02""]",0.00030385900941962927,2,25,0.00046,2,28,0.0,0,,0.0,0,,0.0,0,,0.0,0,,0.0,0,,0.0,0,,0.0,0,
A*24:02:01:01,C*03:04:01:01,B*40:01:02,"[""DRB4*01:03:01:01"", ""DRB4*01:03:01:01:03""]",DRB1*04:04:01,DQA1*03:01:01,DQB1*03:02:01,DPA1*01:03:01:01,"[""DPB1*02:01:02"", ""DPB1*02:01:19""]",0.00030385900941962927,2,25,0.00046,2,28,0.0,0,,0.0,0,,0.0,0,,0.0,0,,0.0,0,,0.0,0,,0.0,0,
A*24:02:01:01,C*03:04:01:02,B*39:01:01:03,"[""DRB4*01:03:01:01"", ""DRB4*01:03:01:01:03""]",DRB1*04:04:01,DQA1*03:01:01,DQB1*03:02:01,DPA1*01:03:01:05,DPB1*04:02:01:02,0.00030385900941962927,2,25,0.0,0,,0.0,0,,0.0,0,,0.0,0,,0.0,0,,0.00962,2,5,0.0,0,,0.0,0,
A*24:02:01:01,C*04:01:01:01,B*35:01:01:02,DRB4*01:03:01:02N,DRB1*07:01:01:01SG,DQA1*02:01:01:01SG,DQB1*03:03:02:01,DPA1*01:03:01:01,"[""DPB1*02:01:02"", ""DPB1*02:01:19""]",0.00030385900941962927,2,25,0.00046,2,28,0.0,0,,0.0,0,,0.0,0,,0.0,0,,0.0,0,,0.0,0,,0.0,0,
A*24:02:01:01,C*04:01:01:01,B*35:03:01,DRB4*01:03:01:02N,DRB1*07:01:01:01SG,DQA1*02:01:01:01SG,DQB1*03:03:02:01,DPA1*01:03:01:02,"[""DPB1*04:01:01:01"", ""DPB1*04:01:01:02""]",0.00030385900941962927,2,25,0.00046,2,28,0.0,0,,0.0,0,,0.0,0,,0.0,0,,0.0,0,,0.0,0,,0.0,0,
A*24:02:01:01,C*04:01:01:05,B*35:01:01:02,DRB3*02:02:01:02,DRB1*11:01:01:01,DQA1*05:05:01:01SG,DQB1*03:01:01:03,DPA1*01:03:01:01,"[""DPB1*02:01:02"", ""DPB1*02:01:19""]",0.00030385900941962927,2,25,0.00046,2,28,0.0,0,,0.0,0,,0.0,0,,0.0,0,,0.0,0,,0.0,0,,0.0,0,
A*24:02:01:01,C*04:01:01:06,B*35:01:01:01,DRB3*02:02:01:02,DRB1*13:01:01:01SG,DQA1*01:03:01:02SG,DQB1*06:03:01,DPA1*01:03:01:01,"[""DPB1*02:01:02"", ""DPB1*02:01:19""]",0.00030385900941962927,2,25,0.00046,2,28,0.0,0,,0.0,0,,0.0,0,,0.0,0,,0.0,0,,0.0,0,,0.0,0,
A*24:02:01:01,C*04:01:01:06,B*35:08:01,"[""DRB4*01:03:01:01"", ""DRB4*01:03:01:01:03""]",DRB1*04:03:01,DQA1*03:01:01,DQB1*03:02:01,DPA1*01:03:01:04,"[""DPB1*04:01:01:01"", ""DPB1*04:01:01:02""]",0.00030385900941962927,2,25,0.00046,2,28,0.0,0,,0.0,0,,0.0,0,,0.0,0,,0.0,0,,0.0,0,,0.0,0,
A*24:02:01:01,C*06:02:01:01,B*13:02:01,"[""DRB4*01:03:01:01"", ""DRB4*01:03:01:01:03""]",DRB1*07:01:01:01SG,DQA1*02:01:01:01SG,DQB1*02:02:01:01,DPA1*02:01:01:01,DPB1*17:01,0.00030385900941962927,2,25,0.00046,2,28,0.0,0,,0.0,0,,0.0,0,,0.0,0,,0.0,0,,0.0,0,,0.0,0,
A*24:02:01:01,C*06:02:01:01,B*37:01:01,DRB5*02:02,DRB1*16:01:01,DQA1*01:02:02,DQB1*05:02:01,DPA1*01:03:01:02,"[""DPB1*04:01:01:01"", ""DPB1*04:01:01:02""]",0.00030385900941962927,2,25,0.00046,2,28,0.0,0,,0.0,0,,0.0,0,,0.0,0,,0.0,0,,0.0,0,,0.0,0,
A*24:02:01:01,C*06:02:01:02,B*50:01:01,"[""DRB4*01:03:01:01"", ""DRB4*01:03:01:01:03""]",DRB1*07:01:01:01SG,DQA1*02:01:01:01SG,DQB1*02:02:01:01,DPA1*01:03:01:01,"[""DPB1*02:01:02"", ""DPB1*02:01:19""]",0.00030385900941962927,2,25,0.0,0,,0.0,0,,0.0,0,,0.0,0,,0.00377,2,5,0.0,0,,0.0,0,,0.0,0,
A*24:02:01:01,C*07:01:01:01,B*18:01:01:02,DRB3*02:02:01:02,DRB1*11:01:01:01,DQA1*05:05:01:01SG,DQB1*03:01:01:03,DPA1*01:03:01:04,"[""DPB1*04:01:01:01"", ""DPB1*04:01:01:02""]",0.00030385900941962927,2,25,0.00046,2,28,0.0,0,,0.0,0,,0.0,0,,0.0,0,,0.0,0,,0.0,0,,0.0,0,
A*24:02:01:01,C*07:01:01:01,B*18:01:01:02,DRB3*02:02:01:02,DRB1*11:04:01,DQA1*05:05:01:01SG,DQB1*03:01:01:03,DPA1*01:03:01:02,"[""DPB1*04:01:01:01"", ""DPB1*04:01:01:02""]",0.00030385900941962927,2,25,0.00046,2,28,0.0,0,,0.0,0,,0.0,0,,0.0,0,,0.0,0,,0.0,0,,0.0,0,
A*24:02:01:01,C*07:02:01:01,B*08:01:01:01,DRB3*02:02:01:01,DRB1*03:01:01:01SG,DQA1*05:01:01:03,DQB1*02:01:01,DPA1*01:03:01:04,"[""DPB1*04:01:01:01"", ""DPB1*04:01:01:02""]",0.00030385900941962927,2,25,0.00046,2,28,0.0,0,,0.0,0,,0.0,0,,0.0,0,,0.0,0,,0.0,0,,0.0,0,
A*24:02:01:01,C*07:02:01:01,B*39:05:01,DRB5*02:02,DRB1*16:02:01:02,DQA1*05:05:01:05SG,DQB1*03:01:01:01,DPA1*01:03:01:05,DPB1*04:02:01:02,0.00030385900941962927,2,25,0.0,0,,0.0,0,,0.0,0,,0.0,0,,0.0,0,,0.00962,2,5,0.0,0,,0.0,0,
A*24:02:01:01,C*07:02:01:03,B*07:02:01,Abs,DRB1*01:01:01,DQA1*01:01:01:02SG,DQB1*05:01:01:03,DPA1*01:03:01:05,DPB1*04:02:01:02,0.00030385900941962927,2,25,0.00046,2,28,0.0,0,,0.0,0,,0.0,0,,0.0,0,,0.0,0,,0.0,0,,0.0,0,
A*24:02:01:01,C*07:02:01:03,B*07:02:01,DRB5*01:01:01,DRB1*15:01:01:01SG,DQA1*01:02:01:01SG,DQB1*06:02:01,DPA1*01:03:01:03,DPB1*03:01:01,0.00030385900941962927,2,25,0.00046,2,28,0.0,0,,0.0,0,,0.0,0,,0.0,0,,0.0,0,,0.0,0,,0.0,0,
A*24:02:01:01,C*07:04:01:01,B*44:02:01:03,DRB3*02:02:01:02,DRB1*11:01:01:01,DQA1*05:05:01:01SG,DQB1*03:01:01:03,DPA1*01:03:01:01,"[""DPB1*02:01:02"", ""DPB1*02:01:19""]",0.00030385900941962927,2,25,0.00046,2,28,0.0,0,,0.0,0,,0.0,0,,0.0,0,,0.0,0,,0.0,0,,0.0,0,
A*24:02:01:01,C*07:04:01:01,B*44:02:01:03,DRB3*02:02:01:02,DRB1*11:01:01:01,DQA1*05:09,DQB1*03:01:01:03,DPA1*01:03:01:03,DPB1*03:01:01,0.00030385900941962927,2,25,0.00046,2,28,0.0,0,,0.0,0,,0.0,0,,0.0,0,,0.0,0,,0.0,0,,0.0,0,
A*24:02:01:01,C*08:01:01,B*51:02:01,"[""DRB4*01:03:01:01"", ""DRB4*01:03:01:01:03""]",DRB1*04:03:01,DQA1*03:01:01,DQB1*03:02:01,DPA1*01:03:01:05,DPB1*04:02:01:02,0.00030385900941962927,2,25,0.0,0,,0.0,0,,0.02083,2,2,0.0,0,,0.0,0,,0.0,0,,0.0,0,,0.0,0,
A*24:02:01:01,C*08:02:01:01,B*14:02:01:01,DRB3*02:02:01:01,DRB1*03:01:01:01SG,DQA1*05:01:01:03,DQB1*02:01:01,DPA1*01:03:01:03,DPB1*03:01:01,0.00030385900941962927,2,25,0.00046,2,28,0.0,0,,0.0,0,,0.0,0,,0.0,0,,0.0,0,,0.0,0,,0.0,0,
A*24:02:01:01,C*12:02:02,B*52:01:01:01,DRB5*01:02,DRB1*15:02:01:01SG,DQA1*01:03:01:01,DQB1*06:01:01,DPA1*02:02:02,DPB1*05:01:01,0.00030385900941962927,2,25,0.0,0,,0.0,0,,0.0,0,,0.0,0,,0.0,0,,0.0,0,,0.025,2,3,0.0,0,
A*24:02:01:01,C*15:02:01:01,B*51:01:01:01,"[""DRB4*01:03:01:01"", ""DRB4*01:03:01:01:03""]",DRB1*04:04:01,DQA1*03:01:01,DQB1*03:02:01,DPA1*01:03:01:02,"[""DPB1*04:01:01:01"", ""DPB1*04:01:01:02""]",0.00030385900941962927,2,25,0.00046,2,28,0.0,0,,0.0,0,,0.0,0,,0.0,0,,0.0,0,,0.0,0,,0.0,0,
A*24:02:01:01,C*16:01:01:01,B*44:03:01:01,DRB4*01:01:01:01,DRB1*07:01:01:01SG,DQA1*02:01:01:01SG,DQB1*02:02:01:01,DPA1*01:03:01:02,"[""DPB1*02:01:02"", ""DPB1*02:01:19""]",0.00030385900941962927,2,25,0.0,0,,0.00265,2,5,0.0,0,,0.0,0,,0.0,0,,0.0,0,,0.0,0,,0.0,0,
A*24:02:01:04,C*12:03:01:01,B*18:01:01:02,DRB3*02:02:01:02,DRB1*11:04:01,DQA1*05:05:01:01SG,DQB1*03:01:01:02,DPA1*01:03:01:05,DPB1*04:02:01:01,0.00030385900941962927,2,25,0.00046,2,28,0.0,0,,0.0,0,,0.0,0,,0.0,0,,0.0,0,,0.0,0,,0.0,0,
A*24:02:01:05,C*03:03:01:01,B*15:01:01:01,DRB3*02:02:01:02,DRB1*11:03:01,DQA1*05:05:01:01SG,DQB1*03:01:01:03,DPA1*01:03:01:05,DPB1*04:02:01:02,0.00030385900941962927,2,25,0.00046,2,28,0.0,0,,0.0,0,,0.0,0,,0.0,0,,0.0,0,,0.0,0,,0.0,0,
A*24:07:01,C*07:02:01:01,B*35:05:01,DRB3*03:01:03,DRB1*12:02:01,DQA1*06:01:01,DQB1*03:01:01:01,DPA1*02:02:02,DPB1*01:01:01,0.00030385900941962927,2,25,0.0,0,,0.0,0,,0.0,0,,0.0,0,,0.0,0,,0.0,0,,0.025,2,3,0.0,0,
A*24:10:01,C*07:04:01:01,B*18:02,DRB3*03:01:03,DRB1*12:02:01,DQA1*06:01:01,DQB1*03:01:01:01,DPA1*02:02:02,DPB1*01:01:01,0.00030385900941962927,2,25,0.00046,2,28,0.0,0,,0.0,0,,0.0,0,,0.0,0,,0.0,0,,0.0,0,,0.0,0,
A*25:01:01,C*05:01:01:02,B*44:02:01:01,DRB3*02:02:01:02,DRB1*11:01:01:01,DQA1*05:05:01:01SG,DQB1*03:01:01:03,DPA1*01:03:01:02,"[""DPB1*04:01:01:01"", ""DPB1*04:01:01:02""]",0.00030385900941962927,2,25,0.00046,2,28,0.0,0,,0.0,0,,0.0,0,,0.0,0,,0.0,0,,0.0,0,,0.0,0,
A*25:01:01,C*12:03:01:01,B*18:01:01:02,"[""DRB4*01:03:01:01"", ""DRB4*01:03:01:01:03""]",DRB1*07:01:01:01SG,DQA1*02:01:01:01SG,DQB1*02:02:01:01,DPA1*02:01:01:01,DPB1*17:01,0.00030385900941962927,2,25,0.00046,2,28,0.0,0,,0.0,0,,0.0,0,,0.0,0,,0.0,0,,0.0,0,,0.0,0,
A*25:01:01,C*12:03:01:01,B*18:01:01:02,DRB5*01:01:01,DRB1*15:01:01:01SG,DQA1*01:02:01:01SG,DQB1*06:03:01,DPA1*01:03:01:01,"[""DPB1*02:01:02"", ""DPB1*02:01:19""]",0.00030385900941962927,2,25,0.00046,2,28,0.0,0,,0.0,0,,0.0,0,,0.0,0,,0.0,0,,0.0,0,,0.0,0,
A*25:01:01,C*12:03:01:01,B*39:01:01:03,DRB4*01:01:01:01,DRB1*07:01:01:01SG,DQA1*02:01:01:01SG,DQB1*02:02:01:01,DPA1*02:02:02,DPB1*04:02:01:02,0.00030385900941962927,2,25,0.00046,2,28,0.0,0,,0.0,0,,0.0,0,,0.0,0,,0.0,0,,0.0,0,,0.0,0,
A*26:01:01:01,C*01:02:01,B*27:05:02,Abs,DRB1*01:01:01,DQA1*01:01:01:02SG,DQB1*05:01:01:03,DPA1*01:03:01:05,DPB1*04:02:01:02,0.00030385900941962927,2,25,0.00046,2,28,0.0,0,,0.0,0,,0.0,0,,0.0,0,,0.0,0,,0.0,0,,0.0,0,
A*26:01:01:01,C*03:04:01:02,B*40:02:01,DRB4*01:03:02,DRB1*09:01:02,DQA1*03:02,"[""DQB1*03:03:02:02"", ""DQB1*03:03:02:03""]",DPA1*02:01:01:02,DPB1*09:01:01,0.00030385900941962927,2,25,0.00046,2,28,0.0,0,,0.0,0,,0.0,0,,0.0,0,,0.0,0,,0.0,0,,0.0,0,
A*26:01:01:01,C*04:01:01:05,B*35:01:01:02,"[""DRB4*01:03:01:01"", ""DRB4*01:03:01:01:03""]",DRB1*04:01:01:01SG,DQA1*03:01:01,DQB1*03:02:01,DPA1*01:03:01:01,"[""DPB1*02:01:02"", ""DPB1*02:01:19""]",0.00030385900941962927,2,25,0.00046,2,28,0.0,0,,0.0,0,,0.0,0,,0.0,0,,0.0,0,,0.0,0,,0.0,0,
A*26:01:01:01,C*06:02:01:01,B*13:02:01,"[""DRB4*01:03:01:01"", ""DRB4*01:03:01:01:03""]",DRB1*07:01:01:01SG,DQA1*02:01:01:01SG,DQB1*02:02:01:01,DPA1*01:03:01:02,"[""DPB1*04:01:01:01"", ""DPB1*04:01:01:02""]",0.00030385900941962927,2,25,0.00046,2,28,0.0,0,,0.0,0,,0.0,0,,0.0,0,,0.0,0,,0.0,0,,0.0,0,
A*26:01:01:01,C*07:01:01:01,B*18:01:01:02,DRB3*02:02:01:02,DRB1*13:01:01:01SG,DQA1*01:03:01:02SG,DQB1*06:03:01,DPA1*01:03:01:05,DPB1*04:02:01:02,0.00030385900941962927,2,25,0.00046,2,28,0.0,0,,0.0,0,,0.0,0,,0.0,0,,0.0,0,,0.0,0,,0.0,0,
A*26:01:01:01,C*12:03:01:01,B*18:01:01:02,DRB3*02:02:01:02,DRB1*11:04:01,DQA1*05:05:01:01SG,DQB1*03:01:01:03,DPA1*01:03:01:04,"[""DPB1*04:01:01:01"", ""DPB1*04:01:01:02""]",0.00030385900941962927,2,25,0.00046,2,28,0.0,0,,0.0,0,,0.0,0,,0.0,0,,0.0,0,,0.0,0,,0.0,0,
A*26:01:01:01,C*12:03:01:01,B*38:01:01,DRB3*01:01:02:01,DRB1*13:01:01:01SG,DQA1*01:03:01:02SG,DQB1*06:03:01,DPA1*02:01:02,DPB1*01:01:01,0.00030385900941962927,2,25,0.00046,2,28,0.0,0,,0.0,0,,0.0,0,,0.0,0,,0.0,0,,0.0,0,,0.0,0,
A*26:01:01:01,C*12:03:01:01,B*38:01:01,DRB5*02:02,DRB1*16:01:01,DQA1*01:02:02,DQB1*05:02:01,DPA1*01:03:01:04,"[""DPB1*04:01:01:01"", ""DPB1*04:01:01:02""]",0.00030385900941962927,2,25,0.00046,2,28,0.0,0,,0.0,0,,0.0,0,,0.0,0,,0.0,0,,0.0,0,,0.0,0,
A*26:01:01:01,C*14:02:01:01,B*51:01:01:01,DRB5*01:01:01,DRB1*15:01:01:01SG,DQA1*01:02:01:01SG,DQB1*06:02:01,DPA1*01:03:01:02,"[""DPB1*04:01:01:01"", ""DPB1*04:01:01:02""]",0.00030385900941962927,2,25,0.00046,2,28,0.0,0,,0.0,0,,0.0,0,,0.0,0,,0.0,0,,0.0,0,,0.0,0,
A*26:01:01:01,C*14:02:01:01,B*51:07:01,DRB3*03:01:01,DRB1*13:02:01,DQA1*01:02:01:04SG,DQB1*06:09:01,DPA1*01:03:01:04,"[""DPB1*04:01:01:01"", ""DPB1*04:01:01:02""]",0.00030385900941962927,2,25,0.00046,2,28,0.0,0,,0.0,0,,0.0,0,,0.0,0,,0.0,0,,0.0,0,,0.0,0,
A*26:08,C*04:01:01:01,B*35:01:01:01,DRB3*01:01:02:01,DRB1*03:02:01,DQA1*04:01:01,DQB1*02:02:01:01,DPA1*02:01:01:01,DPB1*17:01,0.00030385900941962927,2,25,0.00046,2,28,0.0,0,,0.0,0,,0.0,0,,0.0,0,,0.0,0,,0.0,0,,0.0,0,
A*29:01:01:01,C*16:02:01,B*51:08:01,DRB3*01:01:02:01,DRB1*13:03:01,DQA1*05:05:01:01SG,DQB1*03:01:01:03,DPA1*01:03:01:02,DPB1*104:01,0.00030385900941962927,2,25,0.00046,2,28,0.0,0,,0.0,0,,0.0,0,,0.0,0,,0.0,0,,0.0,0,,0.0,0,
A*29:02:01:01,C*06:02:01:03,B*45:01:01,"[""DRB4*01:03:01:01"", ""DRB4*01:03:01:01:03""]",DRB1*04:01:01:01SG,DQA1*03:03:01:01,DQB1*03:01:01:01,DPA1*01:03:01:02,"[""DPB1*04:01:01:01"", ""DPB1*04:01:01:02""]",0.00030385900941962927,2,25,0.00046,2,28,0.0,0,,0.0,0,,0.0,0,,0.0,0,,0.0,0,,0.0,0,,0.0,0,
A*29:02:01:01,C*07:01:01:01,B*49:01:01,DRB5*01:01:01,DRB1*15:03:01:01SG,DQA1*01:02:01:01SG,DQB1*06:02:01,DPA1*03:01,DPB1*105:01,0.00030385900941962927,2,25,0.0,0,,0.00265,2,5,0.0,0,,0.0,0,,0.0,0,,0.0,0,,0.0,0,,0.0,0,
A*29:02:01:01,C*07:02:01:03,B*07:02:01,DRB3*01:01:02:01,DRB1*13:01:01:01SG,DQA1*01:03:01:02SG,DQB1*06:03:01,DPA1*01:03:01:02,"[""DPB1*04:01:01:01"", ""DPB1*04:01:01:02""]",0.00030385900941962927,2,25,0.0,0,,0.0,0,,0.0,0,,0.0,0,,0.00377,2,5,0.0,0,,0.0,0,,0.0,0,
A*29:02:01:01,C*16:01:01:01,B*44:03:01:01,DRB4*01:01:01:01,DRB1*07:01:01:01SG,DQA1*02:01:01:01SG,DQB1*02:02:01:01,DPA1*02:01:01:01,DPB1*17:01,0.00030385900941962927,2,25,0.00046,2,28,0.0,0,,0.0,0,,0.0,0,,0.0,0,,0.0,0,,0.0,0,,0.0,0,
A*29:02:01:01,C*16:01:01:01,B*44:03:01:01,DRB5*01:01:01,DRB1*15:01:01:01SG,DQA1*01:02:01:01SG,DQB1*06:02:01,DPA1*01:03:01:02,"[""DPB1*04:01:01:01"", ""DPB1*04:01:01:02""]",0.00030385900941962927,2,25,0.00046,2,28,0.0,0,,0.0,0,,0.0,0,,0.0,0,,0.0,0,,0.0,0,,0.0,0,
A*29:02:01:01,C*16:01:01:01,B*44:04,DRB3*02:02:01:02,DRB1*11:01:01:01,DQA1*05:05:01:01SG,DQB1*03:01:01:03,DPA1*01:03:01:03,DPB1*03:01:01,0.00030385900941962927,2,25,0.00046,2,28,0.0,0,,0.0,0,,0.0,0,,0.0,0,,0.0,0,,0.0,0,,0.0,0,
A*29:02:01:02,C*06:02:01:03,B*45:01:01,"[""DRB4*01:03:01:01"", ""DRB4*01:03:01:01:03""]",DRB1*04:01:01:01SG,DQA1*03:03:01:01,DQB1*03:01:01:01,DPA1*01:03:01:02,"[""DPB1*04:01:01:01"", ""DPB1*04:01:01:02""]",0.00030385900941962927,2,25,0.00046,2,28,0.0,0,,0.0,0,,0.0,0,,0.0,0,,0.0,0,,0.0,0,,0.0,0,
A*29:02:01:02,C*06:02:01:03,B*45:01:01,DRB5*01:01:01,DRB1*15:01:01:01SG,DQA1*01:02:01:01SG,DQB1*06:02:01,DPA1*01:03:01:03,DPB1*03:01:01,0.00030385900941962927,2,25,0.0,0,,0.0,0,,0.0,0,,0.0,0,,0.0,0,,0.00962,2,5,0.0,0,,0.0,0,
A*30:01:01,C*03:04:02,B*15:10:01,DRB3*02:02:01:01,DRB1*03:01:01:01SG,DQA1*05:01:01:01,DQB1*02:01:01,DPA1*01:03:01:01,"[""DPB1*02:01:02"", ""DPB1*02:01:19""]",0.00030385900941962927,2,25,0.0,0,,0.00265,2,5,0.0,0,,0.0,0,,0.0,0,,0.0,0,,0.0,0,,0.0,0,
A*30:01:01,C*04:01:01:01,B*53:01:01,Abs,DRB1*08:04:01,DQA1*04:01:02:02,DQB1*06:02:01,DPA1*03:01,DPB1*105:01,0.00030385900941962927,2,25,0.0,0,,0.00265,2,5,0.0,0,,0.0,0,,0.0,0,,0.0,0,,0.0,0,,0.0,0,
A*30:01:01,C*04:01:01:06,B*35:02:01,DRB3*02:02:01:02,DRB1*11:04:01,DQA1*05:05:01:01SG,DQB1*03:01:01:02,DPA1*01:03:01:02,DPB1*104:01,0.00030385900941962927,2,25,0.0,0,,0.0,0,,0.0,0,,0.0,0,,0.00377,2,5,0.0,0,,0.0,0,,0.0,0,
A*30:01:01,C*06:02:01:01,B*13:02:01,"[""DRB4*01:03:01:01"", ""DRB4*01:03:01:01:03""]",DRB1*07:01:01:01SG,DQA1*02:01:01:01SG,DQB1*02:02:01:01,DPA1*01:03:01:02,DPB1*104:01,0.00030385900941962927,2,25,0.00046,2,28,0.0,0,,0.0,0,,0.0,0,,0.0,0,,0.0,0,,0.0,0,,0.0,0,
A*30:01:01,C*17:01:01:02,B*18:01:01:01,Abs,DRB1*08:04:01,DQA1*05:05:01:01SG,DQB1*02:01:01,DPA1*01:03:01:01,"[""DPB1*02:01:02"", ""DPB1*02:01:19""]",0.00030385900941962927,2,25,0.0,0,,0.00265,2,5,0.0,0,,0.0,0,,0.0,0,,0.0,0,,0.0,0,,0.0,0,
A*30:01:01,C*17:01:01:02,B*42:01:01,Abs,DRB1*01:02:01,DQA1*01:01:02,DQB1*05:01:01:01,DPA1*02:01:08,DPB1*01:01:01,0.00030385900941962927,2,25,0.0,0,,0.00265,2,5,0.0,0,,0.0,0,,0.0,0,,0.0,0,,0.0,0,,0.0,0,
A*30:01:01,C*17:01:01:02,B*42:01:01,DRB3*01:01:02:01,DRB1*03:02:01,DQA1*04:01:01,DQB1*04:02:01,DPA1*03:01,DPB1*105:01,0.00030385900941962927,2,25,0.0,0,,0.00265,2,5,0.0,0,,0.0,0,,0.0,0,,0.0,0,,0.0,0,,0.0,0,
A*30:01:01,C*17:01:01:02,B*42:01:01,DRB3*02:02:01:02,DRB1*03:02:01,DQA1*04:01:01,DQB1*04:02:01,DPA1*02:02:02,DPB1*01:01:01,0.00030385900941962927,2,25,0.0,0,,0.0,0,,0.0,0,,0.0,0,,0.0,0,,0.0,0,,0.0,0,,0.01923,2,2
A*30:01:01,C*17:01:01:02,B*42:01:01,DRB5*01:01:01,DRB1*15:03:01:01SG,DQA1*01:02:01:01SG,DQB1*06:02:01,DPA1*01:03:01:01,"[""DPB1*02:01:02"", ""DPB1*02:01:19""]",0.00030385900941962927,2,25,0.0,0,,0.00265,2,5,0.0,0,,0.0,0,,0.0,0,,0.0,0,,0.0,0,,0.0,0,
A*30:01:01,C*17:01:01:02,B*42:02:01:02,Abs,DRB1*08:04:01,DQA1*05:05:01:01SG,DQB1*03:01:04,DPA1*02:01:01:01,DPB1*11:01:01,0.00030385900941962927,2,25,0.0,0,,0.00265,2,5,0.0,0,,0.0,0,,0.0,0,,0.0,0,,0.0,0,,0.0,0,
A*30:02:01:01,C*05:01:01:01,B*18:01:01:01,Abs,DRB1*01:01:01,DQA1*01:01:01:02SG,DQB1*05:01:01:03,DPA1*01:03:01:01,"[""DPB1*02:01:02"", ""DPB1*02:01:19""]",0.00030385900941962927,2,25,0.00046,2,28,0.0,0,,0.0,0,,0.0,0,,0.0,0,,0.0,0,,0.0,0,,0.0,0,
A*30:02:01:01,C*05:01:01:01,B*18:01:01:01,Abs,DRB1*01:01:01,DQA1*01:01:01:02SG,DQB1*05:01:01:03,DPA1*01:03:01:03,DPB1*03:01:01,0.00030385900941962927,2,25,0.00046,2,28,0.0,0,,0.0,0,,0.0,0,,0.0,0,,0.0,0,,0.0,0,,0.0,0,
A*30:02:01:01,C*05:01:01:01,B*18:01:01:01,DRB3*02:02:01:01,DRB1*03:01:01:01SG,DQA1*05:01:01:01,DQB1*02:01:01,DPA1*01:03:01:04,"[""DPB1*04:01:01:01"", ""DPB1*04:01:01:02""]",0.00030385900941962927,2,25,0.00046,2,28,0.0,0,,0.0,0,,0.0,0,,0.0,0,,0.0,0,,0.0,0,,0.0,0,
A*30:02:01:01,C*05:01:01:01,B*18:01:01:01,DRB3*02:02:01:01,DRB1*03:01:01:01SG,DQA1*05:01:01:01,DQB1*02:01:01,DPA1*01:03:01:05,DPB1*04:02:01:01,0.00030385900941962927,2,25,0.0,0,,0.0,0,,0.0,0,,0.0,0,,0.00377,2,5,0.0,0,,0.0,0,,0.0,0,
A*30:02:01:02,C*03:04:02,B*15:10:01,DRB3*02:02:01:01,DRB1*03:01:01:01SG,DQA1*05:01:01:01,DQB1*02:01:01,DPA1*02:01:08,DPB1*01:01:01,0.00030385900941962927,2,25,0.0,0,,0.00265,2,5,0.0,0,,0.0,0,,0.0,0,,0.0,0,,0.0,0,,0.0,0,
A*30:04:01,C*04:01:01:06,B*35:02:01,DRB3*02:02:01:02,DRB1*11:04:01,DQA1*05:05:01:01SG,DQB1*03:01:01:02,DPA1*01:03:01:01,"[""DPB1*02:01:02"", ""DPB1*02:01:19""]",0.00030385900941962927,2,25,0.00046,2,28,0.0,0,,0.0,0,,0.0,0,,0.0,0,,0.0,0,,0.0,0,,0.0,0,
A*31:01:02:01,C*01:02:01,B*27:05:02,"[""DRB4*01:03:01:01"", ""DRB4*01:03:01:01:03""]",DRB1*04:04:01,DQA1*03:01:01,DQB1*03:02:01,DPA1*01:03:01:04,"[""DPB1*04:01:01:01"", ""DPB1*04:01:01:02""]",0.00030385900941962927,2,25,0.00046,2,28,0.0,0,,0.0,0,,0.0,0,,0.0,0,,0.0,0,,0.0,0,,0.0,0,
A*31:01:02:01,C*03:03:01:01,B*15:01:01:01,DRB3*02:02:01:02,DRB1*12:01:01:01,DQA1*05:05:01:03,DQB1*03:01:01:01,DPA1*01:03:01:04,"[""DPB1*04:01:01:01"", ""DPB1*04:01:01:02""]",0.00030385900941962927,2,25,0.00046,2,28,0.0,0,,0.0,0,,0.0,0,,0.0,0,,0.0,0,,0.0,0,,0.0,0,
A*31:01:02:01,C*03:04:01:01,B*40:01:02,Abs,DRB1*01:01:01,DQA1*01:01:01:02SG,DQB1*05:01:01:03,DPA1*01:03:01:04,"[""DPB1*04:01:01:01"", ""DPB1*04:01:01:02""]",0.00030385900941962927,2,25,0.00046,2,28,0.0,0,,0.0,0,,0.0,0,,0.0,0,,0.0,0,,0.0,0,,0.0,0,
A*31:01:02:01,C*04:01:01:01,B*35:01:01:02,Abs,DRB1*01:01:01,DQA1*01:01:01:02SG,DQB1*05:01:01:03,DPA1*01:03:01:05,DPB1*04:02:01:02,0.00030385900941962927,2,25,0.00046,2,28,0.0,0,,0.0,0,,0.0,0,,0.0,0,,0.0,0,,0.0,0,,0.0,0,
A*31:01:02:01,C*04:04:01,B*51:01:01:01,"[""DRB4*01:03:01:01"", ""DRB4*01:03:01:01:03""]",DRB1*04:07:01,DQA1*03:01:01,DQB1*03:02:01,DPA1*01:03:01:05,DPB1*04:02:01:02,0.00030385900941962927,2,25,0.0,0,,0.00265,2,5,0.0,0,,0.0,0,,0.0,0,,0.0,0,,0.0,0,,0.0,0,
A*31:01:02:01,C*07:02:01:03,B*07:02:01,DRB5*01:01:01,DRB1*15:01:01:01SG,DQA1*01:02:01:01SG,DQB1*06:02:01,DPA1*01:03:01:01,"[""DPB1*02:01:02"", ""DPB1*02:01:19""]",0.00030385900941962927,2,25,0.00046,2,28,0.0,0,,0.0,0,,0.0,0,,0.0,0,,0.0,0,,0.0,0,,0.0,0,
A*31:01:02:01,C*07:02:01:03,B*07:02:01,DRB5*01:01:01,DRB1*15:01:01:01SG,DQA1*01:02:01:01SG,DQB1*06:02:01,DPA1*01:03:01:02,"[""DPB1*04:01:01:01"", ""DPB1*04:01:01:02""]",0.00030385900941962927,2,25,0.00046,2,28,0.0,0,,0.0,0,,0.0,0,,0.0,0,,0.0,0,,0.0,0,,0.0,0,
A*31:01:02:01,C*07:02:01:03,B*07:02:01,DRB5*01:01:01,DRB1*15:01:01:01SG,DQA1*01:02:01:01SG,DQB1*06:02:01,DPA1*01:03:01:04,"[""DPB1*04:01:01:01"", ""DPB1*04:01:01:02""]",0.00030385900941962927,2,25,0.00046,2,28,0.0,0,,0.0,0,,0.0,0,,0.0,0,,0.0,0,,0.0,0,,0.0,0,
A*31:01:02:01,C*08:02:01:01,B*14:02:01:01,DRB3*03:01:01,DRB1*13:02:01,DQA1*01:02:01:04SG,DQB1*06:09:01,DPA1*02:01:01:01,DPB1*05:01:01,0.00030385900941962927,2,25,0.00046,2,28,0.0,0,,0.0,0,,0.0,0,,0.0,0,,0.0,0,,0.0,0,,0.0,0,
A*32:01:01,C*02:02:02:01,B*27:05:02,DRB4*01:03:02,DRB1*09:01:02,DQA1*03:02,"[""DQB1*03:03:02:02"", ""DQB1*03:03:02:03""]",DPA1*01:03:01:05,DPB1*04:02:01:02,0.00030385900941962927,2,25,0.00046,2,28,0.0,0,,0.0,0,,0.0,0,,0.0,0,,0.0,0,,0.0,0,,0.0,0,
A*32:01:01,C*02:02:02:01,B*40:02:01,DRB3*02:02:01:02,DRB1*13:01:01:01SG,DQA1*01:03:01:02SG,DQB1*06:03:01,DPA1*01:03:01:05,DPB1*04:02:01:02,0.00030385900941962927,2,25,0.00046,2,28,0.0,0,,0.0,0,,0.0,0,,0.0,0,,0.0,0,,0.0,0,,0.0,0,
A*32:01:01,C*02:02:02:01,B*40:02:01,DRB4*01:03:02,DRB1*09:01:02,DQA1*03:02,"[""DQB1*03:03:02:02"", ""DQB1*03:03:02:03""]",DPA1*01:03:01:02,DPB1*23:01:01,0.00030385900941962927,2,25,0.00046,2,28,0.0,0,,0.0,0,,0.0,0,,0.0,0,,0.0,0,,0.0,0,,0.0,0,
A*32:01:01,C*04:01:01:01,B*35:03:01,DRB3*02:02:01:02,DRB1*11:01:01:01,DQA1*05:05:01:01SG,DQB1*03:01:01:03,DPA1*02:01:01:02,DPB1*14:01:01,0.00030385900941962927,2,25,0.00046,2,28,0.0,0,,0.0,0,,0.0,0,,0.0,0,,0.0,0,,0.0,0,,0.0,0,
A*32:01:01,C*05:01:01:02,B*44:02:01:01,"[""DRB4*01:03:01:01"", ""DRB4*01:03:01:01:03""]",DRB1*04:01:01:01SG,DQA1*03:03:01:01,DQB1*03:01:01:01,DPA1*01:03:01:01,"[""DPB1*02:01:02"", ""DPB1*02:01:19""]",0.00030385900941962927,2,25,0.00046,2,28,0.0,0,,0.0,0,,0.0,0,,0.0,0,,0.0,0,,0.0,0,,0.0,0,
A*32:01:01,C*05:01:01:02,B*44:02:01:01,"[""DRB4*01:03:01:01"", ""DRB4*01:03:01:01:03""]",DRB1*04:01:01:01SG,DQA1*03:03:01:01,DQB1*03:01:01:01,DPA1*01:03:01:04,"[""DPB1*04:01:01:01"", ""DPB1*04:01:01:02""]",0.00030385900941962927,2,25,0.00046,2,28,0.0,0,,0.0,0,,0.0,0,,0.0,0,,0.0,0,,0.0,0,,0.0,0,
A*32:01:01,C*07:02:01:01,B*07:02:01,"[""DRB4*01:03:01:01"", ""DRB4*01:03:01:01:03""]",DRB1*04:04:01,DQA1*03:01:01,DQB1*03:02:01,DPA1*01:03:01:02,"[""DPB1*04:01:01:01"", ""DPB1*04:01:01:02""]",0.00030385900941962927,2,25,0.00046,2,28,0.0,0,,0.0,0,,0.0,0,,0.0,0,,0.0,0,,0.0,0,,0.0,0,
A*32:01:01,C*07:02:01:01,B*08:01:01:02,DRB3*02:02:01:01,DRB1*03:01:01:01SG,DQA1*05:01:01:03,DQB1*02:01:01,DPA1*01:03:01:04,"[""DPB1*04:01:01:01"", ""DPB1*04:01:01:02""]",0.00030385900941962927,2,25,0.0,0,,0.0,0,,0.0,0,,0.0,0,,0.0,0,,0.0,0,,0.0,0,,0.01923,2,2
A*32:01:01,C*07:02:01:03,B*07:02:01,DRB5*01:01:01,DRB1*15:01:01:01SG,DQA1*01:02:01:01SG,DQB1*05:02:01,DPA1*02:01:01:02,DPB1*10:01:01,0.00030385900941962927,2,25,0.00046,2,28,0.0,0,,0.0,0,,0.0,0,,0.0,0,,0.0,0,,0.0,0,,0.0,0,
A*32:01:01,C*08:02:01:02,B*14:01:01,DRB4*01:01:01:01,DRB1*07:01:01:01SG,DQA1*02:01:01:01SG,DQB1*02:02:01:01,DPA1*01:03:01:04,"[""DPB1*04:01:01:01"", ""DPB1*04:01:01:02""]",0.00030385900941962927,2,25,0.0,0,,0.0,0,,0.0,0,,0.00472,2,7,0.0,0,,0.0,0,,0.0,0,,0.0,0,
A*32:01:01,C*08:02:01:02,B*14:01:01,DRB4*01:01:01:01,DRB1*07:01:01:01SG,DQA1*02:01:01:01SG,DQB1*03:01:01:01,DPA1*01:03:01:05,DPB1*04:02:01:02,0.00030385900941962927,2,25,0.00046,2,28,0.0,0,,0.0,0,,0.0,0,,0.0,0,,0.0,0,,0.0,0,,0.0,0,
A*33:01:01,C*02:02:02:01,B*44:03:01:02,Abs,DRB1*01:02:01,DQA1*01:01:02,DQB1*05:01:01:01,DPA1*01:03:01:04,"[""DPB1*04:01:01:01"", ""DPB1*04:01:01:02""]",0.00030385900941962927,2,25,0.00046,2,28,0.0,0,,0.0,0,,0.0,0,,0.0,0,,0.0,0,,0.0,0,,0.0,0,
A*33:01:01,C*08:02:01:01,B*14:02:01:01,Abs,DRB1*01:02:01,DQA1*01:01:02,DQB1*05:01:01:01,DPA1*01:03:01:03,DPB1*03:01:01,0.00030385900941962927,2,25,0.00046,2,28,0.0,0,,0.0,0,,0.0,0,,0.0,0,,0.0,0,,0.0,0,,0.0,0,
A*33:01:01,C*08:02:01:01,B*14:02:01:01,Abs,DRB1*01:02:01,DQA1*01:01:02,DQB1*05:01:01:01,DPA1*02:02:02,DPB1*01:01:01,0.00030385900941962927,2,25,0.0,0,,0.00265,2,5,0.0,0,,0.0,0,,0.0,0,,0.0,0,,0.0,0,,0.0,0,
A*33:01:01,C*08:02:01:01,B*14:02:01:01,DRB3*02:02:01:02,DRB1*13:01:01:01SG,DQA1*01:03:01:02SG,DQB1*06:03:01,DPA1*01:03:01:02,"[""DPB1*04:01:01:01"", ""DPB1*04:01:01:02""]",0.00030385900941962927,2,25,0.00046,2,28,0.0,0,,0.0,0,,0.0,0,,0.0,0,,0.0,0,,0.0,0,,0.0,0,
A*33:03:01,C*03:02:02:01,B*58:01:01:01,DRB3*03:01:01,DRB1*13:02:01,DQA1*01:02:01:04SG,DQB1*06:09:01,DPA1*01:03:01:01,"[""DPB1*02:01:02"", ""DPB1*02:01:19""]",0.00030385900941962927,2,25,0.00046,2,28,0.0,0,,0.0,0,,0.0,0,,0.0,0,,0.0,0,,0.0,0,,0.0,0,
A*33:03:01,C*04:01:01:01,B*53:01:01,Abs,DRB1*08:04:01,DQA1*04:01:02:02,DQB1*03:19:01,DPA1*02:01:01:02,DPB1*01:01:02,0.00030385900941962927,2,25,0.0,0,,0.00265,2,5,0.0,0,,0.0,0,,0.0,0,,0.0,0,,0.0,0,,0.0,0,
A*33:03:01,C*14:02:01:02,B*15:16:01:02,Abs,DRB1*01:02:01,DQA1*01:01:02,DQB1*05:01:01:01,DPA1*02:01:01:01,"[""DPB1*13:01:01"", ""DPB1*107:01""]",0.00030385900941962927,2,25,0.0,0,,0.00265,2,5,0.0,0,,0.0,0,,0.0,0,,0.0,0,,0.0,0,,0.0,0,
A*34:01:01,C*04:03:01,B*15:21,DRB5*01:01:01,DRB1*15:02:01:01SG,DQA1*01:02:01:01SG,DQB1*05:02:01,DPA1*02:02:02,DPB1*01:01:01,0.00030385900941962927,2,25,0.0,0,,0.0,0,,0.0,0,,0.0,0,,0.0,0,,0.0,0,,0.025,2,3,0.0,0,
A*36:01,C*04:01:01:01,B*53:01:01,DRB3*01:01:02:01,DRB1*03:01:01:01SG,DQA1*04:01:01,DQB1*04:02:01,DPA1*02:01:08,DPB1*01:01:01,0.00030385900941962927,2,25,0.0,0,,0.00265,2,5,0.0,0,,0.0,0,,0.0,0,,0.0,0,,0.0,0,,0.0,0,
A*36:01,C*17:01:01:02,B*42:01:01,DRB3*01:01:02:01,DRB1*03:02:01,DQA1*04:01:01,DQB1*04:02:01,DPA1*02:02:02,DPB1*01:01:01,0.00030385900941962927,2,25,0.0,0,,0.00265,2,5,0.0,0,,0.0,0,,0.0,0,,0.0,0,,0.0,0,,0.0,0,
A*66:01:01,C*04:01:01:06,B*14:02:01:01,DRB3*02:02:01:02,DRB1*11:04:01,DQA1*05:05:01:01SG,DQB1*03:01:01:02,DPA1*01:03:01:04,"[""DPB1*04:01:01:01"", ""DPB1*04:01:01:02""]",0.00030385900941962927,2,25,0.0,0,,0.0,0,,0.02083,2,2,0.0,0,,0.0,0,,0.0,0,,0.0,0,,0.0,0,
A*66:01:01,C*12:02:02,B*52:01:01:01,DRB5*01:02,DRB1*15:02:01:01SG,DQA1*01:03:01:01,DQB1*06:01:01,DPA1*02:01:01:01,"[""DPB1*13:01:01"", ""DPB1*107:01""]",0.00030385900941962927,2,25,0.00046,2,28,0.0,0,,0.0,0,,0.0,0,,0.0,0,,0.0,0,,0.0,0,,0.0,0,
A*68:01:01:02,C*02:10:01:01,B*15:03:01:02,DRB4*01:01:01:01,DRB1*09:01:02,DQA1*03:03:01:01,DQB1*02:02:01:02,DPA1*02:01:08,DPB1*01:01:01,0.00030385900941962927,2,25,0.0,0,,0.00265,2,5,0.0,0,,0.0,0,,0.0,0,,0.0,0,,0.0,0,,0.0,0,
A*68:01:01:02,C*04:01:01:01,B*35:03:01,Abs,DRB1*08:01:01,DQA1*04:01:01,DQB1*04:02:01,DPA1*01:03:01:03,DPB1*03:01:01,0.00030385900941962927,2,25,0.00046,2,28,0.0,0,,0.0,0,,0.0,0,,0.0,0,,0.0,0,,0.0,0,,0.0,0,
A*68:01:01:02,C*04:01:01:01,B*35:03:01,"[""DRB4*01:03:01:01"", ""DRB4*01:03:01:01:03""]",DRB1*04:01:01:01SG,DQA1*03:03:01:01,DQB1*03:02:01,DPA1*02:01:01:02,DPB1*14:01:01,0.00030385900941962927,2,25,0.00046,2,28,0.0,0,,0.0,0,,0.0,0,,0.0,0,,0.0,0,,0.0,0,,0.0,0,
A*68:01:02:01,C*08:01:01,B*48:01:01,"[""DRB4*01:03:01:01"", ""DRB4*01:03:01:01:03""]",DRB1*04:04:01,DQA1*03:01:01,DQB1*03:02:01,DPA1*01:03:01:05,DPB1*04:02:01:02,0.00030385900941962927,2,25,0.00046,2,28,0.0,0,,0.0,0,,0.0,0,,0.0,0,,0.0,0,,0.0,0,,0.0,0,
A*68:01:02:01,C*14:02:01:01,B*51:01:01:01,DRB3*01:01:02:01,DRB1*13:01:01:01SG,DQA1*01:03:01:02SG,DQB1*06:03:01,DPA1*01:03:01:04,"[""DPB1*04:01:01:01"", ""DPB1*04:01:01:02""]",0.00030385900941962927,2,25,0.00046,2,28,0.0,0,,0.0,0,,0.0,0,,0.0,0,,0.0,0,,0.0,0,,0.0,0,
A*68:01:02:02,C*03:04:01:01,B*40:01:02,DRB3*03:01:01,DRB1*13:02:01,DQA1*01:02:01:04SG,DQB1*06:04:01,DPA1*01:03:01:05,DPB1*04:02:01:02,0.00030385900941962927,2,25,0.00046,2,28,0.0,0,,0.0,0,,0.0,0,,0.0,0,,0.0,0,,0.0,0,,0.0,0,
A*68:01:02:02,C*03:04:01:01,B*40:01:02,"[""DRB4*01:03:01:01"", ""DRB4*01:03:01:01:03""]",DRB1*04:01:01:01SG,DQA1*03:03:01:01,DQB1*03:01:01:01,DPA1*01:03:01:04,"[""DPB1*04:01:01:01"", ""DPB1*04:01:01:02""]",0.00030385900941962927,2,25,0.00046,2,28,0.0,0,,0.0,0,,0.0,0,,0.0,0,,0.0,0,,0.0,0,,0.0,0,
A*68:01:02:02,C*03:04:01:02,B*40:01:02,"[""DRB4*01:03:01:01"", ""DRB4*01:03:01:01:03""]",DRB1*04:01:01:01SG,DQA1*03:03:01:01,DQB1*03:01:01:01,DPA1*01:03:01:03,DPB1*03:01:01,0.00030385900941962927,2,25,0.00046,2,28,0.0,0,,0.0,0,,0.0,0,,0.0,0,,0.0,0,,0.0,0,,0.0,0,
A*68:02:01:01,C*04:01:01:01,B*53:01:01,DRB3*02:02:01:02,DRB1*11:01:02,DQA1*05:05:01:01SG,DQB1*03:19:01,DPA1*02:01:08,DPB1*01:01:01,0.00030385900941962927,2,25,0.0,0,,0.00265,2,5,0.0,0,,0.0,0,,0.0,0,,0.0,0,,0.0,0,,0.0,0,
A*68:02:01:01,C*07:18,B*58:01:01:01,DRB5*01:01:01,DRB1*15:03:01:01SG,DQA1*01:02:01:01SG,DQB1*06:02:01,DPA1*01:03:01:01,"[""DPB1*02:01:02"", ""DPB1*02:01:19""]",0.00030385900941962927,2,25,0.0,0,,0.00265,2,5,0.0,0,,0.0,0,,0.0,0,,0.0,0,,0.0,0,,0.0,0,
A*68:02:01:01,C*08:02:01:01,B*14:02:01:01,DRB3*01:01:02:01,DRB1*13:03:01,DQA1*05:05:01:05SG,DQB1*03:01:01:03,DPA1*01:03:01:02,"[""DPB1*04:01:01:01"", ""DPB1*04:01:01:02""]",0.00030385900941962927,2,25,0.00046,2,28,0.0,0,,0.0,0,,0.0,0,,0.0,0,,0.0,0,,0.0,0,,0.0,0,
A*68:02:01:01,C*16:01:01:01,B*52:01:02,Abs,DRB1*01:02:01,DQA1*01:01:02,DQB1*05:01:01:01,DPA1*02:02:02,DPB1*01:01:01,0.00030385900941962927,2,25,0.0,0,,0.00265,2,5,0.0,0,,0.0,0,,0.0,0,,0.0,0,,0.0,0,,0.0,0,
A*68:03:01,C*07:02:01:01,B*39:05:01,DRB4*01:03:02,DRB1*04:07:01,DQA1*03:01:01,DQB1*03:02:01,DPA1*01:03:01:03,DPB1*03:01:01,0.00030385900941962927,2,25,0.0,0,,0.0,0,,0.02083,2,2,0.0,0,,0.0,0,,0.0,0,,0.0,0,,0.0,0,
A*68:05,C*03:04:01:01,B*35:17:01,Abs,DRB1*08:02:01,DQA1*03:01:01,DQB1*04:02:01,DPA1*01:03:01:03,DPB1*03:01:01,0.00030385900941962927,2,25,0.0,0,,0.0,0,,0.0,0,,0.0,0,,0.0,0,,0.00962,2,5,0.0,0,,0.0,0,
A*68:05,C*04:01:01:01,B*40:05,"[""DRB4*01:03:01:01"", ""DRB4*01:03:01:01:03""]",DRB1*04:04:01,DQA1*04:01:01,DQB1*03:02:01,DPA1*01:03:01:05,DPB1*04:02:01:02,0.00030385900941962927,2,25,0.0,0,,0.0,0,,0.0,0,,0.0,0,,0.0,0,,0.00962,2,5,0.0,0,,0.0,0,
A*69:01,C*03:03:01:01,B*55:01:01,DRB5*01:01:01,DRB1*15:01:01:01SG,DQA1*01:02:01:01SG,DQB1*06:03:01,DPA1*01:03:01:04,"[""DPB1*04:01:01:01"", ""DPB1*04:01:01:02""]",0.00030385900941962927,2,25,0.00046,2,28,0.0,0,,0.0,0,,0.0,0,,0.0,0,,0.0,0,,0.0,0,,0.0,0,
A*74:01:01,C*07:18,B*35:01:01:02,DRB3*03:01:01,DRB1*13:02:01,DQA1*01:02:01:04SG,DQB1*03:19:01,DPA1*02:02:02,DPB1*01:01:01,0.00030385900941962927,2,25,0.0,0,,0.00265,2,5,0.0,0,,0.0,0,,0.0,0,,0.0,0,,0.0,0,,0.0,0,
